gen_time,drift_time,long_diffusion,trans_diffusion
0.0236819,2679.34,0.007077,0.012009
0.0255882,2679.34,0.007077,0.012009
0.0217247,2930.17,0.007076,0.012003
0.00906652,2930.17,0.007076,0.012003
0.0166716,3531.99,0.007076,0.011994
0.028164,2435.78,0.007077,0.012022
0.0203844,2930.17,0.007076,0.012003
0.0206113,2930.17,0.007076,0.012003
0.00951793,2930.17,0.007076,0.012003
0.00791863,2780.4,0.007077,0.012007
0.0257827,2679.34,0.007077,0.012009
0.00945091,2930.17,0.007076,0.012003
0.00158477,2679.34,0.007077,0.012009
0.0332687,2224.65,0.007078,0.012027
0.0346715,2033.5,0.007078,0.012033
0.0174487,3531.99,0.007076,0.011994
0.0307964,2224.65,0.007078,0.012027
0.0297056,2435.78,0.007077,0.012022
0.0293392,2435.78,0.007077,0.012022
0.0184993,3531.99,0.007076,0.011994
0.0183473,3531.99,0.007076,0.011994
0.0321995,2224.65,0.007078,0.012027
0.0118638,2930.17,0.007076,0.012003
0.00689125,2780.4,0.007077,0.012007
0.0265502,2435.78,0.007077,0.012022
0.0228872,2679.34,0.007077,0.012009
0.000997916,2543.66,0.007077,0.012019
0.00137098,2679.34,0.007077,0.012009
0.0291701,2435.78,0.007077,0.012022
0.0323982,2224.65,0.007078,0.012027
0.0301244,2224.65,0.007078,0.012027
0.0050232,2780.4,0.007077,0.012007
0.0146666,3068.89,0.007076,0.011999
0.00607659,2780.4,0.007077,0.012007
0.00517039,2780.4,0.007077,0.012007
0.00440078,2679.34,0.007077,0.012009
0.0278567,2435.78,0.007077,0.012022
0.0270662,2435.78,0.007077,0.012022
0.0249687,2679.34,0.007077,0.012009
0.0204203,2930.17,0.007076,0.012003
0.034054,2033.5,0.007078,0.012033
0.0149726,3068.89,0.007076,0.011999
0.000814731,2543.66,0.007077,0.012019
0.00387521,2679.34,0.007077,0.012009
0.00845075,2930.17,0.007076,0.012003
0.00950053,2930.17,0.007076,0.012003
0.0221518,2930.17,0.007076,0.012003
0.0207284,2930.17,0.007076,0.012003
0.0245204,2679.34,0.007077,0.012009
0.0265669,2435.78,0.007077,0.012022
0.0060926,2780.4,0.007077,0.012007
0.00664914,2780.4,0.007077,0.012007
0.0345103,2033.5,0.007078,0.012033
0.0179006,3531.99,0.007076,0.011994
0.0212303,2930.17,0.007076,0.012003
0.0308557,2224.65,0.007078,0.012027
0.0265382,2435.78,0.007077,0.012022
0.0181543,3531.99,0.007076,0.011994
0.0254956,2679.34,0.007077,0.012009
0.03238,2224.65,0.007078,0.012027
0.0318736,2224.65,0.007078,0.012027
0.00720075,2780.4,0.007077,0.012007
0.0284397,2435.78,0.007077,0.012022
0.0297235,2435.78,0.007077,0.012022
0.0211615,2930.17,0.007076,0.012003
0.0191327,2930.17,0.007076,0.012003
0.0326048,2224.65,0.007078,0.012027
0.0301717,2224.65,0.007078,0.012027
0.00100096,2543.66,0.007077,0.012019
0.00653848,2780.4,0.007077,0.012007
0.0276474,2435.78,0.007077,0.012022
0.015519,3531.99,0.007076,0.011994
0.0341879,2033.5,0.007078,0.012033
0.00813263,2780.4,0.007077,0.012007
0.0104662,2930.17,0.007076,0.012003
0.017671,3531.99,0.007076,0.011994
0.0234266,2679.34,0.007077,0.012009
0.00421515,2679.34,0.007077,0.012009
0.0209595,2930.17,0.007076,0.012003
0.00448745,2679.34,0.007077,0.012009
0.00534367,2780.4,0.007077,0.012007
0.0289545,2435.78,0.007077,0.012022
0.0271673,2435.78,0.007077,0.012022
0.0218968,2930.17,0.007076,0.012003
0.021245,2930.17,0.007076,0.012003
0.0293413,2435.78,0.007077,0.012022
0.0123769,3068.89,0.007076,0.011999
0.0261562,2679.34,0.007077,0.012009
0.0265975,2435.78,0.007077,0.012022
0.0280864,2435.78,0.007077,0.012022
0.0340582,2033.5,0.007078,0.012033
0.0201127,2930.17,0.007076,0.012003
0.0347098,2033.5,0.007078,0.012033
0.00592665,2780.4,0.007077,0.012007
0.0308418,2224.65,0.007078,0.012027
0.00967977,2930.17,0.007076,0.012003
0.00690532,2780.4,0.007077,0.012007
0.000740622,2543.66,0.007077,0.012019
0.0194328,2930.17,0.007076,0.012003
0.0116381,2930.17,0.007076,0.012003
0.00453818,2679.34,0.007077,0.012009
0.00895463,2930.17,0.007076,0.012003
0.00650546,2330.71,0.007077,0.012009
0.0241606,2167.93,0.007077,0.012013
0.0172744,2918.04,0.007076,0.011994
0.0152716,2716.54,0.007076,0.011996
0.0103157,2438.84,0.007077,0.012008
0.0172518,2918.04,0.007076,0.011994
0.00600858,2330.71,0.007077,0.012009
0.0342256,1487.08,0.007078,0.012026
0.0138145,2716.54,0.007076,0.011996
0.0139901,2716.54,0.007076,0.011996
0.0305537,1858.03,0.007077,0.01202
0.0023092,2167.93,0.007077,0.012013
0.0212965,2438.84,0.007077,0.012008
0.0183682,2918.04,0.007076,0.011994
0.033905,1487.08,0.007078,0.012026
0.0338975,1487.08,0.007078,0.012026
0.0284389,1858.03,0.007077,0.01202
0.0084535,2330.71,0.007077,0.012009
0.0208825,2438.84,0.007077,0.012008
0.0047624,2167.93,0.007077,0.012013
0.0116122,2438.84,0.007077,0.012008
0.00983113,2438.84,0.007077,0.012008
0.00630846,2330.71,0.007077,0.012009
0.0123387,2438.84,0.007077,0.012008
0.00511872,2167.93,0.007077,0.012013
0.0268468,2167.93,0.007077,0.012013
0.00738677,2330.71,0.007077,0.012009
0.0204043,2438.84,0.007077,0.012008
0.021422,2438.84,0.007077,0.012008
0.0236299,2438.84,0.007077,0.012008
0.024746,2167.93,0.007077,0.012013
0.00335244,2167.93,0.007077,0.012013
0.0109646,2438.84,0.007077,0.012008
0.000384922,2013.3,0.007077,0.012016
0.0261611,2167.93,0.007077,0.012013
0.0107754,2438.84,0.007077,0.012008
0.0167913,2918.04,0.007076,0.011994
0.0319207,1657.28,0.007078,0.012026
0.005864,2330.71,0.007077,0.012009
0.0337338,1487.08,0.007078,0.012026
0.0223945,2438.84,0.007077,0.012008
0.0153945,2716.54,0.007076,0.011996
0.000273478,2013.3,0.007077,0.012016
0.00661886,2330.71,0.007077,0.012009
0.00238213,2167.93,0.007077,0.012013
0.00332577,2167.93,0.007077,0.012013
0.017184,2918.04,0.007076,0.011994
0.0184569,2918.04,0.007076,0.011994
0.0337656,1487.08,0.007078,0.012026
0.00316418,2167.93,0.007077,0.012013
0.0131633,2716.54,0.007076,0.011996
0.00598284,2330.71,0.007077,0.012009
0.0147087,2716.54,0.007076,0.011996
0.00343273,2167.93,0.007077,0.012013
0.00358386,2167.93,0.007077,0.012013
0.0301224,1858.03,0.007077,0.01202
0.0230819,2438.84,0.007077,0.012008
0.0224189,2438.84,0.007077,0.012008
0.00373158,2167.93,0.007077,0.012013
0.0169979,2918.04,0.007076,0.011994
0.00698224,2330.71,0.007077,0.012009
0.025972,2167.93,0.007077,0.012013
0.000173887,2013.3,0.007077,0.012016
0.00129439,2013.3,0.007077,0.012016
0.0317358,1657.28,0.007078,0.012026
0.0295243,1858.03,0.007077,0.01202
0.0128361,2438.84,0.007077,0.012008
0.0104073,2438.84,0.007077,0.012008
0.00949856,2438.84,0.007077,0.012008
0.0325761,1657.28,0.007078,0.012026
0.0289492,1858.03,0.007077,0.01202
0.0312794,1657.28,0.007078,0.012026
0.0110502,2438.84,0.007077,0.012008
0.0097442,2438.84,0.007077,0.012008
0.0147689,2716.54,0.007076,0.011996
0.030977,1657.28,0.007078,0.012026
0.0311493,1657.28,0.007078,0.012026
0.0277095,1858.03,0.007077,0.01202
0.0187981,2918.04,0.007076,0.011994
0.00484056,2167.93,0.007077,0.012013
0.0267877,2167.93,0.007077,0.012013
0.0050091,2167.93,0.007077,0.012013
0.0282445,1858.03,0.007077,0.01202
0.0127257,2438.84,0.007077,0.012008
0.0137893,2716.54,0.007076,0.011996
0.00372544,2167.93,0.007077,0.012013
0.0296546,1858.03,0.007077,0.01202
0.0257768,2167.93,0.007077,0.012013
0.00785355,2330.71,0.007077,0.012009
0.0115685,2438.84,0.007077,0.012008
0.0325057,1657.28,0.007078,0.012026
0.0257466,2167.93,0.007077,0.012013
0.0265103,2167.93,0.007077,0.012013
0.0143158,2716.54,0.007076,0.011996
0.0312479,1657.28,0.007078,0.012026
0.0245465,2167.93,0.007077,0.012013
0.0307591,1858.03,0.007077,0.01202
0.0285838,1858.03,0.007077,0.01202
0.0104601,2438.84,0.007077,0.012008
0.0244877,2167.93,0.007077,0.012013
0.016605,2918.04,0.007076,0.011994
0.0138599,2716.54,0.007076,0.011996
0.0213224,2438.84,0.007077,0.012008
0.0153602,2716.54,0.007076,0.011996
0.0257645,2167.93,0.007077,0.012013
0.00603828,2330.71,0.007077,0.012009
0.00883782,2330.71,0.007077,0.012009
0.0275371,1858.03,0.007077,0.01202
0.0110931,2438.84,0.007077,0.012008
0.00512314,2167.93,0.007077,0.012013
0.034545,1297.74,0.007078,0.012034
0.000680877,2013.3,0.007077,0.012016
0.00302463,2167.93,0.007077,0.012013
3.75296e-05,2013.3,0.007077,0.012016
0.0254271,2167.93,0.007077,0.012013
0.00894159,2330.71,0.007077,0.012009
0.0269241,2435.78,0.007077,0.012022
0.030192,2224.65,0.007078,0.012027
0.0233684,2679.34,0.007077,0.012009
0.00780037,2474.68,0.007077,0.012011
0.0240371,2679.34,0.007077,0.012009
0.0186185,3531.99,0.007076,0.011994
0.00740504,2474.68,0.007077,0.012011
0.0262291,2435.78,0.007077,0.012022
0.0301155,2224.65,0.007078,0.012027
0.0337957,2033.5,0.007078,0.012033
0.0222664,2930.17,0.007076,0.012003
0.0189408,3531.99,0.007076,0.011994
0.0240056,2679.34,0.007077,0.012009
0.0280785,2435.78,0.007077,0.012022
0.0197693,2930.17,0.007076,0.012003
0.00253899,2325.72,0.007077,0.012014
0.03071,2224.65,0.007078,0.012027
0.0342097,2033.5,0.007078,0.012033
0.027392,2435.78,0.007077,0.012022
0.0115389,2660.2,0.007076,0.012
0.0195576,2930.17,0.007076,0.012003
0.0276098,2435.78,0.007077,0.012022
0.00880094,2660.2,0.007076,0.012
0.0108271,2660.2,0.007076,0.012
0.0216012,2930.17,0.007076,0.012003
0.00842768,2660.2,0.007076,0.012
0.0258151,2679.34,0.007077,0.012009
0.0110584,2660.2,0.007076,0.012
0.0229135,2679.34,0.007077,0.012009
0.0236095,2679.34,0.007077,0.012009
0.0230806,2679.34,0.007077,0.012009
0.0295921,2435.78,0.007077,0.012022
0.0108857,2660.2,0.007076,0.012
0.00136635,2325.72,0.007077,0.012014
0.0064704,2474.68,0.007077,0.012011
0.022012,2930.17,0.007076,0.012003
0.00247494,2325.72,0.007077,0.012014
0.00672149,2474.68,0.007077,0.012011
0.0105351,2660.2,0.007076,0.012
0.017133,3531.99,0.007076,0.011994
0.0291299,2435.78,0.007077,0.012022
0.0335767,2033.5,0.007078,0.012033
0.0225341,2679.34,0.007077,0.012009
0.0148056,2883.07,0.007076,0.011997
0.0188514,3531.99,0.007076,0.011994
0.012527,2883.07,0.007076,0.011997
0.00975238,2660.2,0.007076,0.012
0.00189062,2325.72,0.007077,0.012014
0.0194536,2930.17,0.007076,0.012003
0.0135741,2883.07,0.007076,0.011997
0.0327883,2224.65,0.007078,0.012027
0.0304924,2224.65,0.007078,0.012027
0.00272645,2325.72,0.007077,0.012014
0.00758297,2474.68,0.007077,0.012011
0.0150692,2883.07,0.007076,0.011997
0.00733059,2474.68,0.007077,0.012011
0.0224639,2930.17,0.007076,0.012003
0.00973373,2660.2,0.007076,0.012
0.0345029,2033.5,0.007078,0.012033
0.00701998,2474.68,0.007077,0.012011
0.0316551,2224.65,0.007078,0.012027
0.00656909,2474.68,0.007077,0.012011
0.00286177,2325.72,0.007077,0.012014
0.00873234,2660.2,0.007076,0.012
0.0291756,2435.78,0.007077,0.012022
0.0213685,2930.17,0.007076,0.012003
0.0199325,2930.17,0.007076,0.012003
0.0257449,2679.34,0.007077,0.012009
0.016121,3531.99,0.007076,0.011994
0.0338896,2033.5,0.007078,0.012033
0.029578,2435.78,0.007077,0.012022
0.0139333,2883.07,0.007076,0.011997
0.0199183,2930.17,0.007076,0.012003
0.0215013,2930.17,0.007076,0.012003
0.0346535,2033.5,0.007078,0.012033
0.0110797,2660.2,0.007076,0.012
0.0242664,2679.34,0.007077,0.012009
0.0230683,2679.34,0.007077,0.012009
0.0284766,2435.78,0.007077,0.012022
0.0176342,3531.99,0.007076,0.011994
0.00154166,2325.72,0.007077,0.012014
0.00732301,2474.68,0.007077,0.012011
0.0309709,2224.65,0.007078,0.012027
0.0234148,2679.34,0.007077,0.012009
0.0199622,2930.17,0.007076,0.012003
0.0192816,2930.17,0.007076,0.012003
0.00936961,2660.2,0.007076,0.012
0.00654981,2474.68,0.007077,0.012011
0.00315126,2325.72,0.007077,0.012014
0.0288769,2435.78,0.007077,0.012022
0.015711,3531.99,0.007076,0.011994
0.0284694,2435.78,0.007077,0.012022
0.033051,2224.65,0.007078,0.012027
0.0237314,2679.34,0.007077,0.012009
0.0289375,2435.78,0.007077,0.012022
0.00459876,2325.72,0.007077,0.012014
0.0304535,2224.65,0.007078,0.012027
0.0208631,2930.17,0.007076,0.012003
0.0176543,3531.99,0.007076,0.011994
0.00786975,2474.68,0.007077,0.012011
0.0220027,2930.17,0.007076,0.012003
0.0292386,2435.78,0.007077,0.012022
0.00993711,2660.2,0.007076,0.012
0.00929984,2660.2,0.007076,0.012
0.024798,2679.34,0.007077,0.012009
0.00616782,2474.68,0.007077,0.012011
0.0207755,2930.17,0.007076,0.012003
0.00919644,2660.2,0.007076,0.012
0.00328348,2325.72,0.007077,0.012014
0.0286681,2435.78,0.007077,0.012022
0.00873448,2660.2,0.007076,0.012
0.0296043,2435.78,0.007077,0.012022
0.00506282,2474.68,0.007077,0.012011
0.0125194,2883.07,0.007076,0.011997
0.0287577,2435.78,0.007077,0.012022
0.0192685,2930.17,0.007076,0.012003
0.0325526,2224.65,0.007078,0.012027
0.034532,2033.5,0.007078,0.012033
0.0172654,3531.99,0.007076,0.011994
0.0133091,2883.07,0.007076,0.011997
0.0343143,1657.28,0.007078,0.012026
0.0229471,2438.84,0.007077,0.012008
0.00715285,2330.71,0.007077,0.012009
0.0192806,2918.04,0.007076,0.011994
0.00531947,2167.93,0.007077,0.012013
0.00711021,2330.71,0.007077,0.012009
0.0329598,1657.28,0.007078,0.012026
0.00542058,2167.93,0.007077,0.012013
0.0233929,2438.84,0.007077,0.012008
0.0219277,2438.84,0.007077,0.012008
0.0122579,2438.84,0.007077,0.012008
0.0125081,2438.84,0.007077,0.012008
0.00673258,2330.71,0.007077,0.012009
0.0039816,2167.93,0.007077,0.012013
0.0214631,2438.84,0.007077,0.012008
0.00965279,2438.84,0.007077,0.012008
0.00413129,2167.93,0.007077,0.012013
0.0234479,2438.84,0.007077,0.012008
0.0298227,1858.03,0.007077,0.01202
0.0296665,1858.03,0.007077,0.01202
0.00260931,2167.93,0.007077,0.012013
0.0270201,2167.93,0.007077,0.012013
0.0204736,2438.84,0.007077,0.012008
0.0221437,2438.84,0.007077,0.012008
0.0204596,2438.84,0.007077,0.012008
0.021974,2438.84,0.007077,0.012008
0.0207271,2438.84,0.007077,0.012008
0.0303695,1858.03,0.007077,0.01202
0.0055506,2167.93,0.007077,0.012013
0.0137827,2716.54,0.007076,0.011996
0.0311021,1657.28,0.007078,0.012026
0.0056432,2167.93,0.007077,0.012013
0.0162417,2716.54,0.007076,0.011996
0.0344933,1457.12,0.007078,0.012033
0.0176876,2918.04,0.007076,0.011994
0.0317577,1657.28,0.007078,0.012026
0.016585,2918.04,0.007076,0.011994
0.00742322,2330.71,0.007077,0.012009
0.0124016,2438.84,0.007077,0.012008
0.0248715,2167.93,0.007077,0.012013
0.000308046,2013.3,0.007077,0.012016
0.00523483,2167.93,0.007077,0.012013
0.0257367,2167.93,0.007077,0.012013
0.0240494,2167.93,0.007077,0.012013
0.0274302,1858.03,0.007077,0.01202
0.0187753,2918.04,0.007076,0.011994
0.0276138,1858.03,0.007077,0.01202
0.0343288,1657.28,0.007078,0.012026
0.0239892,2167.93,0.007077,0.012013
0.0166115,2918.04,0.007076,0.011994
0.00816556,2330.71,0.007077,0.012009
0.0132589,2716.54,0.007076,0.011996
0.0301688,1858.03,0.007077,0.01202
0.017232,2918.04,0.007076,0.011994
0.023611,2438.84,0.007077,0.012008
0.0129119,2716.54,0.007076,0.011996
0.0132465,2716.54,0.007076,0.011996
0.0183181,2918.04,0.007076,0.011994
0.0256853,2167.93,0.007077,0.012013
0.0177658,2918.04,0.007076,0.011994
0.0297801,1858.03,0.007077,0.01202
0.0130034,2716.54,0.007076,0.011996
0.0290405,1858.03,0.007077,0.01202
0.00379868,2167.93,0.007077,0.012013
0.00971317,2438.84,0.007077,0.012008
0.0188694,2918.04,0.007076,0.011994
0.0138977,2716.54,0.007076,0.011996
0.00709729,2330.71,0.007077,0.012009
0.0240093,2167.93,0.007077,0.012013
0.0261406,2167.93,0.007077,0.012013
0.0115821,2438.84,0.007077,0.012008
0.029957,1858.03,0.007077,0.01202
0.006771,2330.71,0.007077,0.012009
0.00553875,2167.93,0.007077,0.012013
0.0159907,2716.54,0.007076,0.011996
0.000645321,2013.3,0.007077,0.012016
0.0184142,2918.04,0.007076,0.011994
0.0226409,2438.84,0.007077,0.012008
0.0300691,1858.03,0.007077,0.01202
0.0289869,1858.03,0.007077,0.01202
0.00439536,2167.93,0.007077,0.012013
0.0100474,2438.84,0.007077,0.012008
0.028282,1858.03,0.007077,0.01202
0.00782272,2330.71,0.007077,0.012009
0.0218916,2438.84,0.007077,0.012008
0.000215127,2013.3,0.007077,0.012016
0.0115825,2438.84,0.007077,0.012008
0.0253677,2167.93,0.007077,0.012013
0.0221834,2438.84,0.007077,0.012008
0.0330527,1657.28,0.007078,0.012026
0.0161401,2716.54,0.007076,0.011996
0.02963,1858.03,0.007077,0.01202
0.0109879,2438.84,0.007077,0.012008
0.0137984,2716.54,0.007076,0.011996
0.0328973,1657.28,0.007078,0.012026
0.00612593,2330.71,0.007077,0.012009
0.0179529,2918.04,0.007076,0.011994
0.029551,1858.03,0.007077,0.01202
0.0125117,2438.84,0.007077,0.012008
0.0165398,2918.04,0.007076,0.011994
0.0214953,2438.84,0.007077,0.012008
0.0264209,2167.93,0.007077,0.012013
0.00988913,2438.84,0.007077,0.012008
0.00251905,2167.93,0.007077,0.012013
0.0130123,2716.54,0.007076,0.011996
0.0166451,2918.04,0.007076,0.011994
0.0140323,2716.54,0.007076,0.011996
0.00118952,2013.3,0.007077,0.012016
0.0316148,1657.28,0.007078,0.012026
0.00779291,2330.71,0.007077,0.012009
0.0340721,1657.28,0.007078,0.012026
0.0331264,1634.99,0.007078,0.012033
0.0310627,1807.42,0.007078,0.012027
0.023186,2325.72,0.007077,0.012014
0.0108787,2660.2,0.007076,0.012
0.00760363,2474.68,0.007077,0.012011
0.000261195,2190.79,0.007077,0.012017
0.0277365,2054.13,0.007077,0.01202
0.00204887,2325.72,0.007077,0.012014
0.0276836,2054.13,0.007077,0.01202
0.0329679,1807.42,0.007078,0.012027
0.0241816,2325.72,0.007077,0.012014
0.00304515,2325.72,0.007077,0.012014
0.0179606,3161.86,0.007076,0.011993
0.0212568,2660.2,0.007076,0.012
0.0215818,2660.2,0.007076,0.012
0.0207123,2660.2,0.007076,0.012
0.027667,2054.13,0.007077,0.01202
0.0089456,2660.2,0.007076,0.012
0.0283059,2054.13,0.007077,0.01202
0.0221018,2660.2,0.007076,0.012
0.029961,1807.42,0.007078,0.012027
0.0014483,2325.72,0.007077,0.012014
0.0195483,2660.2,0.007076,0.012
0.010045,2660.2,0.007076,0.012
0.0126361,2883.07,0.007076,0.011997
0.00464338,2474.68,0.007077,0.012011
0.0298219,1807.42,0.007078,0.012027
0.00679849,2474.68,0.007077,0.012011
0.0239752,2325.72,0.007077,0.012014
0.01736,3161.86,0.007076,0.011993
0.0174283,3161.86,0.007076,0.011993
0.0125783,2883.07,0.007076,0.011997
0.00966632,2660.2,0.007076,0.012
0.0286852,2054.13,0.007077,0.01202
0.00245623,2325.72,0.007077,0.012014
0.0339796,1634.99,0.007078,0.012033
0.0321073,1807.42,0.007078,0.012027
0.00937111,2660.2,0.007076,0.012
0.00567107,2474.68,0.007077,0.012011
0.0341081,1634.99,0.007078,0.012033
0.0193414,2660.2,0.007076,0.012
0.0296235,1807.42,0.007078,0.012027
0.0303939,1807.42,0.007078,0.012027
0.000714972,2190.79,0.007077,0.012017
0.0168397,3161.86,0.007076,0.011993
0.015702,3161.86,0.007076,0.011993
0.0102039,2660.2,0.007076,0.012
0.000731902,2190.79,0.007077,0.012017
0.0172089,3161.86,0.007076,0.011993
0.0067584,2474.68,0.007077,0.012011
0.0102577,2660.2,0.007076,0.012
0.0113586,2660.2,0.007076,0.012
0.0218775,2660.2,0.007076,0.012
0.00751133,2474.68,0.007077,0.012011
0.021321,2660.2,0.007076,0.012
0.00106837,2325.72,0.007077,0.012014
0.0234473,2325.72,0.007077,0.012014
0.0162046,3161.86,0.007076,0.011993
0.0346931,1634.99,0.007078,0.012033
0.0279711,2054.13,0.007077,0.01202
0.0129526,2883.07,0.007076,0.011997
0.0269944,2054.13,0.007077,0.01202
0.032864,1807.42,0.007078,0.012027
0.0152152,3161.86,0.007076,0.011993
0.00932999,2660.2,0.007076,0.012
0.01188,2883.07,0.007076,0.011997
0.0138315,2883.07,0.007076,0.011997
0.0048939,2474.68,0.007077,0.012011
0.034497,1634.99,0.007078,0.012033
0.0309054,1807.42,0.007078,0.012027
0.00254451,2325.72,0.007077,0.012014
0.0275492,2054.13,0.007077,0.01202
0.0234791,2325.72,0.007077,0.012014
0.020789,2660.2,0.007076,0.012
0.0180923,3161.86,0.007076,0.011993
0.00159317,2325.72,0.007077,0.012014
0.0107542,2660.2,0.007076,0.012
0.014627,2883.07,0.007076,0.011997
0.00789342,2474.68,0.007077,0.012011
0.0225572,2325.72,0.007077,0.012014
0.00817338,2660.2,0.007076,0.012
0.0118251,2883.07,0.007076,0.011997
0.0215619,2660.2,0.007076,0.012
0.00156046,2325.72,0.007077,0.012014
0.0257446,2325.72,0.007077,0.012014
0.00236165,2325.72,0.007077,0.012014
0.00289569,2325.72,0.007077,0.012014
0.0313748,1807.42,0.007078,0.012027
0.0207684,2660.2,0.007076,0.012
0.0160749,3161.86,0.007076,0.011993
0.0271614,2054.13,0.007077,0.01202
0.0166865,3161.86,0.007076,0.011993
0.024052,2325.72,0.007077,0.012014
0.029452,2054.13,0.007077,0.01202
0.008758,2660.2,0.007076,0.012
0.00303362,2325.72,0.007077,0.012014
0.0129905,2883.07,0.007076,0.011997
0.0150813,2883.07,0.007076,0.011997
0.00188367,2325.72,0.007077,0.012014
0.00212696,2325.72,0.007077,0.012014
0.0203946,2660.2,0.007076,0.012
0.031494,1807.42,0.007078,0.012027
0.0284694,2054.13,0.007077,0.01202
0.0070081,2474.68,0.007077,0.012011
0.014985,2883.07,0.007076,0.011997
0.0119992,2883.07,0.007076,0.011997
0.00869987,2660.2,0.007076,0.012
0.00840313,2660.2,0.007076,0.012
0.00141388,2325.72,0.007077,0.012014
0.0307169,1807.42,0.007078,0.012027
0.0245239,2325.72,0.007077,0.012014
0.0170321,3161.86,0.007076,0.011993
0.0278417,2054.13,0.007077,0.01202
0.028976,2054.13,0.007077,0.01202
0.0300802,1807.42,0.007078,0.012027
0.0234599,2325.72,0.007077,0.012014
0.0142886,2883.07,0.007076,0.011997
0.0136714,2716.54,0.007076,0.011996
0.00968229,2438.84,0.007077,0.012008
0.0102322,2438.84,0.007077,0.012008
0.00377383,2167.93,0.007077,0.012013
0.0184228,2918.04,0.007076,0.011994
0.00147086,2013.3,0.007077,0.012016
0.0317922,1657.28,0.007078,0.012026
0.00889194,2330.71,0.007077,0.012009
0.0346786,1457.12,0.007078,0.012033
0.0326076,1657.28,0.007078,0.012026
0.034108,1657.28,0.007078,0.012026
0.00392499,2167.93,0.007077,0.012013
0.000188094,2013.3,0.007077,0.012016
0.0134933,2716.54,0.007076,0.011996
0.013629,2716.54,0.007076,0.011996
0.0222847,2438.84,0.007077,0.012008
0.0246342,2167.93,0.007077,0.012013
0.0217115,2438.84,0.007077,0.012008
0.0133189,2716.54,0.007076,0.011996
0.0187525,2918.04,0.007076,0.011994
0.0257239,2167.93,0.007077,0.012013
0.0165355,2918.04,0.007076,0.011994
0.0339614,1657.28,0.007078,0.012026
0.00949433,2438.84,0.007077,0.012008
0.000602821,2013.3,0.007077,0.012016
0.0163838,2716.54,0.007076,0.011996
0.0118722,2438.84,0.007077,0.012008
0.00763536,2330.71,0.007077,0.012009
0.0233338,2438.84,0.007077,0.012008
0.0108506,2438.84,0.007077,0.012008
0.0228338,2438.84,0.007077,0.012008
0.00147043,2013.3,0.007077,0.012016
0.011379,2438.84,0.007077,0.012008
0.00927062,2438.84,0.007077,0.012008
0.0216742,2438.84,0.007077,0.012008
0.0302025,1858.03,0.007077,0.01202
0.0295236,1858.03,0.007077,0.01202
0.00329902,2167.93,0.007077,0.012013
0.0344885,1457.12,0.007078,0.012033
0.028031,1858.03,0.007077,0.01202
0.0340037,1657.28,0.007078,0.012026
0.0265695,2167.93,0.007077,0.012013
0.0267969,2167.93,0.007077,0.012013
0.00129487,2013.3,0.007077,0.012016
0.00836006,2330.71,0.007077,0.012009
0.0182894,2918.04,0.007076,0.011994
0.00172917,2013.3,0.007077,0.012016
0.0101509,2438.84,0.007077,0.012008
0.0189202,2918.04,0.007076,0.011994
0.033522,1657.28,0.007078,0.012026
0.0097902,2438.84,0.007077,0.012008
0.00875444,2330.71,0.007077,0.012009
0.0166702,2918.04,0.007076,0.011994
0.0163449,2716.54,0.007076,0.011996
0.027917,1858.03,0.007077,0.01202
0.0266161,2167.93,0.007077,0.012013
0.00214819,2167.93,0.007077,0.012013
0.0174832,2918.04,0.007076,0.011994
0.0137545,2716.54,0.007076,0.011996
0.0118507,2438.84,0.007077,0.012008
0.0333195,1657.28,0.007078,0.012026
0.00357343,2167.93,0.007077,0.012013
0.0257061,2167.93,0.007077,0.012013
0.0131192,2716.54,0.007076,0.011996
0.026296,2167.93,0.007077,0.012013
0.0187199,2918.04,0.007076,0.011994
0.00812705,2330.71,0.007077,0.012009
0.0229817,2438.84,0.007077,0.012008
0.0153059,2716.54,0.007076,0.011996
0.0024829,2167.93,0.007077,0.012013
0.0200524,2438.84,0.007077,0.012008
0.0234396,2438.84,0.007077,0.012008
0.0145927,2716.54,0.007076,0.011996
0.0135441,2716.54,0.007076,0.011996
0.0130048,2716.54,0.007076,0.011996
0.00999709,2438.84,0.007077,0.012008
0.00180863,2013.3,0.007077,0.012016
0.0308221,1657.28,0.007078,0.012026
0.0257072,2167.93,0.007077,0.012013
0.0307367,1858.03,0.007077,0.01202
0.0139159,2716.54,0.007076,0.011996
0.00152749,2013.3,0.007077,0.012016
0.0278342,1858.03,0.007077,0.01202
0.0226405,2438.84,0.007077,0.012008
0.00531467,2167.93,0.007077,0.012013
0.0156947,2716.54,0.007076,0.011996
0.0343862,1457.12,0.007078,0.012033
0.0207624,2438.84,0.007077,0.012008
0.0107461,2438.84,0.007077,0.012008
0.00545139,2167.93,0.007077,0.012013
0.00970824,2438.84,0.007077,0.012008
0.0298005,1858.03,0.007077,0.01202
0.0168169,2918.04,0.007076,0.011994
0.0120912,2438.84,0.007077,0.012008
0.0106612,2438.84,0.007077,0.012008
0.0126621,2438.84,0.007077,0.012008
0.0180129,2918.04,0.007076,0.011994
0.00107885,2013.3,0.007077,0.012016
0.00486084,2167.93,0.007077,0.012013
0.0282169,1858.03,0.007077,0.01202
0.0122157,2438.84,0.007077,0.012008
0.00946908,2438.84,0.007077,0.012008
0.00169287,2013.3,0.007077,0.012016
0.00855843,2330.71,0.007077,0.012009
0.00504101,2167.93,0.007077,0.012013
0.0326274,1657.28,0.007078,0.012026
0.0188686,2918.04,0.007076,0.011994
0.0112475,2438.84,0.007077,0.012008
0.0205437,2438.84,0.007077,0.012008
0.00502965,2167.93,0.007077,0.012013
0.0332771,1657.28,0.007078,0.012026
0.0038248,2167.93,0.007077,0.012013
0.016576,2918.04,0.007076,0.011994
0.0234635,2438.84,0.007077,0.012008
0.0330168,1657.28,0.007078,0.012026
0.0269086,2167.93,0.007077,0.012013
0.0169062,2918.04,0.007076,0.011994
0.00221273,2167.93,0.007077,0.012013
0.0172544,2918.04,0.007076,0.011994
0.0277015,1858.03,0.007077,0.01202
0.0187406,2918.04,0.007076,0.011994
0.0107089,2438.84,0.007077,0.012008
0.0332775,1634.99,0.007078,0.012033
0.025569,2325.72,0.007077,0.012014
0.0134639,2558.52,0.007076,0.011996
0.0280569,2054.13,0.007077,0.01202
0.0256246,2325.72,0.007077,0.012014
0.025071,2325.72,0.007077,0.012014
0.00045307,1849.27,0.007077,0.012015
0.0058245,2161.36,0.007077,0.012009
0.0280019,2054.13,0.007077,0.01202
0.0321924,1807.42,0.007078,0.012027
0.0192803,2660.2,0.007076,0.012
0.0107085,2320.77,0.007076,0.012006
0.0117601,2558.52,0.007076,0.011996
0.0112742,2320.77,0.007076,0.012006
0.0049426,2161.36,0.007077,0.012009
0.0294522,1807.42,0.007078,0.012027
0.0282439,2054.13,0.007077,0.01202
0.0302738,1807.42,0.007078,0.012027
0.0276317,2054.13,0.007077,0.01202
0.0026421,2006.69,0.007077,0.012012
0.00773117,2161.36,0.007077,0.012009
0.0158519,2805.78,0.007076,0.011992
0.0207485,2660.2,0.007076,0.012
0.00584829,2161.36,0.007077,0.012009
0.00534337,2161.36,0.007077,0.012009
0.0293432,2054.13,0.007077,0.01202
0.000844027,2006.69,0.007077,0.012012
0.0155786,2805.78,0.007076,0.011992
0.0285278,2054.13,0.007077,0.01202
0.0208915,2660.2,0.007076,0.012
0.0201132,2660.2,0.007076,0.012
0.031514,1807.42,0.007078,0.012027
0.00173256,2006.69,0.007077,0.012012
0.0336572,1634.99,0.007078,0.012033
0.00108485,2006.69,0.007077,0.012012
0.00442518,2161.36,0.007077,0.012009
0.0185775,3161.86,0.007076,0.011993
0.0161117,2805.78,0.007076,0.011992
0.0182916,3161.86,0.007076,0.011993
0.0081912,2320.77,0.007076,0.012006
0.0310839,1807.42,0.007078,0.012027
0.030074,1807.42,0.007078,0.012027
0.0108297,2320.77,0.007076,0.012006
0.00675605,2161.36,0.007077,0.012009
0.0215995,2660.2,0.007076,0.012
0.00537567,2161.36,0.007077,0.012009
0.0195181,2660.2,0.007076,0.012
0.00781048,2161.36,0.007077,0.012009
0.0181086,3161.86,0.007076,0.011993
0.00678605,2161.36,0.007077,0.012009
0.00934901,2320.77,0.007076,0.012006
0.0115418,2558.52,0.007076,0.011996
0.0277309,2054.13,0.007077,0.01202
0.032963,1634.99,0.007078,0.012033
0.0339448,1634.99,0.007078,0.012033
0.0171848,2805.78,0.007076,0.011992
0.00336198,2006.69,0.007077,0.012012
0.0184398,3161.86,0.007076,0.011993
0.0129445,2558.52,0.007076,0.011996
0.00920939,2320.77,0.007076,0.012006
0.0083213,2320.77,0.007076,0.012006
0.0120406,2558.52,0.007076,0.011996
0.0343709,1634.99,0.007078,0.012033
0.0225859,2325.72,0.007077,0.012014
0.0304064,1807.42,0.007078,0.012027
0.0269953,2054.13,0.007077,0.01202
0.00755603,2161.36,0.007077,0.012009
0.000634411,1849.27,0.007077,0.012015
0.0122368,2558.52,0.007076,0.011996
0.0080511,2320.77,0.007076,0.012006
0.0266346,2054.13,0.007077,0.01202
0.00964545,2320.77,0.007076,0.012006
0.00432545,2161.36,0.007077,0.012009
0.00812706,2320.77,0.007076,0.012006
0.00803391,2320.77,0.007076,0.012006
0.0272413,2054.13,0.007077,0.01202
0.0329635,1634.99,0.007078,0.012033
0.0250268,2325.72,0.007077,0.012014
0.0222549,2325.72,0.007077,0.012014
0.0157212,2805.78,0.007076,0.011992
0.0338546,1634.99,0.007078,0.012033
0.0278622,2054.13,0.007077,0.01202
0.00308206,2006.69,0.007077,0.012012
0.0239898,2325.72,0.007077,0.012014
0.0253574,2325.72,0.007077,0.012014
0.0153408,2805.78,0.007076,0.011992
0.0124212,2558.52,0.007076,0.011996
0.0271854,2054.13,0.007077,0.01202
0.00763833,2161.36,0.007077,0.012009
0.0080943,2320.77,0.007076,0.012006
0.0143217,2558.52,0.007076,0.011996
0.0129244,2558.52,0.007076,0.011996
0.0265396,2054.13,0.007077,0.01202
0.0249416,2325.72,0.007077,0.012014
0.0258503,2054.13,0.007077,0.01202
0.0201729,2660.2,0.007076,0.012
0.0287159,2054.13,0.007077,0.01202
0.0172126,2805.78,0.007076,0.011992
0.0222848,2325.72,0.007077,0.012014
0.00458202,2161.36,0.007077,0.012009
0.0282937,2054.13,0.007077,0.01202
0.031457,1807.42,0.007078,0.012027
0.0118252,2558.52,0.007076,0.011996
0.0249674,2325.72,0.007077,0.012014
0.0167743,2805.78,0.007076,0.011992
0.00832023,2320.77,0.007076,0.012006
0.0253812,2325.72,0.007077,0.012014
0.0339849,1634.99,0.007078,0.012033
0.00265859,2006.69,0.007077,0.012012
0.0169217,2805.78,0.007076,0.011992
0.00698991,2161.36,0.007077,0.012009
0.00422896,2006.69,0.007077,0.012012
0.0314349,1807.42,0.007078,0.012027
0.00479214,2161.36,0.007077,0.012009
0.0135713,2558.52,0.007076,0.011996
0.00696818,2161.36,0.007077,0.012009
0.00747556,2161.36,0.007077,0.012009
0.00979192,2320.77,0.007076,0.012006
0.0165156,2805.78,0.007076,0.011992
0.0178276,2805.78,0.007076,0.011992
0.0337525,1167,0.007078,0.012033
0.0130522,2558.52,0.007076,0.011996
0.0195456,2320.77,0.007076,0.012006
0.0274791,1591.91,0.007077,0.012017
0.023065,2006.69,0.007077,0.012012
0.0340028,1167,0.007078,0.012033
0.0320418,1350.18,0.007078,0.012025
0.0254129,2006.69,0.007077,0.012012
0.00628516,2161.36,0.007077,0.012009
0.0125761,2558.52,0.007076,0.011996
0.0128004,2558.52,0.007076,0.011996
0.0183985,2805.78,0.007076,0.011992
0.0300048,1350.18,0.007078,0.012025
0.0291137,1591.91,0.007077,0.012017
0.00704204,2161.36,0.007077,0.012009
0.0315155,1350.18,0.007078,0.012025
0.0198635,2320.77,0.007076,0.012006
0.0195114,2320.77,0.007076,0.012006
0.0229482,2006.69,0.007077,0.012012
0.000357599,1849.27,0.007077,0.012015
0.0187743,2805.78,0.007076,0.011992
0.0114788,2320.77,0.007076,0.012006
0.0103649,2320.77,0.007076,0.012006
0.0150201,2558.52,0.007076,0.011996
0.00633033,2161.36,0.007077,0.012009
0.0168637,2805.78,0.007076,0.011992
0.0102383,2320.77,0.007076,0.012006
0.0104996,2320.77,0.007076,0.012006
0.013807,2558.52,0.007076,0.011996
0.00734319,2161.36,0.007077,0.012009
0.022445,2320.77,0.007076,0.012006
0.0264022,1591.91,0.007077,0.012017
0.0283976,1591.91,0.007077,0.012017
0.0100948,2320.77,0.007076,0.012006
0.0234941,2006.69,0.007077,0.012012
0.0242887,2006.69,0.007077,0.012012
0.00945356,2320.77,0.007076,0.012006
0.0114552,2320.77,0.007076,0.012006
0.0143103,2558.52,0.007076,0.011996
0.0293035,1591.91,0.007077,0.012017
0.00341088,2006.69,0.007077,0.012012
0.00719822,2161.36,0.007077,0.012009
0.0294918,1591.91,0.007077,0.012017
0.00289852,2006.69,0.007077,0.012012
0.0115719,2320.77,0.007076,0.012006
0.0272654,1591.91,0.007077,0.012017
0.0117382,2320.77,0.007076,0.012006
0.0325243,1350.18,0.007078,0.012025
0.0326536,1350.18,0.007078,0.012025
0.023023,2006.69,0.007077,0.012012
0.0136492,2558.52,0.007076,0.011996
0.034031,1167,0.007078,0.012033
0.0242671,2006.69,0.007077,0.012012
0.0052737,2161.36,0.007077,0.012009
0.0249943,2006.69,0.007077,0.012012
0.00345908,2006.69,0.007077,0.012012
0.0295869,1591.91,0.007077,0.012017
0.0183175,2805.78,0.007076,0.011992
0.0101286,2320.77,0.007076,0.012006
0.0102551,2320.77,0.007076,0.012006
0.0217304,2320.77,0.007076,0.012006
0.0104018,2320.77,0.007076,0.012006
0.0281117,1591.91,0.007077,0.012017
0.0108155,2320.77,0.007076,0.012006
0.0259722,2006.69,0.007077,0.012012
0.0278301,1591.91,0.007077,0.012017
0.0152733,2558.52,0.007076,0.011996
0.013193,2558.52,0.007076,0.011996
0.0323751,1350.18,0.007078,0.012025
0.0104722,2320.77,0.007076,0.012006
0.0270156,1591.91,0.007077,0.012017
0.00485143,2161.36,0.007077,0.012009
0.0106587,2320.77,0.007076,0.012006
0.00611989,2161.36,0.007077,0.012009
0.0100096,2320.77,0.007076,0.012006
0.023525,2006.69,0.007077,0.012012
0.0242447,2006.69,0.007077,0.012012
0.00685725,2161.36,0.007077,0.012009
0.0247589,2006.69,0.007077,0.012012
0.0157202,2805.78,0.007076,0.011992
0.00993581,2320.77,0.007076,0.012006
0.0147252,2558.52,0.007076,0.011996
0.00422632,2006.69,0.007077,0.012012
0.0209449,2320.77,0.007076,0.012006
0.0275861,1591.91,0.007077,0.012017
0.000467594,1849.27,0.007077,0.012015
0.00455001,2006.69,0.007077,0.012012
0.0222369,2320.77,0.007076,0.012006
0.0117798,2320.77,0.007076,0.012006
0.00103759,1849.27,0.007077,0.012015
0.0126234,2558.52,0.007076,0.011996
0.032839,1350.18,0.007078,0.012025
0.0314346,1350.18,0.007078,0.012025
0.0237981,2006.69,0.007077,0.012012
0.00285804,2006.69,0.007077,0.012012
0.0253888,2006.69,0.007077,0.012012
0.011805,2320.77,0.007076,0.012006
0.0118508,2558.52,0.007076,0.011996
0.0193952,2320.77,0.007076,0.012006
0.0283711,1591.91,0.007077,0.012017
0.0271961,2930.17,0.007076,0.012003
0.0241654,3531.99,0.007076,0.011994
0.0284555,2679.34,0.007077,0.012009
0.0064478,2190.79,0.007077,0.012017
0.0400566,2033.5,0.007078,0.012033
0.0104745,2474.68,0.007077,0.012011
0.000598864,2054.13,0.007077,0.01202
0.0124787,2474.68,0.007077,0.012011
0.047373,1744.2,0.007079,0.012043
0.0458689,1886.27,0.007079,0.012038
0.0379089,2224.65,0.007078,0.012027
0.0091859,2325.72,0.007077,0.012014
0.0311635,2679.34,0.007077,0.012009
0.0133028,2474.68,0.007077,0.012011
0.00328645,2190.79,0.007077,0.012017
0.0457528,1886.27,0.007079,0.012038
0.0338542,2435.78,0.007077,0.012022
0.019246,3068.89,0.007076,0.011999
0.0423616,2033.5,0.007078,0.012033
0.0030521,2054.13,0.007077,0.01202
0.0425861,2033.5,0.007078,0.012033
0.043012,1886.27,0.007079,0.012038
9.601e-05,2054.13,0.007077,0.01202
0.0365229,2224.65,0.007078,0.012027
0.0191788,3068.89,0.007076,0.011999
0.00703446,2325.72,0.007077,0.012014
0.00718487,2325.72,0.007077,0.012014
0.0220763,3531.99,0.007076,0.011994
0.0449989,1886.27,0.007079,0.012038
0.0436568,1886.27,0.007079,0.012038
0.0265181,2930.17,0.007076,0.012003
0.0384073,2224.65,0.007078,0.012027
0.0108885,2474.68,0.007077,0.012011
0.01139,2474.68,0.007077,0.012011
0.0266753,2930.17,0.007076,0.012003
0.0396174,2033.5,0.007078,0.012033
0.0468731,1744.2,0.007079,0.012043
0.0179986,3068.89,0.007076,0.011999
0.0428369,1886.27,0.007079,0.012038
0.0405925,2033.5,0.007078,0.012033
0.0268299,2930.17,0.007076,0.012003
0.0408595,2033.5,0.007078,0.012033
0.0117146,2474.68,0.007077,0.012011
0.0398052,2033.5,0.007078,0.012033
0.00840449,2325.72,0.007077,0.012014
0.038063,2224.65,0.007078,0.012027
0.0406585,2033.5,0.007078,0.012033
0.0177512,3068.89,0.007076,0.011999
0.0182499,3068.89,0.007076,0.011999
0.0370916,2224.65,0.007078,0.012027
0.0128165,2474.68,0.007077,0.012011
0.0143965,2660.2,0.007076,0.012
0.0249734,2930.17,0.007076,0.012003
0.0477762,1744.2,0.007079,0.012043
0.0114174,2474.68,0.007077,0.012011
0.0381126,2224.65,0.007078,0.012027
0.0253522,2930.17,0.007076,0.012003
0.00590316,2190.79,0.007077,0.012017
0.0105387,2474.68,0.007077,0.012011
0.0278963,2930.17,0.007076,0.012003
0.0221039,3531.99,0.007076,0.011994
0.0158274,2930.17,0.007076,0.012003
0.0459997,1886.27,0.007079,0.012038
0.00785315,2325.72,0.007077,0.012014
0.0405916,2033.5,0.007078,0.012033
0.0105932,2474.68,0.007077,0.012011
0.0238025,3531.99,0.007076,0.011994
0.0249311,2930.17,0.007076,0.012003
0.031913,2435.78,0.007077,0.012022
0.0151541,2660.2,0.007076,0.012
0.0430226,1886.27,0.007079,0.012038
0.0349222,2435.78,0.007077,0.012022
0.0254831,2930.17,0.007076,0.012003
0.0157095,2930.17,0.007076,0.012003
0.0428138,1886.27,0.007079,0.012038
0.00338122,2190.79,0.007077,0.012017
0.0183382,3068.89,0.007076,0.011999
0.00444192,2190.79,0.007077,0.012017
0.00197614,2054.13,0.007077,0.01202
0.0479438,1744.2,0.007079,0.012043
0.00961832,2325.72,0.007077,0.012014
0.0117483,2474.68,0.007077,0.012011
0.0381804,2224.65,0.007078,0.012027
0.000456215,2054.13,0.007077,0.01202
0.0423142,2033.5,0.007078,0.012033
0.00382603,2190.79,0.007077,0.012017
0.0392789,2033.5,0.007078,0.012033
0.0186692,3068.89,0.007076,0.011999
0.00440519,2190.79,0.007077,0.012017
0.0212049,3531.99,0.007076,0.011994
0.0231292,3531.99,0.007076,0.011994
0.0420683,2033.5,0.007078,0.012033
0.0132123,2474.68,0.007077,0.012011
0.0242903,3531.99,0.007076,0.011994
0.0307862,2679.34,0.007077,0.012009
0.0213266,3531.99,0.007076,0.011994
0.016709,2930.17,0.007076,0.012003
0.0140776,2660.2,0.007076,0.012
0.0102692,2325.72,0.007077,0.012014
0.01754,3068.89,0.007076,0.011999
0.0453467,1886.27,0.007079,0.012038
0.0109239,2474.68,0.007077,0.012011
0.00727891,2325.72,0.007077,0.012014
0.00903267,2325.72,0.007077,0.012014
0.00494866,2190.79,0.007077,0.012017
0.048431,1744.2,0.007079,0.012043
0.0480165,1744.2,0.007079,0.012043
0.0305004,2679.34,0.007077,0.012009
0.0233748,3531.99,0.007076,0.011994
0.0190418,3068.89,0.007076,0.011999
0.0437343,1886.27,0.007079,0.012038
0.0306295,2679.34,0.007077,0.012009
0.0388444,2224.65,0.007078,0.012027
0.0368071,2224.65,0.007078,0.012027
0.00350292,2190.79,0.007077,0.012017
0.0139822,2660.2,0.007076,0.012
0.00559565,2190.79,0.007077,0.012017
0.0182988,3068.89,0.007076,0.011999
0.0467189,1744.2,0.007079,0.012043
0.00990669,2325.72,0.007077,0.012014
0.0416478,2033.5,0.007078,0.012033
0.0489686,1744.2,0.007079,0.012043
0.0401619,2033.5,0.007078,0.012033
0.0424447,2033.5,0.007078,0.012033
0.0227033,3531.99,0.007076,0.011994
0.015076,2660.2,0.007076,0.012
0.023301,3531.99,0.007076,0.011994
0.015059,2660.2,0.007076,0.012
0.0264231,2930.17,0.007076,0.012003
0.0309694,2679.34,0.007077,0.012009
0.0327125,2435.78,0.007077,0.012022
0.0358357,2224.65,0.007078,0.012027
0.0259022,2930.17,0.007076,0.012003
0.016137,2930.17,0.007076,0.012003
0.0381624,2224.65,0.007078,0.012027
0.0145488,2660.2,0.007076,0.012
0.0393609,2033.5,0.007078,0.012033
0.0186392,3068.89,0.007076,0.011999
0.0425664,2033.5,0.007078,0.012033
0.0238107,3531.99,0.007076,0.011994
0.0487847,1744.2,0.007079,0.012043
0.00668767,2190.79,0.007077,0.012017
0.00675909,2190.79,0.007077,0.012017
0.00645881,2190.79,0.007077,0.012017
0.0427404,1886.27,0.007079,0.012038
0.0177656,3068.89,0.007076,0.011999
0.0326009,2435.78,0.007077,0.012022
0.0198877,3068.89,0.007076,0.011999
0.020786,3068.89,0.007076,0.011999
0.0206588,3068.89,0.007076,0.011999
0.00539773,2190.79,0.007077,0.012017
0.0077354,2325.72,0.007077,0.012014
0.0474564,1744.2,0.007079,0.012043
0.033848,1591.91,0.007077,0.012017
0.020057,2558.52,0.007076,0.011996
0.0472312,1004,0.007079,0.012042
0.046354,1004,0.007079,0.012042
0.0328193,1854.63,0.007077,0.01201
0.041741,1167,0.007078,0.012033
0.0391205,1350.18,0.007078,0.012025
0.011872,2161.36,0.007077,0.012009
0.0272974,2320.77,0.007076,0.012006
0.00571228,1849.27,0.007077,0.012015
0.00476516,1849.27,0.007077,0.012015
0.0479718,886.377,0.00708,0.012049
0.0135213,2161.36,0.007077,0.012009
0.0316205,1854.63,0.007077,0.01201
0.0099948,2006.69,0.007077,0.012012
0.00523819,1849.27,0.007077,0.012015
0.00585719,1849.27,0.007077,0.012015
0.0258226,2805.78,0.007076,0.011992
0.026759,2320.77,0.007076,0.012006
0.0352084,1591.91,0.007077,0.012017
0.0185647,2320.77,0.007076,0.012006
0.00986759,2006.69,0.007077,0.012012
0.0479154,886.377,0.00708,0.012049
0.0374964,1350.18,0.007078,0.012025
0.00152011,1730.05,0.007077,0.012018
0.0435729,1167,0.007078,0.012033
0.00907953,2006.69,0.007077,0.012012
0.0180786,2320.77,0.007076,0.012006
0.0104736,2006.69,0.007077,0.012012
0.0379756,1350.18,0.007078,0.012025
0.0089358,2006.69,0.007077,0.012012
0.0385689,1350.18,0.007078,0.012025
0.0260194,2320.77,0.007076,0.012006
0.0448249,1004,0.007079,0.012042
0.0439159,1004,0.007079,0.012042
0.0399043,1350.18,0.007078,0.012025
0.0220743,2558.52,0.007076,0.011996
0.0192664,2558.52,0.007076,0.011996
0.0470828,1004,0.007079,0.012042
0.019126,2558.52,0.007076,0.011996
0.0480545,886.377,0.00708,0.012049
0.0162604,2320.77,0.007076,0.012006
0.00578179,1849.27,0.007077,0.012015
0.0326576,1854.63,0.007077,0.01201
0.0211287,2558.52,0.007076,0.011996
0.00373039,1730.05,0.007077,0.012018
0.0277302,2320.77,0.007076,0.012006
0.0243412,2805.78,0.007076,0.011992
0.0314073,1854.63,0.007077,0.01201
0.000657384,1612.4,0.007077,0.012022
0.0262247,2320.77,0.007076,0.012006
0.0408345,1167,0.007078,0.012033
0.0198986,2558.52,0.007076,0.011996
0.0300993,1854.63,0.007077,0.01201
0.00645548,1849.27,0.007077,0.012015
0.00217479,1730.05,0.007077,0.012018
0.000335979,1612.4,0.007077,0.012022
0.00926228,2006.69,0.007077,0.012012
0.0311311,1854.63,0.007077,0.01201
0.0449867,1004,0.007079,0.012042
0.0272776,2320.77,0.007076,0.012006
0.0100445,2006.69,0.007077,0.012012
0.0466019,1004,0.007079,0.012042
0.0165311,2320.77,0.007076,0.012006
0.0284799,2320.77,0.007076,0.012006
0.00307649,1730.05,0.007077,0.012018
0.0229414,2805.78,0.007076,0.011992
0.0461177,1004,0.007079,0.012042
0.0296553,2006.69,0.007077,0.012012
0.0137263,2161.36,0.007077,0.012009
0.0141717,2161.36,0.007077,0.012009
0.0194925,2558.52,0.007076,0.011996
0.0296654,2006.69,0.007077,0.012012
0.0242695,2805.78,0.007076,0.011992
0.0416325,1167,0.007078,0.012033
0.00583196,1849.27,0.007077,0.012015
0.00235987,1730.05,0.007077,0.012018
0.0183063,2320.77,0.007076,0.012006
0.038904,1350.18,0.007078,0.012025
0.0314757,1854.63,0.007077,0.01201
0.0119072,2161.36,0.007077,0.012009
0.0133533,2161.36,0.007077,0.012009
0.00471313,1849.27,0.007077,0.012015
0.0335269,1591.91,0.007077,0.012017
0.0067461,1849.27,0.007077,0.012015
0.046672,1004,0.007079,0.012042
0.017403,2320.77,0.007076,0.012006
0.0199093,2558.52,0.007076,0.011996
0.0135612,2161.36,0.007077,0.012009
0.0122306,2161.36,0.007077,0.012009
0.0196063,2558.52,0.007076,0.011996
0.0139028,2161.36,0.007077,0.012009
0.0331815,1591.91,0.007077,0.012017
0.0450054,1004,0.007079,0.012042
0.0302228,1854.63,0.007077,0.01201
0.0394815,1350.18,0.007078,0.012025
0.000291587,1612.4,0.007077,0.012022
0.0100263,2006.69,0.007077,0.012012
0.00416075,1730.05,0.007077,0.012018
0.0423334,1167,0.007078,0.012033
0.00877178,2006.69,0.007077,0.012012
0.0163137,2320.77,0.007076,0.012006
0.0419284,1167,0.007078,0.012033
0.0344452,1591.91,0.007077,0.012017
0.0330735,1591.91,0.007077,0.012017
0.00884686,2006.69,0.007077,0.012012
0.01872,2320.77,0.007076,0.012006
0.0337003,1591.91,0.007077,0.012017
0.044147,1004,0.007079,0.012042
0.0331695,1591.91,0.007077,0.012017
0.0257121,2805.78,0.007076,0.011992
0.0177669,2320.77,0.007076,0.012006
0.0250211,2805.78,0.007076,0.011992
0.0418677,1167,0.007078,0.012033
0.00126514,1730.05,0.007077,0.012018
0.048195,886.377,0.00708,0.012049
0.013982,2161.36,0.007077,0.012009
0.0247177,2805.78,0.007076,0.011992
0.00371203,1730.05,0.007077,0.012018
0.00503544,1849.27,0.007077,0.012015
0.0478442,886.377,0.00708,0.012049
0.0207436,2558.52,0.007076,0.011996
0.0154039,2320.77,0.007076,0.012006
0.0417358,1167,0.007078,0.012033
0.0185823,2320.77,0.007076,0.012006
0.020333,2558.52,0.007076,0.011996
0.0446189,1004,0.007079,0.012042
0.0183931,2320.77,0.007076,0.012006
0.013058,2161.36,0.007077,0.012009
0.00425884,1730.05,0.007077,0.012018
0.0386634,1350.18,0.007078,0.012025
0.00101388,1730.05,0.007077,0.012018
0.0385835,1350.18,0.007078,0.012025
0.0184225,2320.77,0.007076,0.012006
0.0269034,2320.77,0.007076,0.012006
0.0433114,1167,0.007078,0.012033
0.0358659,1591.91,0.007077,0.012017
0.0205347,2558.52,0.007076,0.011996
0.0212147,2558.52,0.007076,0.011996
0.035869,1591.91,0.007077,0.012017
0.00938764,2006.69,0.007077,0.012012
0.0263047,2320.77,0.007076,0.012006
0.025961,2320.77,0.007076,0.012006
0.0403413,1167,0.007078,0.012033
0.0342785,1591.91,0.007077,0.012017
0.0361005,1591.91,0.007077,0.012017
0.0359238,1591.91,0.007077,0.012017
0.0283214,2320.77,0.007076,0.012006
0.000191939,2054.13,0.007077,0.01202
0.00584788,2190.79,0.007077,0.012017
0.00661456,2325.72,0.007077,0.012014
0.0134679,2474.68,0.007077,0.012011
0.0143804,2660.2,0.007076,0.012
0.0287925,2325.72,0.007077,0.012014
0.0472159,1332.84,0.007079,0.012046
0.00140197,2054.13,0.007077,0.01202
0.0468344,1332.84,0.007079,0.012046
0.0105158,2474.68,0.007077,0.012011
0.0119773,2474.68,0.007077,0.012011
0.0119147,2474.68,0.007077,0.012011
0.0293561,2325.72,0.007077,0.012014
0.014132,2660.2,0.007076,0.012
0.0378226,1807.42,0.007078,0.012027
0.0451642,1454.38,0.007079,0.01204
0.0428262,1454.38,0.007079,0.01204
0.0352676,1807.42,0.007078,0.012027
0.0227943,3161.86,0.007076,0.011993
0.0118024,2474.68,0.007077,0.012011
0.0387665,1634.99,0.007078,0.012033
0.0306855,2325.72,0.007077,0.012014
0.0452359,1454.38,0.007079,0.01204
0.0258831,2660.2,0.007076,0.012
0.0159706,2660.2,0.007076,0.012
0.0385931,1807.42,0.007078,0.012027
0.0195543,2883.07,0.007076,0.011997
0.0288551,2325.72,0.007077,0.012014
0.0148707,2660.2,0.007076,0.012
0.0447031,1454.38,0.007079,0.01204
0.00601844,2190.79,0.007077,0.012017
0.0198065,2883.07,0.007076,0.011997
0.0118381,2474.68,0.007077,0.012011
0.0364117,1807.42,0.007078,0.012027
0.0340013,2054.13,0.007077,0.01202
0.0417613,1634.99,0.007078,0.012033
0.0133675,2474.68,0.007077,0.012011
0.0081606,2325.72,0.007077,0.012014
0.00427578,2190.79,0.007077,0.012017
0.0359951,1807.42,0.007078,0.012027
0.00725949,2325.72,0.007077,0.012014
0.0133694,2474.68,0.007077,0.012011
0.0394978,1634.99,0.007078,0.012033
0.0425878,1454.38,0.007079,0.01204
0.0472732,1332.84,0.007079,0.012046
0.044152,1454.38,0.007079,0.01204
0.0372712,1807.42,0.007078,0.012027
0.0260074,2660.2,0.007076,0.012
0.0159332,2660.2,0.007076,0.012
0.0319543,2054.13,0.007077,0.01202
0.0105305,2474.68,0.007077,0.012011
0.0319676,2054.13,0.007077,0.01202
0.0485756,1332.84,0.007079,0.012046
0.0481459,1332.84,0.007079,0.012046
0.00367192,2190.79,0.007077,0.012017
0.0337097,2054.13,0.007077,0.01202
0.0465759,1332.84,0.007079,0.012046
0.00174615,2054.13,0.007077,0.01202
0.0131265,2474.68,0.007077,0.012011
0.0378441,1807.42,0.007078,0.012027
0.0214103,3161.86,0.007076,0.011993
0.0129882,2474.68,0.007077,0.012011
0.0334727,2054.13,0.007077,0.01202
0.00709298,2325.72,0.007077,0.012014
0.0438977,1454.38,0.007079,0.01204
0.044341,1454.38,0.007079,0.01204
0.0394126,1634.99,0.007078,0.012033
0.0370701,1807.42,0.007078,0.012027
0.040555,1634.99,0.007078,0.012033
0.0246351,2660.2,0.007076,0.012
0.00863217,2325.72,0.007077,0.012014
0.0277717,2660.2,0.007076,0.012
0.0070638,2325.72,0.007077,0.012014
0.0112541,2474.68,0.007077,0.012011
0.0290403,2325.72,0.007077,0.012014
0.0062535,2190.79,0.007077,0.012017
0.0285726,2325.72,0.007077,0.012014
0.0153537,2660.2,0.007076,0.012
0.015087,2660.2,0.007076,0.012
0.0245632,2660.2,0.007076,0.012
0.018573,2883.07,0.007076,0.011997
0.0209139,3161.86,0.007076,0.011993
0.0268679,2660.2,0.007076,0.012
0.00192673,2054.13,0.007077,0.01202
0.00569898,2190.79,0.007077,0.012017
0.0350411,2054.13,0.007077,0.01202
0.00222016,2054.13,0.007077,0.01202
0.00948008,2325.72,0.007077,0.012014
0.0153658,2660.2,0.007076,0.012
0.025064,2660.2,0.007076,0.012
0.000731051,2054.13,0.007077,0.01202
0.0196548,2883.07,0.007076,0.011997
0.0380616,1807.42,0.007078,0.012027
0.0321667,2054.13,0.007077,0.01202
0.0244986,2660.2,0.007076,0.012
0.0144793,2660.2,0.007076,0.012
0.00775019,2325.72,0.007077,0.012014
0.0479706,1332.84,0.007079,0.012046
0.0470594,1332.84,0.007079,0.012046
0.0351505,1807.42,0.007078,0.012027
0.0228807,3161.86,0.007076,0.011993
0.0263502,2660.2,0.007076,0.012
0.0488351,1332.84,0.007079,0.012046
0.0253497,2660.2,0.007076,0.012
0.041556,1634.99,0.007078,0.012033
0.0486468,1332.84,0.007079,0.012046
0.0134387,2474.68,0.007077,0.012011
0.0225824,3161.86,0.007076,0.011993
0.0196659,2883.07,0.007076,0.011997
0.0486197,1332.84,0.007079,0.012046
0.0396539,1634.99,0.007078,0.012033
0.0158579,2660.2,0.007076,0.012
0.0133857,2474.68,0.007077,0.012011
0.00368329,2190.79,0.007077,0.012017
0.0208413,3161.86,0.007076,0.011993
0.0428604,1454.38,0.007079,0.01204
0.0353111,1807.42,0.007078,0.012027
0.0304371,2325.72,0.007077,0.012014
0.00356551,2190.79,0.007077,0.012017
0.0054393,2190.79,0.007077,0.012017
0.0388313,1634.99,0.007078,0.012033
0.0269779,2660.2,0.007076,0.012
0.0335441,2054.13,0.007077,0.01202
0.0192102,2883.07,0.007076,0.011997
0.0422686,1454.38,0.007079,0.01204
0.00879539,2325.72,0.007077,0.012014
0.0108044,2474.68,0.007077,0.012011
0.0205607,2883.07,0.007076,0.011997
0.0135947,2660.2,0.007076,0.012
0.0149762,2660.2,0.007076,0.012
0.0130234,2474.68,0.007077,0.012011
0.0192808,2883.07,0.007076,0.011997
0.0194794,2883.07,0.007076,0.011997
0.0385701,1807.42,0.007078,0.012027
0.0355065,1807.42,0.007078,0.012027
0.039295,1634.99,0.007078,0.012033
0.0211943,3161.86,0.007076,0.011993
0.00623117,2190.79,0.007077,0.012017
0.0273621,2660.2,0.007076,0.012
0.00801206,2325.72,0.007077,0.012014
0.00348835,2190.79,0.007077,0.012017
0.0202664,2883.07,0.007076,0.011997
0.0321561,2054.13,0.007077,0.01202
0.0427441,1454.38,0.007079,0.01204
0.0344005,2054.13,0.007077,0.01202
0.0484079,1332.84,0.007079,0.012046
0.0152928,2660.2,0.007076,0.012
0.0404837,1634.99,0.007078,0.012033
0.0153031,2660.2,0.007076,0.012
0.0348296,2054.13,0.007077,0.01202
0.0398819,1634.99,0.007078,0.012033
0.0221556,3161.86,0.007076,0.011993
0.00879253,2325.72,0.007077,0.012014
0.03549,1807.42,0.007078,0.012027
0.046088,1332.84,0.007079,0.012046
0.00266353,2054.13,0.007077,0.01202
0.0470615,1332.84,0.007079,0.012046
0.0184881,2883.07,0.007076,0.011997
0.00055966,2054.13,0.007077,0.01202
0.00022179,2054.13,0.007077,0.01202
0.0431275,1454.38,0.007079,0.01204
0.0155752,2660.2,0.007076,0.012
0.0422743,1454.38,0.007079,0.01204
0.046685,1332.84,0.007079,0.012046
0.0256372,2660.2,0.007076,0.012
0.0434725,1454.38,0.007079,0.01204
0.0133629,2474.68,0.007077,0.012011
0.043434,1454.38,0.007079,0.01204
0.0010083,2054.13,0.007077,0.01202
0.0227247,3161.86,0.007076,0.011993
0.0444989,1454.38,0.007079,0.01204
0.0169516,2660.2,0.007076,0.012
0.0101286,2474.68,0.007077,0.012011
0.00993006,2006.69,0.007077,0.012012
0.0467036,1004,0.007079,0.012042
0.0150406,2320.77,0.007076,0.012006
0.0434639,1297.74,0.007078,0.012034
0.0311511,2006.69,0.007077,0.012012
0.0399561,1487.08,0.007078,0.012026
0.0300124,2006.69,0.007077,0.012012
0.0471811,1004,0.007079,0.012042
0.0180942,2320.77,0.007076,0.012006
0.00143611,1730.05,0.007077,0.012018
0.00446536,1849.27,0.007077,0.012015
0.0375424,1487.08,0.007078,0.012026
0.00494737,1849.27,0.007077,0.012015
0.048064,886.377,0.00708,0.012049
0.0114056,2161.36,0.007077,0.012009
0.0234322,2805.78,0.007076,0.011992
0.0214335,2558.52,0.007076,0.011996
0.00526625,1849.27,0.007077,0.012015
0.0277864,2320.77,0.007076,0.012006
0.0325724,2006.69,0.007077,0.012012
0.0382533,1487.08,0.007078,0.012026
0.0306296,2006.69,0.007077,0.012012
0.0268912,2320.77,0.007076,0.012006
0.00445568,1849.27,0.007077,0.012015
0.0282379,2320.77,0.007076,0.012006
0.00412847,1730.05,0.007077,0.012018
0.000637723,1612.4,0.007077,0.012022
0.00796759,2006.69,0.007077,0.012012
0.00129468,1730.05,0.007077,0.012018
0.0140881,2161.36,0.007077,0.012009
0.0233819,2805.78,0.007076,0.011992
0.0238405,2805.78,0.007076,0.011992
0.028055,2320.77,0.007076,0.012006
0.0301938,2006.69,0.007077,0.012012
0.0387495,1487.08,0.007078,0.012026
0.0177066,2320.77,0.007076,0.012006
0.0131115,2161.36,0.007077,0.012009
0.0376914,1487.08,0.007078,0.012026
0.0447427,1004,0.007079,0.012042
0.0338143,1730.05,0.007077,0.012018
0.0232381,2805.78,0.007076,0.011992
0.0139235,2161.36,0.007077,0.012009
0.00542153,1849.27,0.007077,0.012015
0.00539595,1849.27,0.007077,0.012015
0.01305,2161.36,0.007077,0.012009
0.00703172,1849.27,0.007077,0.012015
0.0283132,2320.77,0.007076,0.012006
9.47329e-05,1612.4,0.007077,0.012022
0.0402749,1297.74,0.007078,0.012034
0.0338624,1730.05,0.007077,0.012018
0.00617262,1849.27,0.007077,0.012015
0.0252894,2805.78,0.007076,0.011992
0.0486096,886.377,0.00708,0.012049
0.0445685,1149.01,0.007079,0.012041
0.0132416,2161.36,0.007077,0.012009
0.0221638,2805.78,0.007076,0.011992
0.0453171,1004,0.007079,0.012042
0.0403099,1297.74,0.007078,0.012034
0.0333999,1730.05,0.007077,0.012018
0.0293036,2006.69,0.007077,0.012012
0.0418564,1297.74,0.007078,0.012034
0.0347857,1730.05,0.007077,0.012018
0.0365199,1487.08,0.007078,0.012026
0.0410015,1297.74,0.007078,0.012034
0.0127294,2161.36,0.007077,0.012009
0.00612145,1849.27,0.007077,0.012015
0.0275623,2320.77,0.007076,0.012006
0.0263009,2320.77,0.007076,0.012006
0.0425359,1297.74,0.007078,0.012034
0.0185704,2558.52,0.007076,0.011996
0.0410344,1297.74,0.007078,0.012034
0.0432175,1297.74,0.007078,0.012034
0.0371266,1487.08,0.007078,0.012026
0.0219324,2558.52,0.007076,0.011996
0.00476657,1849.27,0.007077,0.012015
0.0436292,1149.01,0.007079,0.012041
0.00352221,1730.05,0.007077,0.012018
0.0369864,1487.08,0.007078,0.012026
0.0194531,2558.52,0.007076,0.011996
0.0312852,2006.69,0.007077,0.012012
0.00318157,1730.05,0.007077,0.012018
0.00722048,1849.27,0.007077,0.012015
0.023507,2805.78,0.007076,0.011992
0.00888746,2006.69,0.007077,0.012012
0.0399503,1487.08,0.007078,0.012026
0.0437534,1149.01,0.007079,0.012041
0.0117352,2161.36,0.007077,0.012009
0.0286524,2320.77,0.007076,0.012006
0.0460674,1004,0.007079,0.012042
0.0295409,2006.69,0.007077,0.012012
0.0266744,2320.77,0.007076,0.012006
0.0146388,2161.36,0.007077,0.012009
0.0291326,2320.77,0.007076,0.012006
0.00301174,1730.05,0.007077,0.012018
0.00637535,1849.27,0.007077,0.012015
0.0160073,2320.77,0.007076,0.012006
0.00651743,1849.27,0.007077,0.012015
0.00204991,1730.05,0.007077,0.012018
0.0114871,2161.36,0.007077,0.012009
0.0486658,886.377,0.00708,0.012049
0.00738803,1849.27,0.007077,0.012015
0.0280315,2320.77,0.007076,0.012006
0.0182214,2320.77,0.007076,0.012006
0.036673,1487.08,0.007078,0.012026
0.0136555,2161.36,0.007077,0.012009
0.0306736,2006.69,0.007077,0.012012
0.0381148,1487.08,0.007078,0.012026
0.0087148,2006.69,0.007077,0.012012
0.0228561,2805.78,0.007076,0.011992
0.0329502,1730.05,0.007077,0.012018
0.0108276,2006.69,0.007077,0.012012
0.00755041,1849.27,0.007077,0.012015
0.0152932,2320.77,0.007076,0.012006
0.0247958,2805.78,0.007076,0.011992
0.0346106,1730.05,0.007077,0.012018
0.0484129,886.377,0.00708,0.012049
0.0265334,2320.77,0.007076,0.012006
0.0188009,2558.52,0.007076,0.011996
0.0412592,1297.74,0.007078,0.012034
0.0155542,2320.77,0.007076,0.012006
0.0342979,1730.05,0.007077,0.012018
0.00500341,1849.27,0.007077,0.012015
0.000714262,1730.05,0.007077,0.012018
0.0144031,2161.36,0.007077,0.012009
0.0490758,886.377,0.00708,0.012049
0.0243181,2805.78,0.007076,0.011992
0.0133708,2161.36,0.007077,0.012009
0.0157552,2320.77,0.007076,0.012006
0.00543158,1849.27,0.007077,0.012015
0.0286749,2320.77,0.007076,0.012006
0.00920921,2006.69,0.007077,0.012012
0.0380395,1487.08,0.007078,0.012026
0.0287625,2320.77,0.007076,0.012006
0.0425077,1297.74,0.007078,0.012034
0.0466829,1004,0.007079,0.012042
0.0180317,2320.77,0.007076,0.012006
0.0328644,2006.69,0.007077,0.012012
0.0432858,1297.74,0.007078,0.012034
0.00458159,1849.27,0.007077,0.012015
0.0473362,886.377,0.00708,0.012049
0.0222276,2805.78,0.007076,0.011992
0.0419258,1297.74,0.007078,0.012034
0.0472729,886.377,0.00708,0.012049
0.0386903,1487.08,0.007078,0.012026
0.0237235,2805.78,0.007076,0.011992
0.0399861,1487.08,0.007078,0.012026
0.0485707,886.377,0.00708,0.012049
0.0236722,2805.78,0.007076,0.011992
0.0466915,1004,0.007079,0.012042
0.00868961,2006.69,0.007077,0.012012
0.0307666,2006.69,0.007077,0.012012
0.0177577,2320.77,0.007076,0.012006
0.0353574,1730.05,0.007077,0.012018
0.0163269,2320.77,0.007076,0.012006
0.00204598,1730.05,0.007077,0.012018
0.00814464,2006.69,0.007077,0.012012
0.0238036,2805.78,0.007076,0.011992
0.00938973,2006.69,0.007077,0.012012
0.0472859,886.377,0.00708,0.012049
0.01951,2558.52,0.007076,0.011996
0.0136527,2161.36,0.007077,0.012009
0.00217471,1730.05,0.007077,0.012018
0.0476323,886.377,0.00708,0.012049
0.0403951,1297.74,0.007078,0.012034
0.0440446,1149.01,0.007079,0.012041
0.0171926,2320.77,0.007076,0.012006
0.0262332,2320.77,0.007076,0.012006
0.00835697,2006.69,0.007077,0.012012
0.0385988,1297.74,0.007078,0.012034
0.0361911,1487.08,0.007078,0.012026
0.0228118,2805.78,0.007076,0.011992
0.0462883,1025.72,0.007079,0.012048
0.0298687,2006.69,0.007077,0.012012
0.0364499,1487.08,0.007078,0.012026
0.0429611,1149.01,0.007079,0.012041
0.0475451,1025.72,0.007079,0.012048
0.0441929,1149.01,0.007079,0.012041
0.0286267,2006.69,0.007077,0.012012
0.0423997,1149.01,0.007079,0.012041
0.00148921,1730.05,0.007077,0.012018
0.0325464,1730.05,0.007077,0.012018
0.0126915,2161.36,0.007077,0.012009
0.0464506,1025.72,0.007079,0.012048
0.0273772,2320.77,0.007076,0.012006
0.0254956,2320.77,0.007076,0.012006
0.0261305,2320.77,0.007076,0.012006
0.0194361,2558.52,0.007076,0.011996
0.000303755,1730.05,0.007077,0.012018
0.0118723,2161.36,0.007077,0.012009
0.0208966,2805.78,0.007076,0.011992
0.0438003,1149.01,0.007079,0.012041
0.00669783,2006.69,0.007077,0.012012
0.0199472,2558.52,0.007076,0.011996
0.0221622,2805.78,0.007076,0.011992
0.0402225,1297.74,0.007078,0.012034
0.0455391,1025.72,0.007079,0.012048
0.0341998,1730.05,0.007077,0.012018
0.0226673,2805.78,0.007076,0.011992
0.0438001,1149.01,0.007079,0.012041
0.028661,2006.69,0.007077,0.012012
0.0207067,2805.78,0.007076,0.011992
0.00332771,1849.27,0.007077,0.012015
0.0489757,1220.65,0.00708,0.012052
0.0118213,2161.36,0.007077,0.012009
0.0156328,2320.77,0.007076,0.012006
0.0408721,1297.74,0.007078,0.012034
0.00686384,2006.69,0.007077,0.012012
0.0409195,1297.74,0.007078,0.012034
0.0373312,1487.08,0.007078,0.012026
0.0446914,1149.01,0.007079,0.012041
0.018893,2558.52,0.007076,0.011996
0.0218737,2805.78,0.007076,0.011992
0.00980648,2161.36,0.007077,0.012009
0.0267519,2320.77,0.007076,0.012006
0.0212887,2805.78,0.007076,0.011992
0.0187475,2558.52,0.007076,0.011996
0.0178966,2558.52,0.007076,0.011996
0.0372848,1487.08,0.007078,0.012026
0.0486361,1332.84,0.007079,0.012046
0.0432613,1149.01,0.007079,0.012041
0.00534136,1849.27,0.007077,0.012015
0.0388105,1297.74,0.007078,0.012034
0.00983297,2161.36,0.007077,0.012009
0.0426065,1149.01,0.007079,0.012041
0.0260516,2320.77,0.007076,0.012006
0.0439507,1149.01,0.007079,0.012041
0.0274685,2320.77,0.007076,0.012006
0.0226439,2805.78,0.007076,0.011992
0.0470206,1025.72,0.007079,0.012048
0.0221434,2805.78,0.007076,0.011992
0.0272197,2320.77,0.007076,0.012006
0.019628,2558.52,0.007076,0.011996
0.00561665,1849.27,0.007077,0.012015
0.0343418,1730.05,0.007077,0.012018
0.024257,2320.77,0.007076,0.012006
0.010821,2161.36,0.007077,0.012009
0.0166292,2320.77,0.007076,0.012006
0.00373075,1849.27,0.007077,0.012015
0.0126943,2161.36,0.007077,0.012009
0.0220371,2805.78,0.007076,0.011992
0.0216238,2805.78,0.007076,0.011992
0.00170131,1730.05,0.007077,0.012018
0.0340351,1730.05,0.007077,0.012018
0.0185995,2558.52,0.007076,0.011996
0.0200438,2558.52,0.007076,0.011996
0.0230128,2805.78,0.007076,0.011992
0.00243024,1849.27,0.007077,0.012015
0.000249446,1730.05,0.007077,0.012018
0.0081063,2006.69,0.007077,0.012012
0.0274651,2320.77,0.007076,0.012006
0.0489695,1220.65,0.00708,0.012052
0.0101338,2161.36,0.007077,0.012009
0.0291318,2006.69,0.007077,0.012012
0.000341308,1730.05,0.007077,0.012018
0.0444361,1149.01,0.007079,0.012041
0.0117839,2161.36,0.007077,0.012009
0.0330162,1730.05,0.007077,0.012018
0.00296337,1849.27,0.007077,0.012015
0.00550707,1849.27,0.007077,0.012015
0.0324793,1730.05,0.007077,0.012018
0.0333769,1730.05,0.007077,0.012018
0.031803,1730.05,0.007077,0.012018
0.0308265,2006.69,0.007077,0.012012
0.0168552,2558.52,0.007076,0.011996
0.0295934,2006.69,0.007077,0.012012
0.0253187,2320.77,0.007076,0.012006
0.00338244,1849.27,0.007077,0.012015
0.0321725,1730.05,0.007077,0.012018
0.0279423,2006.69,0.007077,0.012012
0.0333157,1730.05,0.007077,0.012018
0.00938087,2006.69,0.007077,0.012012
0.00416034,1849.27,0.007077,0.012015
0.000410194,1730.05,0.007077,0.012018
0.00523064,1849.27,0.007077,0.012015
0.027123,2320.77,0.007076,0.012006
0.0395803,1297.74,0.007078,0.012034
0.0345599,1730.05,0.007077,0.012018
0.0314332,1730.05,0.007077,0.012018
0.0285421,2006.69,0.007077,0.012012
0.0198253,2558.52,0.007076,0.011996
0.00446688,1849.27,0.007077,0.012015
0.037167,1487.08,0.007078,0.012026
0.00349527,1849.27,0.007077,0.012015
0.0314305,1730.05,0.007077,0.012018
0.0164043,2320.77,0.007076,0.012006
0.0248282,2320.77,0.007076,0.012006
0.028797,2006.69,0.007077,0.012012
0.0423779,1149.01,0.007079,0.012041
0.00741599,2006.69,0.007077,0.012012
0.0165487,2320.77,0.007076,0.012006
0.0411069,1297.74,0.007078,0.012034
0.0404256,1297.74,0.007078,0.012034
0.042378,1149.01,0.007079,0.012041
0.0359737,1487.08,0.007078,0.012026
0.00370053,1849.27,0.007077,0.012015
0.0290844,2006.69,0.007077,0.012012
0.0330959,1730.05,0.007077,0.012018
0.0142859,2320.77,0.007076,0.012006
0.00321958,1849.27,0.007077,0.012015
0.0125601,2161.36,0.007077,0.012009
0.00773868,2006.69,0.007077,0.012012
0.000284764,1730.05,0.007077,0.012018
0.0392153,1297.74,0.007078,0.012034
0.00608685,2006.69,0.007077,0.012012
0.00823964,2006.69,0.007077,0.012012
0.0079082,2006.69,0.007077,0.012012
0.00627547,2006.69,0.007077,0.012012
0.0468073,1025.72,0.007079,0.012048
0.0416936,1297.74,0.007078,0.012034
0.0327862,1730.05,0.007077,0.012018
0.0350773,1487.08,0.007078,0.012026
0.00282746,1849.27,0.007077,0.012015
0.0126884,2161.36,0.007077,0.012009
0.0377877,1487.08,0.007078,0.012026
0.0108908,2161.36,0.007077,0.012009
0.0233661,1944.14,0.007076,0.011989
0.0367925,831.968,0.007077,0.012015
0.0138687,1590.06,0.007076,0.011993
0.0198921,1772.79,0.007076,0.011991
0.012627,1437.84,0.007076,0.011996
0.0421547,652.954,0.007078,0.012026
0.00335647,1032.53,0.007076,0.011994
0.0161619,1590.06,0.007076,0.011993
0.00451795,1032.53,0.007076,0.011994
0.0060064,1032.53,0.007076,0.011994
0.0106333,1437.84,0.007076,0.011996
0.029296,1296.79,0.007076,0.011999
0.00244542,920.928,0.007076,0.011998
0.00420585,1032.53,0.007076,0.011994
0.0192406,1772.79,0.007076,0.011991
0.00680387,1151.44,0.007076,0.011991
0.0225896,1944.14,0.007076,0.011989
0.0266783,1590.06,0.007076,0.011993
0.0226775,1944.14,0.007076,0.011989
0.00526084,1032.53,0.007076,0.011994
0.0388433,831.968,0.007077,0.012015
0.0374406,831.968,0.007077,0.012015
0.0318705,1025.78,0.007077,0.012007
0.0143889,1590.06,0.007076,0.011993
0.0162506,1590.06,0.007076,0.011993
0.0246252,1590.06,0.007076,0.011993
0.019028,1772.79,0.007076,0.011991
0.0412981,652.954,0.007078,0.012026
0.0214353,1944.14,0.007076,0.011989
0.0434134,508.778,0.007079,0.012038
0.0196512,1772.79,0.007076,0.011991
0.0371709,831.968,0.007077,0.012015
0.0133033,1437.84,0.007076,0.011996
0.0359061,831.968,0.007077,0.012015
0.00946286,1296.79,0.007076,0.011999
0.0387984,831.968,0.007077,0.012015
0.0217063,1944.14,0.007076,0.011989
0.0170024,1590.06,0.007076,0.011993
0.0282909,1296.79,0.007076,0.011999
0.00721429,1151.44,0.007076,0.011991
0.0165798,1590.06,0.007076,0.011993
0.00608298,1032.53,0.007076,0.011994
0.0489506,402.705,0.00708,0.01205
0.00447276,1032.53,0.007076,0.011994
0.00180319,920.928,0.007076,0.011998
0.00937737,1296.79,0.007076,0.011999
0.0178458,1772.79,0.007076,0.011991
0.0116806,1437.84,0.007076,0.011996
0.0367976,831.968,0.007077,0.012015
0.0206568,1772.79,0.007076,0.011991
0.0391635,652.954,0.007078,0.012026
0.0317434,1025.78,0.007077,0.012007
0.0436749,508.778,0.007079,0.012038
0.0181508,1772.79,0.007076,0.011991
0.00351469,1032.53,0.007076,0.011994
0.0411645,652.954,0.007078,0.012026
0.018679,1772.79,0.007076,0.011991
0.0117909,1437.84,0.007076,0.011996
0.0473272,402.705,0.00708,0.01205
0.0395093,652.954,0.007078,0.012026
0.0294685,1296.79,0.007076,0.011999
0.0432261,508.778,0.007079,0.012038
0.00971914,1296.79,0.007076,0.011999
0.0295433,1296.79,0.007076,0.011999
0.0184796,1772.79,0.007076,0.011991
0.00762498,1296.79,0.007076,0.011999
0.0196588,1772.79,0.007076,0.011991
0.0390815,652.954,0.007078,0.012026
0.0112518,1437.84,0.007076,0.011996
0.018268,1772.79,0.007076,0.011991
0.0253877,1590.06,0.007076,0.011993
0.0238042,1944.14,0.007076,0.011989
0.0321885,1025.78,0.007077,0.012007
0.0133555,1437.84,0.007076,0.011996
0.0463144,402.705,0.00708,0.01205
0.0345292,1025.78,0.007077,0.012007
0.0215287,1944.14,0.007076,0.011989
0.0439664,508.778,0.007079,0.012038
0.0450026,508.778,0.007079,0.012038
0.0273575,1590.06,0.007076,0.011993
0.016406,1590.06,0.007076,0.011993
0.0129542,1437.84,0.007076,0.011996
0.0238614,1944.14,0.007076,0.011989
0.0321752,1025.78,0.007077,0.012007
0.0326351,1025.78,0.007077,0.012007
0.0125769,1437.84,0.007076,0.011996
0.00760949,1296.79,0.007076,0.011999
0.0480552,402.705,0.00708,0.01205
0.0433528,508.778,0.007079,0.012038
0.0235843,1944.14,0.007076,0.011989
0.0148792,1590.06,0.007076,0.011993
0.0270703,1590.06,0.007076,0.011993
0.022308,1944.14,0.007076,0.011989
0.00639698,1032.53,0.007076,0.011994
0.0076605,1296.79,0.007076,0.011999
0.0356257,831.968,0.007077,0.012015
0.0338068,1025.78,0.007077,0.012007
0.0379306,831.968,0.007077,0.012015
0.0348511,1025.78,0.007077,0.012007
0.016447,1590.06,0.007076,0.011993
0.0266882,1590.06,0.007076,0.011993
0.0378224,831.968,0.007077,0.012015
0.0425959,508.778,0.007079,0.012038
0.0131563,1437.84,0.007076,0.011996
0.02405,1944.14,0.007076,0.011989
0.0310037,1296.79,0.007076,0.011999
0.0190722,1772.79,0.007076,0.011991
0.0360071,831.968,0.007077,0.012015
0.0369989,831.968,0.007077,0.012015
0.0456084,508.778,0.007079,0.012038
0.0427076,508.778,0.007079,0.012038
0.0311984,1296.79,0.007076,0.011999
0.0112488,1437.84,0.007076,0.011996
0.0302509,1296.79,0.007076,0.011999
0.0204581,1772.79,0.007076,0.011991
0.00246035,920.928,0.007076,0.011998
0.0169297,1590.06,0.007076,0.011993
0.0240458,1944.14,0.007076,0.011989
0.0456354,508.778,0.007079,0.012038
0.0450778,508.778,0.007079,0.012038
0.0453847,508.778,0.007079,0.012038
0.0162464,1590.06,0.007076,0.011993
0.0238605,1944.14,0.007076,0.011989
0.0419276,652.954,0.007078,0.012026
0.0175512,1772.79,0.007076,0.011991
0.0325658,1025.78,0.007077,0.012007
0.0484228,402.705,0.00708,0.01205
0.0482541,402.705,0.00708,0.01205
0.0347087,1025.78,0.007077,0.012007
0.00168399,920.928,0.007076,0.011998
0.0314288,1296.79,0.007076,0.011999
0.0425711,508.778,0.007079,0.012038
0.0254479,1590.06,0.007076,0.011993
0.0324116,1025.78,0.007077,0.012007
0.0451628,508.778,0.007079,0.012038
0.0343459,1025.78,0.007077,0.012007
0.0149948,1590.06,0.007076,0.011993
0.0467805,402.705,0.00708,0.01205
0.0361198,831.968,0.007077,0.012015
0.0447652,508.778,0.007079,0.012038
0.0430517,508.778,0.007079,0.012038
0.00896253,1296.79,0.007076,0.011999
0.0262035,1590.06,0.007076,0.011993
0.0214841,1944.14,0.007076,0.011989
0.0278725,1590.06,0.007076,0.011993
0.00191697,920.928,0.007076,0.011998
0.0124168,1437.84,0.007076,0.011996
0.0235592,1944.14,0.007076,0.011989
0.0246544,1590.06,0.007076,0.011993
0.00765147,1296.79,0.007076,0.011999
0.0374033,831.968,0.007077,0.012015
0.00359839,1032.53,0.007076,0.011994
0.0128986,1437.84,0.007076,0.011996
0.0331142,1025.78,0.007077,0.012007
0.0286615,1296.79,0.007076,0.011999
0.0402044,652.954,0.007078,0.012026
0.0171967,1590.06,0.007076,0.011993
0.0105886,1437.84,0.007076,0.011996
0.0123278,1437.84,0.007076,0.011996
0.0428902,508.778,0.007079,0.012038
0.0383917,831.968,0.007077,0.012015
0.0175259,1772.79,0.007076,0.011991
0.0100485,1296.79,0.007076,0.011999
0.00887193,1296.79,0.007076,0.011999
0.0393876,652.954,0.007078,0.012026
0.012384,1437.84,0.007076,0.011996
0.0168334,1590.06,0.007076,0.011993
0.0322801,1025.78,0.007077,0.012007
0.0614103,1454.38,0.007079,0.01204
0.00947791,1807.42,0.007078,0.012027
0.0203248,2190.79,0.007077,0.012017
0.0194567,2054.13,0.007077,0.01202
0.0445068,2660.2,0.007076,0.012
0.0316517,2660.2,0.007076,0.012
0.048943,2054.13,0.007077,0.01202
0.0158999,1937.07,0.007078,0.012023
0.0322083,2660.2,0.007076,0.012
0.0214619,2190.79,0.007077,0.012017
0.00753791,1718.71,0.007078,0.01203
0.0664501,1332.84,0.007079,0.012046
0.0123285,1807.42,0.007078,0.012027
0.0436932,2660.2,0.007076,0.012
0.0496338,2054.13,0.007077,0.01202
0.0181449,2054.13,0.007077,0.01202
0.0522663,2054.13,0.007077,0.01202
0.0677062,1220.65,0.00708,0.012052
0.0617083,1454.38,0.007079,0.01204
0.0218997,2190.79,0.007077,0.012017
0.0607699,1454.38,0.007079,0.01204
0.0212502,2190.79,0.007077,0.012017
0.0185858,2054.13,0.007077,0.01202
0.0330295,2660.2,0.007076,0.012
0.0600919,1454.38,0.007079,0.01204
0.0421802,2660.2,0.007076,0.012
0.0431513,2660.2,0.007076,0.012
0.0662101,1332.84,0.007079,0.012046
0.0530744,1807.42,0.007078,0.012027
0.0163198,1937.07,0.007078,0.012023
0.017491,2054.13,0.007077,0.01202
0.0387466,3161.86,0.007076,0.011993
0.0583919,1634.99,0.007078,0.012033
0.0483305,2325.72,0.007077,0.012014
0.0696884,1220.65,0.00708,0.012052
0.0650949,1332.84,0.007079,0.012046
0.048037,2325.72,0.007077,0.012014
0.0647174,1332.84,0.007079,0.012046
0.0559891,1634.99,0.007078,0.012033
0.024217,2325.72,0.007077,0.012014
0.0686876,1220.65,0.00708,0.012052
0.0376799,2883.07,0.007076,0.011997
0.0438837,2660.2,0.007076,0.012
0.0280861,2474.68,0.007077,0.012011
0.0057692,1634.99,0.007078,0.012033
0.0712619,1140.64,0.00708,0.012056
0.0548226,1807.42,0.007078,0.012027
0.0151828,1937.07,0.007078,0.012023
0.0632254,1332.84,0.007079,0.012046
0.0054739,1634.99,0.007078,0.012033
0.0115236,1807.42,0.007078,0.012027
0.0231078,2190.79,0.007077,0.012017
0.0609667,1454.38,0.007079,0.01204
0.000951702,1551.44,0.007079,0.012036
0.0335394,2660.2,0.007076,0.012
0.00876774,1718.71,0.007078,0.01203
0.011665,1807.42,0.007078,0.012027
0.041326,3161.86,0.007076,0.011993
0.0210597,2190.79,0.007077,0.012017
0.0111418,1807.42,0.007078,0.012027
0.0523873,1807.42,0.007078,0.012027
0.00508592,1634.99,0.007078,0.012033
0.00498982,1634.99,0.007078,0.012033
0.0260984,2325.72,0.007077,0.012014
0.00853756,1718.71,0.007078,0.01203
0.0530232,1807.42,0.007078,0.012027
0.0609229,1454.38,0.007079,0.01204
0.00886214,1718.71,0.007078,0.01203
0.0109023,1807.42,0.007078,0.012027
0.0114535,1807.42,0.007078,0.012027
0.0494438,2054.13,0.007077,0.01202
0.0261059,2325.72,0.007077,0.012014
0.0175554,2054.13,0.007077,0.01202
0.0409055,3161.86,0.007076,0.011993
0.0403078,3161.86,0.007076,0.011993
0.0783177,1490.04,0.00708,0.012058
0.0589201,1634.99,0.007078,0.012033
0.0369253,2883.07,0.007076,0.011997
0.0623837,1454.38,0.007079,0.01204
0.020451,2190.79,0.007077,0.012017
0.02789,2474.68,0.007077,0.012011
0.0604249,1454.38,0.007079,0.01204
0.0372356,2883.07,0.007076,0.011997
0.00815178,1718.71,0.007078,0.01203
0.0463749,2325.72,0.007077,0.012014
0.0239654,2325.72,0.007077,0.012014
0.0239819,2325.72,0.007077,0.012014
0.0477752,2325.72,0.007077,0.012014
0.000928487,1551.44,0.007079,0.012036
0.0059032,1718.71,0.007078,0.01203
0.00655829,1718.71,0.007078,0.01203
0.0257985,2325.72,0.007077,0.012014
0.00282674,1634.99,0.007078,0.012033
0.0489695,2054.13,0.007077,0.01202
0.0759123,1362.66,0.00708,0.012058
0.0624473,1454.38,0.007079,0.01204
0.0451839,2660.2,0.007076,0.012
0.00694757,1718.71,0.007078,0.01203
0.0589424,1634.99,0.007078,0.012033
0.0730923,1381.73,0.00708,0.012054
0.057681,1634.99,0.007078,0.012033
0.0478913,2325.72,0.007077,0.012014
0.0208898,2190.79,0.007077,0.012017
0.0203128,2190.79,0.007077,0.012017
0.00427941,1634.99,0.007078,0.012033
0.0432462,2660.2,0.007076,0.012
0.0605758,1454.38,0.007079,0.01204
0.0182048,2054.13,0.007077,0.01202
0.0159423,1937.07,0.007078,0.012023
0.0737698,1381.73,0.00708,0.012054
0.00372899,1634.99,0.007078,0.012033
0.0695108,1220.65,0.00708,0.012052
0.0769317,1362.66,0.00708,0.012058
0.012463,1807.42,0.007078,0.012027
0.0723818,1381.73,0.00708,0.012054
0.0079665,1718.71,0.007078,0.01203
0.0375698,2883.07,0.007076,0.011997
0.0625951,1454.38,0.007079,0.01204
0.0304486,2474.68,0.007077,0.012011
0.0195317,2054.13,0.007077,0.01202
0.028289,2474.68,0.007077,0.012011
0.0622477,1454.38,0.007079,0.01204
0.0174158,2054.13,0.007077,0.01202
0.0777825,1490.04,0.00708,0.012058
0.0544354,1807.42,0.007078,0.012027
0.0757732,1362.66,0.00708,0.012058
0.0673719,1220.65,0.00708,0.012052
0.00594523,1718.71,0.007078,0.01203
0.0773166,1362.66,0.00708,0.012058
0.0259109,2325.72,0.007077,0.012014
0.0647741,1332.84,0.007079,0.012046
0.0635276,1332.84,0.007079,0.012046
0.0238912,2325.72,0.007077,0.012014
0.0771289,1362.66,0.00708,0.012058
0.0219153,2190.79,0.007077,0.012017
0.0132195,1937.07,0.007078,0.012023
0.069176,1220.65,0.00708,0.012052
0.0791599,1490.04,0.00708,0.012058
0.0446719,2660.2,0.007076,0.012
0.0527394,1807.42,0.007078,0.012027
0.0484275,2325.72,0.007077,0.012014
0.0504738,2054.13,0.007077,0.01202
0.0237175,2190.79,0.007077,0.012017
0.0214227,2190.79,0.007077,0.012017
0.0571509,1634.99,0.007078,0.012033
0.028381,2474.68,0.007077,0.012011
0.0561596,1634.99,0.007078,0.012033
0.0440181,2660.2,0.007076,0.012
0.0420116,2660.2,0.007076,0.012
0.0767481,1362.66,0.00708,0.012058
0.036195,2883.07,0.007076,0.011997
0.0382252,3161.86,0.007076,0.011993
0.0590131,1634.99,0.007078,0.012033
0.0193279,2054.13,0.007077,0.01202
0.0693174,1220.65,0.00708,0.012052
0.0541136,1807.42,0.007078,0.012027
0.0732042,1381.73,0.00708,0.012054
0.0682997,1220.65,0.00708,0.012052
0.0775773,1490.04,0.00708,0.012058
0.0301087,2474.68,0.007077,0.012011
0.0374772,2883.07,0.007076,0.011997
0.0769655,1362.66,0.00708,0.012058
0.0603967,1454.38,0.007079,0.01204
0.0184707,2054.13,0.007077,0.01202
0.0391987,3161.86,0.007076,0.011993
0.0769532,1362.66,0.00708,0.012058
0.0399081,3161.86,0.007076,0.011993
0.00545559,1634.99,0.007078,0.012033
0.00780391,1718.71,0.007078,0.01203
0.0150819,1937.07,0.007078,0.012023
0.00316002,1634.99,0.007078,0.012033
0.0262567,2325.72,0.007077,0.012014
0.0043699,1634.99,0.007078,0.012033
0.0569432,1634.99,0.007078,0.012033
0.0209923,2190.79,0.007077,0.012017
0.0680778,1220.65,0.00708,0.012052
0.0712653,1140.64,0.00708,0.012056
0.0716006,1381.73,0.00708,0.012054
0.0152921,1937.07,0.007078,0.012023
0.0153955,1937.07,0.007078,0.012023
0.0139417,1937.07,0.007078,0.012023
0.0172253,2054.13,0.007077,0.01202
0.0599717,1454.38,0.007079,0.01204
0.0728603,1381.73,0.00708,0.012054
0.0299702,2474.68,0.007077,0.012011
0.0648464,1332.84,0.007079,0.012046
0.0191725,2054.13,0.007077,0.01202
0.00511428,1634.99,0.007078,0.012033
0.038704,3161.86,0.007076,0.011993
0.00427704,1634.99,0.007078,0.012033
0.0670679,1220.65,0.00708,0.012052
0.0512297,2054.13,0.007077,0.01202
0.0380129,2883.07,0.007076,0.011997
0.00365831,1634.99,0.007078,0.012033
0.0314892,2660.2,0.007076,0.012
0.0200772,2054.13,0.007077,0.01202
0.0419903,2660.2,0.007076,0.012
0.0643392,1332.84,0.007079,0.012046
0.036555,2883.07,0.007076,0.011997
0.0720616,1381.73,0.00708,0.012054
0.0122734,1807.42,0.007078,0.012027
0.0127319,1807.42,0.007078,0.012027
0.0711536,1140.64,0.00708,0.012056
0.0313872,2660.2,0.007076,0.012
0.0282506,2474.68,0.007077,0.012011
0.0789507,1490.04,0.00708,0.012058
0.0524552,1807.42,0.007078,0.012027
0.0321919,2660.2,0.007076,0.012
0.0273982,2474.68,0.007077,0.012011
0.0503198,2054.13,0.007077,0.01202
0.0264297,2325.72,0.007077,0.012014
0.046989,2325.72,0.007077,0.012014
0.0555225,1807.42,0.007078,0.012027
0.0560554,1634.99,0.007078,0.012033
0.0439983,2660.2,0.007076,0.012
0.0451847,2660.2,0.007076,0.012
0.0460189,2325.72,0.007077,0.012014
0.0617626,1454.38,0.007079,0.01204
0.0337129,2660.2,0.007076,0.012
0.0193478,2054.13,0.007077,0.01202
0.0651451,1332.84,0.007079,0.012046
0.0128804,1807.42,0.007078,0.012027
0.0412548,3161.86,0.007076,0.011993
0.000433083,1551.44,0.007079,0.012036
0.0118358,1807.42,0.007078,0.012027
0.0502951,2054.13,0.007077,0.01202
0.0662097,1332.84,0.007079,0.012046
0.0212647,2190.79,0.007077,0.012017
0.0708144,1140.64,0.00708,0.012056
0.0422335,2660.2,0.007076,0.012
0.0322933,2660.2,0.007076,0.012
0.0736166,1381.73,0.00708,0.012054
0.0428836,2660.2,0.007076,0.012
0.0170172,2054.13,0.007077,0.01202
0.0672514,1220.65,0.00708,0.012052
0.0275868,2474.68,0.007077,0.012011
0.0738432,1362.66,0.00708,0.012058
0.0670453,1220.65,0.00708,0.012052
0.0677586,1220.65,0.00708,0.012052
0.0203966,2190.79,0.007077,0.012017
0.0684345,1220.65,0.00708,0.012052
0.000946522,1551.44,0.007079,0.012036
0.0640859,1332.84,0.007079,0.012046
0.0595863,1454.38,0.007079,0.01204
0.0194884,2054.13,0.007077,0.01202
0.0542974,1807.42,0.007078,0.012027
0.0292181,2474.68,0.007077,0.012011
0.0447301,2660.2,0.007076,0.012
0.0262056,2325.72,0.007077,0.012014
0.0734822,1381.73,0.00708,0.012054
0.0519072,2054.13,0.007077,0.01202
0.0690682,941.641,0.00708,0.012054
0.00388803,1297.74,0.007078,0.012034
0.023251,1849.27,0.007077,0.012015
0.0124927,1487.08,0.007078,0.012026
0.0286071,2161.36,0.007077,0.012009
0.0584654,1297.74,0.007078,0.012034
0.0577638,1297.74,0.007078,0.012034
0.0533452,1730.05,0.007077,0.012018
0.0186541,1730.05,0.007077,0.012018
0.067698,1025.72,0.007079,0.012048
0.000894282,1207.62,0.007079,0.012038
0.0423608,2805.78,0.007076,0.011992
0.0561106,1487.08,0.007078,0.012026
0.00518818,1297.74,0.007078,0.012034
0.0166494,1612.4,0.007077,0.012022
0.00348696,1207.62,0.007079,0.012038
0.0681691,941.641,0.00708,0.012054
0.0609175,1149.01,0.007079,0.012041
0.0265565,2006.69,0.007077,0.012012
0.0623549,1149.01,0.007079,0.012041
0.0179495,1730.05,0.007077,0.012018
0.0443266,2320.77,0.007076,0.012006
0.069238,941.641,0.00708,0.012054
0.0172402,1612.4,0.007077,0.012022
0.0638303,1149.01,0.007079,0.012041
0.0418166,2805.78,0.007076,0.011992
0.065642,1025.72,0.007079,0.012048
0.0352922,2320.77,0.007076,0.012006
0.0708328,941.641,0.00708,0.012054
0.0739599,900.49,0.00708,0.012057
0.053533,1730.05,0.007077,0.012018
0.0577552,1297.74,0.007078,0.012034
0.00981853,1394.24,0.007078,0.01203
0.0341693,2320.77,0.007076,0.012006
0.0434535,2320.77,0.007076,0.012006
0.034476,2320.77,0.007076,0.012006
0.0439807,2320.77,0.007076,0.012006
0.00192967,1207.62,0.007079,0.012038
0.0369968,2558.52,0.007076,0.011996
0.0402074,2805.78,0.007076,0.011992
0.0117732,1487.08,0.007078,0.012026
0.0658018,1025.72,0.007079,0.012048
0.0247496,1849.27,0.007077,0.012015
0.00425142,1297.74,0.007078,0.012034
0.0061002,1297.74,0.007078,0.012034
0.074308,900.49,0.00708,0.012057
0.0079385,1394.24,0.007078,0.01203
0.0133071,1487.08,0.007078,0.012026
0.0285973,2161.36,0.007077,0.012009
0.0568808,1487.08,0.007078,0.012026
0.0251585,2006.69,0.007077,0.012012
0.0138181,1487.08,0.007078,0.012026
0.00131071,1207.62,0.007079,0.012038
0.00121947,1207.62,0.007079,0.012038
0.0268163,2006.69,0.007077,0.012012
0.0389637,2558.52,0.007076,0.011996
0.00411558,1297.74,0.007078,0.012034
0.0306925,2161.36,0.007077,0.012009
0.0139544,1487.08,0.007078,0.012026
0.043307,2320.77,0.007076,0.012006
0.0600672,1297.74,0.007078,0.012034
0.0334474,2320.77,0.007076,0.012006
0.017959,1730.05,0.007077,0.012018
0.0432963,2320.77,0.007076,0.012006
0.0394504,2805.78,0.007076,0.011992
0.00246621,1207.62,0.007079,0.012038
0.0281852,2006.69,0.007077,0.012012
0.0179786,1730.05,0.007077,0.012018
0.0765605,911.107,0.00708,0.012058
0.0734407,900.49,0.00708,0.012057
0.00640426,1297.74,0.007078,0.012034
0.0776295,911.107,0.00708,0.012058
0.0048725,1297.74,0.007078,0.012034
0.0113069,1487.08,0.007078,0.012026
0.0277247,2006.69,0.007077,0.012012
0.0753765,911.107,0.00708,0.012058
0.0214389,1849.27,0.007077,0.012015
0.0202369,1730.05,0.007077,0.012018
0.0663198,1025.72,0.007079,0.012048
0.0785631,911.107,0.00708,0.012058
0.0219295,1849.27,0.007077,0.012015
0.0241289,1849.27,0.007077,0.012015
0.0772845,911.107,0.00708,0.012058
0.0292361,2161.36,0.007077,0.012009
0.0692347,941.641,0.00708,0.012054
0.0670936,1025.72,0.007079,0.012048
0.0443973,2320.77,0.007076,0.012006
0.0506185,1730.05,0.007077,0.012018
0.0688994,941.641,0.00708,0.012054
0.0611798,1149.01,0.007079,0.012041
0.0575726,1297.74,0.007078,0.012034
0.000819578,1207.62,0.007079,0.012038
0.00557016,1297.74,0.007078,0.012034
0.0204715,1730.05,0.007077,0.012018
0.0593119,1297.74,0.007078,0.012034
0.0154709,1612.4,0.007077,0.012022
0.062815,1149.01,0.007079,0.012041
0.0543481,1487.08,0.007078,0.012026
0.0654811,1025.72,0.007079,0.012048
0.0184294,1730.05,0.007077,0.012018
0.0288856,2161.36,0.007077,0.012009
0.0491026,2006.69,0.007077,0.012012
0.0322676,2320.77,0.007076,0.012006
0.0271681,2006.69,0.007077,0.012012
0.0484223,2006.69,0.007077,0.012012
0.0518952,1730.05,0.007077,0.012018
0.0469524,2006.69,0.007077,0.012012
0.0710408,941.641,0.00708,0.012054
0.0656567,1025.72,0.007079,0.012048
0.0613545,1149.01,0.007079,0.012041
0.00820756,1394.24,0.007078,0.01203
0.0220176,1849.27,0.007077,0.012015
0.00443194,1297.74,0.007078,0.012034
0.0449968,2320.77,0.007076,0.012006
0.0686154,941.641,0.00708,0.012054
0.0141996,1487.08,0.007078,0.012026
0.0653212,1025.72,0.007079,0.012048
0.0269591,2006.69,0.007077,0.012012
0.0198824,1730.05,0.007077,0.012018
0.0185708,1730.05,0.007077,0.012018
0.0611257,1149.01,0.007079,0.012041
0.0443604,2320.77,0.007076,0.012006
0.03542,2320.77,0.007076,0.012006
0.0382882,2558.52,0.007076,0.011996
0.0473614,2006.69,0.007077,0.012012
0.0397701,2805.78,0.007076,0.011992
0.0631008,1149.01,0.007079,0.012041
0.055225,1487.08,0.007078,0.012026
0.0716892,900.49,0.00708,0.012057
0.0371059,2558.52,0.007076,0.011996
0.0454448,2320.77,0.007076,0.012006
0.0100853,1394.24,0.007078,0.01203
0.0218629,1849.27,0.007077,0.012015
0.0716542,900.49,0.00708,0.012057
0.0273509,2006.69,0.007077,0.012012
0.0270934,2006.69,0.007077,0.012012
0.00160429,1207.62,0.007079,0.012038
0.00952955,1394.24,0.007078,0.01203
0.0656238,1025.72,0.007079,0.012048
0.0383776,2558.52,0.007076,0.011996
0.0515506,1730.05,0.007077,0.012018
0.0779005,911.107,0.00708,0.012058
0.0646012,1025.72,0.007079,0.012048
0.0341061,2320.77,0.007076,0.012006
0.0170643,1612.4,0.007077,0.012022
0.0632145,1149.01,0.007079,0.012041
0.000952005,1207.62,0.007079,0.012038
0.0559909,1487.08,0.007078,0.012026
0.00394367,1297.74,0.007078,0.012034
0.0653712,1025.72,0.007079,0.012048
0.0351423,2320.77,0.007076,0.012006
0.0680669,941.641,0.00708,0.012054
0.0693012,941.641,0.00708,0.012054
0.0162909,1612.4,0.007077,0.012022
0.0518892,1730.05,0.007077,0.012018
0.0680969,941.641,0.00708,0.012054
0.00858252,1394.24,0.007078,0.01203
0.0353543,2320.77,0.007076,0.012006
0.0230969,1849.27,0.007077,0.012015
0.065829,1025.72,0.007079,0.012048
0.0274876,2006.69,0.007077,0.012012
0.0358135,2558.52,0.007076,0.011996
0.0484133,2006.69,0.007077,0.012012
0.0642407,1149.01,0.007079,0.012041
0.0128445,1487.08,0.007078,0.012026
0.0401671,2805.78,0.007076,0.011992
0.0113472,1487.08,0.007078,0.012026
0.0187262,1730.05,0.007077,0.012018
0.00853556,1394.24,0.007078,0.01203
0.0205314,1730.05,0.007077,0.012018
0.0174259,1612.4,0.007077,0.012022
0.0337328,2320.77,0.007076,0.012006
0.0274706,2006.69,0.007077,0.012012
0.0758201,911.107,0.00708,0.012058
0.0115822,1487.08,0.007078,0.012026
0.042481,2805.78,0.007076,0.011992
0.0165467,1612.4,0.007077,0.012022
0.0567352,1487.08,0.007078,0.012026
0.0236038,1849.27,0.007077,0.012015
0.0548468,1487.08,0.007078,0.012026
0.0400207,2805.78,0.007076,0.011992
0.0413533,2805.78,0.007076,0.011992
0.0739446,900.49,0.00708,0.012057
0.0279135,2006.69,0.007077,0.012012
0.032752,2320.77,0.007076,0.012006
0.0255862,2006.69,0.007077,0.012012
0.022646,1849.27,0.007077,0.012015
0.0060599,1297.74,0.007078,0.012034
0.0558157,1487.08,0.007078,0.012026
0.0521536,1730.05,0.007077,0.012018
0.0285357,2006.69,0.007077,0.012012
0.0240891,1849.27,0.007077,0.012015
0.070088,941.641,0.00708,0.012054
0.0617111,1149.01,0.007079,0.012041
0.0192026,1730.05,0.007077,0.012018
0.0562233,1487.08,0.007078,0.012026
0.0706265,941.641,0.00708,0.012054
0.0752849,911.107,0.00708,0.012058
0.0340712,2320.77,0.007076,0.012006
0.0188441,1730.05,0.007077,0.012018
0.0283577,2006.69,0.007077,0.012012
0.0506598,1730.05,0.007077,0.012018
0.000529723,1207.62,0.007079,0.012038
0.0568074,1487.08,0.007078,0.012026
0.016206,1612.4,0.007077,0.012022
0.0274367,2006.69,0.007077,0.012012
0.0213334,1730.05,0.007077,0.012018
0.0125729,1487.08,0.007078,0.012026
0.000524846,1207.62,0.007079,0.012038
0.0276858,2006.69,0.007077,0.012012
0.0782232,911.107,0.00708,0.012058
0.0529884,1730.05,0.007077,0.012018
0.0604633,1297.74,0.007078,0.012034
0.0327773,2320.77,0.007076,0.012006
0.0744526,900.49,0.00708,0.012057
0.0770856,911.107,0.00708,0.012058
0.0232487,1849.27,0.007077,0.012015
0.0772376,911.107,0.00708,0.012058
0.0228521,1849.27,0.007077,0.012015
0.0458632,2320.77,0.007076,0.012006
0.0353529,2320.77,0.007076,0.012006
0.01958,1730.05,0.007077,0.012018
0.000152531,1207.62,0.007079,0.012038
0.00139513,1207.62,0.007079,0.012038
0.00111103,1207.62,0.007079,0.012038
0.040826,2805.78,0.007076,0.011992
0.0553576,1487.08,0.007078,0.012026
0.0349939,2320.77,0.007076,0.012006
0.047941,2006.69,0.007077,0.012012
0.0579596,1297.74,0.007078,0.012034
0.0655217,1025.72,0.007079,0.012048
0.0273342,2006.69,0.007077,0.012012
0.032613,2320.77,0.007076,0.012006
0.0603474,1297.74,0.007078,0.012034
0.0583437,1297.74,0.007078,0.012034
0.0489693,2006.69,0.007077,0.012012
0.0743838,900.49,0.00708,0.012057
0.0668845,1025.72,0.007079,0.012048
0.0303953,2161.36,0.007077,0.012009
0.0584368,1297.74,0.007078,0.012034
0.00439572,1297.74,0.007078,0.012034
0.0418739,2805.78,0.007076,0.011992
0.00419495,1297.74,0.007078,0.012034
0.0616992,1149.01,0.007079,0.012041
0.0563098,1487.08,0.007078,0.012026
0.00389407,1297.74,0.007078,0.012034
0.0422557,2805.78,0.007076,0.011992
0.0532791,1730.05,0.007077,0.012018
0.0013631,1207.62,0.007079,0.012038
0.0386033,2558.52,0.007076,0.011996
0.0563122,1487.08,0.007078,0.012026
0.0736653,900.49,0.00708,0.012057
0.0663881,1025.72,0.007079,0.012048
0.0254476,2006.69,0.007077,0.012012
0.0257024,2006.69,0.007077,0.012012
0.00611201,1297.74,0.007078,0.012034
0.0284174,2006.69,0.007077,0.012012
0.0281544,2006.69,0.007077,0.012012
0.0730557,900.49,0.00708,0.012057
0.0355487,2320.77,0.007076,0.012006
0.0216467,1849.27,0.007077,0.012015
0.0264338,2006.69,0.007077,0.012012
0.0205608,1730.05,0.007077,0.012018
0.0749721,693.564,0.00708,0.012058
0.0330528,2056.23,0.007076,0.012002
0.0138848,1320.33,0.007077,0.01202
0.00246076,1035.5,0.007078,0.012033
0.00151404,953.985,0.007079,0.012037
0.00980385,1220.54,0.007078,0.012024
0.0382903,2468.75,0.007076,0.011997
0.0762792,693.564,0.00708,0.012058
0.0540815,1220.54,0.007078,0.012024
0.0460238,1713.08,0.007077,0.012009
0.0125065,1320.33,0.007077,0.01202
0.0593536,879.493,0.007079,0.012042
0.0660986,705.408,0.00708,0.012055
0.0142562,1320.33,0.007077,0.01202
0.0497574,1433.09,0.007077,0.012016
0.00295476,1035.5,0.007078,0.012033
0.0741703,693.564,0.00708,0.012058
0.0501124,1433.09,0.007077,0.012016
0.0315957,2056.23,0.007076,0.012002
0.0282217,1888.46,0.007076,0.012005
0.0798369,754.185,0.00708,0.012055
0.0538193,1220.54,0.007078,0.012024
0.0276867,1888.46,0.007076,0.012005
0.0661627,705.408,0.00708,0.012055
0.0264773,1713.08,0.007077,0.012009
0.0476372,1713.08,0.007077,0.012009
0.0187016,1433.09,0.007077,0.012016
0.00410796,1035.5,0.007078,0.012033
0.0117689,1220.54,0.007078,0.012024
0.0347761,2265,0.007076,0.011999
0.0128217,1320.33,0.007077,0.01202
0.048066,1433.09,0.007077,0.012016
0.0336301,2056.23,0.007076,0.012002
0.0494027,1433.09,0.007077,0.012016
0.0620272,879.493,0.007079,0.012042
0.0299543,1888.46,0.007076,0.012005
0.0679793,705.408,0.00708,0.012055
0.019519,1568.4,0.007077,0.012013
0.0552763,1035.5,0.007078,0.012033
0.0266087,1888.46,0.007076,0.012005
0.0272408,1888.46,0.007076,0.012005
0.0279324,1888.46,0.007076,0.012005
0.031006,2056.23,0.007076,0.012002
0.040025,2468.75,0.007076,0.011997
0.0315285,2056.23,0.007076,0.012002
0.0278521,1888.46,0.007076,0.012005
0.0462872,1713.08,0.007077,0.012009
0.0181006,1433.09,0.007077,0.012016
0.0557126,1035.5,0.007078,0.012033
0.055203,1035.5,0.007078,0.012033
0.0752551,693.564,0.00708,0.012058
0.0370715,2265,0.007076,0.011999
0.0184463,1433.09,0.007077,0.012016
0.0516225,1220.54,0.007078,0.012024
0.0142122,1320.33,0.007077,0.01202
0.00821956,1125.18,0.007078,0.012028
0.0228267,1568.4,0.007077,0.012013
0.016248,1433.09,0.007077,0.012016
0.0535002,1220.54,0.007078,0.012024
0.0654064,768.825,0.00708,0.01205
0.0364819,2265,0.007076,0.011999
0.0725067,677.103,0.00708,0.012058
0.0019539,1035.5,0.007078,0.012033
0.0509868,1433.09,0.007077,0.012016
0.05985,879.493,0.007079,0.012042
0.0562297,1035.5,0.007078,0.012033
0.044791,1713.08,0.007077,0.012009
0.0302708,2056.23,0.007076,0.012002
0.0754638,693.564,0.00708,0.012058
0.00782201,1125.18,0.007078,0.012028
0.0567866,1035.5,0.007078,0.012033
0.0701192,677.103,0.00708,0.012058
0.0311721,2056.23,0.007076,0.012002
0.0332576,2056.23,0.007076,0.012002
0.0351398,2265,0.007076,0.011999
0.0419527,2056.23,0.007076,0.012002
0.0139401,1320.33,0.007077,0.01202
0.0593463,879.493,0.007079,0.012042
0.0378705,2468.75,0.007076,0.011997
0.0298817,1888.46,0.007076,0.012005
0.077417,754.185,0.00708,0.012055
0.0616108,879.493,0.007079,0.012042
0.0551079,1220.54,0.007078,0.012024
0.0234939,1713.08,0.007077,0.012009
0.0209619,1568.4,0.007077,0.012013
0.0488737,1433.09,0.007077,0.012016
0.0570872,1035.5,0.007078,0.012033
0.0756219,693.564,0.00708,0.012058
0.0280366,1888.46,0.007076,0.012005
0.0665001,705.408,0.00708,0.012055
0.0748127,693.564,0.00708,0.012058
0.0233905,1713.08,0.007077,0.012009
0.00535733,1125.18,0.007078,0.012028
0.0355134,2265,0.007076,0.011999
0.0207638,1568.4,0.007077,0.012013
0.00387621,1035.5,0.007078,0.012033
0.00582201,1125.18,0.007078,0.012028
0.0134705,1320.33,0.007077,0.01202
0.00057867,953.985,0.007079,0.012037
0.0711077,677.103,0.00708,0.012058
0.0720491,677.103,0.00708,0.012058
0.0293989,1888.46,0.007076,0.012005
0.00342822,1035.5,0.007078,0.012033
0.0222072,1568.4,0.007077,0.012013
0.0654711,768.825,0.00708,0.01205
0.00965042,1220.54,0.007078,0.012024
0.0352701,2265,0.007076,0.011999
0.0719033,677.103,0.00708,0.012058
0.0425653,2056.23,0.007076,0.012002
0.0298245,1888.46,0.007076,0.012005
0.0694095,705.408,0.00708,0.012055
0.0488214,1433.09,0.007077,0.012016
0.0402632,2468.75,0.007076,0.011997
0.0159272,1433.09,0.007077,0.012016
0.00299153,1035.5,0.007078,0.012033
0.0390724,2468.75,0.007076,0.011997
0.0454703,1713.08,0.007077,0.012009
0.0771226,754.185,0.00708,0.012055
0.0565606,1035.5,0.007078,0.012033
0.0726831,677.103,0.00708,0.012058
0.0553198,1035.5,0.007078,0.012033
0.0518914,1220.54,0.007078,0.012024
0.00870499,1220.54,0.007078,0.012024
0.0600057,879.493,0.007079,0.012042
0.047697,1713.08,0.007077,0.012009
0.0438938,2056.23,0.007076,0.012002
0.0667469,705.408,0.00708,0.012055
0.0743039,693.564,0.00708,0.012058
0.00527005,1125.18,0.007078,0.012028
0.0456735,1713.08,0.007077,0.012009
0.0361811,2265,0.007076,0.011999
0.0143814,1320.33,0.007077,0.01202
0.000907281,953.985,0.007079,0.012037
0.0468266,1713.08,0.007077,0.012009
0.00838077,1125.18,0.007078,0.012028
0.0519397,1220.54,0.007078,0.012024
0.0211734,1568.4,0.007077,0.012013
0.0323033,2056.23,0.007076,0.012002
0.0215802,1568.4,0.007077,0.012013
0.0718166,677.103,0.00708,0.012058
0.0438572,2056.23,0.007076,0.012002
0.078465,754.185,0.00708,0.012055
0.071092,677.103,0.00708,0.012058
0.0620473,879.493,0.007079,0.012042
0.0035299,1035.5,0.007078,0.012033
2.01286e-05,953.985,0.007079,0.012037
0.07725,754.185,0.00708,0.012055
0.0504714,1433.09,0.007077,0.012016
0.0118838,1220.54,0.007078,0.012024
0.0350144,2265,0.007076,0.011999
0.00395213,1035.5,0.007078,0.012033
0.0437413,2056.23,0.007076,0.012002
0.0517257,1220.54,0.007078,0.012024
0.0420804,2056.23,0.007076,0.012002
0.000827969,953.985,0.007079,0.012037
0.0479193,1713.08,0.007077,0.012009
0.0687695,705.408,0.00708,0.012055
0.0368864,2265,0.007076,0.011999
0.0213063,1568.4,0.007077,0.012013
0.0557182,1035.5,0.007078,0.012033
0.0237605,1713.08,0.007077,0.012009
0.0661803,705.408,0.00708,0.012055
0.0159684,1433.09,0.007077,0.012016
0.0254941,1713.08,0.007077,0.012009
0.0333257,2056.23,0.007076,0.012002
0.0391713,2468.75,0.007076,0.011997
0.0775877,754.185,0.00708,0.012055
0.0136471,1320.33,0.007077,0.01202
0.0798684,754.185,0.00708,0.012055
0.0265785,1888.46,0.007076,0.012005
0.041992,2056.23,0.007076,0.012002
0.0152584,1320.33,0.007077,0.01202
0.0141989,1320.33,0.007077,0.01202
0.0416027,2056.23,0.007076,0.012002
0.0692374,705.408,0.00708,0.012055
0.0621769,879.493,0.007079,0.012042
0.0553066,1035.5,0.007078,0.012033
0.0185674,1433.09,0.007077,0.012016
0.0349147,2265,0.007076,0.011999
0.0700841,677.103,0.00708,0.012058
0.0308594,2056.23,0.007076,0.012002
0.0443342,2056.23,0.007076,0.012002
0.074763,693.564,0.00708,0.012058
0.0416761,2056.23,0.007076,0.012002
0.0673622,705.408,0.00708,0.012055
0.0353665,2265,0.007076,0.011999
0.0078307,1125.18,0.007078,0.012028
0.0118155,1220.54,0.007078,0.012024
0.0596756,879.493,0.007079,0.012042
0.0211913,1568.4,0.007077,0.012013
0.0683481,705.408,0.00708,0.012055
0.0597975,879.493,0.007079,0.012042
0.025421,1713.08,0.007077,0.012009
0.0123046,1320.33,0.007077,0.01202
0.0256849,1713.08,0.007077,0.012009
0.0643753,768.825,0.00708,0.01205
0.0293922,1888.46,0.007076,0.012005
0.00749212,1125.18,0.007078,0.012028
0.0711683,677.103,0.00708,0.012058
0.0215147,1568.4,0.007077,0.012013
0.0539651,1220.54,0.007078,0.012024
0.0782824,754.185,0.00708,0.012055
0.0134852,1320.33,0.007077,0.01202
0.0199355,1568.4,0.007077,0.012013
0.0149468,1320.33,0.007077,0.01202
0.0773283,754.185,0.00708,0.012055
0.0034818,1035.5,0.007078,0.012033
0.0148868,1320.33,0.007077,0.01202
0.0206809,1568.4,0.007077,0.012013
0.0127319,1320.33,0.007077,0.01202
0.0246503,1713.08,0.007077,0.012009
0.0190167,1433.09,0.007077,0.012016
0.039221,2468.75,0.007076,0.011997
0.0186146,1433.09,0.007077,0.012016
0.0660064,705.408,0.00708,0.012055
0.00794952,1125.18,0.007078,0.012028
0.0141044,1320.33,0.007077,0.01202
0.0654109,768.825,0.00708,0.01205
0.0525737,1220.54,0.007078,0.012024
0.0403694,2468.75,0.007076,0.011997
0.0536583,1220.54,0.007078,0.012024
0.068446,705.408,0.00708,0.012055
0.075967,693.564,0.00708,0.012058
0.0706921,677.103,0.00708,0.012058
0.0630069,768.825,0.00708,0.01205
0.057405,1035.5,0.007078,0.012033
0.00560181,1125.18,0.007078,0.012028
0.0531183,1220.54,0.007078,0.012024
0.0655657,768.825,0.00708,0.01205
0.0492282,1433.09,0.007077,0.012016
0.00957457,1220.54,0.007078,0.012024
0.0114598,1220.54,0.007078,0.012024
0.00293854,1035.5,0.007078,0.012033
0.0754965,693.564,0.00708,0.012058
0.0637836,768.825,0.00708,0.01205
0.00251332,1035.5,0.007078,0.012033
0.061939,879.493,0.007079,0.012042
0.0498598,1433.09,0.007077,0.012016
0.0756586,693.564,0.00708,0.012058
0.0324525,2056.23,0.007076,0.012002
0.0281778,1888.46,0.007076,0.012005
0.0729035,677.103,0.00708,0.012058
0.0737479,693.564,0.00708,0.012058
0.00144083,953.985,0.007079,0.012037
0.00919665,1220.54,0.007078,0.012024
0.0227454,1568.4,0.007077,0.012013
0.0369491,2265,0.007076,0.011999
0.0600988,879.493,0.007079,0.012042
0.0527727,1220.54,0.007078,0.012024
0.00312287,1035.5,0.007078,0.012033
0.0363706,2265,0.007076,0.011999
0.000739729,953.985,0.007079,0.012037
0.0408702,2468.75,0.007076,0.011997
0.0794061,754.185,0.00708,0.012055
0.0395706,2468.75,0.007076,0.011997
0.0525838,1220.54,0.007078,0.012024
0.04419,2056.23,0.007076,0.012002
0.0715946,677.103,0.00708,0.012058
0.0616946,879.493,0.007079,0.012042
0.00881805,1220.54,0.007078,0.012024
0.0395593,2468.75,0.007076,0.011997
0.0572764,1035.5,0.007078,0.012033
0.0712348,677.103,0.00708,0.012058
0.0756918,693.564,0.00708,0.012058
0.0382485,2468.75,0.007076,0.011997
0.0787881,754.185,0.00708,0.012055
0.0306121,2056.23,0.007076,0.012002
0.00580732,1125.18,0.007078,0.012028
0.0124481,1320.33,0.007077,0.01202
0.0631269,768.825,0.00708,0.01205
0.0379616,2468.75,0.007076,0.011997
0.0123053,1320.33,0.007077,0.01202
0.0722001,677.103,0.00708,0.012058
0.054823,1220.54,0.007078,0.012024
0.0480717,1433.09,0.007077,0.012016
0.0285288,1888.46,0.007076,0.012005
0.00582145,1125.18,0.007078,0.012028
0.0511737,1433.09,0.007077,0.012016
0.0799051,754.185,0.00708,0.012055
0.0473355,2325.72,0.007077,0.012014
0.067389,1173.72,0.007079,0.012047
0.0784214,1134.51,0.00708,0.012057
0.0319476,2660.2,0.007076,0.012
0.0401729,3161.86,0.007076,0.011993
0.055043,1657.28,0.007078,0.012026
0.0693112,1072.67,0.00708,0.012053
0.00202074,1551.44,0.007079,0.012036
0.0154971,1937.07,0.007078,0.012023
0.0552954,1657.28,0.007078,0.012026
0.00910113,1718.71,0.007078,0.01203
0.0645549,1173.72,0.007079,0.012047
0.0706449,1072.67,0.00708,0.012053
0.00700146,1718.71,0.007078,0.01203
0.0553317,1657.28,0.007078,0.012026
0.0490392,2325.72,0.007077,0.012014
0.0731706,1018.87,0.00708,0.012057
0.0437373,2660.2,0.007076,0.012
0.0282438,2325.72,0.007077,0.012014
0.0281339,2325.72,0.007077,0.012014
0.0735547,1018.87,0.00708,0.012057
0.0529879,1858.03,0.007077,0.01202
0.0499114,2054.13,0.007077,0.01202
0.0460715,2660.2,0.007076,0.012
0.0477702,2325.72,0.007077,0.012014
0.064205,1173.72,0.007079,0.012047
0.0382177,2883.07,0.007076,0.011997
0.0309529,2474.68,0.007077,0.012011
0.0534226,1657.28,0.007078,0.012026
0.0065444,1634.99,0.007078,0.012033
0.0232565,2190.79,0.007077,0.012017
0.0437272,2660.2,0.007076,0.012
0.0452181,2660.2,0.007076,0.012
0.0322187,2660.2,0.007076,0.012
0.0365389,2883.07,0.007076,0.011997
0.0705406,1072.67,0.00708,0.012053
0.00926307,1718.71,0.007078,0.01203
0.0551675,1657.28,0.007078,0.012026
0.0483694,2325.72,0.007077,0.012014
0.0491061,2325.72,0.007077,0.012014
0.040093,3161.86,0.007076,0.011993
0.0608637,1292.36,0.007079,0.012041
0.0273746,2325.72,0.007077,0.012014
0.017498,1937.07,0.007078,0.012023
0.0386448,2883.07,0.007076,0.011997
0.0106932,1807.42,0.007078,0.012027
0.0673924,1173.72,0.007079,0.012047
0.062203,1292.36,0.007079,0.012041
0.0315404,2474.68,0.007077,0.012011
0.073754,1018.87,0.00708,0.012057
0.0132387,1807.42,0.007078,0.012027
0.0571296,1457.12,0.007078,0.012033
0.0215847,2190.79,0.007077,0.012017
0.05366,1657.28,0.007078,0.012026
0.0525654,1858.03,0.007077,0.01202
0.0054293,1634.99,0.007078,0.012033
0.0280363,2325.72,0.007077,0.012014
0.00367182,1634.99,0.007078,0.012033
0.035744,2883.07,0.007076,0.011997
0.0437034,2660.2,0.007076,0.012
0.07397,1018.87,0.00708,0.012057
0.0331262,2660.2,0.007076,0.012
0.0537728,1657.28,0.007078,0.012026
0.0603006,1457.12,0.007078,0.012033
0.00920246,1718.71,0.007078,0.01203
0.0454018,2660.2,0.007076,0.012
0.0381502,2883.07,0.007076,0.011997
0.0360344,2883.07,0.007076,0.011997
0.0481942,2325.72,0.007077,0.012014
0.0156728,1937.07,0.007078,0.012023
0.04519,2660.2,0.007076,0.012
0.0624856,1292.36,0.007079,0.012041
0.0622082,1292.36,0.007079,0.012041
0.0738338,1018.87,0.00708,0.012057
0.00296086,1551.44,0.007079,0.012036
0.0517071,1858.03,0.007077,0.01202
0.0611803,1292.36,0.007079,0.012041
0.0583291,1457.12,0.007078,0.012033
0.0798505,1134.51,0.00708,0.012057
0.0199295,2054.13,0.007077,0.01202
0.0717236,1018.87,0.00708,0.012057
0.0724148,1018.87,0.00708,0.012057
0.0367793,2883.07,0.007076,0.011997
0.0686964,1072.67,0.00708,0.012053
0.0539106,1657.28,0.007078,0.012026
0.0222476,2190.79,0.007077,0.012017
0.078333,1023.97,0.00708,0.012058
0.0359042,2883.07,0.007076,0.011997
0.0461555,2660.2,0.007076,0.012
0.00242718,1551.44,0.007079,0.012036
0.0392004,3161.86,0.007076,0.011993
0.0511084,2054.13,0.007077,0.01202
0.0209869,2054.13,0.007077,0.01202
0.0635672,1292.36,0.007079,0.012041
0.0428742,2660.2,0.007076,0.012
0.0324884,2660.2,0.007076,0.012
0.0661751,1173.72,0.007079,0.012047
0.0267452,2325.72,0.007077,0.012014
0.0166254,1937.07,0.007078,0.012023
0.0785365,1134.51,0.00708,0.012057
0.0274206,2325.72,0.007077,0.012014
0.0735589,1018.87,0.00708,0.012057
0.0203682,2054.13,0.007077,0.01202
0.0294036,2474.68,0.007077,0.012011
0.0428226,2660.2,0.007076,0.012
0.0380901,2883.07,0.007076,0.011997
0.0741429,1018.87,0.00708,0.012057
0.0528737,1858.03,0.007077,0.01202
0.0044548,1634.99,0.007078,0.012033
0.0629897,1292.36,0.007079,0.012041
0.0428123,2660.2,0.007076,0.012
0.0393562,3161.86,0.007076,0.011993
0.0317866,2474.68,0.007077,0.012011
0.0176366,2054.13,0.007077,0.01202
0.0258307,2325.72,0.007077,0.012014
0.00630666,1634.99,0.007078,0.012033
0.0497259,2325.72,0.007077,0.012014
0.0218629,2190.79,0.007077,0.012017
0.0641372,1173.72,0.007079,0.012047
0.0185629,2054.13,0.007077,0.01202
0.0486528,2325.72,0.007077,0.012014
0.0668474,1173.72,0.007079,0.012047
0.0575568,1457.12,0.007078,0.012033
0.0163244,1937.07,0.007078,0.012023
0.079503,1134.51,0.00708,0.012057
0.00086967,1551.44,0.007079,0.012036
0.0525158,1858.03,0.007077,0.01202
0.0166003,1937.07,0.007078,0.012023
0.0254406,2325.72,0.007077,0.012014
0.0395793,3161.86,0.007076,0.011993
0.062367,1292.36,0.007079,0.012041
0.0665625,1173.72,0.007079,0.012047
0.0487141,2325.72,0.007077,0.012014
0.0543261,1657.28,0.007078,0.012026
0.0525001,1858.03,0.007077,0.01202
0.00470343,1634.99,0.007078,0.012033
0.0786746,1134.51,0.00708,0.012057
0.000889531,1551.44,0.007079,0.012036
0.0565146,1657.28,0.007078,0.012026
0.010037,1718.71,0.007078,0.01203
0.0696985,1072.67,0.00708,0.012053
0.0425047,3161.86,0.007076,0.011993
0.00286539,1551.44,0.007079,0.012036
0.054986,1657.28,0.007078,0.012026
0.0150215,1937.07,0.007078,0.012023
0.0453414,2660.2,0.007076,0.012
0.0641613,1173.72,0.007079,0.012047
0.0804524,1134.51,0.00708,0.012057
0.0412447,3161.86,0.007076,0.011993
0.078367,1134.51,0.00708,0.012057
0.0565098,1657.28,0.007078,0.012026
0.0158197,1937.07,0.007078,0.012023
0.000397658,1551.44,0.007079,0.012036
0.00335399,1634.99,0.007078,0.012033
0.0677852,1072.67,0.00708,0.012053
0.011786,1807.42,0.007078,0.012027
0.0152949,1937.07,0.007078,0.012023
0.0334538,2660.2,0.007076,0.012
0.0540344,1657.28,0.007078,0.012026
0.00366349,1634.99,0.007078,0.012033
0.0430409,2660.2,0.007076,0.012
0.00289704,1551.44,0.007079,0.012036
0.02055,2054.13,0.007077,0.01202
0.0726511,1018.87,0.00708,0.012057
0.0775292,1023.97,0.00708,0.012058
0.0697213,1072.67,0.00708,0.012053
0.0354899,2883.07,0.007076,0.011997
0.00570175,1634.99,0.007078,0.012033
0.0199522,2054.13,0.007077,0.01202
0.0734199,1018.87,0.00708,0.012057
0.0250915,2325.72,0.007077,0.012014
0.0167517,1937.07,0.007078,0.012023
0.0422218,3161.86,0.007076,0.011993
0.00447031,1634.99,0.007078,0.012033
0.0387777,2883.07,0.007076,0.011997
0.0571291,1457.12,0.007078,0.012033
0.00262804,1551.44,0.007079,0.012036
0.0266766,2325.72,0.007077,0.012014
0.0299608,2474.68,0.007077,0.012011
0.0150519,1937.07,0.007078,0.012023
0.00989109,1718.71,0.007078,0.01203
0.00425908,1634.99,0.007078,0.012033
0.0124349,1807.42,0.007078,0.012027
0.0578708,1457.12,0.007078,0.012033
0.0698972,1072.67,0.00708,0.012053
0.0532432,1858.03,0.007077,0.01202
0.0181442,2054.13,0.007077,0.01202
0.0492402,2325.72,0.007077,0.012014
0.0139689,1937.07,0.007078,0.012023
0.0533799,1657.28,0.007078,0.012026
0.0253592,2325.72,0.007077,0.012014
0.00325587,1634.99,0.007078,0.012033
0.0543927,1657.28,0.007078,0.012026
0.0475372,2325.72,0.007077,0.012014
0.0375874,2883.07,0.007076,0.011997
0.00128082,1551.44,0.007079,0.012036
0.0312927,2474.68,0.007077,0.012011
0.0670065,1173.72,0.007079,0.012047
0.049564,2325.72,0.007077,0.012014
0.0585456,1457.12,0.007078,0.012033
0.0701336,1072.67,0.00708,0.012053
0.0315849,2474.68,0.007077,0.012011
0.0575508,1457.12,0.007078,0.012033
0.0696286,1072.67,0.00708,0.012053
0.0373641,2883.07,0.007076,0.011997
0.0591623,1457.12,0.007078,0.012033
0.0435003,2660.2,0.007076,0.012
0.0341791,2660.2,0.007076,0.012
0.0714158,1018.87,0.00708,0.012057
0.0707221,1072.67,0.00708,0.012053
0.0561229,1657.28,0.007078,0.012026
0.0439502,2660.2,0.007076,0.012
0.0320782,2660.2,0.007076,0.012
0.0227185,2190.79,0.007077,0.012017
0.0690699,1072.67,0.00708,0.012053
0.0681501,1072.67,0.00708,0.012053
0.0800869,1134.51,0.00708,0.012057
0.0524112,1858.03,0.007077,0.01202
0.0496669,2325.72,0.007077,0.012014
0.0796042,1134.51,0.00708,0.012057
0.0764963,1023.97,0.00708,0.012058
0.0177403,2054.13,0.007077,0.01202
0.0802429,1134.51,0.00708,0.012057
0.0572157,1457.12,0.007078,0.012033
0.0743646,1018.87,0.00708,0.012057
0.0338262,2660.2,0.007076,0.012
0.029908,2474.68,0.007077,0.012011
0.0154709,1937.07,0.007078,0.012023
0.0461321,2660.2,0.007076,0.012
0.0311177,2474.68,0.007077,0.012011
0.0446459,2660.2,0.007076,0.012
0.0143664,1937.07,0.007078,0.012023
0.00451758,1634.99,0.007078,0.012033
0.00204809,1551.44,0.007079,0.012036
0.043079,2660.2,0.007076,0.012
0.0570406,1457.12,0.007078,0.012033
0.0297516,2474.68,0.007077,0.012011
0.0493621,2325.72,0.007077,0.012014
0.0140022,1937.07,0.007078,0.012023
0.00953796,1718.71,0.007078,0.01203
0.0037321,1634.99,0.007078,0.012033
0.0389097,2883.07,0.007076,0.011997
0.0153325,1937.07,0.007078,0.012023
0.021773,2190.79,0.007077,0.012017
0.0758762,1023.97,0.00708,0.012058
0.0412767,3161.86,0.007076,0.011993
0.0344915,2660.2,0.007076,0.012
0.0197041,2054.13,0.007077,0.01202
0.0553406,1657.28,0.007078,0.012026
0.0461905,2325.72,0.007077,0.012014
0.0312354,2474.68,0.007077,0.012011
0.0539303,1657.28,0.007078,0.012026
0.00839513,1718.71,0.007078,0.01203
0.00866644,1718.71,0.007078,0.01203
0.0273626,2325.72,0.007077,0.012014
0.0594817,1457.12,0.007078,0.012033
0.0259162,2325.72,0.007077,0.012014
0.0602517,1457.12,0.007078,0.012033
0.00926633,1718.71,0.007078,0.01203
0.00557017,1634.99,0.007078,0.012033
0.00378608,1634.99,0.007078,0.012033
0.0551769,1657.28,0.007078,0.012026
0.0616592,1292.36,0.007079,0.012041
0.0165251,1937.07,0.007078,0.012023
0.0639356,1292.36,0.007079,0.012041
0.0546698,1657.28,0.007078,0.012026
0.0489625,2325.72,0.007077,0.012014
0.064654,1173.72,0.007079,0.012047
0.076784,1023.97,0.00708,0.012058
0.0176947,2054.13,0.007077,0.01202
0.0448721,2660.2,0.007076,0.012
0.0499889,2054.13,0.007077,0.01202
0.0135251,1807.42,0.007078,0.012027
0.0699396,1072.67,0.00708,0.012053
0.0365252,2883.07,0.007076,0.011997
0.00337022,1634.99,0.007078,0.012033
0.0113785,1807.42,0.007078,0.012027
0.0629187,1292.36,0.007079,0.012041
0.0415614,3161.86,0.007076,0.011993
0.0718426,316.24,0.00708,0.012057
0.0493808,1025.78,0.007077,0.012007
0.0397904,1944.14,0.007076,0.011989
0.0132601,805.801,0.007076,0.012002
0.0217627,1032.53,0.007076,0.011994
0.0458261,1296.79,0.007076,0.011999
0.0455695,1296.79,0.007076,0.011999
0.079452,405.275,0.007079,0.012043
0.016145,920.928,0.007076,0.011998
0.0159919,920.928,0.007076,0.011998
0.020683,1032.53,0.007076,0.011994
0.0106039,712.523,0.007077,0.012007
0.050337,1025.78,0.007077,0.012007
0.070612,316.24,0.00708,0.012057
0.0660049,336.785,0.00708,0.012057
0.00903345,712.523,0.007077,0.012007
0.0626195,402.705,0.00708,0.01205
0.0492298,1025.78,0.007077,0.012007
0.0336383,1772.79,0.007076,0.011991
0.0302058,1590.06,0.007076,0.011993
0.0073225,612.176,0.007077,0.012013
0.0403974,1944.14,0.007076,0.011989
0.0553586,652.954,0.007078,0.012026
0.0623493,402.705,0.00708,0.01205
0.0060982,612.176,0.007077,0.012013
0.0483255,1025.78,0.007077,0.012007
0.042653,1590.06,0.007076,0.011993
0.0542703,831.968,0.007077,0.012015
0.0280261,1437.84,0.007076,0.011996
0.00741218,612.176,0.007077,0.012013
0.0656383,336.785,0.00708,0.012057
0.0595725,508.778,0.007079,0.012038
0.00748473,612.176,0.007077,0.012013
0.0401631,1944.14,0.007076,0.011989
0.0513616,831.968,0.007077,0.012015
0.0235656,1151.44,0.007076,0.011991
0.0348409,1772.79,0.007076,0.011991
0.0223624,1032.53,0.007076,0.011994
0.0129632,805.801,0.007076,0.012002
0.0476057,1296.79,0.007076,0.011999
0.0769317,405.275,0.007079,0.012043
0.061098,508.778,0.007079,0.012038
0.0497329,1025.78,0.007077,0.012007
0.016293,920.928,0.007076,0.011998
0.0436685,1590.06,0.007076,0.011993
0.0512348,1025.78,0.007077,0.012007
0.0639923,402.705,0.00708,0.01205
0.0044276,508.462,0.007077,0.01202
0.0653475,402.705,0.00708,0.01205
0.0305063,1590.06,0.007076,0.011993
0.078636,405.275,0.007079,0.012043
0.00713283,612.176,0.007077,0.012013
0.00817657,612.176,0.007077,0.012013
0.00940189,712.523,0.007077,0.012007
0.0101534,712.523,0.007077,0.012007
0.0677416,336.785,0.00708,0.012057
0.02447,1151.44,0.007076,0.011991
0.0454936,1296.79,0.007076,0.011999
0.0470472,1296.79,0.007076,0.011999
0.0406463,1590.06,0.007076,0.011993
0.0226636,1151.44,0.007076,0.011991
0.0345247,1772.79,0.007076,0.011991
0.0295972,1437.84,0.007076,0.011996
0.0507199,1025.78,0.007077,0.012007
0.00974029,712.523,0.007077,0.012007
0.0803753,505.337,0.007078,0.012036
0.0467972,1296.79,0.007076,0.011999
0.0258112,1296.79,0.007076,0.011999
0.0800833,505.337,0.007078,0.012036
0.0437173,1590.06,0.007076,0.011993
0.0237221,1151.44,0.007076,0.011991
0.0648912,402.705,0.00708,0.01205
0.0407622,1590.06,0.007076,0.011993
0.0375915,1944.14,0.007076,0.011989
0.0625927,402.705,0.00708,0.01205
0.0483342,1025.78,0.007077,0.012007
0.0285976,1437.84,0.007076,0.011996
0.0688431,336.785,0.00708,0.012057
0.0475422,1296.79,0.007076,0.011999
0.0662022,336.785,0.00708,0.012057
0.0138752,805.801,0.007076,0.012002
0.038038,1944.14,0.007076,0.011989
0.0547217,831.968,0.007077,0.012015
0.0207535,1032.53,0.007076,0.011994
0.0275131,1437.84,0.007076,0.011996
0.00374697,508.462,0.007077,0.01202
0.0268487,1437.84,0.007076,0.011996
0.0571234,652.954,0.007078,0.012026
0.0674873,336.785,0.00708,0.012057
0.0296605,1437.84,0.007076,0.011996
0.0203087,1032.53,0.007076,0.011994
0.0546372,831.968,0.007077,0.012015
0.0117884,712.523,0.007077,0.012007
0.00862594,712.523,0.007077,0.012007
0.0694202,316.24,0.00708,0.012057
0.0239585,1151.44,0.007076,0.011991
0.0370844,1944.14,0.007076,0.011989
0.0785113,405.275,0.007079,0.012043
0.0390541,1944.14,0.007076,0.011989
0.057218,652.954,0.007078,0.012026
0.0189235,920.928,0.007076,0.011998
0.0575451,652.954,0.007078,0.012026
0.0196598,1032.53,0.007076,0.011994
0.0481127,1025.78,0.007077,0.012007
0.0596482,508.778,0.007079,0.012038
0.0400857,1944.14,0.007076,0.011989
0.0266573,1437.84,0.007076,0.011996
0.0693534,316.24,0.00708,0.012057
0.0559883,652.954,0.007078,0.012026
0.080068,505.337,0.007078,0.012036
0.00267531,508.462,0.007077,0.01202
0.0643844,402.705,0.00708,0.01205
0.0617435,508.778,0.007079,0.012038
0.00215218,508.462,0.007077,0.01202
0.0163812,920.928,0.007076,0.011998
0.0696763,316.24,0.00708,0.012057
0.0283305,1437.84,0.007076,0.011996
0.0375573,1944.14,0.007076,0.011989
0.0586456,508.778,0.007079,0.012038
0.0762843,405.275,0.007079,0.012043
0.0198447,1032.53,0.007076,0.011994
0.00981751,712.523,0.007077,0.012007
0.0167834,920.928,0.007076,0.011998
0.071562,316.24,0.00708,0.012057
0.0663243,336.785,0.00708,0.012057
0.0260225,1296.79,0.007076,0.011999
0.0130717,805.801,0.007076,0.012002
0.0231263,1151.44,0.007076,0.011991
0.068254,336.785,0.00708,0.012057
0.041118,1590.06,0.007076,0.011993
0.0570943,652.954,0.007078,0.012026
0.0443746,1296.79,0.007076,0.011999
0.0719084,316.24,0.00708,0.012057
0.0203904,1032.53,0.007076,0.011994
0.0515493,831.968,0.007077,0.012015
0.0476961,1025.78,0.007077,0.012007
0.00974434,712.523,0.007077,0.012007
0.03249,1590.06,0.007076,0.011993
0.0387712,1944.14,0.007076,0.011989
0.0291508,1437.84,0.007076,0.011996
0.0272113,1437.84,0.007076,0.011996
0.0783434,405.275,0.007079,0.012043
0.0301406,1590.06,0.007076,0.011993
0.0679123,336.785,0.00708,0.012057
0.0108364,712.523,0.007077,0.012007
0.0572981,652.954,0.007078,0.012026
0.0787303,405.275,0.007079,0.012043
0.0611484,508.778,0.007079,0.012038
0.063542,402.705,0.00708,0.01205
0.0729437,342.422,0.00708,0.012051
0.0360416,1772.79,0.007076,0.011991
0.0642111,402.705,0.00708,0.01205
0.0276977,1437.84,0.007076,0.011996
0.0376031,1944.14,0.007076,0.011989
0.0221485,1032.53,0.007076,0.011994
0.025652,1296.79,0.007076,0.011999
0.0712764,316.24,0.00708,0.012057
0.0720955,316.24,0.00708,0.012057
0.0518797,831.968,0.007077,0.012015
0.0800737,505.337,0.007078,0.012036
0.038531,1944.14,0.007076,0.011989
0.0398379,1944.14,0.007076,0.011989
0.0406582,1590.06,0.007076,0.011993
0.0388114,1944.14,0.007076,0.011989
0.0305661,1590.06,0.007076,0.011993
0.0373732,1944.14,0.007076,0.011989
0.0132241,805.801,0.007076,0.012002
0.0304423,1590.06,0.007076,0.011993
0.0101893,712.523,0.007077,0.012007
0.0760247,342.422,0.00708,0.012051
0.0132098,805.801,0.007076,0.012002
0.0776511,405.275,0.007079,0.012043
0.0116526,712.523,0.007077,0.012007
0.0564118,652.954,0.007078,0.012026
0.0497776,1025.78,0.007077,0.012007
0.0335005,1772.79,0.007076,0.011991
0.0379148,1944.14,0.007076,0.011989
0.000615973,451.997,0.007078,0.012025
0.0286581,1437.84,0.007076,0.011996
0.0304386,1590.06,0.007076,0.011993
0.0731343,342.422,0.00708,0.012051
0.0258663,1296.79,0.007076,0.011999
0.00261445,508.462,0.007077,0.01202
0.00959375,712.523,0.007077,0.012007
0.0421208,1590.06,0.007076,0.011993
0.0199223,1032.53,0.007076,0.011994
0.000424623,451.997,0.007078,0.012025
0.0565913,652.954,0.007078,0.012026
0.0795751,405.275,0.007079,0.012043
0.0534681,831.968,0.007077,0.012015
0.0474543,1296.79,0.007076,0.011999
0.00251901,508.462,0.007077,0.01202
0.0771129,405.275,0.007079,0.012043
0.0381441,1944.14,0.007076,0.011989
0.0401125,1944.14,0.007076,0.011989
0.0382679,1944.14,0.007076,0.011989
0.00533017,612.176,0.007077,0.012013
0.0791842,405.275,0.007079,0.012043
0.013016,805.801,0.007076,0.012002
0.0207568,1032.53,0.007076,0.011994
0.0537912,831.968,0.007077,0.012015
0.0508634,1025.78,0.007077,0.012007
0.0120691,805.801,0.007076,0.012002
0.0621474,402.705,0.00708,0.01205
0.0478947,1025.78,0.007077,0.012007
0.0608015,508.778,0.007079,0.012038
0.0545644,831.968,0.007077,0.012015
0.0681736,336.785,0.00708,0.012057
0.0560764,652.954,0.007078,0.012026
0.0793332,405.275,0.007079,0.012043
0.0326,1590.06,0.007076,0.011993
0.064673,402.705,0.00708,0.01205
0.0430045,1590.06,0.007076,0.011993
0.0281096,1437.84,0.007076,0.011996
0.0129151,805.801,0.007076,0.012002
0.032272,1590.06,0.007076,0.011993
0.0381373,1944.14,0.007076,0.011989
0.078264,405.275,0.007079,0.012043
0.00305643,508.462,0.007077,0.01202
0.0709686,316.24,0.00708,0.012057
0.0741074,342.422,0.00708,0.012051
0.0406875,1590.06,0.007076,0.011993
0.0470126,1296.79,0.007076,0.011999
0.0273357,1437.84,0.007076,0.011996
0.0588825,508.778,0.007079,0.012038
0.021266,1032.53,0.007076,0.011994
0.0802945,505.337,0.007078,0.012036
0.0116545,712.523,0.007077,0.012007
0.0676417,336.785,0.00708,0.012057
0.0623369,402.705,0.00708,0.01205
0.0434416,1590.06,0.007076,0.011993
0.0369317,1944.14,0.007076,0.011989
0.0596395,508.778,0.007079,0.012038
0.0597184,508.778,0.007079,0.012038
0.0226111,1032.53,0.007076,0.011994
0.0118306,712.523,0.007077,0.012007
0.0347857,1772.79,0.007076,0.011991
0.0759732,342.422,0.00708,0.012051
0.046982,1296.79,0.007076,0.011999
0.0643477,402.705,0.00708,0.01205
0.0193117,1032.53,0.007076,0.011994
0.00159116,508.462,0.007077,0.01202
0.0453503,1296.79,0.007076,0.011999
0.0165051,920.928,0.007076,0.011998
0.0315922,1590.06,0.007076,0.011993
0.0474871,1296.79,0.007076,0.011999
0.04544,1296.79,0.007076,0.011999
0.0252016,1151.44,0.007076,0.011991
0.0531497,831.968,0.007077,0.012015
0.00910439,712.523,0.007077,0.012007
0.0418863,1590.06,0.007076,0.011993
0.0215009,1032.53,0.007076,0.011994
0.0691283,316.24,0.00708,0.012057
0.0215904,2356.79,0.007077,0.012018
0.0271712,2631,0.007077,0.012012
0.0413128,2660.2,0.007076,0.012
0.0208385,2356.79,0.007077,0.012018
0.072412,1140.64,0.00708,0.012056
0.0655077,1332.84,0.007079,0.012046
0.0705138,1140.64,0.00708,0.012056
0.0543059,1807.42,0.007078,0.012027
0.0748748,1139.56,0.00708,0.012058
0.0796877,1212.55,0.00708,0.012058
0.00193003,1828.34,0.007078,0.012033
0.043217,2660.2,0.007076,0.012
0.0686761,1220.65,0.00708,0.012052
0.00677133,1906.49,0.007078,0.01203
0.0695969,1140.64,0.00708,0.012056
0.0135658,2123.61,0.007078,0.012024
0.0663187,1220.65,0.00708,0.012052
8.59314e-05,1740.68,0.007078,0.012036
0.0204396,2356.79,0.007077,0.012018
0.0500039,2054.13,0.007077,0.01202
0.00902176,2003.22,0.007078,0.012027
0.0167581,2243.06,0.007077,0.012021
0.0527672,1807.42,0.007078,0.012027
0.0370522,2883.07,0.007076,0.011997
0.0531335,1807.42,0.007078,0.012027
0.07936,1212.55,0.00708,0.012058
0.0435306,2660.2,0.007076,0.012
0.073423,1139.56,0.00708,0.012058
0.0619551,1454.38,0.007079,0.01204
0.0400356,3161.86,0.007076,0.011993
0.0301595,2751.53,0.007076,0.012003
0.0597005,1454.38,0.007079,0.01204
0.0722415,1140.64,0.00708,0.012056
0.057416,1634.99,0.007078,0.012033
0.0388946,3161.86,0.007076,0.011993
0.0447357,2325.72,0.007077,0.012014
0.0660444,1220.65,0.00708,0.012052
0.0108678,2003.22,0.007078,0.012027
0.0459437,2325.72,0.007077,0.012014
0.0707263,1140.64,0.00708,0.012056
0.0713335,1140.64,0.00708,0.012056
0.0713519,1140.64,0.00708,0.012056
0.0420606,2660.2,0.007076,0.012
0.0674737,1220.65,0.00708,0.012052
0.0761468,1139.56,0.00708,0.012058
0.0407346,2660.2,0.007076,0.012
0.005187,1906.49,0.007078,0.01203
0.0201537,2356.79,0.007077,0.012018
0.051887,1807.42,0.007078,0.012027
0.0712164,1140.64,0.00708,0.012056
0.054886,1807.42,0.007078,0.012027
0.0647496,1332.84,0.007079,0.012046
0.0700553,1140.64,0.00708,0.012056
0.076158,1139.56,0.00708,0.012058
0.0449905,2325.72,0.007077,0.012014
0.00278598,1828.34,0.007078,0.012033
0.0214975,2356.79,0.007077,0.012018
0.0797835,1212.55,0.00708,0.012058
0.00301509,1828.34,0.007078,0.012033
0.0108601,2003.22,0.007078,0.012027
0.00377135,1828.34,0.007078,0.012033
0.0227377,2356.79,0.007077,0.012018
0.0536298,1807.42,0.007078,0.012027
0.012436,2123.61,0.007078,0.012024
0.0710429,1140.64,0.00708,0.012056
0.0222111,2356.79,0.007077,0.012018
0.037644,3161.86,0.007076,0.011993
0.0485557,2054.13,0.007077,0.01202
0.0370054,2883.07,0.007076,0.011997
0.0658592,1220.65,0.00708,0.012052
0.0232125,2486.15,0.007077,0.012015
0.0017432,1828.34,0.007078,0.012033
0.010317,2003.22,0.007078,0.012027
0.00298203,1828.34,0.007078,0.012033
0.0447975,2325.72,0.007077,0.012014
0.013293,2123.61,0.007078,0.012024
0.00596342,1906.49,0.007078,0.01203
0.0142844,2123.61,0.007078,0.012024
0.0734917,1139.56,0.00708,0.012058
0.0260117,2486.15,0.007077,0.012015
0.0761228,1139.56,0.00708,0.012058
0.0155243,2123.61,0.007078,0.012024
0.0415886,2660.2,0.007076,0.012
0.0226459,2356.79,0.007077,0.012018
0.0772744,1212.55,0.00708,0.012058
0.0338957,2883.07,0.007076,0.011997
0.0703073,1140.64,0.00708,0.012056
0.0671134,1220.65,0.00708,0.012052
0.0645829,1332.84,0.007079,0.012046
0.0269124,2631,0.007077,0.012012
0.0627194,1332.84,0.007079,0.012046
0.0179909,2243.06,0.007077,0.012021
0.0343138,2883.07,0.007076,0.011997
0.00945408,2003.22,0.007078,0.012027
0.0577812,1634.99,0.007078,0.012033
0.0576487,1634.99,0.007078,0.012033
0.0779241,1212.55,0.00708,0.012058
0.032577,2751.53,0.007076,0.012003
0.0382474,3161.86,0.007076,0.011993
0.0336446,2883.07,0.007076,0.011997
0.00804076,1906.49,0.007078,0.01203
0.0431694,2660.2,0.007076,0.012
0.044479,2325.72,0.007077,0.012014
0.0737113,1139.56,0.00708,0.012058
0.0535396,1807.42,0.007078,0.012027
0.0708115,1140.64,0.00708,0.012056
0.0619243,1454.38,0.007079,0.01204
0.00430165,1828.34,0.007078,0.012033
0.0213519,2356.79,0.007077,0.012018
0.0796993,1212.55,0.00708,0.012058
0.0212915,2356.79,0.007077,0.012018
0.0579677,1634.99,0.007078,0.012033
0.0281445,2631,0.007077,0.012012
0.0594431,1454.38,0.007079,0.01204
0.0637433,1332.84,0.007079,0.012046
0.0185766,2243.06,0.007077,0.012021
0.062492,1332.84,0.007079,0.012046
0.0710575,1140.64,0.00708,0.012056
0.000671014,1740.68,0.007078,0.012036
0.00162045,1828.34,0.007078,0.012033
0.00945179,2003.22,0.007078,0.012027
0.025804,2486.15,0.007077,0.012015
0.0065857,1906.49,0.007078,0.01203
0.0203521,2356.79,0.007077,0.012018
0.0760666,1139.56,0.00708,0.012058
0.0391412,3161.86,0.007076,0.011993
0.0592114,1454.38,0.007079,0.01204
0.0387422,3161.86,0.007076,0.011993
0.0633985,1332.84,0.007079,0.012046
0.0650688,1332.84,0.007079,0.012046
0.0376899,3161.86,0.007076,0.011993
0.00798628,1906.49,0.007078,0.01203
0.0587754,1454.38,0.007079,0.01204
0.00898405,2003.22,0.007078,0.012027
0.0721344,1140.64,0.00708,0.012056
0.0564152,1634.99,0.007078,0.012033
0.00707978,1906.49,0.007078,0.01203
0.0430133,2660.2,0.007076,0.012
0.057303,1634.99,0.007078,0.012033
0.0765946,1212.55,0.00708,0.012058
0.0536752,1807.42,0.007078,0.012027
0.000706236,1740.68,0.007078,0.012036
0.049929,2054.13,0.007077,0.01202
0.0168433,2243.06,0.007077,0.012021
0.0221794,2356.79,0.007077,0.012018
0.0183082,2243.06,0.007077,0.012021
0.0281261,2631,0.007077,0.012012
0.015849,2243.06,0.007077,0.012021
0.0515015,1807.42,0.007078,0.012027
0.0708165,1140.64,0.00708,0.012056
0.00499773,1906.49,0.007078,0.01203
0.0418247,2660.2,0.007076,0.012
0.0167998,2243.06,0.007077,0.012021
0.0572166,1634.99,0.007078,0.012033
0.0396656,3161.86,0.007076,0.011993
0.00706071,1906.49,0.007078,0.01203
0.0659561,1220.65,0.00708,0.012052
0.0594842,1454.38,0.007079,0.01204
0.00679238,1906.49,0.007078,0.01203
0.0361277,2883.07,0.007076,0.011997
0.0312597,2751.53,0.007076,0.012003
0.0108202,2003.22,0.007078,0.012027
0.0465509,2325.72,0.007077,0.012014
0.0719232,1140.64,0.00708,0.012056
0.0255528,2486.15,0.007077,0.012015
0.072457,1140.64,0.00708,0.012056
0.01311,2123.61,0.007078,0.012024
0.0119352,2003.22,0.007078,0.012027
0.0170558,2243.06,0.007077,0.012021
0.047385,2325.72,0.007077,0.012014
0.000193862,1740.68,0.007078,0.012036
0.0701187,1140.64,0.00708,0.012056
0.0594336,1454.38,0.007079,0.01204
0.0414866,2660.2,0.007076,0.012
0.0154076,2123.61,0.007078,0.012024
0.0556256,1634.99,0.007078,0.012033
0.0612862,1454.38,0.007079,0.01204
0.0476712,2325.72,0.007077,0.012014
0.0347221,2883.07,0.007076,0.011997
0.0406502,3161.86,0.007076,0.011993
0.0536263,1807.42,0.007078,0.012027
0.0305932,2751.53,0.007076,0.012003
0.0707123,1140.64,0.00708,0.012056
0.0550575,1634.99,0.007078,0.012033
0.0432126,2660.2,0.007076,0.012
0.0674406,1220.65,0.00708,0.012052
0.0307498,2751.53,0.007076,0.012003
0.0289416,2631,0.007077,0.012012
0.055674,1634.99,0.007078,0.012033
0.053507,1807.42,0.007078,0.012027
0.0622115,1332.84,0.007079,0.012046
0.00399384,1828.34,0.007078,0.012033
0.00436242,1828.34,0.007078,0.012033
0.0290502,2631,0.007077,0.012012
0.0527334,1807.42,0.007078,0.012027
0.0517105,1807.42,0.007078,0.012027
0.0419939,2660.2,0.007076,0.012
0.03785,3161.86,0.007076,0.011993
0.0610751,1454.38,0.007079,0.01204
0.0734299,1139.56,0.00708,0.012058
0.0716103,1140.64,0.00708,0.012056
0.0580253,1634.99,0.007078,0.012033
0.00480634,1828.34,0.007078,0.012033
0.0213931,2356.79,0.007077,0.012018
0.0349729,2883.07,0.007076,0.011997
0.0217453,2356.79,0.007077,0.012018
0.0392025,3161.86,0.007076,0.011993
0.0284406,2631,0.007077,0.012012
0.0640546,1332.84,0.007079,0.012046
0.0525765,1807.42,0.007078,0.012027
0.0513247,2054.13,0.007077,0.01202
0.00567362,1906.49,0.007078,0.01203
0.0337484,2883.07,0.007076,0.011997
0.0588448,1454.38,0.007079,0.01204
0.0532464,1807.42,0.007078,0.012027
0.0131439,2123.61,0.007078,0.012024
0.0630411,1332.84,0.007079,0.012046
0.0622014,1332.84,0.007079,0.012046
0.0188345,2243.06,0.007077,0.012021
0.0375652,3161.86,0.007076,0.011993
0.026552,2631,0.007077,0.012012
0.0631885,1332.84,0.007079,0.012046
0.008777,2003.22,0.007078,0.012027
0.00110619,1740.68,0.007078,0.012036
0.0103742,2003.22,0.007078,0.012027
0.0142087,2123.61,0.007078,0.012024
0.0458046,2325.72,0.007077,0.012014
0.0638985,1332.84,0.007079,0.012046
0.0650801,1332.84,0.007079,0.012046
0.0673848,1220.65,0.00708,0.012052
0.054065,1807.42,0.007078,0.012027
0.0317264,2751.53,0.007076,0.012003
0.0011861,1740.68,0.007078,0.012036
0.0691424,1220.65,0.00708,0.012052
0.0425876,2660.2,0.007076,0.012
0.0181347,2243.06,0.007077,0.012021
0.0795974,1212.55,0.00708,0.012058
0.0359734,2883.07,0.007076,0.011997
0.0145966,2123.61,0.007078,0.012024
0.0455601,2325.72,0.007077,0.012014
0.0165762,2243.06,0.007077,0.012021
0.0306974,2751.53,0.007076,0.012003
0.00961925,2003.22,0.007078,0.012027
0.00648143,1906.49,0.007078,0.01203
0.0351598,2883.07,0.007076,0.011997
0.0759654,1139.56,0.00708,0.012058
0.0437414,2660.2,0.007076,0.012
0.0347716,2883.07,0.007076,0.011997
0.0610156,1454.38,0.007079,0.01204
0.0294021,2631,0.007077,0.012012
0.00757057,1906.49,0.007078,0.01203
0.0329622,2751.53,0.007076,0.012003
0.0551469,274.919,0.007079,0.012047
0.0164221,1151.44,0.007076,0.011991
0.056397,274.919,0.007079,0.012047
0.027363,1586.4,0.007076,0.011984
0.0407779,920.928,0.007076,0.011998
0.0056866,805.801,0.007076,0.012002
0.00771035,920.928,0.007076,0.011998
0.0550731,274.919,0.007079,0.012047
0.0589983,208.413,0.00708,0.012057
0.0400242,920.928,0.007076,0.011998
0.0068467,920.928,0.007076,0.011998
0.0179538,1256.13,0.007076,0.011988
0.0300918,1759.26,0.007075,0.011983
0.0164439,1151.44,0.007076,0.011991
0.0314753,1759.26,0.007075,0.011983
0.0454082,712.523,0.007077,0.012007
0.0297305,1759.26,0.007075,0.011983
0.0303745,1759.26,0.007075,0.011983
0.0115171,1032.53,0.007076,0.011994
0.0594889,208.413,0.00708,0.012057
0.0431994,712.523,0.007077,0.012007
0.0169331,1151.44,0.007076,0.011991
0.0199584,1256.13,0.007076,0.011988
0.0143941,1151.44,0.007076,0.011991
0.0445339,712.523,0.007077,0.012007
0.00270195,712.523,0.007077,0.012007
0.0644843,212.993,0.007079,0.012041
0.0152092,1151.44,0.007076,0.011991
0.0076222,920.928,0.007076,0.011998
0.0252434,1586.4,0.007076,0.011984
0.0133631,1032.53,0.007076,0.011994
0.00393624,805.801,0.007076,0.012002
0.0204686,1256.13,0.007076,0.011988
0.00975602,920.928,0.007076,0.011998
0.0112512,1032.53,0.007076,0.011994
0.0405124,920.928,0.007076,0.011998
0.0159733,1151.44,0.007076,0.011991
0.0111651,1032.53,0.007076,0.011994
0.0278244,1586.4,0.007076,0.011984
0.0316587,1759.26,0.007075,0.011983
0.0293861,1759.26,0.007075,0.011983
0.055562,274.919,0.007079,0.012047
0.0194733,1256.13,0.007076,0.011988
0.00525273,805.801,0.007076,0.012002
0.0150117,1151.44,0.007076,0.011991
0.0072828,920.928,0.007076,0.011998
0.0122033,1032.53,0.007076,0.011994
0.0176451,1256.13,0.007076,0.011988
0.02721,1586.4,0.007076,0.011984
0.0043775,805.801,0.007076,0.012002
0.0419875,920.928,0.007076,0.011998
0.0270332,1586.4,0.007076,0.011984
0.0631526,184.943,0.00708,0.012055
0.0288409,1759.26,0.007075,0.011983
0.0396247,920.928,0.007076,0.011998
0.0491709,508.462,0.007077,0.01202
0.0547345,274.919,0.007079,0.012047
0.00165601,712.523,0.007077,0.012007
0.042077,920.928,0.007076,0.011998
0.000265786,712.523,0.007077,0.012007
0.00809472,920.928,0.007076,0.011998
0.0250842,1586.4,0.007076,0.011984
0.0483303,508.462,0.007077,0.01202
0.0646011,212.993,0.007079,0.012041
0.0310765,1759.26,0.007075,0.011983
0.0177938,1256.13,0.007076,0.011988
0.0586801,208.413,0.00708,0.012057
0.0251398,1586.4,0.007076,0.011984
0.0448805,712.523,0.007077,0.012007
0.0444224,712.523,0.007077,0.012007
0.0305462,1759.26,0.007075,0.011983
0.00916314,920.928,0.007076,0.011998
0.0416146,920.928,0.007076,0.011998
0.0573986,208.413,0.00708,0.012057
0.00237411,712.523,0.007077,0.012007
0.0548331,274.919,0.007079,0.012047
0.0629286,184.943,0.00708,0.012055
0.0287933,1759.26,0.007075,0.011983
0.0302069,1759.26,0.007075,0.011983
0.0110288,1032.53,0.007076,0.011994
0.0401795,920.928,0.007076,0.011998
0.0500764,382.483,0.007078,0.012033
0.0333883,1427.71,0.007076,0.011986
0.0160957,1151.44,0.007076,0.011991
0.0115695,1032.53,0.007076,0.011994
0.00493054,805.801,0.007076,0.012002
0.0112829,1032.53,0.007076,0.011994
0.0536733,274.919,0.007079,0.012047
0.0134209,1032.53,0.007076,0.011994
0.0301111,1759.26,0.007075,0.011983
0.0621104,184.943,0.00708,0.012055
0.0142381,1151.44,0.007076,0.011991
0.0475732,508.462,0.007077,0.01202
0.0418574,920.928,0.007076,0.011998
0.0640676,212.993,0.007079,0.012041
0.0113212,1032.53,0.007076,0.011994
0.0602399,208.413,0.00708,0.012057
0.011645,1032.53,0.007076,0.011994
0.0628157,184.943,0.00708,0.012055
0.0504857,382.483,0.007078,0.012033
0.062405,184.943,0.00708,0.012055
0.0224642,1427.71,0.007076,0.011986
0.0036864,805.801,0.007076,0.012002
0.0297215,1759.26,0.007075,0.011983
0.0240361,1427.71,0.007076,0.011986
0.0210472,1427.71,0.007076,0.011986
0.0225333,1427.71,0.007076,0.011986
0.0611905,184.943,0.00708,0.012055
0.010519,1032.53,0.007076,0.011994
0.0641821,212.993,0.007079,0.012041
0.0187768,1256.13,0.007076,0.011988
0.0110579,1032.53,0.007076,0.011994
0.0645586,212.993,0.007079,0.012041
0.0377888,1151.44,0.007076,0.011991
0.0392374,920.928,0.007076,0.011998
0.0334922,1427.71,0.007076,0.011986
0.0502194,382.483,0.007078,0.012033
0.0259614,1586.4,0.007076,0.011984
0.0192709,1256.13,0.007076,0.011988
0.0335101,1427.71,0.007076,0.011986
0.0365722,1151.44,0.007076,0.011991
0.0143101,1151.44,0.007076,0.011991
0.00560598,805.801,0.007076,0.012002
0.050461,382.483,0.007078,0.012033
0.0219,1427.71,0.007076,0.011986
0.0393239,920.928,0.007076,0.011998
0.0326065,1427.71,0.007076,0.011986
0.0135719,1032.53,0.007076,0.011994
0.0406924,920.928,0.007076,0.011998
0.0269308,1586.4,0.007076,0.011984
0.0498848,382.483,0.007078,0.012033
0.0334211,1427.71,0.007076,0.011986
0.0529363,382.483,0.007078,0.012033
0.0480035,508.462,0.007077,0.01202
0.0271308,1586.4,0.007076,0.011984
0.0266674,1586.4,0.007076,0.011984
0.0506199,382.483,0.007078,0.012033
0.0301964,1759.26,0.007075,0.011983
0.0322246,1427.71,0.007076,0.011986
0.00319429,805.801,0.007076,0.012002
0.0190656,1256.13,0.007076,0.011988
0.0513586,382.483,0.007078,0.012033
0.0383179,1151.44,0.007076,0.011991
0.0131918,1032.53,0.007076,0.011994
0.0188246,1256.13,0.007076,0.011988
0.0437587,712.523,0.007077,0.012007
0.0273123,1586.4,0.007076,0.011984
0.0446467,712.523,0.007077,0.012007
0.0324532,1427.71,0.007076,0.011986
0.0617976,184.943,0.00708,0.012055
0.0160339,1151.44,0.007076,0.011991
0.03301,1427.71,0.007076,0.011986
0.017407,1151.44,0.007076,0.011991
0.0557095,274.919,0.007079,0.012047
0.0271771,1586.4,0.007076,0.011984
0.0216347,1427.71,0.007076,0.011986
0.0623048,184.943,0.00708,0.012055
0.053394,274.919,0.007079,0.012047
0.0502027,382.483,0.007078,0.012033
0.0261879,1586.4,0.007076,0.011984
0.0219248,1427.71,0.007076,0.011986
0.0243643,1427.71,0.007076,0.011986
0.023551,1427.71,0.007076,0.011986
0.0510336,382.483,0.007078,0.012033
0.01464,1151.44,0.007076,0.011991
0.0275344,1586.4,0.007076,0.011984
0.0279504,1586.4,0.007076,0.011984
0.0141251,1151.44,0.007076,0.011991
0.0118093,1032.53,0.007076,0.011994
0.0268604,1586.4,0.007076,0.011984
0.0390451,920.928,0.007076,0.011998
0.0391826,920.928,0.007076,0.011998
0.00240717,712.523,0.007077,0.012007
0.0636285,184.943,0.00708,0.012055
0.0260428,1586.4,0.007076,0.011984
0.0345448,1427.71,0.007076,0.011986
0.0229311,1427.71,0.007076,0.011986
0.00348771,805.801,0.007076,0.012002
0.0609335,184.943,0.00708,0.012055
0.0138924,1151.44,0.007076,0.011991
0.00187233,712.523,0.007077,0.012007
0.027455,1586.4,0.007076,0.011984
0.0446925,712.523,0.007077,0.012007
0.0430418,712.523,0.007077,0.012007
0.0273037,1586.4,0.007076,0.011984
0.0573502,208.413,0.00708,0.012057
0.0233394,1427.71,0.007076,0.011986
0.0346816,1427.71,0.007076,0.011986
0.0317211,1759.26,0.007075,0.011983
0.041852,920.928,0.007076,0.011998
0.0433545,712.523,0.007077,0.012007
0.0597813,208.413,0.00708,0.012057
0.0363356,1151.44,0.007076,0.011991
0.0297254,1759.26,0.007075,0.011983
0.0384641,1151.44,0.007076,0.011991
0.0430502,712.523,0.007077,0.012007
0.0616868,184.943,0.00708,0.012055
0.0137612,1032.53,0.007076,0.011994
0.0504133,382.483,0.007078,0.012033
0.0284875,1759.26,0.007075,0.011983
0.00468007,805.801,0.007076,0.012002
0.0171021,1151.44,0.007076,0.011991
0.0143456,1151.44,0.007076,0.011991
0.010778,1032.53,0.007076,0.011994
0.064365,212.993,0.007079,0.012041
0.0589234,208.413,0.00708,0.012057
0.00816737,2325.66,0.007078,0.012025
0.0211627,2780.4,0.007077,0.012007
0.00770091,2325.66,0.007078,0.012025
0.0553144,1744.2,0.007079,0.012043
0.0527436,1886.27,0.007079,0.012038
0.0610209,1609.66,0.007079,0.012048
0.0404699,2435.78,0.007077,0.012022
0.0484203,2033.5,0.007078,0.012033
0.00138361,2224.65,0.007078,0.012027
0.00845341,2435.78,0.007077,0.012022
0.0460042,2224.65,0.007078,0.012027
0.044724,2224.65,0.007078,0.012027
0.052481,1886.27,0.007079,0.012038
0.0587084,1609.66,0.007079,0.012048
0.0398523,2679.34,0.007077,0.012009
0.0546788,1886.27,0.007079,0.012038
0.0656861,1362.66,0.00708,0.012058
0.0601704,1609.66,0.007079,0.012048
0.0323095,3531.99,0.007076,0.011994
0.0374813,2679.34,0.007077,0.012009
0.0306386,3531.99,0.007076,0.011994
0.0343902,2930.17,0.007076,0.012003
0.0353944,2930.17,0.007076,0.012003
0.00396625,2224.65,0.007078,0.012027
0.00929854,2435.78,0.007077,0.012022
0.00527919,2325.66,0.007078,0.012025
0.00394976,2224.65,0.007078,0.012027
0.0189996,2679.34,0.007077,0.012009
0.0646374,1381.73,0.00708,0.012054
0.0653953,1381.73,0.00708,0.012054
0.00553284,2325.66,0.007078,0.012025
0.0473302,2224.65,0.007078,0.012027
0.00137165,2224.65,0.007078,0.012027
0.0190397,2780.4,0.007077,0.012007
0.0610991,1609.66,0.007079,0.012048
0.0424339,2435.78,0.007077,0.012022
0.0517971,1886.27,0.007079,0.012038
0.0492101,2033.5,0.007078,0.012033
0.0423,2435.78,0.007077,0.012022
0.0228167,2930.17,0.007076,0.012003
0.0451038,2224.65,0.007078,0.012027
0.0628785,1381.73,0.00708,0.012054
0.00408748,2224.65,0.007078,0.012027
0.0460013,2224.65,0.007078,0.012027
0.0516265,1886.27,0.007079,0.012038
0.000435905,2112.15,0.007078,0.01203
0.0342776,2930.17,0.007076,0.012003
0.0514273,1886.27,0.007079,0.012038
0.00334436,2224.65,0.007078,0.012027
0.0556043,1744.2,0.007079,0.012043
0.0358167,2930.17,0.007076,0.012003
0.0460123,2224.65,0.007078,0.012027
0.00323854,2224.65,0.007078,0.012027
0.0191099,2780.4,0.007077,0.012007
0.00651137,2325.66,0.007078,0.012025
0.0336388,2930.17,0.007076,0.012003
0.0137893,2543.66,0.007077,0.012019
0.0620025,1381.73,0.00708,0.012054
0.0427042,2435.78,0.007077,0.012022
0.0635661,1381.73,0.00708,0.012054
0.04289,2435.78,0.007077,0.012022
0.00833411,2435.78,0.007077,0.012022
0.00303355,2224.65,0.007078,0.012027
0.0396184,2679.34,0.007077,0.012009
0.0429995,2435.78,0.007077,0.012022
0.0316168,3531.99,0.007076,0.011994
0.0499981,2033.5,0.007078,0.012033
0.0575151,1744.2,0.007079,0.012043
0.0473662,2224.65,0.007078,0.012027
0.0491678,2033.5,0.007078,0.012033
0.0472466,2224.65,0.007078,0.012027
0.0223885,2780.4,0.007077,0.012007
0.0616359,1609.66,0.007079,0.012048
0.0317059,3531.99,0.007076,0.011994
0.0559919,1744.2,0.007079,0.012043
0.0402636,2679.34,0.007077,0.012009
0.0164869,2679.34,0.007077,0.012009
0.0121596,2543.66,0.007077,0.012019
0.0145593,2543.66,0.007077,0.012019
0.0445728,2224.65,0.007078,0.012027
0.0626555,1381.73,0.00708,0.012054
0.0363308,2930.17,0.007076,0.012003
0.0182439,2679.34,0.007077,0.012009
0.0491686,2033.5,0.007078,0.012033
0.0483323,2033.5,0.007078,0.012033
0.0384775,2679.34,0.007077,0.012009
0.0334133,2930.17,0.007076,0.012003
0.0194044,2780.4,0.007077,0.012007
0.0312834,3531.99,0.007076,0.011994
7.63064e-05,2112.15,0.007078,0.01203
0.0345503,2930.17,0.007076,0.012003
0.0442727,2224.65,0.007078,0.012027
0.0658731,1362.66,0.00708,0.012058
0.0221438,2780.4,0.007077,0.012007
0.0039825,2224.65,0.007078,0.012027
0.0405565,2435.78,0.007077,0.012022
0.0587958,1609.66,0.007079,0.012048
0.0536124,1886.27,0.007079,0.012038
0.0602057,1609.66,0.007079,0.012048
0.0555895,1744.2,0.007079,0.012043
0.0415478,2435.78,0.007077,0.012022
0.0616879,1609.66,0.007079,0.012048
0.0489085,2033.5,0.007078,0.012033
0.0135501,2543.66,0.007077,0.012019
0.0464868,2224.65,0.007078,0.012027
0.00888776,2435.78,0.007077,0.012022
0.0109006,2435.78,0.007077,0.012022
0.00324381,2224.65,0.007078,0.012027
0.0332083,3531.99,0.007076,0.011994
0.0429811,2435.78,0.007077,0.012022
0.0567068,1744.2,0.007079,0.012043
0.0481319,2033.5,0.007078,0.012033
0.0342623,2930.17,0.007076,0.012003
0.000163935,2112.15,0.007078,0.01203
0.0604707,1609.66,0.007079,0.012048
0.038733,2679.34,0.007077,0.012009
0.0642657,1381.73,0.00708,0.012054
0.018062,2679.34,0.007077,0.012009
0.0144176,2543.66,0.007077,0.012019
0.0272616,3068.89,0.007076,0.011999
0.0157699,2679.34,0.007077,0.012009
0.0501012,2033.5,0.007078,0.012033
0.0216026,2780.4,0.007077,0.012007
0.0465002,2224.65,0.007078,0.012027
0.00673205,2325.66,0.007078,0.012025
0.0644153,1381.73,0.00708,0.012054
0.00374113,2224.65,0.007078,0.012027
0.0314657,3531.99,0.007076,0.011994
0.0340517,2930.17,0.007076,0.012003
0.04703,2224.65,0.007078,0.012027
0.00201611,2224.65,0.007078,0.012027
0.0258639,2930.17,0.007076,0.012003
0.0479344,2033.5,0.007078,0.012033
0.0565135,1744.2,0.007079,0.012043
0.0162459,2679.34,0.007077,0.012009
0.00100057,2112.15,0.007078,0.01203
0.00388364,2224.65,0.007078,0.012027
0.0319101,3531.99,0.007076,0.011994
0.0326686,3531.99,0.007076,0.011994
0.060284,1609.66,0.007079,0.012048
0.0210482,2780.4,0.007077,0.012007
0.00320501,2224.65,0.007078,0.012027
0.0350833,2930.17,0.007076,0.012003
0.0194386,2780.4,0.007077,0.012007
0.0285998,3068.89,0.007076,0.011999
0.0300624,3531.99,0.007076,0.011994
0.00784529,2325.66,0.007078,0.012025
0.00773219,2325.66,0.007078,0.012025
0.04023,2679.34,0.007077,0.012009
0.00978097,2435.78,0.007077,0.012022
0.025232,2930.17,0.007076,0.012003
0.0253218,2930.17,0.007076,0.012003
0.00322378,2224.65,0.007078,0.012027
0.0212094,2780.4,0.007077,0.012007
0.0346521,2930.17,0.007076,0.012003
0.0358471,2930.17,0.007076,0.012003
0.026507,3068.89,0.007076,0.011999
0.0392732,2679.34,0.007077,0.012009
0.0433229,2435.78,0.007077,0.012022
0.0153337,2543.66,0.007077,0.012019
0.00158209,2224.65,0.007078,0.012027
0.0566096,1744.2,0.007079,0.012043
0.00749227,2325.66,0.007078,0.012025
0.038593,2679.34,0.007077,0.012009
0.0169003,2679.34,0.007077,0.012009
0.0646886,1381.73,0.00708,0.012054
0.0253075,2930.17,0.007076,0.012003
0.0463749,2224.65,0.007078,0.012027
0.0220911,2780.4,0.007077,0.012007
0.049104,2033.5,0.007078,0.012033
0.0289497,3068.89,0.007076,0.011999
0.0535163,1886.27,0.007079,0.012038
0.00258677,2224.65,0.007078,0.012027
0.0192012,2780.4,0.007077,0.012007
0.0488714,2033.5,0.007078,0.012033
0.0220709,2780.4,0.007077,0.012007
0.0576361,1744.2,0.007079,0.012043
0.0538248,1886.27,0.007079,0.012038
0.0131813,2543.66,0.007077,0.012019
0.0181064,2679.34,0.007077,0.012009
0.0026269,2224.65,0.007078,0.012027
0.00476248,2325.66,0.007078,0.012025
0.0258465,2930.17,0.007076,0.012003
0.0618107,1609.66,0.007079,0.012048
0.04199,2435.78,0.007077,0.012022
0.0368612,2930.17,0.007076,0.012003
0.0518681,1886.27,0.007079,0.012038
0.0218839,2780.4,0.007077,0.012007
0.0221034,2780.4,0.007077,0.012007
0.0506972,2033.5,0.007078,0.012033
0.040344,2679.34,0.007077,0.012009
0.039852,2679.34,0.007077,0.012009
0.0565376,1744.2,0.007079,0.012043
0.0162069,2679.34,0.007077,0.012009
0.063499,1381.73,0.00708,0.012054
0.02046,2780.4,0.007077,0.012007
0.0276697,3068.89,0.007076,0.011999
0.038641,2679.34,0.007077,0.012009
0.0151716,2543.66,0.007077,0.012019
0.0557565,1744.2,0.007079,0.012043
0.00061347,2112.15,0.007078,0.01203
0.0463827,2224.65,0.007078,0.012027
0.0419638,2435.78,0.007077,0.012022
0.0106725,2435.78,0.007077,0.012022
0.0303249,3531.99,0.007076,0.011994
0.0233487,2930.17,0.007076,0.012003
0.00180711,2224.65,0.007078,0.012027
0.0148238,2543.66,0.007077,0.012019
0.0146195,2543.66,0.007077,0.012019
0.0586163,1609.66,0.007079,0.012048
0.0391948,2679.34,0.007077,0.012009
0.0198036,2780.4,0.007077,0.012007
0.0641055,1381.73,0.00708,0.012054
0.0183276,2679.34,0.007077,0.012009
0.0303566,3531.99,0.007076,0.011994
0.0643781,677.103,0.00708,0.012058
0.0403773,1713.08,0.007077,0.012009
0.0555832,879.493,0.007079,0.012042
0.0171993,1713.08,0.007077,0.012009
0.0303617,2265,0.007076,0.011999
0.0371882,2056.23,0.007076,0.012002
0.0436552,1433.09,0.007077,0.012016
0.0553653,879.493,0.007079,0.012042
0.00440138,1220.54,0.007078,0.012024
0.00645987,1320.33,0.007077,0.01202
0.0396896,1713.08,0.007077,0.012009
0.0598085,705.408,0.00708,0.012055
0.0450489,1220.54,0.007078,0.012024
0.0419751,1433.09,0.007077,0.012016
0.0584625,768.825,0.00708,0.01205
0.0568481,768.825,0.00708,0.01205
0.0344193,2056.23,0.007076,0.012002
0.0411522,1713.08,0.007077,0.012009
0.0558232,768.825,0.00708,0.01205
0.0538903,879.493,0.007079,0.012042
0.0612099,705.408,0.00708,0.012055
0.000476226,1125.18,0.007078,0.012028
0.0113361,1433.09,0.007077,0.012016
0.0434926,1433.09,0.007077,0.012016
0.0440193,1433.09,0.007077,0.012016
0.0654383,677.103,0.00708,0.012058
0.0215867,1888.46,0.007076,0.012005
0.0227362,1888.46,0.007076,0.012005
0.0612453,705.408,0.00708,0.012055
0.0119463,1433.09,0.007077,0.012016
0.0381616,1713.08,0.007077,0.012009
0.0249401,2056.23,0.007076,0.012002
0.0491816,1035.5,0.007078,0.012033
0.0356345,2056.23,0.007076,0.012002
0.0476132,1220.54,0.007078,0.012024
0.0546276,879.493,0.007079,0.012042
0.0117409,1433.09,0.007077,0.012016
0.0407526,1713.08,0.007077,0.012009
0.043802,1433.09,0.007077,0.012016
0.0646888,677.103,0.00708,0.012058
0.00273826,1220.54,0.007078,0.012024
0.0279389,2265,0.007076,0.011999
0.0315935,2468.75,0.007076,0.011997
0.0318897,2468.75,0.007076,0.011997
0.00670221,1320.33,0.007077,0.01202
0.0548779,879.493,0.007079,0.012042
0.0610083,705.408,0.00708,0.012055
0.00698938,1320.33,0.007077,0.01202
0.0638942,677.103,0.00708,0.012058
0.00502548,1220.54,0.007078,0.012024
0.01537,1568.4,0.007077,0.012013
0.0388328,1713.08,0.007077,0.012009
0.0604254,705.408,0.00708,0.012055
0.0109084,1433.09,0.007077,0.012016
0.00348661,1220.54,0.007078,0.012024
0.000759338,1125.18,0.007078,0.012028
0.0298058,2265,0.007076,0.011999
0.00397686,1220.54,0.007078,0.012024
0.0462083,1220.54,0.007078,0.012024
0.0570061,768.825,0.00708,0.01205
0.03232,2468.75,0.007076,0.011997
0.0185584,1713.08,0.007077,0.012009
0.0265494,2056.23,0.007076,0.012002
0.00892828,1320.33,0.007077,0.01202
0.0145721,1568.4,0.007077,0.012013
0.0363468,2056.23,0.007076,0.012002
0.00311294,1220.54,0.007078,0.012024
0.0359439,2056.23,0.007076,0.012002
0.0187992,1713.08,0.007077,0.012009
0.0445856,1433.09,0.007077,0.012016
0.0328862,2468.75,0.007076,0.011997
0.0384467,1713.08,0.007077,0.012009
0.0266813,2056.23,0.007076,0.012002
0.0221382,1888.46,0.007076,0.012005
0.00164021,1125.18,0.007078,0.012028
0.00928829,1433.09,0.007077,0.012016
0.0179066,1713.08,0.007077,0.012009
0.0083873,1320.33,0.007077,0.01202
0.00572499,1320.33,0.007077,0.01202
0.0306066,2265,0.007076,0.011999
0.0319807,2468.75,0.007076,0.011997
0.0363037,2056.23,0.007076,0.012002
0.0300956,2265,0.007076,0.011999
0.0142517,1568.4,0.007077,0.012013
0.020647,1888.46,0.007076,0.012005
0.005209,1220.54,0.007078,0.012024
0.0636921,677.103,0.00708,0.012058
0.0550507,879.493,0.007079,0.012042
0.0515717,1035.5,0.007078,0.012033
0.0540095,879.493,0.007079,0.012042
0.0217784,1888.46,0.007076,0.012005
0.0269764,2056.23,0.007076,0.012002
0.0642148,677.103,0.00708,0.012058
0.000394649,1125.18,0.007078,0.012028
0.0197102,1713.08,0.007077,0.012009
0.0182388,1713.08,0.007077,0.012009
0.0502861,1035.5,0.007078,0.012033
0.000976363,1125.18,0.007078,0.012028
0.0061597,1320.33,0.007077,0.01202
0.0176236,1713.08,0.007077,0.012009
0.0510224,1035.5,0.007078,0.012033
0.0498321,1035.5,0.007078,0.012033
0.0655638,677.103,0.00708,0.012058
0.0123157,1433.09,0.007077,0.012016
0.0484119,1220.54,0.007078,0.012024
0.0113448,1433.09,0.007077,0.012016
0.0484195,1220.54,0.007078,0.012024
0.0197532,1713.08,0.007077,0.012009
0.0583509,768.825,0.00708,0.01205
0.00422216,1220.54,0.007078,0.012024
0.0213092,1888.46,0.007076,0.012005
0.0338832,2468.75,0.007076,0.011997
0.0187859,1713.08,0.007077,0.012009
0.0320719,2468.75,0.007076,0.011997
0.0470746,1220.54,0.007078,0.012024
0.013592,1568.4,0.007077,0.012013
0.0502419,1035.5,0.007078,0.012033
0.0498966,1035.5,0.007078,0.012033
0.0525336,879.493,0.007079,0.012042
0.0187061,1713.08,0.007077,0.012009
0.046907,1220.54,0.007078,0.012024
0.0341466,2468.75,0.007076,0.011997
0.00426188,1220.54,0.007078,0.012024
0.0352958,2056.23,0.007076,0.012002
0.00687473,1320.33,0.007077,0.01202
0.0237656,2056.23,0.007076,0.012002
0.0553728,879.493,0.007079,0.012042
0.037785,2056.23,0.007076,0.012002
0.0608955,705.408,0.00708,0.012055
0.0292357,2265,0.007076,0.011999
0.0461005,1220.54,0.007078,0.012024
0.0598771,705.408,0.00708,0.012055
0.00257754,1220.54,0.007078,0.012024
0.0240824,2056.23,0.007076,0.012002
0.0482202,1220.54,0.007078,0.012024
0.000969986,1125.18,0.007078,0.012028
0.0274623,2265,0.007076,0.011999
0.00218753,1220.54,0.007078,0.012024
0.041243,1713.08,0.007077,0.012009
0.0551528,879.493,0.007079,0.012042
0.0233677,1888.46,0.007076,0.012005
0.0621806,705.408,0.00708,0.012055
0.0188428,1713.08,0.007077,0.012009
0.0471165,1220.54,0.007078,0.012024
0.0514809,1035.5,0.007078,0.012033
0.0358743,2056.23,0.007076,0.012002
0.032435,2468.75,0.007076,0.011997
0.00490195,1220.54,0.007078,0.012024
0.0331112,2468.75,0.007076,0.011997
0.052189,879.493,0.007079,0.012042
0.0504151,1035.5,0.007078,0.012033
0.0241794,2056.23,0.007076,0.012002
0.0234826,1888.46,0.007076,0.012005
0.00452414,1220.54,0.007078,0.012024
0.0309846,2468.75,0.007076,0.011997
0.0256759,2056.23,0.007076,0.012002
0.0165083,1713.08,0.007077,0.012009
0.0568422,768.825,0.00708,0.01205
0.0222791,1888.46,0.007076,0.012005
0.0535732,879.493,0.007079,0.012042
0.0376195,2056.23,0.007076,0.012002
0.0499195,1035.5,0.007078,0.012033
0.0340228,2468.75,0.007076,0.011997
0.058886,768.825,0.00708,0.01205
0.0148155,1568.4,0.007077,0.012013
0.0356282,2056.23,0.007076,0.012002
0.0149688,1568.4,0.007077,0.012013
0.00605545,1320.33,0.007077,0.01202
0.0483966,1220.54,0.007078,0.012024
0.037159,2056.23,0.007076,0.012002
0.0218006,1888.46,0.007076,0.012005
0.0277064,2265,0.007076,0.011999
0.0529127,879.493,0.007079,0.012042
0.0389866,1713.08,0.007077,0.012009
0.0512065,1035.5,0.007078,0.012033
0.0313818,2468.75,0.007076,0.011997
0.0333981,2468.75,0.007076,0.011997
0.0271151,2056.23,0.007076,0.012002
0.0598804,705.408,0.00708,0.012055
0.00827048,1320.33,0.007077,0.01202
0.0379688,1713.08,0.007077,0.012009
0.0050103,1220.54,0.007078,0.012024
0.0221226,1888.46,0.007076,0.012005
0.00124868,1125.18,0.007078,0.012028
0.0376585,2056.23,0.007076,0.012002
0.0587613,768.825,0.00708,0.01205
0.0397153,1713.08,0.007077,0.012009
0.0463427,1220.54,0.007078,0.012024
0.0450624,1220.54,0.007078,0.012024
0.0461394,1220.54,0.007078,0.012024
0.0176791,1713.08,0.007077,0.012009
0.0127541,1433.09,0.007077,0.012016
0.0174752,1713.08,0.007077,0.012009
0.0118355,1433.09,0.007077,0.012016
0.0420046,1433.09,0.007077,0.012016
0.00706629,1320.33,0.007077,0.01202
0.0205897,1888.46,0.007076,0.012005
0.0588751,768.825,0.00708,0.01205
0.0103878,1433.09,0.007077,0.012016
0.0455058,1220.54,0.007078,0.012024
0.0143667,1568.4,0.007077,0.012013
0.0316402,2468.75,0.007076,0.011997
0.0504008,1035.5,0.007078,0.012033
0.0344547,2056.23,0.007076,0.012002
0.0288689,2265,0.007076,0.011999
0.0314606,2468.75,0.007076,0.011997
0.0629786,677.103,0.00708,0.012058
0.020344,1888.46,0.007076,0.012005
0.0645415,677.103,0.00708,0.012058
0.00267311,1220.54,0.007078,0.012024
0.0363551,2056.23,0.007076,0.012002
0.0282407,2265,0.007076,0.011999
0.00308704,1220.54,0.007078,0.012024
0.0420622,1433.09,0.007077,0.012016
0.0423897,1433.09,0.007077,0.012016
0.0355834,2056.23,0.007076,0.012002
0.00166481,1125.18,0.007078,0.012028
0.00272339,1220.54,0.007078,0.012024
0.0278904,2265,0.007076,0.011999
0.0165593,1713.08,0.007077,0.012009
0.0133694,1568.4,0.007077,0.012013
0.0630546,677.103,0.00708,0.012058
0.0188395,1713.08,0.007077,0.012009
0.0351624,2056.23,0.007076,0.012002
0.058219,768.825,0.00708,0.01205
0.0654652,677.103,0.00708,0.012058
0.0449264,1433.09,0.007077,0.012016
0.00358573,1220.54,0.007078,0.012024
0.00936156,1433.09,0.007077,0.012016
0.0253301,2056.23,0.007076,0.012002
0.0115725,1433.09,0.007077,0.012016
0.0124083,1433.09,0.007077,0.012016
0.0168457,1713.08,0.007077,0.012009
0.0575999,768.825,0.00708,0.01205
0.0407838,1730.05,0.007077,0.012018
0.0410898,1730.05,0.007077,0.012018
0.0474612,1297.74,0.007078,0.012034
0.00479081,1612.4,0.007077,0.012022
0.0519623,1149.01,0.007079,0.012041
0.0556195,1025.72,0.007079,0.012048
0.0124998,1849.27,0.007077,0.012015
0.0660967,911.107,0.00708,0.012058
0.036021,2320.77,0.007076,0.012006
0.019356,2161.36,0.007077,0.012009
0.0631677,900.49,0.00708,0.012057
0.0191735,2161.36,0.007077,0.012009
0.0542073,1149.01,0.007079,0.012041
0.054118,1149.01,0.007079,0.012041
0.00601799,1612.4,0.007077,0.012022
0.0535543,1149.01,0.007079,0.012041
0.0485679,1297.74,0.007078,0.012034
0.0100707,1730.05,0.007077,0.012018
0.0622762,900.49,0.00708,0.012057
0.0133098,1849.27,0.007077,0.012015
0.0226079,2320.77,0.007076,0.012006
0.036791,2006.69,0.007077,0.012012
0.0503638,1297.74,0.007078,0.012034
0.00130472,1487.08,0.007078,0.012026
0.0176503,2006.69,0.007077,0.012012
0.0650715,911.107,0.00708,0.012058
0.0130504,1849.27,0.007077,0.012015
0.0105274,1730.05,0.007077,0.012018
0.00184674,1487.08,0.007078,0.012026
0.0555954,1025.72,0.007079,0.012048
0.0180336,2006.69,0.007077,0.012012
0.00477117,1612.4,0.007077,0.012022
0.0485127,1297.74,0.007078,0.012034
0.0555066,1025.72,0.007079,0.012048
0.0470898,1487.08,0.007078,0.012026
0.0395042,2006.69,0.007077,0.012012
0.0417963,1730.05,0.007077,0.012018
0.0409847,1730.05,0.007077,0.012018
0.0297619,2805.78,0.007076,0.011992
0.0146907,1849.27,0.007077,0.012015
0.0607066,941.641,0.00708,0.012054
0.061582,900.49,0.00708,0.012057
0.0193469,2161.36,0.007077,0.012009
0.000514457,1394.24,0.007078,0.01203
0.0395203,2006.69,0.007077,0.012012
0.0148387,1849.27,0.007077,0.012015
0.0181635,2006.69,0.007077,0.012012
0.0495071,1297.74,0.007078,0.012034
0.00490279,1612.4,0.007077,0.012022
0.0649984,911.107,0.00708,0.012058
0.0375878,2006.69,0.007077,0.012012
0.00889872,1730.05,0.007077,0.012018
0.0538206,1149.01,0.007079,0.012041
0.0383648,2006.69,0.007077,0.012012
0.0379965,2006.69,0.007077,0.012012
0.00203592,1487.08,0.007078,0.012026
0.0446568,1487.08,0.007078,0.012026
0.0126514,1849.27,0.007077,0.012015
0.002332,1487.08,0.007078,0.012026
0.0136172,1849.27,0.007077,0.012015
0.0236608,2320.77,0.007076,0.012006
0.04617,1487.08,0.007078,0.012026
0.0211329,2161.36,0.007077,0.012009
0.0581628,941.641,0.00708,0.012054
0.0189407,2161.36,0.007077,0.012009
0.0617349,900.49,0.00708,0.012057
0.0241931,2320.77,0.007076,0.012006
0.0329739,2320.77,0.007076,0.012006
0.0484789,1297.74,0.007078,0.012034
0.0605226,941.641,0.00708,0.012054
0.0166958,2006.69,0.007077,0.012012
0.0186552,2161.36,0.007077,0.012009
0.0248194,2320.77,0.007076,0.012006
0.000968352,1487.08,0.007078,0.012026
0.0440234,1487.08,0.007078,0.012026
0.0448035,1487.08,0.007078,0.012026
0.0266111,2558.52,0.007076,0.011996
0.0305987,2805.78,0.007076,0.011992
0.0582997,941.641,0.00708,0.012054
0.0530501,1149.01,0.007079,0.012041
0.000234662,1394.24,0.007078,0.01203
0.0125979,1849.27,0.007077,0.012015
0.0473127,1297.74,0.007078,0.012034
0.019105,2161.36,0.007077,0.012009
0.033818,2320.77,0.007076,0.012006
0.058483,941.641,0.00708,0.012054
0.00291716,1487.08,0.007078,0.012026
0.0129494,1849.27,0.007077,0.012015
0.0379781,2006.69,0.007077,0.012012
0.0123137,1849.27,0.007077,0.012015
0.0105892,1730.05,0.007077,0.012018
0.0368019,2006.69,0.007077,0.012012
0.0507142,1149.01,0.007079,0.012041
0.0292653,2805.78,0.007076,0.011992
0.0141715,1849.27,0.007077,0.012015
0.0459075,1487.08,0.007078,0.012026
0.00452392,1612.4,0.007077,0.012022
0.0540762,1149.01,0.007079,0.012041
0.0137886,1849.27,0.007077,0.012015
0.0343954,2320.77,0.007076,0.012006
0.0351484,2320.77,0.007076,0.012006
0.0106699,1730.05,0.007077,0.012018
0.0601358,941.641,0.00708,0.012054
0.0625952,900.49,0.00708,0.012057
0.0217953,2161.36,0.007077,0.012009
0.0167436,2006.69,0.007077,0.012012
0.00479205,1612.4,0.007077,0.012022
0.0377028,2006.69,0.007077,0.012012
0.0428253,1730.05,0.007077,0.012018
0.0621637,900.49,0.00708,0.012057
0.0452954,1487.08,0.007078,0.012026
0.0211753,2161.36,0.007077,0.012009
0.0660095,911.107,0.00708,0.012058
0.0372224,2006.69,0.007077,0.012012
0.0634962,900.49,0.00708,0.012057
0.0501015,1297.74,0.007078,0.012034
0.0583785,941.641,0.00708,0.012054
0.010581,1730.05,0.007077,0.012018
0.0525592,1149.01,0.007079,0.012041
0.0654462,911.107,0.00708,0.012058
0.00176317,1487.08,0.007078,0.012026
0.027824,2558.52,0.007076,0.011996
0.0502615,1297.74,0.007078,0.012034
0.0362047,2320.77,0.007076,0.012006
0.022628,2320.77,0.007076,0.012006
0.0430636,1730.05,0.007077,0.012018
0.0303424,2805.78,0.007076,0.011992
0.0420769,1730.05,0.007077,0.012018
0.0359057,2320.77,0.007076,0.012006
0.0400114,1730.05,0.007077,0.012018
0.0614886,900.49,0.00708,0.012057
0.0209927,2161.36,0.007077,0.012009
0.0453035,1487.08,0.007078,0.012026
0.0095073,1730.05,0.007077,0.012018
0.0147573,1849.27,0.007077,0.012015
0.0463506,1487.08,0.007078,0.012026
0.00113087,1487.08,0.007078,0.012026
0.0296545,2805.78,0.007076,0.011992
0.0580247,941.641,0.00708,0.012054
0.0242573,2320.77,0.007076,0.012006
0.04873,1297.74,0.007078,0.012034
0.00216685,1487.08,0.007078,0.012026
0.0385767,2006.69,0.007077,0.012012
0.047342,1297.74,0.007078,0.012034
0.0575213,1025.72,0.007079,0.012048
0.0069098,1612.4,0.007077,0.012022
0.000986816,1487.08,0.007078,0.012026
0.0238599,2320.77,0.007076,0.012006
0.0614814,900.49,0.00708,0.012057
0.0606306,941.641,0.00708,0.012054
0.0256203,2320.77,0.007076,0.012006
0.0218166,2161.36,0.007077,0.012009
0.0103314,1730.05,0.007077,0.012018
0.0463578,1487.08,0.007078,0.012026
0.000226292,1394.24,0.007078,0.01203
0.0368218,2006.69,0.007077,0.012012
0.0569074,1025.72,0.007079,0.012048
0.0438712,1487.08,0.007078,0.012026
0.0333247,2320.77,0.007076,0.012006
0.0302485,2805.78,0.007076,0.011992
0.00910135,1730.05,0.007077,0.012018
0.0570758,1025.72,0.007079,0.012048
0.0354214,2320.77,0.007076,0.012006
0.0169962,2006.69,0.007077,0.012012
0.0300328,2805.78,0.007076,0.011992
0.0214057,2161.36,0.007077,0.012009
0.0292771,2805.78,0.007076,0.011992
0.018306,2006.69,0.007077,0.012012
0.059774,941.641,0.00708,0.012054
0.0511593,1149.01,0.007079,0.012041
0.0388422,2006.69,0.007077,0.012012
0.0123472,1849.27,0.007077,0.012015
0.0121063,1849.27,0.007077,0.012015
0.0271645,2558.52,0.007076,0.011996
0.0120517,1849.27,0.007077,0.012015
0.0577937,1025.72,0.007079,0.012048
0.0362815,2320.77,0.007076,0.012006
0.0520363,1149.01,0.007079,0.012041
0.0573555,1025.72,0.007079,0.012048
0.0421538,1730.05,0.007077,0.012018
0.0306614,2805.78,0.007076,0.011992
0.0416826,1730.05,0.007077,0.012018
0.0452482,1487.08,0.007078,0.012026
0.0125944,1849.27,0.007077,0.012015
0.012774,1849.27,0.007077,0.012015
0.0346119,2320.77,0.007076,0.012006
0.00707803,1612.4,0.007077,0.012022
0.0153606,2006.69,0.007077,0.012012
0.0328827,2320.77,0.007076,0.012006
0.0578649,941.641,0.00708,0.012054
0.0142876,1849.27,0.007077,0.012015
0.0374495,2006.69,0.007077,0.012012
0.0576745,1025.72,0.007079,0.012048
0.0379866,2006.69,0.007077,0.012012
5.13636e-05,1394.24,0.007078,0.01203
0.0243977,2320.77,0.007076,0.012006
0.00255494,1487.08,0.007078,0.012026
0.0029463,1487.08,0.007078,0.012026
0.000385784,1394.24,0.007078,0.01203
0.0167841,2006.69,0.007077,0.012012
0.0112918,1730.05,0.007077,0.012018
0.0498039,1297.74,0.007078,0.012034
0.051278,1149.01,0.007079,0.012041
0.0154622,2006.69,0.007077,0.012012
0.0511771,1149.01,0.007079,0.012041
0.0525429,1149.01,0.007079,0.012041
0.00665828,1612.4,0.007077,0.012022
0.00288455,1487.08,0.007078,0.012026
0.00969613,1730.05,0.007077,0.012018
0.0340699,2320.77,0.007076,0.012006
0.048438,1297.74,0.007078,0.012034
0.0441123,1487.08,0.007078,0.012026
0.00782938,1730.05,0.007077,0.012018
0.0536767,1149.01,0.007079,0.012041
0.041387,1730.05,0.007077,0.012018
0.0609145,941.641,0.00708,0.012054
0.035652,2320.77,0.007076,0.012006
0.0404822,2006.69,0.007077,0.012012
0.0343782,2320.77,0.007076,0.012006
0.0589842,941.641,0.00708,0.012054
0.0174595,2006.69,0.007077,0.012012
0.0576323,1025.72,0.007079,0.012048
0.025988,2320.77,0.007076,0.012006
0.0481304,1297.74,0.007078,0.012034
0.0229525,2320.77,0.007076,0.012006
0.0217154,2161.36,0.007077,0.012009
0.0545886,1149.01,0.007079,0.012041
0.0528039,1149.01,0.007079,0.012041
0.0427094,1730.05,0.007077,0.012018
0.0311878,2805.78,0.007076,0.011992
0.0589873,941.641,0.00708,0.012054
0.0402701,2006.69,0.007077,0.012012
0.0375079,2006.69,0.007077,0.012012
0.0399302,2006.69,0.007077,0.012012
0.0510176,1297.74,0.007078,0.012034
0.0319102,2805.78,0.007076,0.011992
0.0478052,1487.08,0.007078,0.012026
0.031638,2805.78,0.007076,0.011992
0.0271063,2558.52,0.007076,0.011996
0.0240846,2320.77,0.007076,0.012006
0.0246155,2320.77,0.007076,0.012006
0.0164022,2006.69,0.007077,0.012012
0.0571476,1025.72,0.007079,0.012048
0.0300271,2558.52,0.007076,0.011996
0.0353849,2320.77,0.007076,0.012006
0.0369696,2320.77,0.007076,0.012006
0.0528468,1149.01,0.007079,0.012041
0.0167115,2006.69,0.007077,0.012012
0.061913,941.641,0.00708,0.012054
0.0440638,1730.05,0.007077,0.012018
0.000212465,1394.24,0.007078,0.01203
0.00505894,1487.08,0.007078,0.012026
0.0612818,941.641,0.00708,0.012054
0.0270204,2558.52,0.007076,0.011996
0.00849947,1612.4,0.007077,0.012022
0.00680765,1612.4,0.007077,0.012022
0.0165946,2006.69,0.007077,0.012012
0.0305685,2805.78,0.007076,0.011992
0.0423987,1730.05,0.007077,0.012018
0.0427169,1730.05,0.007077,0.012018
0.0420618,1730.05,0.007077,0.012018
0.0622317,941.641,0.00708,0.012054
0.0196588,2161.36,0.007077,0.012009
0.0325331,2805.78,0.007076,0.011992
0.00385218,1487.08,0.007078,0.012026
0.0162573,2006.69,0.007077,0.012012
0.0146682,1849.27,0.007077,0.012015
0.0374745,2006.69,0.007077,0.012012
0.064591,900.49,0.00708,0.012057
0.0112283,1730.05,0.007077,0.012018
0.0201783,2161.36,0.007077,0.012009
0.0453692,1487.08,0.007078,0.012026
0.056775,1025.72,0.007079,0.012048
0.027983,2558.52,0.007076,0.011996
0.0190876,2006.69,0.007077,0.012012
0.0311514,2805.78,0.007076,0.011992
0.0373784,2006.69,0.007077,0.012012
0.0430683,1730.05,0.007077,0.012018
0.00439077,1487.08,0.007078,0.012026
0.0506078,1297.74,0.007078,0.012034
0.0396344,2006.69,0.007077,0.012012
0.0472282,1487.08,0.007078,0.012026
0.0209205,2161.36,0.007077,0.012009
0.00801118,1612.4,0.007077,0.012022
0.0368261,2320.77,0.007076,0.012006
0.0481736,1297.74,0.007078,0.012034
0.0501057,1297.74,0.007078,0.012034
0.01546,1849.27,0.007077,0.012015
0.0313034,2805.78,0.007076,0.011992
0.031443,2805.78,0.007076,0.011992
0.04827,1297.74,0.007078,0.012034
0.0562559,1025.72,0.007079,0.012048
0.0495231,1297.74,0.007078,0.012034
0.0157042,1849.27,0.007077,0.012015
0.0241169,2320.77,0.007076,0.012006
0.065129,900.49,0.00708,0.012057
0.035718,2320.77,0.007076,0.012006
0.0150718,1849.27,0.007077,0.012015
0.0466666,1487.08,0.007078,0.012026
0.0445436,1487.08,0.007078,0.012026
0.0392059,2006.69,0.007077,0.012012
0.0525042,1149.01,0.007079,0.012041
0.0218993,2161.36,0.007077,0.012009
0.00557669,1612.4,0.007077,0.012022
0.0495105,1297.74,0.007078,0.012034
0.0490564,1297.74,0.007078,0.012034
0.0434567,1730.05,0.007077,0.012018
0.0449356,1487.08,0.007078,0.012026
0.0620438,941.641,0.00708,0.012054
0.0639631,900.49,0.00708,0.012057
0.0491209,1297.74,0.007078,0.012034
0.00311597,1487.08,0.007078,0.012026
0.0255814,2320.77,0.007076,0.012006
0.0380763,2006.69,0.007077,0.012012
0.0256358,2320.77,0.007076,0.012006
0.0601252,941.641,0.00708,0.012054
0.0503297,1297.74,0.007078,0.012034
0.0627367,900.49,0.00708,0.012057
0.0570739,1025.72,0.007079,0.012048
0.0157622,1849.27,0.007077,0.012015
0.0262923,2320.77,0.007076,0.012006
0.00181024,1487.08,0.007078,0.012026
0.0597111,941.641,0.00708,0.012054
0.0287571,2558.52,0.007076,0.011996
0.0521697,1149.01,0.007079,0.012041
0.00699396,1612.4,0.007077,0.012022
0.0147744,1849.27,0.007077,0.012015
0.0300682,2558.52,0.007076,0.011996
0.00973467,1730.05,0.007077,0.012018
0.0619385,941.641,0.00708,0.012054
0.0262863,2320.77,0.007076,0.012006
0.0555986,1025.72,0.007079,0.012048
0.0311554,2805.78,0.007076,0.011992
0.0580564,1025.72,0.007079,0.012048
0.0182139,2006.69,0.007077,0.012012
0.0378017,2006.69,0.007077,0.012012
0.0213475,2161.36,0.007077,0.012009
0.0561998,1025.72,0.007079,0.012048
0.0506881,1297.74,0.007078,0.012034
0.0393832,2006.69,0.007077,0.012012
0.0564914,1025.72,0.007079,0.012048
0.0351674,2320.77,0.007076,0.012006
0.00527715,1612.4,0.007077,0.012022
0.044219,1730.05,0.007077,0.012018
0.0423991,1730.05,0.007077,0.012018
0.0136735,1849.27,0.007077,0.012015
0.0126701,1849.27,0.007077,0.012015
0.0247415,2320.77,0.007076,0.012006
0.0301096,2805.78,0.007076,0.011992
4.74671e-05,1394.24,0.007078,0.01203
0.046051,1487.08,0.007078,0.012026
0.0379621,2006.69,0.007077,0.012012
0.00923935,1730.05,0.007077,0.012018
0.0373404,2006.69,0.007077,0.012012
0.0199462,2161.36,0.007077,0.012009
0.0175126,2006.69,0.007077,0.012012
0.0022327,1487.08,0.007078,0.012026
0.0485653,1297.74,0.007078,0.012034
0.0495349,1297.74,0.007078,0.012034
0.0478473,1487.08,0.007078,0.012026
0.0193889,2161.36,0.007077,0.012009
0.0133505,1849.27,0.007077,0.012015
0.0462643,1487.08,0.007078,0.012026
0.049067,1297.74,0.007078,0.012034
0.0519461,1149.01,0.007079,0.012041
0.0104006,1730.05,0.007077,0.012018
0.0336916,2320.77,0.007076,0.012006
0.0450494,1487.08,0.007078,0.012026
0.00384305,1487.08,0.007078,0.012026
0.0364891,2320.77,0.007076,0.012006
0.0596394,941.641,0.00708,0.012054
0.0473383,1487.08,0.007078,0.012026
0.0370736,2320.77,0.007076,0.012006
0.00432559,1487.08,0.007078,0.012026
0.0326444,2805.78,0.007076,0.011992
0.0619565,941.641,0.00708,0.012054
0.0226718,2161.36,0.007077,0.012009
0.018886,2006.69,0.007077,0.012012
0.0270797,2558.52,0.007076,0.011996
0.0394754,2006.69,0.007077,0.012012
0.0109656,1730.05,0.007077,0.012018
0.0361422,2320.77,0.007076,0.012006
0.0275049,2558.52,0.007076,0.011996
0.021301,2161.36,0.007077,0.012009
0.0623679,900.49,0.00708,0.012057
0.0544608,1149.01,0.007079,0.012041
0.0463268,1487.08,0.007078,0.012026
0.0263752,2320.77,0.007076,0.012006
0.0112556,1730.05,0.007077,0.012018
0.0349028,2320.77,0.007076,0.012006
0.0155539,1849.27,0.007077,0.012015
0.0323823,2805.78,0.007076,0.011992
0.0654054,900.49,0.00708,0.012057
0.00569225,1612.4,0.007077,0.012022
0.0541525,1149.01,0.007079,0.012041
0.01201,1730.05,0.007077,0.012018
0.0469996,1487.08,0.007078,0.012026
0.0459168,1487.08,0.007078,0.012026
0.00413498,1487.08,0.007078,0.012026
0.0427236,1730.05,0.007077,0.012018
0.00650529,1612.4,0.007077,0.012022
0.0142761,1849.27,0.007077,0.012015
0.0327381,2805.78,0.007076,0.011992
0.0548033,1149.01,0.007079,0.012041
0.0552795,1025.72,0.007079,0.012048
0.0439516,1730.05,0.007077,0.012018
0.0457825,1487.08,0.007078,0.012026
0.0179776,2006.69,0.007077,0.012012
0.0273336,2558.52,0.007076,0.011996
0.0335772,2805.78,0.007076,0.011992
0.0438364,1730.05,0.007077,0.012018
0.0229228,2161.36,0.007077,0.012009
0.0125877,1849.27,0.007077,0.012015
0.0452327,1487.08,0.007078,0.012026
0.0409848,1730.05,0.007077,0.012018
0.058936,941.641,0.00708,0.012054
0.0486065,1297.74,0.007078,0.012034
0.0331035,2805.78,0.007076,0.011992
0.0597785,941.641,0.00708,0.012054
0.020648,2161.36,0.007077,0.012009
0.0204073,2161.36,0.007077,0.012009
0.0591502,941.641,0.00708,0.012054
0.0585983,1025.72,0.007079,0.012048
0.0154651,1849.27,0.007077,0.012015
0.0132913,1849.27,0.007077,0.012015
0.0058719,1612.4,0.007077,0.012022
0.0220718,2161.36,0.007077,0.012009
0.0383535,2006.69,0.007077,0.012012
0.0583348,1025.72,0.007079,0.012048
0.0266388,2558.52,0.007076,0.011996
0.00598474,1612.4,0.007077,0.012022
0.000763811,1394.24,0.007078,0.01203
0.0582806,1025.72,0.007079,0.012048
0.0533834,1149.01,0.007079,0.012041
0.0352994,2320.77,0.007076,0.012006
0.00806129,1612.4,0.007077,0.012022
0.0384642,2006.69,0.007077,0.012012
0.03785,2006.69,0.007077,0.012012
0.0350627,3161.86,0.007076,0.011993
0.0614986,1220.65,0.00708,0.012052
0.0552858,1454.38,0.007079,0.01204
0.0289432,2883.07,0.007076,0.011997
0.057453,1332.84,0.007079,0.012046
0.0129378,2054.13,0.007077,0.01202
0.0253324,2660.2,0.007076,0.012
0.0573261,1332.84,0.007079,0.012046
0.00566637,1807.42,0.007078,0.012027
0.046589,1807.42,0.007078,0.012027
0.0161363,2190.79,0.007077,0.012017
0.0163456,2190.79,0.007077,0.012017
0.0304716,2883.07,0.007076,0.011997
0.0128009,2054.13,0.007077,0.01202
0.0562405,1454.38,0.007079,0.01204
0.0203792,2325.72,0.007077,0.012014
0.0377935,2660.2,0.007076,0.012
0.0629718,1220.65,0.00708,0.012052
0.0461,1807.42,0.007078,0.012027
0.013963,2190.79,0.007077,0.012017
0.0440803,2054.13,0.007077,0.01202
0.039138,2325.72,0.007077,0.012014
0.0327518,3161.86,0.007076,0.011993
0.0565783,1454.38,0.007079,0.01204
0.0195469,2325.72,0.007077,0.012014
0.0144298,2190.79,0.007077,0.012017
0.0127845,2054.13,0.007077,0.01202
0.0631677,1220.65,0.00708,0.012052
0.00812705,1937.07,0.007078,0.012023
0.0404494,2325.72,0.007077,0.012014
0.0124303,2054.13,0.007077,0.01202
0.0434115,2054.13,0.007077,0.01202
0.0418228,2325.72,0.007077,0.012014
0.0510444,1634.99,0.007078,0.012033
0.00210946,1718.71,0.007078,0.01203
0.0330796,3161.86,0.007076,0.011993
0.0606343,1220.65,0.00708,0.012052
0.030564,2883.07,0.007076,0.011997
0.0652005,1140.64,0.00708,0.012056
0.0618413,1220.65,0.00708,0.012052
0.0469655,1807.42,0.007078,0.012027
6.94557e-05,1718.71,0.007078,0.01203
0.00811801,1937.07,0.007078,0.012023
0.0487914,1807.42,0.007078,0.012027
0.0591855,1332.84,0.007079,0.012046
0.0115044,2054.13,0.007077,0.01202
0.0486944,1807.42,0.007078,0.012027
0.000785345,1718.71,0.007078,0.01203
0.0497979,1634.99,0.007078,0.012033
0.0167027,2190.79,0.007077,0.012017
0.0257384,2660.2,0.007076,0.012
0.0545115,1454.38,0.007079,0.01204
0.0251646,2660.2,0.007076,0.012
0.0619736,1220.65,0.00708,0.012052
0.00896988,1937.07,0.007078,0.012023
0.0549557,1454.38,0.007079,0.01204
0.0540758,1454.38,0.007079,0.01204
0.0612475,1220.65,0.00708,0.012052
0.0613831,1220.65,0.00708,0.012052
0.0296119,2883.07,0.007076,0.011997
0.012581,2054.13,0.007077,0.01202
0.0274634,2660.2,0.007076,0.012
0.0273012,2660.2,0.007076,0.012
0.0368723,2660.2,0.007076,0.012
0.0226454,2474.68,0.007077,0.012011
0.0626585,1220.65,0.00708,0.012052
0.0569157,1332.84,0.007079,0.012046
0.0217507,2474.68,0.007077,0.012011
0.0633101,1220.65,0.00708,0.012052
0.0608329,1220.65,0.00708,0.012052
0.00573244,1807.42,0.007078,0.012027
0.0243503,2474.68,0.007077,0.012011
0.0281738,2883.07,0.007076,0.011997
0.0653293,1140.64,0.00708,0.012056
0.053498,1454.38,0.007079,0.01204
0.0214956,2474.68,0.007077,0.012011
0.0130319,2054.13,0.007077,0.01202
0.0616775,1220.65,0.00708,0.012052
0.00196244,1718.71,0.007078,0.01203
0.0323418,3161.86,0.007076,0.011993
0.0415465,2325.72,0.007077,0.012014
0.0196361,2325.72,0.007077,0.012014
0.00506701,1807.42,0.007078,0.012027
0.0475393,1807.42,0.007078,0.012027
0.0316983,3161.86,0.007076,0.011993
0.0541025,1454.38,0.007079,0.01204
0.0548347,1454.38,0.007079,0.01204
0.0411932,2325.72,0.007077,0.012014
0.0589527,1332.84,0.007079,0.012046
0.0339855,3161.86,0.007076,0.011993
0.0473256,1807.42,0.007078,0.012027
0.0530374,1454.38,0.007079,0.01204
0.0258343,2660.2,0.007076,0.012
0.0620478,1220.65,0.00708,0.012052
0.0347394,3161.86,0.007076,0.011993
0.0442216,2054.13,0.007077,0.01202
0.0145964,2190.79,0.007077,0.012017
0.0614438,1220.65,0.00708,0.012052
0.0641371,1140.64,0.00708,0.012056
0.0320177,3161.86,0.007076,0.011993
0.0138528,2190.79,0.007077,0.012017
0.0532115,1454.38,0.007079,0.01204
0.0455446,2054.13,0.007077,0.01202
0.0311437,2883.07,0.007076,0.011997
0.0657156,1140.64,0.00708,0.012056
0.0554483,1454.38,0.007079,0.01204
0.0588062,1332.84,0.007079,0.012046
0.0165465,2190.79,0.007077,0.012017
0.0288028,2883.07,0.007076,0.011997
0.0101867,2054.13,0.007077,0.01202
0.00140962,1718.71,0.007078,0.01203
0.0383163,2660.2,0.007076,0.012
0.0150821,2190.79,0.007077,0.012017
0.0179436,2325.72,0.007077,0.012014
0.0627174,1220.65,0.00708,0.012052
0.0339121,3161.86,0.007076,0.011993
0.0412947,2325.72,0.007077,0.012014
0.0425328,2054.13,0.007077,0.01202
0.0543249,1454.38,0.007079,0.01204
0.0331373,3161.86,0.007076,0.011993
0.042956,2054.13,0.007077,0.01202
0.0533572,1454.38,0.007079,0.01204
0.00751641,1937.07,0.007078,0.012023
0.0378712,2660.2,0.007076,0.012
0.0635324,1220.65,0.00708,0.012052
0.034943,3161.86,0.007076,0.011993
0.0117001,2054.13,0.007077,0.01202
0.0362764,2660.2,0.007076,0.012
0.0649725,1140.64,0.00708,0.012056
0.0436643,2054.13,0.007077,0.01202
0.0476508,1807.42,0.007078,0.012027
0.056669,1332.84,0.007079,0.012046
0.0180097,2325.72,0.007077,0.012014
0.0648277,1140.64,0.00708,0.012056
0.0376087,2660.2,0.007076,0.012
0.0428605,2054.13,0.007077,0.01202
0.0311916,2883.07,0.007076,0.011997
0.0322153,3161.86,0.007076,0.011993
0.0140759,2190.79,0.007077,0.012017
0.0571802,1332.84,0.007079,0.012046
0.0505167,1634.99,0.007078,0.012033
0.0353652,2660.2,0.007076,0.012
0.0517072,1634.99,0.007078,0.012033
0.0539799,1454.38,0.007079,0.01204
0.00951355,1937.07,0.007078,0.012023
0.0432632,2054.13,0.007077,0.01202
0.0330675,3161.86,0.007076,0.011993
0.0328858,3161.86,0.007076,0.011993
0.0120156,2054.13,0.007077,0.01202
0.0366418,2660.2,0.007076,0.012
0.0270614,2660.2,0.007076,0.012
0.0244148,2660.2,0.007076,0.012
0.000494084,1718.71,0.007078,0.01203
0.0583825,1332.84,0.007079,0.012046
0.0283256,2883.07,0.007076,0.011997
0.052138,1634.99,0.007078,0.012033
0.0242379,2474.68,0.007077,0.012011
0.0243187,2474.68,0.007077,0.012011
0.0173044,2325.72,0.007077,0.012014
0.0324785,3161.86,0.007076,0.011993
0.0637283,1220.65,0.00708,0.012052
0.00710439,1937.07,0.007078,0.012023
0.0467963,1807.42,0.007078,0.012027
0.00701583,1937.07,0.007078,0.012023
0.0652667,1140.64,0.00708,0.012056
0.0249169,2660.2,0.007076,0.012
0.0233059,2474.68,0.007077,0.012011
0.0424941,2054.13,0.007077,0.01202
0.00991742,1937.07,0.007078,0.012023
0.00273708,1718.71,0.007078,0.01203
0.0319932,3161.86,0.007076,0.011993
0.00900351,1937.07,0.007078,0.012023
0.0319479,3161.86,0.007076,0.011993
0.0370296,2660.2,0.007076,0.012
0.0201367,2325.72,0.007077,0.012014
0.039571,2325.72,0.007077,0.012014
0.0141652,2190.79,0.007077,0.012017
0.00448734,1807.42,0.007078,0.012027
0.0278587,2660.2,0.007076,0.012
0.0244682,2660.2,0.007076,0.012
0.0413284,2325.72,0.007077,0.012014
0.0158678,2190.79,0.007077,0.012017
0.0182441,2325.72,0.007077,0.012014
0.0182023,2325.72,0.007077,0.012014
0.0465559,1807.42,0.007078,0.012027
0.0566474,1332.84,0.007079,0.012046
0.0608825,1220.65,0.00708,0.012052
0.0412198,2325.72,0.007077,0.012014
0.0339009,3161.86,0.007076,0.011993
0.0453874,2054.13,0.007077,0.01202
0.0130237,2054.13,0.007077,0.01202
0.0239392,2474.68,0.007077,0.012011
0.0356818,2660.2,0.007076,0.012
0.0635489,1220.65,0.00708,0.012052
0.0597272,1332.84,0.007079,0.012046
0.0482495,1807.42,0.007078,0.012027
0.0487593,1807.42,0.007078,0.012027
0.0122977,2054.13,0.007077,0.01202
0.0464595,1807.42,0.007078,0.012027
0.0247553,2660.2,0.007076,0.012
0.0235552,1427.71,0.007076,0.011986
0.0230292,1427.71,0.007076,0.011986
0.0226678,1427.71,0.007076,0.011986
0.0262767,1586.4,0.007076,0.011984
0.041147,920.928,0.007076,0.011998
0.0306438,1759.26,0.007075,0.011983
0.0516365,382.483,0.007078,0.012033
0.0448095,712.523,0.007077,0.012007
0.00319024,712.523,0.007077,0.012007
0.0458278,712.523,0.007077,0.012007
0.0426832,920.928,0.007076,0.011998
0.0306937,1759.26,0.007075,0.011983
0.0298004,1759.26,0.007075,0.011983
0.0202375,1256.13,0.007076,0.011988
0.0362464,1151.44,0.007076,0.011991
0.00961103,920.928,0.007076,0.011998
0.041326,920.928,0.007076,0.011998
0.00706563,805.801,0.007076,0.012002
0.0223526,1427.71,0.007076,0.011986
0.00074983,712.523,0.007077,0.012007
0.0459088,712.523,0.007077,0.012007
0.0615697,184.943,0.00708,0.012055
0.00563387,805.801,0.007076,0.012002
0.0387321,1151.44,0.007076,0.011991
0.0294142,1759.26,0.007075,0.011983
0.0375848,1151.44,0.007076,0.011991
0.0358381,1427.71,0.007076,0.011986
0.0586967,208.413,0.00708,0.012057
0.0242993,1427.71,0.007076,0.011986
0.0176515,1151.44,0.007076,0.011991
0.037737,1151.44,0.007076,0.011991
0.0249659,1427.71,0.007076,0.011986
0.0237632,1427.71,0.007076,0.011986
0.0306959,1759.26,0.007075,0.011983
0.00801597,920.928,0.007076,0.011998
0.040657,920.928,0.007076,0.011998
0.0532907,382.483,0.007078,0.012033
0.0318877,1759.26,0.007075,0.011983
0.0498252,508.462,0.007077,0.01202
0.0313444,1759.26,0.007075,0.011983
0.0524522,382.483,0.007078,0.012033
0.00313551,712.523,0.007077,0.012007
0.0460972,712.523,0.007077,0.012007
0.0512135,382.483,0.007078,0.012033
0.0155115,1151.44,0.007076,0.011991
0.0307689,1759.26,0.007075,0.011983
0.027593,1586.4,0.007076,0.011984
0.0521904,382.483,0.007078,0.012033
0.0590914,208.413,0.00708,0.012057
0.0237327,1427.71,0.007076,0.011986
0.0136595,1032.53,0.007076,0.011994
0.0220238,1427.71,0.007076,0.011986
0.00836344,920.928,0.007076,0.011998
0.0515039,382.483,0.007078,0.012033
0.00107437,712.523,0.007077,0.012007
0.0231679,1427.71,0.007076,0.011986
0.0480564,508.462,0.007077,0.01202
0.0303425,1759.26,0.007075,0.011983
0.0380784,1151.44,0.007076,0.011991
0.0197035,1256.13,0.007076,0.011988
0.0100981,920.928,0.007076,0.011998
0.0231736,1427.71,0.007076,0.011986
0.00813994,920.928,0.007076,0.011998
0.0277343,1586.4,0.007076,0.011984
0.0479471,508.462,0.007077,0.01202
0.0187403,1256.13,0.007076,0.011988
0.0581962,208.413,0.00708,0.012057
0.0534176,382.483,0.007078,0.012033
0.0489961,508.462,0.007077,0.01202
0.0272563,1586.4,0.007076,0.011984
0.0271734,1586.4,0.007076,0.011984
0.0150142,1151.44,0.007076,0.011991
0.0439122,712.523,0.007077,0.012007
0.055239,274.919,0.007079,0.012047
0.0403695,920.928,0.007076,0.011998
0.0276274,1586.4,0.007076,0.011984
0.0122499,1032.53,0.007076,0.011994
0.00301932,712.523,0.007077,0.012007
0.047391,508.462,0.007077,0.01202
0.0529309,382.483,0.007078,0.012033
5.26553e-05,612.176,0.007077,0.012013
0.0318151,1759.26,0.007075,0.011983
0.0423887,920.928,0.007076,0.011998
0.040138,920.928,0.007076,0.011998
0.0241978,1427.71,0.007076,0.011986
0.0527602,382.483,0.007078,0.012033
0.0608617,208.413,0.00708,0.012057
0.0355409,1427.71,0.007076,0.011986
0.0251725,1427.71,0.007076,0.011986
0.00983385,920.928,0.007076,0.011998
0.00816301,920.928,0.007076,0.011998
0.00133853,712.523,0.007077,0.012007
0.0175874,1151.44,0.007076,0.011991
0.0513687,382.483,0.007078,0.012033
0.00760798,920.928,0.007076,0.011998
0.0398336,920.928,0.007076,0.011998
0.0405097,920.928,0.007076,0.011998
0.0272963,1586.4,0.007076,0.011984
0.015965,1151.44,0.007076,0.011991
0.00137985,712.523,0.007077,0.012007
0.0172119,1151.44,0.007076,0.011991
0.052613,382.483,0.007078,0.012033
0.0209506,1256.13,0.007076,0.011988
0.0202041,1256.13,0.007076,0.011988
0.0168069,1151.44,0.007076,0.011991
0.0513142,382.483,0.007078,0.012033
0.0301026,1759.26,0.007075,0.011983
0.0142497,1032.53,0.007076,0.011994
0.0179227,1151.44,0.007076,0.011991
0.0385304,1151.44,0.007076,0.011991
0.0185884,1256.13,0.007076,0.011988
0.00581511,805.801,0.007076,0.012002
0.00523262,805.801,0.007076,0.012002
0.00745719,805.801,0.007076,0.012002
0.0384884,1151.44,0.007076,0.011991
0.0239694,1427.71,0.007076,0.011986
0.0595205,208.413,0.00708,0.012057
0.0305358,1759.26,0.007075,0.011983
0.0593597,208.413,0.00708,0.012057
0.0561135,274.919,0.007079,0.012047
0.0621896,184.943,0.00708,0.012055
0.0264364,1586.4,0.007076,0.011984
0.0164448,1151.44,0.007076,0.011991
0.0194668,1256.13,0.007076,0.011988
0.00242739,712.523,0.007077,0.012007
0.0343151,1427.71,0.007076,0.011986
0.0445525,712.523,0.007077,0.012007
0.0194845,1256.13,0.007076,0.011988
0.00204098,712.523,0.007077,0.012007
0.0634374,184.943,0.00708,0.012055
0.00104447,712.523,0.007077,0.012007
0.028877,1586.4,0.007076,0.011984
0.038006,1151.44,0.007076,0.011991
0.0359898,1427.71,0.007076,0.011986
0.0383073,1151.44,0.007076,0.011991
0.0151212,1151.44,0.007076,0.011991
0.0557825,274.919,0.007079,0.012047
0.0251166,1427.71,0.007076,0.011986
0.0498983,508.462,0.007077,0.01202
0.00639436,805.801,0.007076,0.012002
0.0387727,1151.44,0.007076,0.011991
0.00570465,805.801,0.007076,0.012002
0.0178721,1151.44,0.007076,0.011991
0.0380732,1151.44,0.007076,0.011991
0.0181251,1151.44,0.007076,0.011991
0.0210196,1256.13,0.007076,0.011988
0.00891859,920.928,0.007076,0.011998
0.0129465,1032.53,0.007076,0.011994
0.00204684,712.523,0.007077,0.012007
0.0229497,1427.71,0.007076,0.011986
0.0397971,920.928,0.007076,0.011998
0.0257705,1586.4,0.007076,0.011984
0.0154848,1151.44,0.007076,0.011991
0.0434573,712.523,0.007077,0.012007
0.0328916,1427.71,0.007076,0.011986
0.0403458,920.928,0.007076,0.011998
0.0542596,274.919,0.007079,0.012047
0.0266458,1586.4,0.007076,0.011984
0.0253869,1586.4,0.007076,0.011984
0.0633047,184.943,0.00708,0.012055
0.0557341,274.919,0.007079,0.012047
0.0588217,208.413,0.00708,0.012057
0.00551582,805.801,0.007076,0.012002
0.0496522,508.462,0.007077,0.01202
0.0019498,712.523,0.007077,0.012007
0.021737,1256.13,0.007076,0.011988
0.0132385,1032.53,0.007076,0.011994
0.0129509,1032.53,0.007076,0.011994
0.00238448,712.523,0.007077,0.012007
0.0489166,508.462,0.007077,0.01202
0.030386,1759.26,0.007075,0.011983
0.00625654,805.801,0.007076,0.012002
0.0227184,1427.71,0.007076,0.011986
0.0355007,1427.71,0.007076,0.011986
0.0619674,184.943,0.00708,0.012055
0.00184817,712.523,0.007077,0.012007
0.0428805,920.928,0.007076,0.011998
0.0470139,508.462,0.007077,0.01202
0.0248687,1427.71,0.007076,0.011986
0.0162085,1151.44,0.007076,0.011991
0.0171434,1151.44,0.007076,0.011991
0.00224187,712.523,0.007077,0.012007
0.0299434,1759.26,0.007075,0.011983
0.037165,1151.44,0.007076,0.011991
0.0273849,1586.4,0.007076,0.011984
0.0597018,208.413,0.00708,0.012057
0.063272,184.943,0.00708,0.012055
0.0524236,382.483,0.007078,0.012033
0.0567442,274.919,0.007079,0.012047
0.00559946,805.801,0.007076,0.012002
0.0411991,920.928,0.007076,0.011998
0.0409206,920.928,0.007076,0.011998
0.020058,1256.13,0.007076,0.011988
0.0281104,1586.4,0.007076,0.011984
0.00923803,920.928,0.007076,0.011998
0.0626953,184.943,0.00708,0.012055
0.050288,508.462,0.007077,0.01202
0.0273247,1586.4,0.007076,0.011984
0.0314976,1759.26,0.007075,0.011983
0.016883,1151.44,0.007076,0.011991
0.000256384,612.176,0.007077,0.012013
0.0230438,1427.71,0.007076,0.011986
0.00288799,712.523,0.007077,0.012007
0.0166413,1151.44,0.007076,0.011991
0.0126571,1032.53,0.007076,0.011994
0.056639,274.919,0.007079,0.012047
0.00719831,805.801,0.007076,0.012002
0.0259705,2930.17,0.007076,0.012003
0.0229811,2930.17,0.007076,0.012003
0.0111331,2435.78,0.007077,0.012022
0.0288945,3068.89,0.007076,0.011999
0.0541572,1886.27,0.007079,0.012038
0.0519709,1886.27,0.007079,0.012038
0.0226124,2780.4,0.007077,0.012007
0.0173559,2679.34,0.007077,0.012009
0.0243789,2930.17,0.007076,0.012003
0.0337831,2930.17,0.007076,0.012003
0.0139509,2543.66,0.007077,0.012019
0.0212907,2780.4,0.007077,0.012007
0.0409652,2435.78,0.007077,0.012022
0.0517507,1886.27,0.007079,0.012038
0.0570254,1744.2,0.007079,0.012043
0.023345,2930.17,0.007076,0.012003
0.063418,1381.73,0.00708,0.012054
0.000313047,2112.15,0.007078,0.01203
0.0386503,2679.34,0.007077,0.012009
0.0564198,1744.2,0.007079,0.012043
0.0191158,2679.34,0.007077,0.012009
0.0108034,2435.78,0.007077,0.012022
0.00998062,2435.78,0.007077,0.012022
0.0085948,2325.66,0.007078,0.012025
0.0449827,2224.65,0.007078,0.012027
0.0476551,2224.65,0.007078,0.012027
0.00156008,2224.65,0.007078,0.012027
0.0327444,3531.99,0.007076,0.011994
0.0411615,2435.78,0.007077,0.012022
0.0259927,2930.17,0.007076,0.012003
0.062244,1609.66,0.007079,0.012048
0.0355644,2930.17,0.007076,0.012003
0.0515783,2033.5,0.007078,0.012033
0.0528159,1886.27,0.007079,0.012038
0.0510268,2033.5,0.007078,0.012033
0.00438085,2224.65,0.007078,0.012027
0.0421994,2435.78,0.007077,0.012022
0.0406393,2679.34,0.007077,0.012009
0.0242565,2930.17,0.007076,0.012003
0.0400521,2679.34,0.007077,0.012009
0.0285972,3068.89,0.007076,0.011999
0.0268453,3068.89,0.007076,0.011999
0.0140909,2543.66,0.007077,0.012019
0.000482871,2112.15,0.007078,0.01203
0.0445006,2224.65,0.007078,0.012027
0.0541302,1886.27,0.007079,0.012038
0.00185819,2224.65,0.007078,0.012027
0.0440173,2435.78,0.007077,0.012022
0.0594261,1609.66,0.007079,0.012048
0.00224261,2224.65,0.007078,0.012027
0.0332219,3531.99,0.007076,0.011994
0.00226892,2224.65,0.007078,0.012027
0.0554225,1744.2,0.007079,0.012043
0.0324505,3531.99,0.007076,0.011994
0.0464627,2224.65,0.007078,0.012027
0.0498704,2033.5,0.007078,0.012033
0.0535415,1886.27,0.007079,0.012038
0.00151327,2224.65,0.007078,0.012027
0.0224923,2780.4,0.007077,0.012007
0.00837903,2325.66,0.007078,0.012025
0.032039,3531.99,0.007076,0.011994
0.00553743,2325.66,0.007078,0.012025
0.0392783,2679.34,0.007077,0.012009
0.0477941,2224.65,0.007078,0.012027
0.00947664,2435.78,0.007077,0.012022
0.0301027,3068.89,0.007076,0.011999
0.0514804,2033.5,0.007078,0.012033
0.0443752,2435.78,0.007077,0.012022
0.0403988,2679.34,0.007077,0.012009
0.0013817,2112.15,0.007078,0.01203
0.00175403,2224.65,0.007078,0.012027
0.0333093,3531.99,0.007076,0.011994
0.00825563,2325.66,0.007078,0.012025
0.0118166,2435.78,0.007077,0.012022
0.0235915,2930.17,0.007076,0.012003
0.0269535,3068.89,0.007076,0.011999
0.0538007,1886.27,0.007079,0.012038
0.0620952,1609.66,0.007079,0.012048
0.0499191,2033.5,0.007078,0.012033
0.0487863,2033.5,0.007078,0.012033
0.0518291,1886.27,0.007079,0.012038
0.0273685,3068.89,0.007076,0.011999
0.0222826,2780.4,0.007077,0.012007
0.0293176,3068.89,0.007076,0.011999
0.00748187,2325.66,0.007078,0.012025
0.0629476,1381.73,0.00708,0.012054
0.0607108,1609.66,0.007079,0.012048
0.0517306,1886.27,0.007079,0.012038
0.0637303,1381.73,0.00708,0.012054
0.00268624,2224.65,0.007078,0.012027
0.0461607,2224.65,0.007078,0.012027
0.00117388,2112.15,0.007078,0.01203
0.042894,2435.78,0.007077,0.012022
0.00193461,2224.65,0.007078,0.012027
0.0231577,2930.17,0.007076,0.012003
0.062782,1381.73,0.00708,0.012054
0.0144012,2543.66,0.007077,0.012019
0.00617049,2325.66,0.007078,0.012025
0.0401551,2679.34,0.007077,0.012009
0.03901,2679.34,0.007077,0.012009
0.0287029,3068.89,0.007076,0.011999
0.0334366,3531.99,0.007076,0.011994
0.0232027,2930.17,0.007076,0.012003
0.00728089,2325.66,0.007078,0.012025
0.0238226,2930.17,0.007076,0.012003
0.015605,2543.66,0.007077,0.012019
0.0260659,2930.17,0.007076,0.012003
0.0496315,2033.5,0.007078,0.012033
0.0488549,2033.5,0.007078,0.012033
0.000394107,2112.15,0.007078,0.01203
0.057243,1744.2,0.007079,0.012043
0.031005,3531.99,0.007076,0.011994
0.00905077,2435.78,0.007077,0.012022
0.0186633,2679.34,0.007077,0.012009
0.00019952,2112.15,0.007078,0.01203
0.00599546,2325.66,0.007078,0.012025
0.0398706,2679.34,0.007077,0.012009
0.0368696,2930.17,0.007076,0.012003
0.0276888,3068.89,0.007076,0.011999
0.0335994,3531.99,0.007076,0.011994
0.00672721,2325.66,0.007078,0.012025
0.0265049,2930.17,0.007076,0.012003
0.0548297,1886.27,0.007079,0.012038
0.0614762,1609.66,0.007079,0.012048
0.0398099,2679.34,0.007077,0.012009
0.0281077,3068.89,0.007076,0.011999
0.0606527,1609.66,0.007079,0.012048
0.0146857,2543.66,0.007077,0.012019
0.0231451,2930.17,0.007076,0.012003
0.0296319,3068.89,0.007076,0.011999
0.04175,2435.78,0.007077,0.012022
0.0249593,2930.17,0.007076,0.012003
0.0216773,2780.4,0.007077,0.012007
0.0605923,1609.66,0.007079,0.012048
0.0120372,2435.78,0.007077,0.012022
0.0214577,2780.4,0.007077,0.012007
0.0106905,2435.78,0.007077,0.012022
0.00533607,2325.66,0.007078,0.012025
0.0484397,2033.5,0.007078,0.012033
0.00170598,2224.65,0.007078,0.012027
0.0162198,2679.34,0.007077,0.012009
0.0066991,2325.66,0.007078,0.012025
0.0435458,2435.78,0.007077,0.012022
0.0517425,1886.27,0.007079,0.012038
0.0245522,2930.17,0.007076,0.012003
0.0322798,3531.99,0.007076,0.011994
0.00205427,2224.65,0.007078,0.012027
0.0338374,2930.17,0.007076,0.012003
0.0486517,2033.5,0.007078,0.012033
0.061585,1609.66,0.007079,0.012048
0.00312014,2224.65,0.007078,0.012027
0.016024,2679.34,0.007077,0.012009
0.0361647,2930.17,0.007076,0.012003
0.0224797,2780.4,0.007077,0.012007
0.0407431,2679.34,0.007077,0.012009
0.0439509,2435.78,0.007077,0.012022
0.0280817,3068.89,0.007076,0.011999
0.00653272,2325.66,0.007078,0.012025
0.0592621,1609.66,0.007079,0.012048
0.0260246,2930.17,0.007076,0.012003
0.0317852,3531.99,0.007076,0.011994
0.0426957,2435.78,0.007077,0.012022
0.0208685,2780.4,0.007077,0.012007
0.0604098,1609.66,0.007079,0.012048
0.0334162,3531.99,0.007076,0.011994
0.0429437,2435.78,0.007077,0.012022
0.00923194,2435.78,0.007077,0.012022
0.0286486,3068.89,0.007076,0.011999
0.0400986,2679.34,0.007077,0.012009
0.0248262,2930.17,0.007076,0.012003
0.0317219,3531.99,0.007076,0.011994
0.0136294,2543.66,0.007077,0.012019
0.023911,2930.17,0.007076,0.012003
0.0360892,2930.17,0.007076,0.012003
0.0383356,2679.34,0.007077,0.012009
0.0277528,3068.89,0.007076,0.011999
0.0571266,1744.2,0.007079,0.012043
0.0208879,2780.4,0.007077,0.012007
0.0342798,2930.17,0.007076,0.012003
0.0224101,2780.4,0.007077,0.012007
0.0346907,2930.17,0.007076,0.012003
0.0422762,2435.78,0.007077,0.012022
0.0621553,1609.66,0.007079,0.012048
0.0325582,3531.99,0.007076,0.011994
0.0107386,2435.78,0.007077,0.012022
0.0295613,3068.89,0.007076,0.011999
0.0051104,2325.66,0.007078,0.012025
0.0184263,2679.34,0.007077,0.012009
0.0457957,2224.65,0.007078,0.012027
0.00621715,2325.66,0.007078,0.012025
0.0467282,2224.65,0.007078,0.012027
0.00749644,2325.66,0.007078,0.012025
0.0433237,2435.78,0.007077,0.012022
0.0370326,2930.17,0.007076,0.012003
0.0467393,2224.65,0.007078,0.012027
0.0423452,2435.78,0.007077,0.012022
0.0125317,2543.66,0.007077,0.012019
0.012553,2543.66,0.007077,0.012019
0.00655273,2325.66,0.007078,0.012025
0.0153031,2543.66,0.007077,0.012019
0.00110212,2112.15,0.007078,0.01203
0.0355786,2930.17,0.007076,0.012003
0.0364491,2930.17,0.007076,0.012003
0.000752009,2112.15,0.007078,0.01203
0.0402102,2679.34,0.007077,0.012009
0.0571431,1744.2,0.007079,0.012043
0.0142809,2543.66,0.007077,0.012019
0.0541309,1886.27,0.007079,0.012038
0.0426947,2435.78,0.007077,0.012022
0.0440015,2435.78,0.007077,0.012022
0.0189876,2679.34,0.007077,0.012009
0.0212425,2780.4,0.007077,0.012007
0.0303875,3531.99,0.007076,0.011994
0.0465693,2224.65,0.007078,0.012027
0.0472005,2224.65,0.007078,0.012027
0.0297744,3068.89,0.007076,0.011999
0.0479039,2224.65,0.007078,0.012027
0.0402208,1713.08,0.007077,0.012009
0.0251121,2056.23,0.007076,0.012002
0.0382432,1713.08,0.007077,0.012009
0.0180563,1713.08,0.007077,0.012009
0.0137928,1568.4,0.007077,0.012013
0.0176731,1713.08,0.007077,0.012009
0.0318518,2468.75,0.007076,0.011997
0.00810078,1215.65,0.007077,0.012018
0.0127903,1433.09,0.007077,0.012016
0.0393144,1713.08,0.007077,0.012009
0.0354476,2056.23,0.007076,0.012002
0.002313,1108.88,0.007077,0.012022
0.00647762,1215.65,0.007077,0.012018
0.0213867,1888.46,0.007076,0.012005
0.0341972,2468.75,0.007076,0.011997
0.0230168,1888.46,0.007076,0.012005
0.0483901,1220.54,0.007078,0.012024
0.0374991,2056.23,0.007076,0.012002
0.00793735,1215.65,0.007077,0.012018
0.0121237,1433.09,0.007077,0.012016
0.0558393,768.825,0.00708,0.01205
0.0331743,2468.75,0.007076,0.011997
0.0431388,1433.09,0.007077,0.012016
0.0623405,705.408,0.00708,0.012055
0.0596189,705.408,0.00708,0.012055
0.0397831,1713.08,0.007077,0.012009
0.0184442,1713.08,0.007077,0.012009
0.0258806,2056.23,0.007076,0.012002
0.042348,1433.09,0.007077,0.012016
0.0416378,1433.09,0.007077,0.012016
0.0482038,1220.54,0.007078,0.012024
0.0278189,2265,0.007076,0.011999
0.0101358,1433.09,0.007077,0.012016
0.0425662,1433.09,0.007077,0.012016
0.0165459,1713.08,0.007077,0.012009
0.057298,768.825,0.00708,0.01205
0.0215806,1888.46,0.007076,0.012005
0.0544117,879.493,0.007079,0.012042
0.0266796,2056.23,0.007076,0.012002
0.0470282,1220.54,0.007078,0.012024
0.0511107,1035.5,0.007078,0.012033
0.0220029,1888.46,0.007076,0.012005
0.00939001,1433.09,0.007077,0.012016
0.0548838,879.493,0.007079,0.012042
0.0142321,1568.4,0.007077,0.012013
0.0358633,2056.23,0.007076,0.012002
0.00627083,1215.65,0.007077,0.012018
0.0330348,2468.75,0.007076,0.011997
0.048225,1220.54,0.007078,0.012024
0.0549644,879.493,0.007079,0.012042
0.0179716,1713.08,0.007077,0.012009
0.0621106,705.408,0.00708,0.012055
0.0387967,1713.08,0.007077,0.012009
0.0222259,1888.46,0.007076,0.012005
0.0160395,1568.4,0.007077,0.012013
0.00901533,1320.33,0.007077,0.01202
0.0288807,2265,0.007076,0.011999
0.0566664,768.825,0.00708,0.01205
0.0500563,1035.5,0.007078,0.012033
0.000830192,978.287,0.007078,0.012029
0.0584772,768.825,0.00708,0.01205
0.0368083,2056.23,0.007076,0.012002
0.00473906,1108.88,0.007077,0.012022
0.00773262,1215.65,0.007077,0.012018
0.046791,1220.54,0.007078,0.012024
0.0580262,768.825,0.00708,0.01205
0.0175116,1713.08,0.007077,0.012009
0.0364971,2056.23,0.007076,0.012002
0.0206947,1888.46,0.007076,0.012005
0.0461798,1220.54,0.007078,0.012024
0.0531476,879.493,0.007079,0.012042
0.0416824,1433.09,0.007077,0.012016
0.0197591,1713.08,0.007077,0.012009
0.0334072,2468.75,0.007076,0.011997
0.0118508,1433.09,0.007077,0.012016
0.00975941,1433.09,0.007077,0.012016
0.0516774,1035.5,0.007078,0.012033
0.0522991,879.493,0.007079,0.012042
0.0389892,1713.08,0.007077,0.012009
0.0353133,2056.23,0.007076,0.012002
0.056691,768.825,0.00708,0.01205
0.055682,879.493,0.007079,0.012042
0.05094,1035.5,0.007078,0.012033
0.0413764,1713.08,0.007077,0.012009
0.0258792,2056.23,0.007076,0.012002
0.00862694,1215.65,0.007077,0.012018
0.0290787,2265,0.007076,0.011999
0.0548173,879.493,0.007079,0.012042
0.044223,1433.09,0.007077,0.012016
0.0398168,1713.08,0.007077,0.012009
0.0273262,2265,0.007076,0.011999
0.0623902,705.408,0.00708,0.012055
0.050622,1035.5,0.007078,0.012033
0.0180594,1713.08,0.007077,0.012009
0.00349893,1108.88,0.007077,0.012022
0.0620875,705.408,0.00708,0.012055
0.0044272,1108.88,0.007077,0.012022
0.0465273,1220.54,0.007078,0.012024
0.0539953,879.493,0.007079,0.012042
0.0119709,1433.09,0.007077,0.012016
0.0306897,2265,0.007076,0.011999
0.00162768,978.287,0.007078,0.012029
0.0380489,1713.08,0.007077,0.012009
0.0534151,879.493,0.007079,0.012042
0.00500756,1108.88,0.007077,0.012022
0.0371806,2056.23,0.007076,0.012002
0.0272958,2265,0.007076,0.011999
0.0241756,2056.23,0.007076,0.012002
0.0175715,1713.08,0.007077,0.012009
0.00969243,1433.09,0.007077,0.012016
0.0183762,1713.08,0.007077,0.012009
0.0062868,1215.65,0.007077,0.012018
0.0339356,2468.75,0.007076,0.011997
0.0187195,1713.08,0.007077,0.012009
0.00259762,1108.88,0.007077,0.012022
0.029647,2265,0.007076,0.011999
0.020547,1888.46,0.007076,0.012005
0.0543025,879.493,0.007079,0.012042
0.0414717,1433.09,0.007077,0.012016
0.0267317,2056.23,0.007076,0.012002
0.0176652,1713.08,0.007077,0.012009
0.00619301,1215.65,0.007077,0.012018
0.0113696,1433.09,0.007077,0.012016
0.0598616,705.408,0.00708,0.012055
0.0430316,1433.09,0.007077,0.012016
0.00413005,1108.88,0.007077,0.012022
0.0588237,768.825,0.00708,0.01205
0.063073,677.103,0.00708,0.012058
0.0211056,1888.46,0.007076,0.012005
0.0123895,1433.09,0.007077,0.012016
0.048322,1220.54,0.007078,0.012024
0.0295674,2265,0.007076,0.011999
0.0411867,1713.08,0.007077,0.012009
0.0581935,768.825,0.00708,0.01205
0.0488799,1035.5,0.007078,0.012033
0.0166081,1713.08,0.007077,0.012009
0.0429123,1433.09,0.007077,0.012016
0.0164311,1713.08,0.007077,0.012009
0.0136578,1568.4,0.007077,0.012013
0.0417172,1433.09,0.007077,0.012016
0.052133,1035.5,0.007078,0.012033
0.0177235,1713.08,0.007077,0.012009
0.0205511,1888.46,0.007076,0.012005
0.0586284,768.825,0.00708,0.01205
0.0148775,1568.4,0.007077,0.012013
0.0384871,1713.08,0.007077,0.012009
0.0397166,1713.08,0.007077,0.012009
0.00502583,1108.88,0.007077,0.012022
0.0151347,1568.4,0.007077,0.012013
0.00968902,1433.09,0.007077,0.012016
0.0257155,2056.23,0.007076,0.012002
0.00665873,1215.65,0.007077,0.012018
0.0167676,1713.08,0.007077,0.012009
0.059422,705.408,0.00708,0.012055
0.00685498,1215.65,0.007077,0.012018
0.0229873,1888.46,0.007076,0.012005
0.0505859,1035.5,0.007078,0.012033
0.00901484,1320.33,0.007077,0.01202
0.0183757,1713.08,0.007077,0.012009
0.0067776,1215.65,0.007077,0.012018
0.0109541,1433.09,0.007077,0.012016
0.0259817,2056.23,0.007076,0.012002
0.00757807,1215.65,0.007077,0.012018
0.0299414,2265,0.007076,0.011999
0.0264657,2056.23,0.007076,0.012002
0.0591522,768.825,0.00708,0.01205
0.0532361,879.493,0.007079,0.012042
0.046722,1220.54,0.007078,0.012024
0.0457792,1220.54,0.007078,0.012024
0.0322909,2468.75,0.007076,0.011997
0.0352669,2056.23,0.007076,0.012002
0.0516806,1035.5,0.007078,0.012033
0.0409511,1713.08,0.007077,0.012009
0.0179427,1713.08,0.007077,0.012009
0.0388157,1713.08,0.007077,0.012009
0.007764,1215.65,0.007077,0.012018
0.0345327,2056.23,0.007076,0.012002
0.0413515,1713.08,0.007077,0.012009
0.0389988,1713.08,0.007077,0.012009
0.0416149,1433.09,0.007077,0.012016
0.0260752,2056.23,0.007076,0.012002
0.050893,1035.5,0.007078,0.012033
0.0116148,1433.09,0.007077,0.012016
0.0028722,1108.88,0.007077,0.012022
0.0159784,1568.4,0.007077,0.012013
0.0491921,1035.5,0.007078,0.012033
0.00529095,1108.88,0.007077,0.012022
0.0492206,1035.5,0.007078,0.012033
0.00673003,1215.65,0.007077,0.012018
0.00890733,1320.33,0.007077,0.01202
0.0150438,1568.4,0.007077,0.012013
0.0260472,2056.23,0.007076,0.012002
0.0158189,1568.4,0.007077,0.012013
0.0107889,1433.09,0.007077,0.012016
0.00387942,1108.88,0.007077,0.012022
0.0206039,1888.46,0.007076,0.012005
0.0155356,2006.69,0.007077,0.012012
0.0632145,677.103,0.00708,0.012058
0.0101071,1730.05,0.007077,0.012018
0.0179021,2006.69,0.007077,0.012012
0.0517891,879.493,0.007079,0.012042
0.00131768,1487.08,0.007078,0.012026
0.00948947,1730.05,0.007077,0.012018
0.0395121,1713.08,0.007077,0.012009
0.0238949,2320.77,0.007076,0.012006
0.0383555,1713.08,0.007077,0.012009
0.0480498,1035.5,0.007078,0.012033
0.0599667,705.408,0.00708,0.012055
0.0161232,2006.69,0.007077,0.012012
0.0245479,2320.77,0.007076,0.012006
0.0212287,2161.36,0.007077,0.012009
0.0420419,1433.09,0.007077,0.012016
0.00878247,1730.05,0.007077,0.012018
0.00167013,1487.08,0.007078,0.012026
0.000785274,1394.24,0.007078,0.01203
0.014346,1849.27,0.007077,0.012015
0.0477614,1035.5,0.007078,0.012033
0.0217193,2161.36,0.007077,0.012009
0.0140339,1849.27,0.007077,0.012015
0.00683159,1612.4,0.007077,0.012022
0.00667009,1612.4,0.007077,0.012022
0.0614076,705.408,0.00708,0.012055
0.0394886,1713.08,0.007077,0.012009
0.0198631,2161.36,0.007077,0.012009
0.0381468,1713.08,0.007077,0.012009
0.0382292,1713.08,0.007077,0.012009
0.00387029,1487.08,0.007078,0.012026
0.00187461,1487.08,0.007078,0.012026
0.0535545,879.493,0.007079,0.012042
0.0270597,2558.52,0.007076,0.011996
0.0381506,1713.08,0.007077,0.012009
0.0519317,879.493,0.007079,0.012042
0.021999,2161.36,0.007077,0.012009
0.00821294,1730.05,0.007077,0.012018
0.058703,705.408,0.00708,0.012055
0.049133,1035.5,0.007078,0.012033
0.021915,2161.36,0.007077,0.012009
0.0531416,879.493,0.007079,0.012042
0.00838868,1730.05,0.007077,0.012018
0.0138843,1849.27,0.007077,0.012015
0.0374575,1713.08,0.007077,0.012009
0.0322874,2805.78,0.007076,0.011992
0.00645058,1612.4,0.007077,0.012022
0.0576975,768.825,0.00708,0.01205
0.00114344,1487.08,0.007078,0.012026
0.0192392,2161.36,0.007077,0.012009
0.0098721,1730.05,0.007077,0.012018
0.0601302,705.408,0.00708,0.012055
0.0220071,2161.36,0.007077,0.012009
0.0348731,2320.77,0.007076,0.012006
0.0605054,705.408,0.00708,0.012055
0.021706,2161.36,0.007077,0.012009
0.0255625,2320.77,0.007076,0.012006
0.0177914,2006.69,0.007077,0.012012
0.00865242,1730.05,0.007077,0.012018
0.0608956,705.408,0.00708,0.012055
0.0588354,705.408,0.00708,0.012055
0.0624625,677.103,0.00708,0.012058
0.044618,1220.54,0.007078,0.012024
0.0566954,768.825,0.00708,0.01205
0.0349268,2320.77,0.007076,0.012006
0.0131555,1849.27,0.007077,0.012015
0.0431304,1433.09,0.007077,0.012016
0.0542424,879.493,0.007079,0.012042
0.000104076,1394.24,0.007078,0.01203
0.0385447,1713.08,0.007077,0.012009
0.0326925,2805.78,0.007076,0.011992
0.0579477,768.825,0.00708,0.01205
0.0427904,1433.09,0.007077,0.012016
0.0432424,1433.09,0.007077,0.012016
0.0259688,2320.77,0.007076,0.012006
0.0625961,677.103,0.00708,0.012058
0.0438447,1433.09,0.007077,0.012016
0.00793409,1612.4,0.007077,0.012022
0.0178966,2006.69,0.007077,0.012012
0.0222695,2161.36,0.007077,0.012009
0.0278626,2558.52,0.007076,0.011996
0.0400078,1713.08,0.007077,0.012009
0.051241,879.493,0.007079,0.012042
0.0288376,2558.52,0.007076,0.011996
0.0274701,2558.52,0.007076,0.011996
0.0113094,1730.05,0.007077,0.012018
0.0332882,2320.77,0.007076,0.012006
0.0167854,2006.69,0.007077,0.012012
0.0143425,1849.27,0.007077,0.012015
0.0504073,1035.5,0.007078,0.012033
0.00857044,1730.05,0.007077,0.012018
0.0509479,1035.5,0.007078,0.012033
0.0136085,1849.27,0.007077,0.012015
0.0470508,1220.54,0.007078,0.012024
0.0158848,2006.69,0.007077,0.012012
0.0479737,1035.5,0.007078,0.012033
0.0619531,677.103,0.00708,0.012058
0.0231829,2320.77,0.007076,0.012006
0.0474944,1220.54,0.007078,0.012024
0.0130613,1849.27,0.007077,0.012015
0.0338932,2320.77,0.007076,0.012006
0.0346679,2320.77,0.007076,0.012006
0.0263416,2558.52,0.007076,0.011996
0.0195364,2161.36,0.007077,0.012009
0.0345465,2320.77,0.007076,0.012006
0.0587585,705.408,0.00708,0.012055
0.0423845,1433.09,0.007077,0.012016
0.0471443,1220.54,0.007078,0.012024
0.0560279,768.825,0.00708,0.01205
0.0164521,2006.69,0.007077,0.012012
0.0317854,2805.78,0.007076,0.011992
0.0465741,1220.54,0.007078,0.012024
0.0307167,2805.78,0.007076,0.011992
0.0126235,1849.27,0.007077,0.012015
0.00196031,1487.08,0.007078,0.012026
0.0322513,2805.78,0.007076,0.011992
0.0463557,1220.54,0.007078,0.012024
0.0267373,2558.52,0.007076,0.011996
0.0550318,768.825,0.00708,0.01205
0.0121006,1849.27,0.007077,0.012015
0.0445356,1220.54,0.007078,0.012024
0.0595451,705.408,0.00708,0.012055
0.0627114,677.103,0.00708,0.012058
0.0447909,1220.54,0.007078,0.012024
0.0014124,1487.08,0.007078,0.012026
0.0479693,1035.5,0.007078,0.012033
0.00938931,1730.05,0.007077,0.012018
0.0550328,768.825,0.00708,0.01205
0.0119793,1849.27,0.007077,0.012015
0.00744868,1612.4,0.007077,0.012022
0.0621009,677.103,0.00708,0.012058
0.0181646,2006.69,0.007077,0.012012
0.00424995,1487.08,0.007078,0.012026
0.024902,2320.77,0.007076,0.012006
0.0500492,1035.5,0.007078,0.012033
0.00960191,1730.05,0.007077,0.012018
0.0350308,2320.77,0.007076,0.012006
0.0503267,1035.5,0.007078,0.012033
0.0337329,2320.77,0.007076,0.012006
0.0447778,1220.54,0.007078,0.012024
0.0218486,2161.36,0.007077,0.012009
0.0060266,1612.4,0.007077,0.012022
0.0027818,1487.08,0.007078,0.012026
0.0481913,1035.5,0.007078,0.012033
0.00883033,1730.05,0.007077,0.012018
0.00243965,1487.08,0.007078,0.012026
0.0160271,2006.69,0.007077,0.012012
0.0520702,879.493,0.007079,0.012042
0.0342941,2320.77,0.007076,0.012006
0.00637878,1612.4,0.007077,0.012022
0.0196671,2161.36,0.007077,0.012009
0.00667938,1612.4,0.007077,0.012022
0.0603739,705.408,0.00708,0.012055
0.0211723,2161.36,0.007077,0.012009
0.0444427,1220.54,0.007078,0.012024
0.0432763,1433.09,0.007077,0.012016
0.0535296,879.493,0.007079,0.012042
0.0547677,768.825,0.00708,0.01205
0.0487445,1035.5,0.007078,0.012033
0.0374077,1713.08,0.007077,0.012009
0.0235223,2320.77,0.007076,0.012006
0.0600444,705.408,0.00708,0.012055
0.0577678,768.825,0.00708,0.01205
0.0631966,677.103,0.00708,0.012058
0.0185404,2006.69,0.007077,0.012012
0.063496,677.103,0.00708,0.012058
0.0524248,879.493,0.007079,0.012042
0.0139048,1849.27,0.007077,0.012015
0.0520531,879.493,0.007079,0.012042
0.00386472,1487.08,0.007078,0.012026
0.0132776,1849.27,0.007077,0.012015
0.0329903,2805.78,0.007076,0.011992
0.047024,1220.54,0.007078,0.012024
0.0092248,1730.05,0.007077,0.012018
0.0127061,1849.27,0.007077,0.012015
0.0561581,768.825,0.00708,0.01205
0.0420868,1433.09,0.007077,0.012016
0.0493247,1035.5,0.007078,0.012033
0.0506754,1035.5,0.007078,0.012033
0.0300818,2805.78,0.007076,0.011992
0.0624725,677.103,0.00708,0.012058
0.0326853,2805.78,0.007076,0.011992
0.0263656,2558.52,0.007076,0.011996
0.0506207,1035.5,0.007078,0.012033
0.0232953,2320.77,0.007076,0.012006
0.00121777,1487.08,0.007078,0.012026
0.0398721,1713.08,0.007077,0.012009
0.0297654,2805.78,0.007076,0.011992
0.0425733,1433.09,0.007077,0.012016
0.0195229,2006.69,0.007077,0.012012
0.0555457,1149.01,0.007079,0.012041
0.00793263,1612.4,0.007077,0.012022
0.0520321,1297.74,0.007078,0.012034
0.0220602,2161.36,0.007077,0.012009
0.034158,2805.78,0.007076,0.011992
0.00180721,1394.24,0.007078,0.01203
0.00899624,1612.4,0.007077,0.012022
0.0201633,2161.36,0.007077,0.012009
0.00858408,1612.4,0.007077,0.012022
0.0470948,1487.08,0.007078,0.012026
0.0553108,1149.01,0.007079,0.012041
0.00485947,1487.08,0.007078,0.012026
0.0635128,900.49,0.00708,0.012057
0.0307952,2805.78,0.007076,0.011992
0.0219771,2161.36,0.007077,0.012009
0.0355571,2320.77,0.007076,0.012006
0.0212638,2161.36,0.007077,0.012009
0.0513527,1297.74,0.007078,0.012034
0.0507485,1297.74,0.007078,0.012034
0.034608,2320.77,0.007076,0.012006
0.00422033,1487.08,0.007078,0.012026
0.0619165,941.641,0.00708,0.012054
0.000362622,1394.24,0.007078,0.01203
0.00527666,1487.08,0.007078,0.012026
0.000332724,1394.24,0.007078,0.01203
0.0283873,2558.52,0.007076,0.011996
0.00591409,1612.4,0.007077,0.012022
0.0456613,1487.08,0.007078,0.012026
0.0493641,1297.74,0.007078,0.012034
0.0472451,1487.08,0.007078,0.012026
0.0427095,1730.05,0.007077,0.012018
0.0394269,2006.69,0.007077,0.012012
0.0409106,2006.69,0.007077,0.012012
0.0115537,1730.05,0.007077,0.012018
0.00645289,1612.4,0.007077,0.012022
0.0544022,1149.01,0.007079,0.012041
0.0111496,1730.05,0.007077,0.012018
0.00658168,1612.4,0.007077,0.012022
0.0392455,2006.69,0.007077,0.012012
0.0561196,1025.72,0.007079,0.012048
0.0321835,2805.78,0.007076,0.011992
0.00318275,1487.08,0.007078,0.012026
0.00840728,1612.4,0.007077,0.012022
0.0148973,1849.27,0.007077,0.012015
0.0365233,2320.77,0.007076,0.012006
0.0109185,1730.05,0.007077,0.012018
0.0241042,2320.77,0.007076,0.012006
0.019012,2006.69,0.007077,0.012012
0.0588642,1025.72,0.007079,0.012048
0.0624839,941.641,0.00708,0.012054
0.00264542,1487.08,0.007078,0.012026
0.00650471,1612.4,0.007077,0.012022
0.0137906,1849.27,0.007077,0.012015
0.0133186,1849.27,0.007077,0.012015
0.0391923,2006.69,0.007077,0.012012
0.0434239,1730.05,0.007077,0.012018
0.0572555,1025.72,0.007079,0.012048
0.0566125,1025.72,0.007079,0.012048
0.0132383,1849.27,0.007077,0.012015
0.0591276,1025.72,0.007079,0.012048
0.0451089,1487.08,0.007078,0.012026
0.0518936,1297.74,0.007078,0.012034
0.0380269,2006.69,0.007077,0.012012
0.0573329,1025.72,0.007079,0.012048
0.00352613,1487.08,0.007078,0.012026
0.000860161,1394.24,0.007078,0.01203
0.0516007,1297.74,0.007078,0.012034
0.0139725,1849.27,0.007077,0.012015
0.0178912,2006.69,0.007077,0.012012
0.0471262,1487.08,0.007078,0.012026
0.0162002,1849.27,0.007077,0.012015
0.0420201,1730.05,0.007077,0.012018
0.0174118,2006.69,0.007077,0.012012
0.002118,1487.08,0.007078,0.012026
0.0268092,2320.77,0.007076,0.012006
0.0386012,2006.69,0.007077,0.012012
0.0319739,2805.78,0.007076,0.011992
0.0408872,2006.69,0.007077,0.012012
0.00637631,1612.4,0.007077,0.012022
0.0560699,1025.72,0.007079,0.012048
0.0541181,1149.01,0.007079,0.012041
0.0100847,1730.05,0.007077,0.012018
0.0444054,1730.05,0.007077,0.012018
0.0622442,941.641,0.00708,0.012054
0.0368252,2320.77,0.007076,0.012006
0.0138325,1849.27,0.007077,0.012015
0.0124442,1730.05,0.007077,0.012018
0.014511,1849.27,0.007077,0.012015
0.0095428,1730.05,0.007077,0.012018
0.0302591,2558.52,0.007076,0.011996
0.0173065,2006.69,0.007077,0.012012
0.00480805,1487.08,0.007078,0.012026
0.0221084,2161.36,0.007077,0.012009
0.0520866,1297.74,0.007078,0.012034
0.0382637,2006.69,0.007077,0.012012
0.0239446,2320.77,0.007076,0.012006
0.0511485,1297.74,0.007078,0.012034
0.0100738,1730.05,0.007077,0.012018
0.0241583,2320.77,0.007076,0.012006
0.0366185,2320.77,0.007076,0.012006
0.0486559,1297.74,0.007078,0.012034
0.058208,1025.72,0.007079,0.012048
0.0301368,2558.52,0.007076,0.011996
0.0615526,941.641,0.00708,0.012054
0.0492005,1297.74,0.007078,0.012034
0.00556553,1487.08,0.007078,0.012026
0.0393409,2006.69,0.007077,0.012012
0.0143893,1849.27,0.007077,0.012015
0.0409701,2006.69,0.007077,0.012012
0.0334688,2805.78,0.007076,0.011992
0.0443382,1730.05,0.007077,0.012018
0.0543892,1149.01,0.007079,0.012041
0.038912,2006.69,0.007077,0.012012
0.0079664,1612.4,0.007077,0.012022
0.0509479,1297.74,0.007078,0.012034
0.0383329,2006.69,0.007077,0.012012
0.00388664,1487.08,0.007078,0.012026
0.0392669,2006.69,0.007077,0.012012
0.00974998,1730.05,0.007077,0.012018
0.025475,2320.77,0.007076,0.012006
0.0213884,2161.36,0.007077,0.012009
0.0155922,1849.27,0.007077,0.012015
0.0265326,2320.77,0.007076,0.012006
0.057512,1025.72,0.007079,0.012048
0.0166033,2006.69,0.007077,0.012012
0.0190472,2006.69,0.007077,0.012012
0.0552649,1149.01,0.007079,0.012041
0.0238853,2320.77,0.007076,0.012006
0.0149794,1849.27,0.007077,0.012015
0.00682205,1612.4,0.007077,0.012022
0.0586066,1025.72,0.007079,0.012048
0.0424864,1730.05,0.007077,0.012018
0.00485452,1487.08,0.007078,0.012026
0.0448241,1730.05,0.007077,0.012018
0.0313877,2805.78,0.007076,0.011992
0.0252824,2320.77,0.007076,0.012006
0.000213097,1394.24,0.007078,0.01203
0.0367896,2320.77,0.007076,0.012006
0.038153,2006.69,0.007077,0.012012
0.0340597,2805.78,0.007076,0.011992
0.0137564,1849.27,0.007077,0.012015
0.0134834,1849.27,0.007077,0.012015
0.0566994,1025.72,0.007079,0.012048
0.0310741,2805.78,0.007076,0.011992
0.0592079,1025.72,0.007079,0.012048
0.0235437,2320.77,0.007076,0.012006
0.00989152,1730.05,0.007077,0.012018
0.0152056,1849.27,0.007077,0.012015
0.0213213,2161.36,0.007077,0.012009
0.0575331,1025.72,0.007079,0.012048
0.0118473,1730.05,0.007077,0.012018
0.0435539,1730.05,0.007077,0.012018
0.0341688,2805.78,0.007076,0.011992
0.0253229,2320.77,0.007076,0.012006
0.0096823,1730.05,0.007077,0.012018
5.41223e-05,1394.24,0.007078,0.01203
0.0108456,1730.05,0.007077,0.012018
0.0105738,1730.05,0.007077,0.012018
0.0519355,1297.74,0.007078,0.012034
0.0554062,1149.01,0.007079,0.012041
0.0369012,2320.77,0.007076,0.012006
0.0177277,2006.69,0.007077,0.012012
0.00519456,1487.08,0.007078,0.012026
0.0519207,1297.74,0.007078,0.012034
0.0521574,1149.01,0.007079,0.012041
0.0128095,1849.27,0.007077,0.012015
0.0620883,941.641,0.00708,0.012054
0.0531678,1149.01,0.007079,0.012041
0.0407169,2006.69,0.007077,0.012012
0.00908461,1612.4,0.007077,0.012022
0.0053565,1487.08,0.007078,0.012026
0.0347622,2320.77,0.007076,0.012006
0.0444915,1730.05,0.007077,0.012018
0.0430487,1730.05,0.007077,0.012018
0.0581554,1025.72,0.007079,0.012048
0.0355523,2320.77,0.007076,0.012006
0.0161179,1849.27,0.007077,0.012015
0.023027,2161.36,0.007077,0.012009
0.0217295,2161.36,0.007077,0.012009
0.00599933,1612.4,0.007077,0.012022
0.0361049,2320.77,0.007076,0.012006
0.0376621,2320.77,0.007076,0.012006
0.00440388,1487.08,0.007078,0.012026
0.0133341,1849.27,0.007077,0.012015
0.049843,1297.74,0.007078,0.012034
0.0399166,2006.69,0.007077,0.012012
0.0265389,2320.77,0.007076,0.012006
0.01271,1730.05,0.007077,0.012018
0.00748408,1612.4,0.007077,0.012022
0.0322906,2805.78,0.007076,0.011992
0.0134179,1849.27,0.007077,0.012015
0.00240957,1487.08,0.007078,0.012026
0.0189336,2780.4,0.007077,0.012007
0.0273014,3068.89,0.007076,0.011999
0.0612785,1381.73,0.00708,0.012054
0.0395225,2679.34,0.007077,0.012009
0.0135663,2543.66,0.007077,0.012019
0.0208801,2780.4,0.007077,0.012007
0.040198,2435.78,0.007077,0.012022
0.0447408,2224.65,0.007078,0.012027
0.033903,2930.17,0.007076,0.012003
0.0629708,1381.73,0.00708,0.012054
0.0600123,1609.66,0.007079,0.012048
0.0174467,2679.34,0.007077,0.012009
0.0365564,2679.34,0.007077,0.012009
0.0608182,1609.66,0.007079,0.012048
0.0512753,1886.27,0.007079,0.012038
0.0161982,2679.34,0.007077,0.012009
0.0515265,1886.27,0.007079,0.012038
0.0525659,1886.27,0.007079,0.012038
0.0560097,1744.2,0.007079,0.012043
0.0329358,2930.17,0.007076,0.012003
0.0475565,2033.5,0.007078,0.012033
0.0230517,2930.17,0.007076,0.012003
0.0284283,3068.89,0.007076,0.011999
0.003619,2224.65,0.007078,0.012027
0.0507533,1886.27,0.007079,0.012038
0.00372515,2224.65,0.007078,0.012027
0.0426643,2435.78,0.007077,0.012022
0.00548896,2325.66,0.007078,0.012025
0.0567681,1744.2,0.007079,0.012043
0.0426267,2435.78,0.007077,0.012022
0.0113378,2543.66,0.007077,0.012019
0.015488,2679.34,0.007077,0.012009
0.0392284,2679.34,0.007077,0.012009
0.0613268,1381.73,0.00708,0.012054
0.0523329,1886.27,0.007079,0.012038
0.0577188,1609.66,0.007079,0.012048
0.0294758,3531.99,0.007076,0.011994
0.00553251,2325.66,0.007078,0.012025
0.0448109,2224.65,0.007078,0.012027
0.0217293,2780.4,0.007077,0.012007
0.0211802,2780.4,0.007077,0.012007
0.0520285,1886.27,0.007079,0.012038
0.0204555,2780.4,0.007077,0.012007
0.0428929,2435.78,0.007077,0.012022
0.0332919,2930.17,0.007076,0.012003
0.00935311,2435.78,0.007077,0.012022
0.0510013,1886.27,0.007079,0.012038
0.0253756,2930.17,0.007076,0.012003
0.0318655,3531.99,0.007076,0.011994
0.0187779,2780.4,0.007077,0.012007
0.0266075,3068.89,0.007076,0.011999
0.0335231,2930.17,0.007076,0.012003
0.0411841,2435.78,0.007077,0.012022
0.0120459,2543.66,0.007077,0.012019
0.0152883,2679.34,0.007077,0.012009
0.0183521,2780.4,0.007077,0.012007
0.0486902,2033.5,0.007078,0.012033
0.00233198,2224.65,0.007078,0.012027
0.031518,3531.99,0.007076,0.011994
0.000733362,2003.22,0.007078,0.012027
0.0411618,2435.78,0.007077,0.012022
0.0533321,1886.27,0.007079,0.012038
0.0610342,1609.66,0.007079,0.012048
0.0460774,2224.65,0.007078,0.012027
0.0216315,2780.4,0.007077,0.012007
0.0260929,3068.89,0.007076,0.011999
0.042508,2435.78,0.007077,0.012022
0.031372,3531.99,0.007076,0.011994
0.0420218,2435.78,0.007077,0.012022
0.00780063,2435.78,0.007077,0.012022
0.0439561,2224.65,0.007078,0.012027
0.0191305,2780.4,0.007077,0.012007
0.0273198,3068.89,0.007076,0.011999
0.0552917,1744.2,0.007079,0.012043
0.0493775,2033.5,0.007078,0.012033
0.0568658,1744.2,0.007079,0.012043
0.00383279,2224.65,0.007078,0.012027
0.00537072,2325.66,0.007078,0.012025
0.0601407,1609.66,0.007079,0.012048
0.0221092,2930.17,0.007076,0.012003
0.000400387,2003.22,0.007078,0.012027
0.0234375,2930.17,0.007076,0.012003
0.0541071,1744.2,0.007079,0.012043
0.0394859,2679.34,0.007077,0.012009
0.00473702,2325.66,0.007078,0.012025
0.0501391,2033.5,0.007078,0.012033
0.0550768,1744.2,0.007079,0.012043
0.0194047,2780.4,0.007077,0.012007
0.00289582,2224.65,0.007078,0.012027
0.000388827,2003.22,0.007078,0.012027
0.0451828,2224.65,0.007078,0.012027
0.0282503,3068.89,0.007076,0.011999
0.00404902,2325.66,0.007078,0.012025
0.013752,2543.66,0.007077,0.012019
0.038225,2679.34,0.007077,0.012009
0.0104132,2435.78,0.007077,0.012022
0.0416476,2435.78,0.007077,0.012022
0.0396153,2679.34,0.007077,0.012009
0.00462799,2325.66,0.007078,0.012025
0.0398011,2435.78,0.007077,0.012022
0.0305835,3531.99,0.007076,0.011994
0.000705478,2003.22,0.007078,0.012027
0.0482231,2033.5,0.007078,0.012033
0.0410388,2435.78,0.007077,0.012022
0.0247909,2930.17,0.007076,0.012003
0.0126443,2543.66,0.007077,0.012019
0.00421494,2325.66,0.007078,0.012025
0.019,2780.4,0.007077,0.012007
0.030802,3531.99,0.007076,0.011994
0.0571036,1744.2,0.007079,0.012043
0.0010801,2003.22,0.007078,0.012027
0.00969197,2435.78,0.007077,0.012022
0.0107085,2435.78,0.007077,0.012022
0.0476739,2033.5,0.007078,0.012033
0.0291523,3531.99,0.007076,0.011994
0.0624976,1381.73,0.00708,0.012054
0.0325731,2930.17,0.007076,0.012003
0.00924458,2435.78,0.007077,0.012022
0.0619116,1381.73,0.00708,0.012054
0.0197746,2780.4,0.007077,0.012007
0.0297585,3531.99,0.007076,0.011994
0.0246968,2930.17,0.007076,0.012003
0.0422416,2435.78,0.007077,0.012022
0.0535438,1886.27,0.007079,0.012038
0.0171199,2679.34,0.007077,0.012009
0.027314,3068.89,0.007076,0.011999
0.0227492,2930.17,0.007076,0.012003
0.0383915,2679.34,0.007077,0.012009
0.0469034,2033.5,0.007078,0.012033
0.00984243,2435.78,0.007077,0.012022
0.0019015,2224.65,0.007078,0.012027
0.0421258,2435.78,0.007077,0.012022
0.056671,1744.2,0.007079,0.012043
0.0130104,2543.66,0.007077,0.012019
0.0057214,2325.66,0.007078,0.012025
0.00355653,2224.65,0.007078,0.012027
0.0172903,2679.34,0.007077,0.012009
0.0389525,2679.34,0.007077,0.012009
0.0518871,1886.27,0.007079,0.012038
0.0331174,2930.17,0.007076,0.012003
0.0318033,3531.99,0.007076,0.011994
0.00132295,2003.22,0.007078,0.012027
0.00574475,2325.66,0.007078,0.012025
0.0156716,2679.34,0.007077,0.012009
0.0133996,2543.66,0.007077,0.012019
0.0125067,2543.66,0.007077,0.012019
0.0361717,2679.34,0.007077,0.012009
0.0461472,2224.65,0.007078,0.012027
0.0588559,1609.66,0.007079,0.012048
0.04349,2224.65,0.007078,0.012027
0.0579339,1609.66,0.007079,0.012048
0.0569934,1744.2,0.007079,0.012043
0.0293114,3531.99,0.007076,0.011994
0.0476744,2033.5,0.007078,0.012033
0.0498899,2033.5,0.007078,0.012033
0.000871959,2003.22,0.007078,0.012027
0.0557055,1744.2,0.007079,0.012043
0.0147155,2679.34,0.007077,0.012009
0.00147754,2224.65,0.007078,0.012027
0.00387259,2224.65,0.007078,0.012027
0.0243537,2930.17,0.007076,0.012003
0.0341539,2930.17,0.007076,0.012003
0.014245,2543.66,0.007077,0.012019
0.0265238,3068.89,0.007076,0.011999
0.00431693,2325.66,0.007078,0.012025
0.0498997,2033.5,0.007078,0.012033
0.0393552,2679.34,0.007077,0.012009
0.0428701,2435.78,0.007077,0.012022
0.0154381,2679.34,0.007077,0.012009
0.0421466,2435.78,0.007077,0.012022
0.0332917,2930.17,0.007076,0.012003
0.0272907,3068.89,0.007076,0.011999
0.0206264,2780.4,0.007077,0.012007
0.0464075,2224.65,0.007078,0.012027
0.0315391,3531.99,0.007076,0.011994
0.0357248,2930.17,0.007076,0.012003
0.0101365,2435.78,0.007077,0.012022
0.0195325,2780.4,0.007077,0.012007
0.0206747,2780.4,0.007077,0.012007
0.0400087,2435.78,0.007077,0.012022
0.00768821,2435.78,0.007077,0.012022
0.0174216,2679.34,0.007077,0.012009
0.0541314,1744.2,0.007079,0.012043
0.0153839,2679.34,0.007077,0.012009
0.0606704,1609.66,0.007079,0.012048
0.0116433,2543.66,0.007077,0.012019
0.0011363,2003.22,0.007078,0.012027
0.0156957,2679.34,0.007077,0.012009
0.0528384,1886.27,0.007079,0.012038
0.059423,1609.66,0.007079,0.012048
0.0336319,2930.17,0.007076,0.012003
0.012989,2543.66,0.007077,0.012019
0.00569595,2325.66,0.007078,0.012025
0.0561325,1744.2,0.007079,0.012043
0.0328582,2930.17,0.007076,0.012003
0.00841035,2435.78,0.007077,0.012022
0.0615433,1381.73,0.00708,0.012054
0.062371,1381.73,0.00708,0.012054
0.020107,2780.4,0.007077,0.012007
0.0422214,2435.78,0.007077,0.012022
0.0452883,2224.65,0.007078,0.012027
0.044064,2224.65,0.007078,0.012027
0.0633784,1381.73,0.00708,0.012054
0.0210152,2780.4,0.007077,0.012007
0.00022629,1906.49,0.007078,0.01203
0.0266205,3068.89,0.007076,0.011999
0.0241974,2930.17,0.007076,0.012003
0.00865506,2435.78,0.007077,0.012022
0.0500019,2033.5,0.007078,0.012033
0.0575367,1744.2,0.007079,0.012043
0.0315301,3531.99,0.007076,0.011994
0.0504904,1886.27,0.007079,0.012038
0.0611862,1609.66,0.007079,0.012048
0.0462789,2224.65,0.007078,0.012027
0.0534969,1886.27,0.007079,0.012038
0.0280219,3068.89,0.007076,0.011999
0.055932,1744.2,0.007079,0.012043
0.0433672,2224.65,0.007078,0.012027
0.0095681,2435.78,0.007077,0.012022
0.00457572,2325.66,0.007078,0.012025
0.0599749,1609.66,0.007079,0.012048
0.0499618,2033.5,0.007078,0.012033
0.00242017,1220.54,0.007078,0.012024
0.0335092,2468.75,0.007076,0.011997
0.00559179,1220.54,0.007078,0.012024
0.011976,1433.09,0.007077,0.012016
0.0234199,1888.46,0.007076,0.012005
0.0230793,1888.46,0.007076,0.012005
0.0172831,1713.08,0.007077,0.012009
0.0602464,705.408,0.00708,0.012055
0.0290574,2265,0.007076,0.011999
0.0592902,768.825,0.00708,0.01205
0.0402379,1713.08,0.007077,0.012009
0.0646942,677.103,0.00708,0.012058
0.0385116,1713.08,0.007077,0.012009
0.0205706,1888.46,0.007076,0.012005
0.0483043,1220.54,0.007078,0.012024
0.058567,768.825,0.00708,0.01205
0.0220456,1888.46,0.007076,0.012005
0.0379846,2056.23,0.007076,0.012002
0.013083,1568.4,0.007077,0.012013
0.00911607,1320.33,0.007077,0.01202
0.0341754,2468.75,0.007076,0.011997
0.0131774,1568.4,0.007077,0.012013
0.0389399,1713.08,0.007077,0.012009
0.00905351,1320.33,0.007077,0.01202
0.0156251,1568.4,0.007077,0.012013
0.0157898,1568.4,0.007077,0.012013
0.0454716,1220.54,0.007078,0.012024
0.0418078,1433.09,0.007077,0.012016
0.0575421,768.825,0.00708,0.01205
0.03348,2468.75,0.007076,0.011997
0.038865,1713.08,0.007077,0.012009
0.0334629,2468.75,0.007076,0.011997
0.0222312,1888.46,0.007076,0.012005
0.025807,2056.23,0.007076,0.012002
0.0206112,1888.46,0.007076,0.012005
0.0611833,705.408,0.00708,0.012055
0.0226172,1888.46,0.007076,0.012005
0.00988721,1433.09,0.007077,0.012016
0.0356051,2056.23,0.007076,0.012002
0.0583386,768.825,0.00708,0.01205
0.0502862,1035.5,0.007078,0.012033
0.0477015,1220.54,0.007078,0.012024
0.0145878,1568.4,0.007077,0.012013
0.0603934,705.408,0.00708,0.012055
0.0554575,879.493,0.007079,0.012042
0.04343,1433.09,0.007077,0.012016
0.0644954,677.103,0.00708,0.012058
0.0630316,705.408,0.00708,0.012055
0.0225076,1888.46,0.007076,0.012005
0.0531596,879.493,0.007079,0.012042
0.051535,1035.5,0.007078,0.012033
0.0471436,1220.54,0.007078,0.012024
0.0634845,677.103,0.00708,0.012058
0.036501,2056.23,0.007076,0.012002
0.00243352,1220.54,0.007078,0.012024
0.0415499,1713.08,0.007077,0.012009
0.0344677,2468.75,0.007076,0.011997
0.0273781,2265,0.007076,0.011999
0.0393745,1713.08,0.007077,0.012009
0.0491919,1035.5,0.007078,0.012033
0.0520503,1035.5,0.007078,0.012033
0.00872186,1320.33,0.007077,0.01202
0.0152641,1568.4,0.007077,0.012013
0.00785027,1320.33,0.007077,0.01202
0.0241227,2056.23,0.007076,0.012002
0.0389261,1713.08,0.007077,0.012009
0.0392939,1713.08,0.007077,0.012009
0.0202357,1888.46,0.007076,0.012005
0.0198423,1713.08,0.007077,0.012009
0.0361729,2056.23,0.007076,0.012002
0.0285547,2265,0.007076,0.011999
0.0354308,2056.23,0.007076,0.012002
0.0247057,2056.23,0.007076,0.012002
0.065396,677.103,0.00708,0.012058
0.0417913,1433.09,0.007077,0.012016
0.063427,677.103,0.00708,0.012058
0.0559904,768.825,0.00708,0.01205
0.0402464,1713.08,0.007077,0.012009
0.0378473,2056.23,0.007076,0.012002
0.0104623,1433.09,0.007077,0.012016
0.0433687,1433.09,0.007077,0.012016
0.0242602,2056.23,0.007076,0.012002
0.0229337,1888.46,0.007076,0.012005
0.0276461,2265,0.007076,0.011999
0.0341087,2468.75,0.007076,0.011997
0.0647176,677.103,0.00708,0.012058
0.0460742,1220.54,0.007078,0.012024
0.0230387,1888.46,0.007076,0.012005
0.0360021,2056.23,0.007076,0.012002
0.0304909,2265,0.007076,0.011999
0.0479225,1220.54,0.007078,0.012024
0.0499341,1035.5,0.007078,0.012033
0.0233216,1888.46,0.007076,0.012005
0.000293085,1125.18,0.007078,0.012028
0.0223179,1888.46,0.007076,0.012005
0.0369226,2056.23,0.007076,0.012002
0.035333,2056.23,0.007076,0.012002
0.0459237,1220.54,0.007078,0.012024
0.0235707,1888.46,0.007076,0.012005
0.0172245,1713.08,0.007077,0.012009
0.00639712,1320.33,0.007077,0.01202
0.0264713,2056.23,0.007076,0.012002
0.0107374,1433.09,0.007077,0.012016
0.016027,1568.4,0.007077,0.012013
0.038206,1713.08,0.007077,0.012009
0.00322261,1220.54,0.007078,0.012024
0.00898726,1320.33,0.007077,0.01202
0.00521098,1220.54,0.007078,0.012024
0.0301406,2265,0.007076,0.011999
0.0390919,1713.08,0.007077,0.012009
0.00233917,1220.54,0.007078,0.012024
0.00154943,1125.18,0.007078,0.012028
0.0565712,768.825,0.00708,0.01205
0.0298396,2265,0.007076,0.011999
0.0506547,1035.5,0.007078,0.012033
0.0193439,1713.08,0.007077,0.012009
0.0329806,2468.75,0.007076,0.011997
0.0428491,1433.09,0.007077,0.012016
0.0382773,1713.08,0.007077,0.012009
0.0489947,1035.5,0.007078,0.012033
0.0587352,768.825,0.00708,0.01205
0.0349975,2056.23,0.007076,0.012002
0.0478274,1220.54,0.007078,0.012024
0.0463579,1220.54,0.007078,0.012024
0.0283149,2265,0.007076,0.011999
0.00388411,1220.54,0.007078,0.012024
0.0251648,2056.23,0.007076,0.012002
0.0126036,1433.09,0.007077,0.012016
0.064034,677.103,0.00708,0.012058
0.0330002,2468.75,0.007076,0.011997
0.0372351,2056.23,0.007076,0.012002
0.015887,1568.4,0.007077,0.012013
0.0254884,2056.23,0.007076,0.012002
0.0649241,677.103,0.00708,0.012058
0.0170249,1713.08,0.007077,0.012009
0.0641658,677.103,0.00708,0.012058
0.042282,1433.09,0.007077,0.012016
0.0621912,705.408,0.00708,0.012055
0.0253002,2056.23,0.007076,0.012002
0.0507483,1035.5,0.007078,0.012033
0.00927532,1320.33,0.007077,0.01202
0.0376808,2056.23,0.007076,0.012002
0.0326728,2468.75,0.007076,0.011997
0.0161517,1568.4,0.007077,0.012013
0.0183069,1713.08,0.007077,0.012009
0.0358305,2056.23,0.007076,0.012002
0.0653408,677.103,0.00708,0.012058
0.0173168,1713.08,0.007077,0.012009
0.0545701,879.493,0.007079,0.012042
0.0342492,2468.75,0.007076,0.011997
0.0461023,1220.54,0.007078,0.012024
0.0110334,1433.09,0.007077,0.012016
0.0287485,2265,0.007076,0.011999
0.0195537,1713.08,0.007077,0.012009
0.0533372,879.493,0.007079,0.012042
0.0463562,1220.54,0.007078,0.012024
0.0425466,1433.09,0.007077,0.012016
0.0425654,1433.09,0.007077,0.012016
0.00142256,1125.18,0.007078,0.012028
0.0509932,1035.5,0.007078,0.012033
0.0258108,2056.23,0.007076,0.012002
0.0601112,705.408,0.00708,0.012055
0.0542802,879.493,0.007079,0.012042
0.0323538,2468.75,0.007076,0.011997
0.00486112,1220.54,0.007078,0.012024
0.0552477,879.493,0.007079,0.012042
0.0626839,705.408,0.00708,0.012055
0.0424736,1433.09,0.007077,0.012016
0.0580266,768.825,0.00708,0.01205
0.0209065,1888.46,0.007076,0.012005
0.0290626,2265,0.007076,0.011999
0.00503834,1220.54,0.007078,0.012024
0.0166856,1713.08,0.007077,0.012009
0.0373636,2056.23,0.007076,0.012002
0.00329782,1220.54,0.007078,0.012024
0.026908,2056.23,0.007076,0.012002
0.0178581,1713.08,0.007077,0.012009
0.0186522,1713.08,0.007077,0.012009
0.0413365,1713.08,0.007077,0.012009
0.0100722,1433.09,0.007077,0.012016
0.0302214,2265,0.007076,0.011999
0.0551819,879.493,0.007079,0.012042
0.0437005,1433.09,0.007077,0.012016
0.043385,1433.09,0.007077,0.012016
0.0334837,2468.75,0.007076,0.011997
0.00353744,1220.54,0.007078,0.012024
0.0517984,1035.5,0.007078,0.012033
0.00807266,1320.33,0.007077,0.01202
0.0512176,1035.5,0.007078,0.012033
0.0538054,879.493,0.007079,0.012042
0.00445894,1220.54,0.007078,0.012024
0.0398438,1713.08,0.007077,0.012009
0.00327471,1220.54,0.007078,0.012024
0.0648509,677.103,0.00708,0.012058
0.0292413,2265,0.007076,0.011999
0.0327789,2468.75,0.007076,0.011997
0.017582,1713.08,0.007077,0.012009
0.0397474,1713.08,0.007077,0.012009
0.0171355,1713.08,0.007077,0.012009
0.035126,2056.23,0.007076,0.012002
0.00176277,1125.18,0.007078,0.012028
0.0529591,879.493,0.007079,0.012042
0.0100083,1433.09,0.007077,0.012016
0.0599567,705.408,0.00708,0.012055
0.0227216,1888.46,0.007076,0.012005
0.0637601,677.103,0.00708,0.012058
0.0538998,879.493,0.007079,0.012042
0.0130694,1568.4,0.007077,0.012013
0.00661831,1320.33,0.007077,0.01202
0.0450646,1220.54,0.007078,0.012024
0.0380927,1713.08,0.007077,0.012009
0.0288364,2265,0.007076,0.011999
0.0549623,768.825,0.00708,0.01205
0.0512945,879.493,0.007079,0.012042
0.0558131,768.825,0.00708,0.01205
0.0623632,677.103,0.00708,0.012058
0.0556335,768.825,0.00708,0.01205
0.0477951,1035.5,0.007078,0.012033
0.0165184,1713.08,0.007077,0.012009
0.0318834,2468.75,0.007076,0.011997
0.0326091,2468.75,0.007076,0.011997
0.012149,1568.4,0.007077,0.012013
0.00753912,1320.33,0.007077,0.01202
0.0643312,677.103,0.00708,0.012058
0.0236513,2056.23,0.007076,0.012002
0.000742096,1125.18,0.007078,0.012028
0.0649208,677.103,0.00708,0.012058
0.0168974,1713.08,0.007077,0.012009
0.0391569,1713.08,0.007077,0.012009
0.0660547,693.564,0.00708,0.012058
0.0590766,705.408,0.00708,0.012055
0.0384764,1713.08,0.007077,0.012009
0.00583065,1320.33,0.007077,0.01202
0.0137824,1568.4,0.007077,0.012013
0.0194862,1888.46,0.007076,0.012005
0.052411,879.493,0.007079,0.012042
0.0106708,1433.09,0.007077,0.012016
0.0328314,2468.75,0.007076,0.011997
0.00257478,1220.54,0.007078,0.012024
0.0270856,2265,0.007076,0.011999
0.0571635,768.825,0.00708,0.01205
0.00104544,1220.54,0.007078,0.012024
0.0615972,705.408,0.00708,0.012055
0.050123,1035.5,0.007078,0.012033
0.00313502,1220.54,0.007078,0.012024
0.00854193,1433.09,0.007077,0.012016
0.0302645,2468.75,0.007076,0.011997
0.0384256,1713.08,0.007077,0.012009
0.0370763,1713.08,0.007077,0.012009
0.0541185,879.493,0.007079,0.012042
0.0192341,1888.46,0.007076,0.012005
0.0411992,1433.09,0.007077,0.012016
0.0583106,705.408,0.00708,0.012055
0.0552107,768.825,0.00708,0.01205
0.00578061,1320.33,0.007077,0.01202
0.0199418,1888.46,0.007076,0.012005
0.0190777,1888.46,0.007076,0.012005
0.0191345,1888.46,0.007076,0.012005
0.0474593,1035.5,0.007078,0.012033
0.00496054,1320.33,0.007077,0.01202
0.0462819,1220.54,0.007078,0.012024
0.00226921,1220.54,0.007078,0.012024
0.0385554,1713.08,0.007077,0.012009
0.00654052,1320.33,0.007077,0.01202
0.0564034,768.825,0.00708,0.01205
0.00437145,1220.54,0.007078,0.012024
0.0611512,705.408,0.00708,0.012055
0.0600817,705.408,0.00708,0.012055
0.0447848,1220.54,0.007078,0.012024
0.0574763,768.825,0.00708,0.01205
0.046319,1220.54,0.007078,0.012024
0.0640037,677.103,0.00708,0.012058
0.0166659,1713.08,0.007077,0.012009
0.0526285,879.493,0.007079,0.012042
0.042579,1433.09,0.007077,0.012016
0.00569234,1320.33,0.007077,0.01202
0.023513,2056.23,0.007076,0.012002
0.021089,1888.46,0.007076,0.012005
0.0245485,2056.23,0.007076,0.012002
0.00861544,1433.09,0.007077,0.012016
0.0343081,2056.23,0.007076,0.012002
0.0616419,705.408,0.00708,0.012055
0.0624276,677.103,0.00708,0.012058
0.0543038,879.493,0.007079,0.012042
0.0185471,1713.08,0.007077,0.012009
0.0349873,2056.23,0.007076,0.012002
0.0230152,2056.23,0.007076,0.012002
0.04296,1433.09,0.007077,0.012016
0.0660754,693.564,0.00708,0.012058
0.0442211,1220.54,0.007078,0.012024
0.0642517,677.103,0.00708,0.012058
0.0472408,1220.54,0.007078,0.012024
0.01771,1713.08,0.007077,0.012009
0.00503411,1320.33,0.007077,0.01202
0.023304,2056.23,0.007076,0.012002
0.00311025,1220.54,0.007078,0.012024
0.0285761,2265,0.007076,0.011999
0.0202237,1888.46,0.007076,0.012005
0.0260817,2265,0.007076,0.011999
0.0475068,1035.5,0.007078,0.012033
0.03009,2468.75,0.007076,0.011997
0.00677226,1320.33,0.007077,0.01202
0.0317068,2468.75,0.007076,0.011997
0.0563983,768.825,0.00708,0.01205
0.0420369,1433.09,0.007077,0.012016
0.00648225,1320.33,0.007077,0.01202
0.0618118,677.103,0.00708,0.012058
0.0548474,768.825,0.00708,0.01205
0.0277394,2265,0.007076,0.011999
0.0440155,1220.54,0.007078,0.012024
0.0154328,1713.08,0.007077,0.012009
0.0189378,1888.46,0.007076,0.012005
0.0486205,1035.5,0.007078,0.012033
0.0555825,768.825,0.00708,0.01205
0.0500041,1035.5,0.007078,0.012033
0.000114115,1125.18,0.007078,0.012028
0.0623457,677.103,0.00708,0.012058
0.034367,2056.23,0.007076,0.012002
0.0123565,1568.4,0.007077,0.012013
0.00830801,1433.09,0.007077,0.012016
0.00172396,1220.54,0.007078,0.012024
0.0159884,1713.08,0.007077,0.012009
0.00989222,1433.09,0.007077,0.012016
0.021193,1888.46,0.007076,0.012005
0.0432502,1433.09,0.007077,0.012016
0.000336655,1125.18,0.007078,0.012028
0.0620157,677.103,0.00708,0.012058
0.0215719,1888.46,0.007076,0.012005
0.0136284,1568.4,0.007077,0.012013
0.00101961,1220.54,0.007078,0.012024
0.0347534,2056.23,0.007076,0.012002
0.0652234,677.103,0.00708,0.012058
0.0392127,1713.08,0.007077,0.012009
0.0632637,677.103,0.00708,0.012058
0.0634402,677.103,0.00708,0.012058
0.050113,1035.5,0.007078,0.012033
0.0576762,768.825,0.00708,0.01205
0.0210084,1888.46,0.007076,0.012005
0.0407191,1433.09,0.007077,0.012016
0.0170097,1713.08,0.007077,0.012009
0.00354192,1220.54,0.007078,0.012024
0.0355234,2056.23,0.007076,0.012002
0.0609266,705.408,0.00708,0.012055
0.0384184,1713.08,0.007077,0.012009
0.0646008,677.103,0.00708,0.012058
0.0626422,677.103,0.00708,0.012058
0.00539087,1320.33,0.007077,0.01202
0.0222115,1888.46,0.007076,0.012005
0.0328778,2468.75,0.007076,0.011997
0.0412869,1433.09,0.007077,0.012016
0.0652791,677.103,0.00708,0.012058
0.0132257,1568.4,0.007077,0.012013
0.0632386,677.103,0.00708,0.012058
0.0287105,2265,0.007076,0.011999
0.0659917,693.564,0.00708,0.012058
0.0172811,1713.08,0.007077,0.012009
0.0609033,705.408,0.00708,0.012055
0.0531853,879.493,0.007079,0.012042
0.0654557,693.564,0.00708,0.012058
0.0298201,2468.75,0.007076,0.011997
0.0583445,705.408,0.00708,0.012055
0.0135026,1568.4,0.007077,0.012013
0.015675,1713.08,0.007077,0.012009
0.0337021,2056.23,0.007076,0.012002
0.0126015,1568.4,0.007077,0.012013
0.0480974,1035.5,0.007078,0.012033
0.0390448,1713.08,0.007077,0.012009
0.060718,705.408,0.00708,0.012055
0.0397632,1713.08,0.007077,0.012009
0.00018998,1125.18,0.007078,0.012028
0.022093,1888.46,0.007076,0.012005
0.0322301,2468.75,0.007076,0.011997
0.0140254,1568.4,0.007077,0.012013
0.063387,677.103,0.00708,0.012058
0.0641481,677.103,0.00708,0.012058
0.0255121,2056.23,0.007076,0.012002
0.00437415,1220.54,0.007078,0.012024
0.00733506,1320.33,0.007077,0.01202
0.030251,2468.75,0.007076,0.011997
0.0444939,1220.54,0.007078,0.012024
0.0338888,2056.23,0.007076,0.012002
0.0277885,2265,0.007076,0.011999
0.0492278,1035.5,0.007078,0.012033
0.0221347,1888.46,0.007076,0.012005
0.0334267,2056.23,0.007076,0.012002
0.00345056,1220.54,0.007078,0.012024
0.024704,2056.23,0.007076,0.012002
0.0453661,1220.54,0.007078,0.012024
0.011989,1568.4,0.007077,0.012013
0.00603401,1320.33,0.007077,0.01202
0.0574705,768.825,0.00708,0.01205
0.0213473,1888.46,0.007076,0.012005
0.0357555,2056.23,0.007076,0.012002
0.01975,1888.46,0.007076,0.012005
0.0080936,1433.09,0.007077,0.012016
0.0525747,879.493,0.007079,0.012042
0.049047,1035.5,0.007078,0.012033
0.0122921,1568.4,0.007077,0.012013
0.0294375,2265,0.007076,0.011999
0.0307777,2468.75,0.007076,0.011997
0.0258575,2056.23,0.007076,0.012002
0.0427084,1433.09,0.007077,0.012016
0.0591983,705.408,0.00708,0.012055
0.00560231,1762.19,0.007078,0.012023
0.0589274,1072.67,0.00708,0.012053
0.0374787,2167.93,0.007077,0.012013
0.00102927,1394.24,0.007078,0.01203
0.00880757,1858.03,0.007077,0.01202
0.0197222,2330.71,0.007077,0.012009
0.0201561,2330.71,0.007077,0.012009
0.0476044,1657.28,0.007078,0.012026
0.022327,2330.71,0.007077,0.012009
0.0249367,2438.84,0.007077,0.012008
0.0152901,2013.3,0.007077,0.012016
0.013635,2013.3,0.007077,0.012016
0.0439783,1858.03,0.007077,0.01202
0.01147,1858.03,0.007077,0.01202
0.00529573,1762.19,0.007078,0.012023
0.0276261,2716.54,0.007076,0.011996
0.0637832,1018.87,0.00708,0.012057
0.0165013,2167.93,0.007077,0.012013
0.000673842,1394.24,0.007078,0.01203
0.00736158,1762.19,0.007078,0.012023
0.0561373,1173.72,0.007079,0.012047
0.0388355,2167.93,0.007077,0.012013
0.0189143,2167.93,0.007077,0.012013
0.0655351,1018.87,0.00708,0.012057
0.00457357,1657.28,0.007078,0.012026
0.0296025,2716.54,0.007076,0.011996
0.00919113,1858.03,0.007077,0.01202
0.0268388,2716.54,0.007076,0.011996
0.0427061,1858.03,0.007077,0.01202
0.0277344,2716.54,0.007076,0.011996
0.0495079,1457.12,0.007078,0.012033
0.00489885,1657.28,0.007078,0.012026
0.00896042,1858.03,0.007077,0.01202
0.00124018,1394.24,0.007078,0.01203
0.0521251,1292.36,0.007079,0.012041
0.0374629,2167.93,0.007077,0.012013
0.0379064,2167.93,0.007077,0.012013
0.0582,1173.72,0.007079,0.012047
0.0638021,1018.87,0.00708,0.012057
0.0188632,2167.93,0.007077,0.012013
0.0530617,1292.36,0.007079,0.012041
0.052037,1292.36,0.007079,0.012041
0.0614659,1072.67,0.00708,0.012053
0.0567675,1173.72,0.007079,0.012047
0.0624081,1018.87,0.00708,0.012057
0.00543946,1762.19,0.007078,0.012023
0.0295692,2716.54,0.007076,0.011996
0.0215741,2330.71,0.007077,0.012009
0.0222112,2330.71,0.007077,0.012009
0.00560577,1762.19,0.007078,0.012023
0.0654246,1018.87,0.00708,0.012057
0.0130201,2013.3,0.007077,0.012016
0.065074,1018.87,0.00708,0.012057
0.0195188,2330.71,0.007077,0.012009
0.060657,1072.67,0.00708,0.012053
0.0475413,1657.28,0.007078,0.012026
0.0243535,2438.84,0.007077,0.012008
0.0168663,2167.93,0.007077,0.012013
0.00654312,1762.19,0.007078,0.012023
0.0239436,2438.84,0.007077,0.012008
0.0451512,1657.28,0.007078,0.012026
0.0544252,1292.36,0.007079,0.012041
0.0261142,2438.84,0.007077,0.012008
0.0267297,2716.54,0.007076,0.011996
0.0492444,1457.12,0.007078,0.012033
0.0481373,1457.12,0.007078,0.012033
0.0269504,2716.54,0.007076,0.011996
0.055038,1292.36,0.007079,0.012041
0.0576839,1173.72,0.007079,0.012047
0.0233237,2438.84,0.007077,0.012008
0.0489575,1457.12,0.007078,0.012033
0.0105956,1858.03,0.007077,0.01202
0.0440482,1858.03,0.007077,0.01202
0.0536511,1292.36,0.007079,0.012041
0.0231605,2438.84,0.007077,0.012008
0.028949,2716.54,0.007076,0.011996
0.0625725,1018.87,0.00708,0.012057
0.0421324,1858.03,0.007077,0.01202
0.021114,2330.71,0.007077,0.012009
0.0277463,2716.54,0.007076,0.011996
0.00259386,1657.28,0.007078,0.012026
0.0554098,1173.72,0.007079,0.012047
0.0396082,2167.93,0.007077,0.012013
0.0114225,1858.03,0.007077,0.01202
0.0611929,1072.67,0.00708,0.012053
0.0451881,1657.28,0.007078,0.012026
0.0515275,1457.12,0.007078,0.012033
0.00343366,1657.28,0.007078,0.012026
0.0347716,2438.84,0.007077,0.012008
0.0282265,2716.54,0.007076,0.011996
0.0288408,2716.54,0.007076,0.011996
0.0407024,2167.93,0.007077,0.012013
0.0172581,2167.93,0.007077,0.012013
0.00876334,1858.03,0.007077,0.01202
0.0339688,2438.84,0.007077,0.012008
0.00267069,1657.28,0.007078,0.012026
0.0483327,1457.12,0.007078,0.012033
0.0098956,1858.03,0.007077,0.01202
0.0375662,2167.93,0.007077,0.012013
0.0163079,2167.93,0.007077,0.012013
0.0547293,1292.36,0.007079,0.012041
0.0188277,2167.93,0.007077,0.012013
0.061826,1072.67,0.00708,0.012053
0.00474991,1657.28,0.007078,0.012026
0.0363188,2438.84,0.007077,0.012008
0.0262242,2438.84,0.007077,0.012008
0.0057178,1762.19,0.007078,0.012023
0.0653578,1018.87,0.00708,0.012057
0.0586442,1173.72,0.007079,0.012047
0.00590103,1762.19,0.007078,0.012023
0.00130597,1394.24,0.007078,0.01203
0.0230492,2438.84,0.007077,0.012008
0.00223648,1657.28,0.007078,0.012026
0.028102,2716.54,0.007076,0.011996
0.0464116,1657.28,0.007078,0.012026
0.0182147,2167.93,0.007077,0.012013
0.0437188,1858.03,0.007077,0.01202
0.0134753,2013.3,0.007077,0.012016
0.0383485,2167.93,0.007077,0.012013
0.0128605,2013.3,0.007077,0.012016
0.0593464,1072.67,0.00708,0.012053
0.044384,1858.03,0.007077,0.01202
0.0407336,2167.93,0.007077,0.012013
0.0332475,2918.04,0.007076,0.011994
0.0195841,2330.71,0.007077,0.012009
0.0115501,1858.03,0.007077,0.01202
0.0183717,2167.93,0.007077,0.012013
0.0221839,2330.71,0.007077,0.012009
0.0629459,1018.87,0.00708,0.012057
0.035373,2438.84,0.007077,0.012008
0.0476828,1657.28,0.007078,0.012026
0.0562427,1173.72,0.007079,0.012047
0.0183711,2167.93,0.007077,0.012013
0.0462386,1657.28,0.007078,0.012026
0.0579913,1173.72,0.007079,0.012047
0.0145365,2013.3,0.007077,0.012016
0.0138496,2013.3,0.007077,0.012016
0.0163074,2167.93,0.007077,0.012013
0.0331583,2918.04,0.007076,0.011994
0.0594702,1072.67,0.00708,0.012053
0.0614131,1072.67,0.00708,0.012053
0.033621,2918.04,0.007076,0.011994
0.0190075,2167.93,0.007077,0.012013
0.0546944,1292.36,0.007079,0.012041
0.0414023,1858.03,0.007077,0.01202
0.0346423,2438.84,0.007077,0.012008
0.0524998,1292.36,0.007079,0.012041
0.0525815,1292.36,0.007079,0.012041
0.0320174,2918.04,0.007076,0.011994
0.0286066,2716.54,0.007076,0.011996
0.00191881,1657.28,0.007078,0.012026
0.0046689,1657.28,0.007078,0.012026
0.0248138,2438.84,0.007077,0.012008
0.0469736,1657.28,0.007078,0.012026
0.0469632,1657.28,0.007078,0.012026
0.0243419,2438.84,0.007077,0.012008
0.0416574,1858.03,0.007077,0.01202
0.0190757,2167.93,0.007077,0.012013
0.0444638,1858.03,0.007077,0.01202
0.0112981,1858.03,0.007077,0.01202
0.0418621,1858.03,0.007077,0.01202
0.0313552,2918.04,0.007076,0.011994
0.00803327,1762.19,0.007078,0.012023
0.0405197,2167.93,0.007077,0.012013
0.0390544,2167.93,0.007077,0.012013
0.0205395,2330.71,0.007077,0.012009
0.0527811,1292.36,0.007079,0.012041
0.0562916,1173.72,0.007079,0.012047
0.0383797,2167.93,0.007077,0.012013
0.0287016,2716.54,0.007076,0.011996
0.019892,2330.71,0.007077,0.012009
0.0314925,2918.04,0.007076,0.011994
0.0368487,2438.84,0.007077,0.012008
0.0317775,2918.04,0.007076,0.011994
0.0389889,2167.93,0.007077,0.012013
0.0264034,2438.84,0.007077,0.012008
0.0377803,2167.93,0.007077,0.012013
0.00206734,1657.28,0.007078,0.012026
0.0050879,1657.28,0.007078,0.012026
0.0500894,1457.12,0.007078,0.012033
0.0298351,2716.54,0.007076,0.011996
0.0598082,1072.67,0.00708,0.012053
0.0462028,1657.28,0.007078,0.012026
0.0382974,2167.93,0.007077,0.012013
0.0317144,2918.04,0.007076,0.011994
0.0377263,2167.93,0.007077,0.012013
0.0252674,2438.84,0.007077,0.012008
0.058939,1072.67,0.00708,0.012053
0.0580432,1173.72,0.007079,0.012047
0.00701518,1762.19,0.007078,0.012023
0.0623418,1072.67,0.00708,0.012053
0.0554216,1173.72,0.007079,0.012047
0.0575284,1173.72,0.007079,0.012047
0.0463053,1657.28,0.007078,0.012026
0.0259125,2438.84,0.007077,0.012008
0.0495995,1457.12,0.007078,0.012033
0.0612219,1072.67,0.00708,0.012053
0.0195694,2330.71,0.007077,0.012009
0.0522436,1292.36,0.007079,0.012041
0.00564656,1762.19,0.007078,0.012023
0.0479431,1657.28,0.007078,0.012026
0.0220885,2330.71,0.007077,0.012009
0.00410565,805.801,0.007076,0.012002
0.00487505,805.801,0.007076,0.012002
0.0658519,117.03,0.007077,0.01202
0.00176311,712.523,0.007077,0.012007
0.052222,292.06,0.007077,0.012021
0.0172737,1151.44,0.007076,0.011991
0.0590126,113.351,0.00708,0.012056
0.0242019,1427.71,0.007076,0.011986
0.01835,1256.13,0.007076,0.011988
0.0517483,292.06,0.007077,0.012021
0.0462937,617.805,0.007076,0.011996
0.0349321,1300.83,0.007075,0.011976
0.0468263,617.805,0.007076,0.011996
0.0191583,1256.13,0.007076,0.011988
0.00763435,920.928,0.007076,0.011998
0.0186569,1256.13,0.007076,0.011988
0.00900085,920.928,0.007076,0.011998
0.0402287,825.971,0.007076,0.011987
0.0142832,1032.53,0.007076,0.011994
0.0630846,86.6179,0.00708,0.012051
0.0247002,1427.71,0.007076,0.011986
0.0416048,825.971,0.007076,0.011987
0.0122724,1032.53,0.007076,0.011994
0.045231,617.805,0.007076,0.011996
0.0332496,1300.83,0.007075,0.011976
0.0311508,1583.3,0.007075,0.011976
0.0109634,920.928,0.007076,0.011998
0.0372113,1043.11,0.007075,0.011981
0.0159649,1151.44,0.007076,0.011991
0.0446171,617.805,0.007076,0.011996
0.0190225,1256.13,0.007076,0.011988
0.0179908,1151.44,0.007076,0.011991
0.0613197,86.6179,0.00708,0.012051
0.00499167,805.801,0.007076,0.012002
0.0392537,1043.11,0.007075,0.011981
0.0135264,1032.53,0.007076,0.011994
0.0333539,1300.83,0.007075,0.011976
0.00169283,712.523,0.007077,0.012007
0.023236,1427.71,0.007076,0.011986
0.0360727,1300.83,0.007075,0.011976
0.0271936,1418.16,0.007075,0.011976
0.0259677,1586.4,0.007076,0.011984
0.00653793,805.801,0.007076,0.012002
0.0291111,1583.3,0.007075,0.011976
0.0438805,617.805,0.007076,0.011996
0.0418106,825.971,0.007076,0.011987
0.0276583,1418.16,0.007075,0.011976
0.0520693,292.06,0.007077,0.012021
0.0322009,1583.3,0.007075,0.011976
0.0657771,117.03,0.007077,0.01202
0.048105,440.722,0.007077,0.012007
0.0431463,825.971,0.007076,0.011987
0.0217568,1256.13,0.007076,0.011988
0.0537502,292.06,0.007077,0.012021
0.0449904,617.805,0.007076,0.011996
0.0199852,1256.13,0.007076,0.011988
0.0199698,1256.13,0.007076,0.011988
0.000647642,712.523,0.007077,0.012007
0.0645064,86.6179,0.00708,0.012051
0.0384963,1043.11,0.007075,0.011981
0.0452498,617.805,0.007076,0.011996
0.0242472,1427.71,0.007076,0.011986
0.0229394,1427.71,0.007076,0.011986
0.0485215,440.722,0.007077,0.012007
0.0338842,1300.83,0.007075,0.011976
0.00509273,805.801,0.007076,0.012002
0.0111406,1032.53,0.007076,0.011994
0.0277222,1418.16,0.007075,0.011976
0.00192142,712.523,0.007077,0.012007
0.0461815,617.805,0.007076,0.011996
0.0164092,1151.44,0.007076,0.011991
0.0182644,1256.13,0.007076,0.011988
0.0286645,1418.16,0.007075,0.011976
0.0460634,617.805,0.007076,0.011996
0.0470876,440.722,0.007077,0.012007
0.0308994,1583.3,0.007075,0.011976
0.0391253,1043.11,0.007075,0.011981
0.0396079,1043.11,0.007075,0.011981
0.0565481,188.926,0.007079,0.012038
0.0512289,292.06,0.007077,0.012021
0.0314288,1583.3,0.007075,0.011976
0.0342319,1300.83,0.007075,0.011976
0.00930265,920.928,0.007076,0.011998
0.0171024,1151.44,0.007076,0.011991
2.87116e-05,612.176,0.007077,0.012013
1.45756e-05,612.176,0.007077,0.012013
0.00341356,712.523,0.007077,0.012007
0.0508524,292.06,0.007077,0.012021
0.0288872,1418.16,0.007075,0.011976
0.00768951,920.928,0.007076,0.011998
0.041398,825.971,0.007076,0.011987
0.00321448,712.523,0.007077,0.012007
0.0289191,1418.16,0.007075,0.011976
0.0357073,1300.83,0.007075,0.011976
0.032204,1583.3,0.007075,0.011976
0.0483607,440.722,0.007077,0.012007
0.0196433,1256.13,0.007076,0.011988
0.0381824,1043.11,0.007075,0.011981
0.0601197,113.351,0.00708,0.012056
0.0355399,1300.83,0.007075,0.011976
0.0645609,86.6179,0.00708,0.012051
0.00765309,920.928,0.007076,0.011998
0.00229289,712.523,0.007077,0.012007
0.0513926,292.06,0.007077,0.012021
0.00994466,920.928,0.007076,0.011998
0.0297201,1583.3,0.007075,0.011976
0.0188223,1256.13,0.007076,0.011988
0.0292059,1583.3,0.007075,0.011976
0.0316561,1583.3,0.007075,0.011976
0.0600066,113.351,0.00708,0.012056
0.0226922,1427.71,0.007076,0.011986
0.0624987,86.6179,0.00708,0.012051
0.021282,1256.13,0.007076,0.011988
0.0546446,188.926,0.007079,0.012038
0.0555115,188.926,0.007079,0.012038
0.049658,440.722,0.007077,0.012007
0.0503679,440.722,0.007077,0.012007
0.0648131,117.03,0.007077,0.01202
0.00575212,805.801,0.007076,0.012002
0.0296985,1583.3,0.007075,0.011976
0.0271467,1418.16,0.007075,0.011976
0.0552382,188.926,0.007079,0.012038
0.0530954,292.06,0.007077,0.012021
0.0347297,1300.83,0.007075,0.011976
0.0462414,617.805,0.007076,0.011996
0.0128297,1032.53,0.007076,0.011994
0.0100763,920.928,0.007076,0.011998
0.0571586,188.926,0.007079,0.012038
0.0590681,113.351,0.00708,0.012056
0.0508619,292.06,0.007077,0.012021
0.029891,1583.3,0.007075,0.011976
0.0633667,86.6179,0.00708,0.012051
0.0213057,1256.13,0.007076,0.011988
0.034248,1300.83,0.007075,0.011976
0.0268004,1418.16,0.007075,0.011976
0.0127934,1032.53,0.007076,0.011994
0.0545631,188.926,0.007079,0.012038
0.055044,188.926,0.007079,0.012038
0.0569585,188.926,0.007079,0.012038
0.015794,1151.44,0.007076,0.011991
0.033444,1300.83,0.007075,0.011976
0.00190155,712.523,0.007077,0.012007
0.0583231,113.351,0.00708,0.012056
0.0562604,188.926,0.007079,0.012038
0.0235869,1427.71,0.007076,0.011986
0.0498101,440.722,0.007077,0.012007
0.0392134,1043.11,0.007075,0.011981
0.018068,1151.44,0.007076,0.011991
0.0150862,1151.44,0.007076,0.011991
0.0188873,1256.13,0.007076,0.011988
0.0175662,1151.44,0.007076,0.011991
0.0659469,117.03,0.007077,0.01202
0.0404315,825.971,0.007076,0.011987
0.0485525,440.722,0.007077,0.012007
0.0444953,617.805,0.007076,0.011996
0.0243557,1427.71,0.007076,0.011986
0.00884232,920.928,0.007076,0.011998
0.037951,1043.11,0.007075,0.011981
0.0411207,825.971,0.007076,0.011987
0.0552438,188.926,0.007079,0.012038
0.018083,1151.44,0.007076,0.011991
0.0428831,825.971,0.007076,0.011987
0.0255843,1586.4,0.007076,0.011984
0.012011,1032.53,0.007076,0.011994
0.0630073,86.6179,0.00708,0.012051
0.0419481,825.971,0.007076,0.011987
0.0605924,113.351,0.00708,0.012056
0.0209016,1256.13,0.007076,0.011988
0.011217,1032.53,0.007076,0.011994
0.0406706,825.971,0.007076,0.011987
0.0250999,1427.71,0.007076,0.011986
0.0389822,1043.11,0.007075,0.011981
0.0280301,1418.16,0.007075,0.011976
0.0184676,1256.13,0.007076,0.011988
0.032398,1583.3,0.007075,0.011976
0.0357329,1300.83,0.007075,0.011976
0.0405887,825.971,0.007076,0.011987
0.050713,292.06,0.007077,0.012021
0.0117624,1032.53,0.007076,0.011994
0.00697016,805.801,0.007076,0.012002
0.0168193,1151.44,0.007076,0.011991
0.0586661,113.351,0.00708,0.012056
0.0382865,1043.11,0.007075,0.011981
0.0288522,1418.16,0.007075,0.011976
0.0250506,1427.71,0.007076,0.011986
0.0267372,1418.16,0.007075,0.011976
0.0416064,825.971,0.007076,0.011987
0.0305053,1583.3,0.007075,0.011976
0.0165598,1151.44,0.007076,0.011991
0.0577818,113.351,0.00708,0.012056
0.0413318,825.971,0.007076,0.011987
0.0210292,1256.13,0.007076,0.011988
0.0540724,188.926,0.007079,0.012038
0.0374198,1043.11,0.007075,0.011981
0.0256041,1586.4,0.007076,0.011984
0.0396273,1043.11,0.007075,0.011981
0.00380161,712.523,0.007077,0.012007
0.0652473,1140.64,0.00708,0.012056
0.0595326,1220.65,0.00708,0.012052
0.0240198,2930.17,0.007076,0.012003
0.0545564,1454.38,0.007079,0.01204
0.0221734,2780.4,0.007077,0.012007
0.0336966,2930.17,0.007076,0.012003
0.0524765,1454.38,0.007079,0.01204
0.00978395,2435.78,0.007077,0.012022
0.0323991,3531.99,0.007076,0.011994
0.0162973,2679.34,0.007077,0.012009
0.0583743,1332.84,0.007079,0.012046
0.0325489,3531.99,0.007076,0.011994
0.0390958,2679.34,0.007077,0.012009
0.00934132,2435.78,0.007077,0.012022
0.00361213,2224.65,0.007078,0.012027
0.0423569,2435.78,0.007077,0.012022
0.0432497,2435.78,0.007077,0.012022
0.00397003,2224.65,0.007078,0.012027
0.0343623,2930.17,0.007076,0.012003
0.0262811,2930.17,0.007076,0.012003
0.0261071,2930.17,0.007076,0.012003
0.0467963,2224.65,0.007078,0.012027
0.0285677,3068.89,0.007076,0.011999
0.0632622,1140.64,0.00708,0.012056
0.0627613,1140.64,0.00708,0.012056
0.03765,2679.34,0.007077,0.012009
0.00648817,2325.66,0.007078,0.012025
0.0290419,3068.89,0.007076,0.011999
0.0384296,2679.34,0.007077,0.012009
0.0179679,2679.34,0.007077,0.012009
4.327e-06,2112.15,0.007078,0.01203
0.0175914,2679.34,0.007077,0.012009
0.0446077,2224.65,0.007078,0.012027
0.0275323,3068.89,0.007076,0.011999
0.0639763,1140.64,0.00708,0.012056
0.0626707,1140.64,0.00708,0.012056
0.0216957,2780.4,0.007077,0.012007
0.0190552,2679.34,0.007077,0.012009
0.0604075,1220.65,0.00708,0.012052
0.0434748,2435.78,0.007077,0.012022
0.00677489,2325.66,0.007078,0.012025
0.0439982,2435.78,0.007077,0.012022
0.056184,1332.84,0.007079,0.012046
0.0445124,2224.65,0.007078,0.012027
0.0180494,2679.34,0.007077,0.012009
0.0144607,2543.66,0.007077,0.012019
0.0457555,2224.65,0.007078,0.012027
0.0509781,1634.99,0.007078,0.012033
0.0243641,2930.17,0.007076,0.012003
0.0254652,2930.17,0.007076,0.012003
0.0153192,2543.66,0.007077,0.012019
0.0577862,1332.84,0.007079,0.012046
0.0240417,2930.17,0.007076,0.012003
0.0142429,2543.66,0.007077,0.012019
0.0137301,2543.66,0.007077,0.012019
0.00382036,2224.65,0.007078,0.012027
0.0610969,1220.65,0.00708,0.012052
0.00404129,2224.65,0.007078,0.012027
0.00853953,2435.78,0.007077,0.012022
0.0164749,2679.34,0.007077,0.012009
0.00806381,2325.66,0.007078,0.012025
0.0466262,2224.65,0.007078,0.012027
0.00607699,2325.66,0.007078,0.012025
0.0518097,1454.38,0.007079,0.01204
0.00342099,2224.65,0.007078,0.012027
0.0541032,1454.38,0.007079,0.01204
0.0444327,2224.65,0.007078,0.012027
0.047474,2224.65,0.007078,0.012027
0.00324433,2224.65,0.007078,0.012027
0.0456202,2224.65,0.007078,0.012027
0.0285996,3068.89,0.007076,0.011999
0.011491,2435.78,0.007077,0.012022
0.0474198,2224.65,0.007078,0.012027
0.0637291,1140.64,0.00708,0.012056
0.00355762,2224.65,0.007078,0.012027
0.0573167,1332.84,0.007079,0.012046
0.0406205,2679.34,0.007077,0.012009
0.0166469,2679.34,0.007077,0.012009
0.037094,2930.17,0.007076,0.012003
0.00385438,2224.65,0.007078,0.012027
0.0094344,2435.78,0.007077,0.012022
0.052412,1454.38,0.007079,0.01204
0.0308964,3531.99,0.007076,0.011994
0.0243579,2930.17,0.007076,0.012003
0.00933665,2435.78,0.007077,0.012022
0.0278611,3068.89,0.007076,0.011999
0.0269738,3068.89,0.007076,0.011999
0.0449065,2224.65,0.007078,0.012027
0.0340767,2930.17,0.007076,0.012003
0.021634,2780.4,0.007077,0.012007
0.036837,2930.17,0.007076,0.012003
0.0178666,2679.34,0.007077,0.012009
0.0361475,2930.17,0.007076,0.012003
0.0383274,2679.34,0.007077,0.012009
0.0621993,1220.65,0.00708,0.012052
0.0659189,1139.56,0.00708,0.012058
0.0287236,3068.89,0.007076,0.011999
0.00572686,2325.66,0.007078,0.012025
0.0641915,1140.64,0.00708,0.012056
0.0611449,1220.65,0.00708,0.012052
0.0224941,2780.4,0.007077,0.012007
0.0383617,2679.34,0.007077,0.012009
0.0340653,2930.17,0.007076,0.012003
0.0575823,1332.84,0.007079,0.012046
0.0290139,3068.89,0.007076,0.011999
0.0585344,1332.84,0.007079,0.012046
0.05644,1332.84,0.007079,0.012046
0.00250367,2224.65,0.007078,0.012027
0.0308486,3531.99,0.007076,0.011994
0.0214252,2780.4,0.007077,0.012007
0.0418411,2435.78,0.007077,0.012022
0.0441758,2435.78,0.007077,0.012022
0.0553877,1332.84,0.007079,0.012046
0.0394166,2679.34,0.007077,0.012009
0.00139326,2224.65,0.007078,0.012027
0.036025,2930.17,0.007076,0.012003
0.0505645,1634.99,0.007078,0.012033
0.0485946,1634.99,0.007078,0.012033
0.0152635,2543.66,0.007077,0.012019
0.0653196,1140.64,0.00708,0.012056
0.0454283,2224.65,0.007078,0.012027
0.0113481,2435.78,0.007077,0.012022
0.0600755,1220.65,0.00708,0.012052
0.0284931,3068.89,0.007076,0.011999
0.0432349,2435.78,0.007077,0.012022
0.0324401,3531.99,0.007076,0.011994
0.0115495,2435.78,0.007077,0.012022
0.0260843,2930.17,0.007076,0.012003
0.0383111,2679.34,0.007077,0.012009
0.0493094,1634.99,0.007078,0.012033
0.0338649,2930.17,0.007076,0.012003
0.0305623,3531.99,0.007076,0.011994
0.00309882,2224.65,0.007078,0.012027
0.0397495,2679.34,0.007077,0.012009
0.036915,2930.17,0.007076,0.012003
0.0141138,2543.66,0.007077,0.012019
0.0220741,2780.4,0.007077,0.012007
0.0354587,2930.17,0.007076,0.012003
0.00282122,2224.65,0.007078,0.012027
0.00981824,2435.78,0.007077,0.012022
0.0167801,2679.34,0.007077,0.012009
0.0287358,3068.89,0.007076,0.011999
0.0544107,1454.38,0.007079,0.01204
0.0122277,2543.66,0.007077,0.012019
0.0205001,2780.4,0.007077,0.012007
0.00445784,2224.65,0.007078,0.012027
0.0537126,1454.38,0.007079,0.01204
0.00210925,2224.65,0.007078,0.012027
0.0461543,2224.65,0.007078,0.012027
0.00412099,2224.65,0.007078,0.012027
0.025339,2930.17,0.007076,0.012003
0.0340513,2930.17,0.007076,0.012003
0.0107061,2435.78,0.007077,0.012022
0.041687,2435.78,0.007077,0.012022
0.043716,2435.78,0.007077,0.012022
0.0448818,2224.65,0.007078,0.012027
0.0437463,2435.78,0.007077,0.012022
0.0282755,3068.89,0.007076,0.011999
0.00413591,2224.65,0.007078,0.012027
0.020647,2780.4,0.007077,0.012007
0.00881009,2435.78,0.007077,0.012022
0.00944947,2435.78,0.007077,0.012022
0.0523703,1454.38,0.007079,0.01204
0.0578453,1332.84,0.007079,0.012046
0.0139903,2543.66,0.007077,0.012019
0.0284221,3068.89,0.007076,0.011999
0.0595117,1220.65,0.00708,0.012052
0.0433769,2435.78,0.007077,0.012022
0.0456001,2224.65,0.007078,0.012027
0.0231628,2930.17,0.007076,0.012003
0.00211722,2224.65,0.007078,0.012027
0.0148274,2543.66,0.007077,0.012019
0.000944972,2112.15,0.007078,0.01203
0.0286538,3068.89,0.007076,0.011999
0.0166737,2679.34,0.007077,0.012009
0.0512802,1634.99,0.007078,0.012033
0.041393,2435.78,0.007077,0.012022
0.0209622,2780.4,0.007077,0.012007
0.0482073,1634.99,0.007078,0.012033
0.0204343,2780.4,0.007077,0.012007
0.00159855,2224.65,0.007078,0.012027
0.052089,1454.38,0.007079,0.01204
0.0286148,3068.89,0.007076,0.011999
0.0514287,1634.99,0.007078,0.012033
0.0414822,2435.78,0.007077,0.012022
0.0447475,2224.65,0.007078,0.012027
0.0513995,1634.99,0.007078,0.012033
0.0446526,2224.65,0.007078,0.012027
0.00275687,2224.65,0.007078,0.012027
0.0378648,2679.34,0.007077,0.012009
0.0100637,2435.78,0.007077,0.012022
0.0232903,2930.17,0.007076,0.012003
0.0203324,2780.4,0.007077,0.012007
0.0258404,2930.17,0.007076,0.012003
0.0120599,2543.66,0.007077,0.012019
0.0168655,2679.34,0.007077,0.012009
0.0404279,2679.34,0.007077,0.012009
0.0451111,2224.65,0.007078,0.012027
0.0432041,2435.78,0.007077,0.012022
0.0541905,1454.38,0.007079,0.01204
0.0233838,2930.17,0.007076,0.012003
0.0618456,1220.65,0.00708,0.012052
0.0097913,2435.78,0.007077,0.012022
0.0159392,2679.34,0.007077,0.012009
0.00614112,2325.66,0.007078,0.012025
0.00296409,2224.65,0.007078,0.012027
0.0107944,2435.78,0.007077,0.012022
0.0423362,2435.78,0.007077,0.012022
0.00775305,2325.66,0.007078,0.012025
0.0538779,1454.38,0.007079,0.01204
0.017063,2679.34,0.007077,0.012009
0.0260294,1892.82,0.007076,0.012001
0.0120927,1289.88,0.007077,0.012016
0.0326954,2332.91,0.007076,0.011995
0.0131211,1289.88,0.007077,0.012016
0.0201744,1596.09,0.007077,0.012007
0.00961756,1215.65,0.007077,0.012018
0.025256,1892.82,0.007076,0.012001
0.0573646,768.825,0.00708,0.01205
0.0662983,677.103,0.00708,0.012058
0.059252,768.825,0.00708,0.01205
0.0268414,1892.82,0.007076,0.012001
0.00150012,978.287,0.007078,0.012029
0.00409446,1108.88,0.007077,0.012022
0.037118,1892.82,0.007076,0.012001
0.0144786,1465.62,0.007077,0.01201
0.0201694,1596.09,0.007077,0.012007
0.00116514,978.287,0.007078,0.012029
0.0281069,1892.82,0.007076,0.012001
0.0537602,879.493,0.007079,0.012042
0.0268571,1892.82,0.007076,0.012001
0.0105267,1289.88,0.007077,0.012016
0.0523249,1035.5,0.007078,0.012033
0.0306359,2122.42,0.007076,0.011998
0.00386969,1108.88,0.007077,0.012022
0.0144556,1465.62,0.007077,0.01201
0.0588687,768.825,0.00708,0.01205
0.0596409,768.825,0.00708,0.01205
0.0227029,1756.23,0.007076,0.012003
0.00533985,1108.88,0.007077,0.012022
0.0598856,768.825,0.00708,0.01205
0.0222707,1756.23,0.007076,0.012003
0.011406,1289.88,0.007077,0.012016
0.0663353,677.103,0.00708,0.012058
0.0362118,1892.82,0.007076,0.012001
0.019843,1596.09,0.007077,0.012007
0.0594546,768.825,0.00708,0.01205
0.0414212,1596.09,0.007077,0.012007
0.0111093,1289.88,0.007077,0.012016
0.0245159,1756.23,0.007076,0.012003
0.0456309,1289.88,0.007077,0.012016
0.0393882,1596.09,0.007077,0.012007
0.0533111,1035.5,0.007078,0.012033
0.0118558,1289.88,0.007077,0.012016
0.0600979,768.825,0.00708,0.01205
0.063932,705.408,0.00708,0.012055
0.00961679,1215.65,0.007077,0.012018
0.0521481,1035.5,0.007078,0.012033
0.0147638,1465.62,0.007077,0.01201
0.0451048,1289.88,0.007077,0.012016
0.0540377,879.493,0.007079,0.012042
0.0531421,1035.5,0.007078,0.012033
0.0594768,768.825,0.00708,0.01205
0.0498128,1220.54,0.007078,0.012024
0.0603684,768.825,0.00708,0.01205
0.0195061,1596.09,0.007077,0.012007
0.0318356,2122.42,0.007076,0.011998
0.02793,1892.82,0.007076,0.012001
0.00679193,1108.88,0.007077,0.012022
0.0151917,1465.62,0.007077,0.01201
0.033094,2332.91,0.007076,0.011995
0.0143642,1465.62,0.007077,0.01201
0.0275339,1892.82,0.007076,0.012001
0.0156277,1465.62,0.007077,0.01201
0.0105633,1289.88,0.007077,0.012016
0.00821308,1215.65,0.007077,0.012018
0.003185,978.287,0.007078,0.012029
0.0136344,1289.88,0.007077,0.012016
0.0570458,768.825,0.00708,0.01205
0.00267278,978.287,0.007078,0.012029
0.00392212,1108.88,0.007077,0.012022
0.0558529,879.493,0.007079,0.012042
0.0491487,1220.54,0.007078,0.012024
0.0118874,1289.88,0.007077,0.012016
0.0105944,1289.88,0.007077,0.012016
0.0656579,677.103,0.00708,0.012058
0.0111319,1289.88,0.007077,0.012016
0.0642894,677.103,0.00708,0.012058
0.0522716,1035.5,0.007078,0.012033
0.0158966,1465.62,0.007077,0.01201
0.0537053,879.493,0.007079,0.012042
0.0124946,1289.88,0.007077,0.012016
0.0435408,1289.88,0.007077,0.012016
0.0329684,2332.91,0.007076,0.011995
0.0255491,1892.82,0.007076,0.012001
0.0572135,768.825,0.00708,0.01205
0.0624854,705.408,0.00708,0.012055
0.0584712,768.825,0.00708,0.01205
0.00502029,1108.88,0.007077,0.012022
0.0616702,705.408,0.00708,0.012055
0.0144228,1465.62,0.007077,0.01201
0.043124,1289.88,0.007077,0.012016
0.0167188,1465.62,0.007077,0.01201
0.0624222,705.408,0.00708,0.012055
0.0438204,1289.88,0.007077,0.012016
0.0421515,1596.09,0.007077,0.012007
0.0268646,1892.82,0.007076,0.012001
0.0319188,2122.42,0.007076,0.011998
0.0386411,1892.82,0.007076,0.012001
0.00177482,978.287,0.007078,0.012029
0.0505334,1035.5,0.007078,0.012033
0.0392999,1596.09,0.007077,0.012007
0.0557543,879.493,0.007079,0.012042
0.0330308,2332.91,0.007076,0.011995
0.023486,1756.23,0.007076,0.012003
0.00869253,1215.65,0.007077,0.012018
0.00879115,1215.65,0.007077,0.012018
0.0145187,1465.62,0.007077,0.01201
0.0279593,1892.82,0.007076,0.012001
0.0483511,1220.54,0.007078,0.012024
0.0645499,677.103,0.00708,0.012058
0.0475787,1220.54,0.007078,0.012024
0.0239886,1756.23,0.007076,0.012003
0.00884271,1215.65,0.007077,0.012018
0.0121797,1289.88,0.007077,0.012016
0.028895,2122.42,0.007076,0.011998
0.027038,1892.82,0.007076,0.012001
0.0305084,2122.42,0.007076,0.011998
0.0207813,1596.09,0.007077,0.012007
0.0643085,677.103,0.00708,0.012058
0.0652349,677.103,0.00708,0.012058
0.0306864,2122.42,0.007076,0.011998
0.0213658,1756.23,0.007076,0.012003
0.0368215,1892.82,0.007076,0.012001
0.0142361,1465.62,0.007077,0.01201
0.038707,1892.82,0.007076,0.012001
0.0388679,1892.82,0.007076,0.012001
0.0395152,1596.09,0.007077,0.012007
0.0453308,1289.88,0.007077,0.012016
0.00591878,1108.88,0.007077,0.012022
0.0531417,1035.5,0.007078,0.012033
0.00598485,1108.88,0.007077,0.012022
0.0482986,1220.54,0.007078,0.012024
0.0213791,1756.23,0.007076,0.012003
0.00752992,1215.65,0.007077,0.012018
0.04856,1220.54,0.007078,0.012024
0.000213145,978.287,0.007078,0.012029
0.054871,879.493,0.007079,0.012042
0.00963689,1215.65,0.007077,0.012018
0.0549611,879.493,0.007079,0.012042
0.0311785,2122.42,0.007076,0.011998
0.050686,1035.5,0.007078,0.012033
0.049855,1220.54,0.007078,0.012024
0.0461647,1289.88,0.007077,0.012016
0.00131921,978.287,0.007078,0.012029
0.0469185,1220.54,0.007078,0.012024
0.0234372,1756.23,0.007076,0.012003
0.00375666,1108.88,0.007077,0.012022
0.032187,2332.91,0.007076,0.011995
0.0285715,2122.42,0.007076,0.011998
0.0373054,1892.82,0.007076,0.012001
0.0575089,768.825,0.00708,0.01205
0.03384,2332.91,0.007076,0.011995
0.0517238,1035.5,0.007078,0.012033
0.0506751,1035.5,0.007078,0.012033
0.0399956,1596.09,0.007077,0.012007
0.00987483,1215.65,0.007077,0.012018
0.00846359,1215.65,0.007077,0.012018
0.00947287,1215.65,0.007077,0.012018
0.00415322,1108.88,0.007077,0.012022
0.033888,2332.91,0.007076,0.011995
0.0630084,705.408,0.00708,0.012055
0.00584366,1108.88,0.007077,0.012022
0.0204173,1596.09,0.007077,0.012007
0.055597,879.493,0.007079,0.012042
0.021985,1756.23,0.007076,0.012003
0.0268791,1892.82,0.007076,0.012001
0.0349053,2332.91,0.007076,0.011995
0.00569907,1108.88,0.007077,0.012022
0.0226364,1756.23,0.007076,0.012003
0.0351035,2332.91,0.007076,0.011995
0.0536513,879.493,0.007079,0.012042
0.0509167,1035.5,0.007078,0.012033
0.0509276,1035.5,0.007078,0.012033
0.0426221,1596.09,0.007077,0.012007
0.0597124,768.825,0.00708,0.01205
0.0265705,1892.82,0.007076,0.012001
0.0427267,1289.88,0.007077,0.012016
0.019308,1596.09,0.007077,0.012007
0.0368058,1892.82,0.007076,0.012001
0.0350566,2332.91,0.007076,0.011995
0.0371333,1892.82,0.007076,0.012001
0.00979751,1215.65,0.007077,0.012018
0.0118235,1289.88,0.007077,0.012016
0.0225467,1756.23,0.007076,0.012003
0.0517785,1035.5,0.007078,0.012033
0.0640364,705.408,0.00708,0.012055
0.0469755,1220.54,0.007078,0.012024
0.0438715,1289.88,0.007077,0.012016
0.0197613,1596.09,0.007077,0.012007
0.0247795,1756.23,0.007076,0.012003
0.0421647,1596.09,0.007077,0.012007
0.00670615,1108.88,0.007077,0.012022
0.0372151,1892.82,0.007076,0.012001
0.0252561,1892.82,0.007076,0.012001
0.0425817,1596.09,0.007077,0.012007
0.0319451,2122.42,0.007076,0.011998
0.0255868,1892.82,0.007076,0.012001
0.0253976,1892.82,0.007076,0.012001
0.034514,2332.91,0.007076,0.011995
0.0379736,1892.82,0.007076,0.012001
0.0198087,1596.09,0.007077,0.012007
0.0651889,677.103,0.00708,0.012058
0.0539127,879.493,0.007079,0.012042
0.00789125,1215.65,0.007077,0.012018
0.0643831,677.103,0.00708,0.012058
0.00742691,1215.65,0.007077,0.012018
0.0361237,1892.82,0.007076,0.012001
0.0535844,879.493,0.007079,0.012042
0.0106825,1289.88,0.007077,0.012016
0.0537474,879.493,0.007079,0.012042
0.0185705,1596.09,0.007077,0.012007
0.0311126,2122.42,0.007076,0.011998
0.0381693,1892.82,0.007076,0.012001
0.0069919,1215.65,0.007077,0.012018
0.011014,1289.88,0.007077,0.012016
0.00446422,1108.88,0.007077,0.012022
0.0579414,768.825,0.00708,0.01205
0.0565402,879.493,0.007079,0.012042
0.00825543,1215.65,0.007077,0.012018
0.0296052,2122.42,0.007076,0.011998
0.00581528,1108.88,0.007077,0.012022
0.0359961,1892.82,0.007076,0.012001
0.0452019,1289.88,0.007077,0.012016
0.0136315,1289.88,0.007077,0.012016
0.0454513,1289.88,0.007077,0.012016
0.0577695,768.825,0.00708,0.01205
0.0279167,1892.82,0.007076,0.012001
0.0255834,1892.82,0.007076,0.012001
0.0174252,1465.62,0.007077,0.01201
0.0171739,1465.62,0.007077,0.01201
0.0540737,879.493,0.007079,0.012042
0.057057,768.825,0.00708,0.01205
0.015588,1849.27,0.007077,0.012015
0.0379024,1713.08,0.007077,0.012009
0.0572195,768.825,0.00708,0.01205
0.00846669,1730.05,0.007077,0.012018
0.024694,2320.77,0.007076,0.012006
0.00855645,1730.05,0.007077,0.012018
0.0431078,1433.09,0.007077,0.012016
0.0445042,1220.54,0.007078,0.012024
0.0612339,705.408,0.00708,0.012055
0.0294593,2265,0.007076,0.011999
0.0105242,1730.05,0.007077,0.012018
0.0323602,2468.75,0.007076,0.011997
0.0246267,2320.77,0.007076,0.012006
0.0149148,1849.27,0.007077,0.012015
0.0281644,2558.52,0.007076,0.011996
0.00583389,1612.4,0.007077,0.012022
0.0160199,2006.69,0.007077,0.012012
0.0281401,2558.52,0.007076,0.011996
0.0263169,2320.77,0.007076,0.012006
0.06399,677.103,0.00708,0.012058
0.0493195,1035.5,0.007078,0.012033
0.0325086,2468.75,0.007076,0.011997
0.0111907,1730.05,0.007077,0.012018
0.0581427,768.825,0.00708,0.01205
0.00300109,1487.08,0.007078,0.012026
0.0456964,1220.54,0.007078,0.012024
0.0519873,879.493,0.007079,0.012042
0.028995,2265,0.007076,0.011999
0.0426399,1433.09,0.007077,0.012016
0.010961,1730.05,0.007077,0.012018
0.0333497,2468.75,0.007076,0.011997
0.00223722,1487.08,0.007078,0.012026
0.000272856,1394.24,0.007078,0.01203
0.0605421,705.408,0.00708,0.012055
0.0624088,677.103,0.00708,0.012058
0.0435932,1433.09,0.007077,0.012016
0.061469,705.408,0.00708,0.012055
0.0539635,879.493,0.007079,0.012042
0.0334794,2468.75,0.007076,0.011997
0.00819404,1612.4,0.007077,0.012022
0.00411397,1487.08,0.007078,0.012026
0.0521452,879.493,0.007079,0.012042
0.0571344,768.825,0.00708,0.01205
0.0524067,879.493,0.007079,0.012042
0.0451048,1220.54,0.007078,0.012024
0.0268478,2558.52,0.007076,0.011996
0.0141495,1849.27,0.007077,0.012015
0.0365257,2056.23,0.007076,0.012002
0.0447967,1220.54,0.007078,0.012024
0.0386514,1713.08,0.007077,0.012009
0.0427614,1433.09,0.007077,0.012016
0.0222166,2161.36,0.007077,0.012009
0.0281811,2558.52,0.007076,0.011996
0.00217537,1487.08,0.007078,0.012026
0.0348834,2056.23,0.007076,0.012002
0.0635808,677.103,0.00708,0.012058
0.0527064,879.493,0.007079,0.012042
0.0549241,879.493,0.007079,0.012042
0.0618509,705.408,0.00708,0.012055
0.00637804,1612.4,0.007077,0.012022
0.0208283,2161.36,0.007077,0.012009
0.0224009,2161.36,0.007077,0.012009
0.0434526,1433.09,0.007077,0.012016
0.00336851,1487.08,0.007078,0.012026
0.0286318,2265,0.007076,0.011999
0.0341666,2056.23,0.007076,0.012002
0.0227549,2161.36,0.007077,0.012009
0.00894547,1730.05,0.007077,0.012018
0.051188,1035.5,0.007078,0.012033
0.0296963,2265,0.007076,0.011999
0.0512352,1035.5,0.007078,0.012033
0.0610832,705.408,0.00708,0.012055
0.0103216,1730.05,0.007077,0.012018
0.000539585,1394.24,0.007078,0.01203
0.0186612,2006.69,0.007077,0.012012
0.0567754,768.825,0.00708,0.01205
0.0314997,2468.75,0.007076,0.011997
0.0488799,1035.5,0.007078,0.012033
0.0251843,2320.77,0.007076,0.012006
0.000594618,1394.24,0.007078,0.01203
0.0119452,1730.05,0.007077,0.012018
0.0238589,2320.77,0.007076,0.012006
0.00983215,1730.05,0.007077,0.012018
0.0612498,705.408,0.00708,0.012055
0.0519467,879.493,0.007079,0.012042
0.0137648,1849.27,0.007077,0.012015
0.0130834,1849.27,0.007077,0.012015
0.0482336,1035.5,0.007078,0.012033
0.0362188,2056.23,0.007076,0.012002
0.0343335,2056.23,0.007076,0.012002
0.0349539,2056.23,0.007076,0.012002
0.000555276,1394.24,0.007078,0.01203
0.00381466,1487.08,0.007078,0.012026
0.000942107,1394.24,0.007078,0.01203
0.0436779,1433.09,0.007077,0.012016
0.0483116,1035.5,0.007078,0.012033
0.0237411,2320.77,0.007076,0.012006
0.0268058,2558.52,0.007076,0.011996
0.0190726,2006.69,0.007077,0.012012
0.0386962,1713.08,0.007077,0.012009
0.0152564,1849.27,0.007077,0.012015
0.0507351,1035.5,0.007078,0.012033
0.0274515,2558.52,0.007076,0.011996
0.032139,2468.75,0.007076,0.011997
0.0562486,768.825,0.00708,0.01205
0.0435401,1433.09,0.007077,0.012016
0.0272993,2558.52,0.007076,0.011996
0.026022,2320.77,0.007076,0.012006
0.0555279,768.825,0.00708,0.01205
0.0235331,2320.77,0.007076,0.012006
0.0512063,1035.5,0.007078,0.012033
0.0515893,879.493,0.007079,0.012042
0.0385803,1713.08,0.007077,0.012009
0.0465305,1220.54,0.007078,0.012024
0.0456046,1220.54,0.007078,0.012024
0.0624981,677.103,0.00708,0.012058
0.0614611,705.408,0.00708,0.012055
0.017346,2006.69,0.007077,0.012012
0.0466473,1220.54,0.007078,0.012024
0.0192145,2161.36,0.007077,0.012009
0.06147,705.408,0.00708,0.012055
0.0396037,1713.08,0.007077,0.012009
0.00673024,1612.4,0.007077,0.012022
0.0321277,2468.75,0.007076,0.011997
0.0361133,2056.23,0.007076,0.012002
0.0508517,1035.5,0.007078,0.012033
0.00459644,1487.08,0.007078,0.012026
0.0552217,768.825,0.00708,0.01205
0.0364732,2056.23,0.007076,0.012002
0.0199297,2161.36,0.007077,0.012009
0.0284618,2265,0.007076,0.011999
0.000236232,1394.24,0.007078,0.01203
0.00519658,1612.4,0.007077,0.012022
0.0570074,768.825,0.00708,0.01205
0.00883791,1730.05,0.007077,0.012018
0.0202896,2161.36,0.007077,0.012009
0.00238933,1487.08,0.007078,0.012026
0.0463881,1220.54,0.007078,0.012024
0.0587583,705.408,0.00708,0.012055
0.0402606,1713.08,0.007077,0.012009
0.0172124,2006.69,0.007077,0.012012
0.0366758,2056.23,0.007076,0.012002
0.0272827,2558.52,0.007076,0.011996
0.0189761,2006.69,0.007077,0.012012
0.0253946,2320.77,0.007076,0.012006
0.00295144,1487.08,0.007078,0.012026
0.0103199,1730.05,0.007077,0.012018
0.0620746,705.408,0.00708,0.012055
0.00758761,1612.4,0.007077,0.012022
0.0275349,2558.52,0.007076,0.011996
0.00519949,1612.4,0.007077,0.012022
0.0339774,2056.23,0.007076,0.012002
0.0251118,2320.77,0.007076,0.012006
0.0032907,1487.08,0.007078,0.012026
0.0357091,2056.23,0.007076,0.012002
0.0245662,2320.77,0.007076,0.012006
0.055851,768.825,0.00708,0.01205
0.00288179,1487.08,0.007078,0.012026
0.0451839,1220.54,0.007078,0.012024
0.00802367,1612.4,0.007077,0.012022
0.052386,879.493,0.007079,0.012042
0.0272667,2558.52,0.007076,0.011996
0.042142,1433.09,0.007077,0.012016
0.0587248,705.408,0.00708,0.012055
0.0528187,879.493,0.007079,0.012042
0.00590819,1612.4,0.007077,0.012022
0.0289222,2265,0.007076,0.011999
0.0558906,768.825,0.00708,0.01205
0.0180771,2006.69,0.007077,0.012012
0.0386173,1713.08,0.007077,0.012009
0.0448557,1220.54,0.007078,0.012024
0.060038,705.408,0.00708,0.012055
0.0504285,1035.5,0.007078,0.012033
0.00997285,1730.05,0.007077,0.012018
0.00243517,1487.08,0.007078,0.012026
0.000257293,1394.24,0.007078,0.01203
0.0469281,1220.54,0.007078,0.012024
0.0116404,1730.05,0.007077,0.012018
0.0565875,768.825,0.00708,0.01205
0.059816,705.408,0.00708,0.012055
0.0114202,1730.05,0.007077,0.012018
0.0489413,1035.5,0.007078,0.012033
0.0123396,1849.27,0.007077,0.012015
0.0169288,2006.69,0.007077,0.012012
0.0304973,2468.75,0.007076,0.011997
0.0180001,2006.69,0.007077,0.012012
0.012955,1849.27,0.007077,0.012015
0.0208695,2161.36,0.007077,0.012009
0.0323015,2468.75,0.007076,0.011997
0.012552,1849.27,0.007077,0.012015
0.0606034,705.408,0.00708,0.012055
0.00942809,1730.05,0.007077,0.012018
0.0194802,2161.36,0.007077,0.012009
0.030843,2468.75,0.007076,0.011997
0.0171428,2006.69,0.007077,0.012012
0.0327564,2468.75,0.007076,0.011997
0.0524204,879.493,0.007079,0.012042
0.0365459,2056.23,0.007076,0.012002
0.0160888,2006.69,0.007077,0.012012
0.0310812,2468.75,0.007076,0.011997
0.0128175,1849.27,0.007077,0.012015
0.0541184,879.493,0.007079,0.012042
0.0449522,1220.54,0.007078,0.012024
0.0228617,2320.77,0.007076,0.012006
0.0569813,768.825,0.00708,0.01205
0.0509082,1035.5,0.007078,0.012033
0.0353272,2056.23,0.007076,0.012002
0.0215401,2161.36,0.007077,0.012009
0.0603494,705.408,0.00708,0.012055
0.0581694,1173.72,0.007079,0.012047
0.0575637,1173.72,0.007079,0.012047
0.0462444,1657.28,0.007078,0.012026
0.0173413,2006.69,0.007077,0.012012
0.0213905,2161.36,0.007077,0.012009
0.009442,1730.05,0.007077,0.012018
0.0529458,1292.36,0.007079,0.012041
0.0575616,1173.72,0.007079,0.012047
0.0109816,1730.05,0.007077,0.012018
0.0230662,2161.36,0.007077,0.012009
0.0393365,2006.69,0.007077,0.012012
0.00663317,1612.4,0.007077,0.012022
0.0266461,2320.77,0.007076,0.012006
0.0142365,1849.27,0.007077,0.012015
0.0564283,1173.72,0.007079,0.012047
0.0304289,2558.52,0.007076,0.011996
0.0347054,2320.77,0.007076,0.012006
0.0471009,1657.28,0.007078,0.012026
0.0605478,1072.67,0.00708,0.012053
0.0568171,1173.72,0.007079,0.012047
0.0275009,2558.52,0.007076,0.011996
0.0529574,1292.36,0.007079,0.012041
0.0251419,2320.77,0.007076,0.012006
0.00703914,1612.4,0.007077,0.012022
0.00472314,1487.08,0.007078,0.012026
0.0441534,1858.03,0.007077,0.01202
0.00335577,1487.08,0.007078,0.012026
0.0357361,2320.77,0.007076,0.012006
0.0406057,2006.69,0.007077,0.012012
0.0395188,2006.69,0.007077,0.012012
0.0107206,1730.05,0.007077,0.012018
0.0570681,1173.72,0.007079,0.012047
0.0387015,2006.69,0.007077,0.012012
0.0373656,2320.77,0.007076,0.012006
0.0584359,1173.72,0.007079,0.012047
0.0288255,2558.52,0.007076,0.011996
0.0520211,1292.36,0.007079,0.012041
0.035628,2320.77,0.007076,0.012006
0.0586064,1173.72,0.007079,0.012047
0.00781277,1612.4,0.007077,0.012022
0.0527034,1292.36,0.007079,0.012041
0.00133399,1394.24,0.007078,0.01203
0.0361159,2320.77,0.007076,0.012006
0.0341172,2320.77,0.007076,0.012006
0.0167587,2006.69,0.007077,0.012012
0.0525419,1292.36,0.007079,0.012041
0.0496628,1457.12,0.007078,0.012033
0.0495624,1457.12,0.007078,0.012033
0.055973,1173.72,0.007079,0.012047
0.016256,2006.69,0.007077,0.012012
0.0597378,1072.67,0.00708,0.012053
0.0515815,1457.12,0.007078,0.012033
0.0470773,1657.28,0.007078,0.012026
0.0291659,2558.52,0.007076,0.011996
0.0455199,1657.28,0.007078,0.012026
0.0297149,2558.52,0.007076,0.011996
0.0409553,2006.69,0.007077,0.012012
0.0290862,2558.52,0.007076,0.011996
0.0610274,1072.67,0.00708,0.012053
0.0224712,2161.36,0.007077,0.012009
0.0350983,2320.77,0.007076,0.012006
0.0331045,2805.78,0.007076,0.011992
0.0380263,2006.69,0.007077,0.012012
0.0528892,1292.36,0.007079,0.012041
0.0478194,1657.28,0.007078,0.012026
0.00779057,1612.4,0.007077,0.012022
0.011448,1730.05,0.007077,0.012018
0.00656122,1612.4,0.007077,0.012022
0.0453524,1657.28,0.007078,0.012026
0.0273324,2558.52,0.007076,0.011996
0.0396676,2006.69,0.007077,0.012012
0.0520885,1292.36,0.007079,0.012041
0.0278332,2558.52,0.007076,0.011996
0.0417484,1858.03,0.007077,0.01202
0.0392075,2006.69,0.007077,0.012012
0.0226491,2161.36,0.007077,0.012009
0.0618562,1072.67,0.00708,0.012053
0.0266648,2320.77,0.007076,0.012006
0.0206102,2161.36,0.007077,0.012009
0.0628282,1018.87,0.00708,0.012057
0.0415463,1858.03,0.007077,0.01202
0.00621144,1612.4,0.007077,0.012022
0.0392827,2006.69,0.007077,0.012012
0.0308485,2805.78,0.007076,0.011992
0.0233075,2161.36,0.007077,0.012009
0.0085947,1612.4,0.007077,0.012022
0.0403368,2006.69,0.007077,0.012012
0.0181073,2006.69,0.007077,0.012012
0.0138005,1849.27,0.007077,0.012015
0.0582817,1173.72,0.007079,0.012047
0.0283223,2558.52,0.007076,0.011996
0.00188871,1487.08,0.007078,0.012026
0.0153338,1849.27,0.007077,0.012015
0.0235188,2320.77,0.007076,0.012006
0.0382643,2006.69,0.007077,0.012012
0.037189,2320.77,0.007076,0.012006
0.0542492,1292.36,0.007079,0.012041
0.0141722,1849.27,0.007077,0.012015
0.0172283,2006.69,0.007077,0.012012
0.0416183,1858.03,0.007077,0.01202
0.00213984,1487.08,0.007078,0.012026
0.0578501,1173.72,0.007079,0.012047
0.0578666,1173.72,0.007079,0.012047
0.0638357,1018.87,0.00708,0.012057
0.0102933,1730.05,0.007077,0.012018
0.0620409,1072.67,0.00708,0.012053
0.0437769,1858.03,0.007077,0.01202
0.0311295,2805.78,0.007076,0.011992
0.0553805,1292.36,0.007079,0.012041
0.025838,2320.77,0.007076,0.012006
0.0142269,1849.27,0.007077,0.012015
0.0238386,2320.77,0.007076,0.012006
0.00868208,1612.4,0.007077,0.012022
0.0561914,1173.72,0.007079,0.012047
0.00524501,1487.08,0.007078,0.012026
0.0126726,1849.27,0.007077,0.012015
0.0381974,2006.69,0.007077,0.012012
0.0234014,2320.77,0.007076,0.012006
0.020256,2161.36,0.007077,0.012009
0.0310433,2805.78,0.007076,0.011992
0.0374752,2320.77,0.007076,0.012006
0.0525034,1292.36,0.007079,0.012041
0.0116665,1730.05,0.007077,0.012018
0.0465711,1657.28,0.007078,0.012026
0.0464138,1657.28,0.007078,0.012026
0.0432363,1858.03,0.007077,0.01202
0.0547867,1292.36,0.007079,0.012041
0.0053522,1487.08,0.007078,0.012026
0.054918,1292.36,0.007079,0.012041
0.0562214,1173.72,0.007079,0.012047
0.04087,2006.69,0.007077,0.012012
0.0566819,1173.72,0.007079,0.012047
0.00163076,1394.24,0.007078,0.01203
0.00576703,1612.4,0.007077,0.012022
0.0129319,1849.27,0.007077,0.012015
0.0635419,1018.87,0.00708,0.012057
0.00362217,1487.08,0.007078,0.012026
0.0371277,2320.77,0.007076,0.012006
0.0147685,1849.27,0.007077,0.012015
0.0267283,2320.77,0.007076,0.012006
0.0464096,1657.28,0.007078,0.012026
0.0312241,2805.78,0.007076,0.011992
0.0234361,2320.77,0.007076,0.012006
0.0597501,1072.67,0.00708,0.012053
0.00798133,1612.4,0.007077,0.012022
0.0286581,2558.52,0.007076,0.011996
0.0482346,1657.28,0.007078,0.012026
0.0126087,1849.27,0.007077,0.012015
0.0574941,1173.72,0.007079,0.012047
0.0532153,1292.36,0.007079,0.012041
0.063325,1018.87,0.00708,0.012057
0.0561413,1173.72,0.007079,0.012047
0.0634004,1018.87,0.00708,0.012057
0.00999496,1730.05,0.007077,0.012018
0.00317999,1487.08,0.007078,0.012026
0.0210091,2161.36,0.007077,0.012009
0.0183096,2006.69,0.007077,0.012012
0.00568006,1612.4,0.007077,0.012022
0.0134681,1849.27,0.007077,0.012015
0.0125034,1730.05,0.007077,0.012018
0.0360186,2320.77,0.007076,0.012006
0.0442043,1858.03,0.007077,0.01202
0.0310603,2805.78,0.007076,0.011992
0.000371228,1394.24,0.007078,0.01203
0.0499723,1457.12,0.007078,0.012033
0.0469047,1657.28,0.007078,0.012026
0.00341958,1487.08,0.007078,0.012026
0.0501112,1457.12,0.007078,0.012033
0.0597853,1072.67,0.00708,0.012053
0.0434122,1858.03,0.007077,0.01202
0.0506555,1457.12,0.007078,0.012033
0.0230876,2161.36,0.007077,0.012009
0.00273154,1487.08,0.007078,0.012026
0.0527709,1292.36,0.007079,0.012041
0.0179553,2006.69,0.007077,0.012012
0.0558877,1173.72,0.007079,0.012047
0.0176608,2006.69,0.007077,0.012012
0.0251901,2320.77,0.007076,0.012006
0.0520733,1292.36,0.007079,0.012041
0.036826,2320.77,0.007076,0.012006
0.00450997,1487.08,0.007078,0.012026
0.0381719,2006.69,0.007077,0.012012
0.00798074,1612.4,0.007077,0.012022
0.0484729,1457.12,0.007078,0.012033
0.0130852,1849.27,0.007077,0.012015
0.00570034,1612.4,0.007077,0.012022
0.0194644,2006.69,0.007077,0.012012
0.0169028,2006.69,0.007077,0.012012
0.0247532,2320.77,0.007076,0.012006
0.0147436,1849.27,0.007077,0.012015
0.0506253,1457.12,0.007078,0.012033
0.0298263,2558.52,0.007076,0.011996
0.00483749,1487.08,0.007078,0.012026
0.0124654,1730.05,0.007077,0.012018
0.0342738,2320.77,0.007076,0.012006
0.0425707,1858.03,0.007077,0.01202
0.0549306,1292.36,0.007079,0.012041
0.0303535,2558.52,0.007076,0.011996
0.0415484,1858.03,0.007077,0.01202
0.0203334,2161.36,0.007077,0.012009
0.0157504,1849.27,0.007077,0.012015
0.0264836,2320.77,0.007076,0.012006
0.0416151,1858.03,0.007077,0.01202
0.0476747,1657.28,0.007078,0.012026
0.0257573,2320.77,0.007076,0.012006
0.0301874,2558.52,0.007076,0.011996
0.0212541,1256.13,0.007076,0.011988
0.0396238,1151.44,0.007076,0.011991
0.0263954,1586.4,0.007076,0.011984
0.0435444,712.523,0.007077,0.012007
0.0239033,1427.71,0.007076,0.011986
0.00951116,920.928,0.007076,0.011998
0.0560251,188.926,0.007079,0.012038
0.0562541,188.926,0.007079,0.012038
0.00388457,712.523,0.007077,0.012007
0.0408569,920.928,0.007076,0.011998
0.0220211,1427.71,0.007076,0.011986
0.0121721,1032.53,0.007076,0.011994
0.0143422,1032.53,0.007076,0.011994
0.0277337,1586.4,0.007076,0.011984
0.00185123,712.523,0.007077,0.012007
0.00191251,712.523,0.007077,0.012007
0.0596079,113.351,0.00708,0.012056
0.0558094,188.926,0.007079,0.012038
0.0171435,1151.44,0.007076,0.011991
0.0391377,1151.44,0.007076,0.011991
0.0558647,188.926,0.007079,0.012038
0.0572864,188.926,0.007079,0.012038
0.0196476,1256.13,0.007076,0.011988
0.0383076,1151.44,0.007076,0.011991
0.0440958,712.523,0.007077,0.012007
0.043479,712.523,0.007077,0.012007
0.0454198,712.523,0.007077,0.012007
0.0277196,1586.4,0.007076,0.011984
0.0396518,1151.44,0.007076,0.011991
0.0315311,1759.26,0.007075,0.011983
0.031175,1759.26,0.007075,0.011983
0.0252076,1427.71,0.007076,0.011986
0.0164162,1151.44,0.007076,0.011991
0.0236775,1427.71,0.007076,0.011986
0.0250582,1427.71,0.007076,0.011986
0.0133041,1032.53,0.007076,0.011994
0.0106905,920.928,0.007076,0.011998
0.00271363,712.523,0.007077,0.012007
0.00419121,805.801,0.007076,0.012002
0.0436205,712.523,0.007077,0.012007
0.000336862,730.773,0.007077,0.012021
0.0400657,920.928,0.007076,0.011998
0.00687922,805.801,0.007076,0.012002
0.0191202,1256.13,0.007076,0.011988
0.0454072,712.523,0.007077,0.012007
0.0352116,1427.71,0.007076,0.011986
0.0122959,1032.53,0.007076,0.011994
0.0228681,1427.71,0.007076,0.011986
0.0533702,292.06,0.007077,0.012021
0.0226536,1427.71,0.007076,0.011986
0.0323577,1759.26,0.007075,0.011983
0.0406509,920.928,0.007076,0.011998
0.0336824,1427.71,0.007076,0.011986
0.0513467,292.06,0.007077,0.012021
0.0182313,1151.44,0.007076,0.011991
0.00198016,712.523,0.007077,0.012007
0.0538076,292.06,0.007077,0.012021
0.0469178,712.523,0.007077,0.012007
0.053908,292.06,0.007077,0.012021
0.035341,1427.71,0.007076,0.011986
0.0244317,1427.71,0.007076,0.011986
0.00741151,805.801,0.007076,0.012002
0.00478828,805.801,0.007076,0.012002
0.0521467,292.06,0.007077,0.012021
0.0143443,1032.53,0.007076,0.011994
0.0576639,188.926,0.007079,0.012038
0.0230572,1427.71,0.007076,0.011986
0.020722,1256.13,0.007076,0.011988
0.0262167,1586.4,0.007076,0.011984
0.0110719,920.928,0.007076,0.011998
0.00125726,831.968,0.007077,0.012015
0.0144622,1032.53,0.007076,0.011994
0.0103959,920.928,0.007076,0.011998
0.0174733,1151.44,0.007076,0.011991
0.0512602,292.06,0.007077,0.012021
0.00242619,712.523,0.007077,0.012007
0.0131717,1032.53,0.007076,0.011994
0.0318588,1759.26,0.007075,0.011983
0.0019622,712.523,0.007077,0.012007
0.0601088,113.351,0.00708,0.012056
0.0146113,1032.53,0.007076,0.011994
0.0486885,508.462,0.007077,0.01202
0.0376473,1151.44,0.007076,0.011991
0.0154611,1151.44,0.007076,0.011991
0.0582711,113.351,0.00708,0.012056
0.0527914,292.06,0.007077,0.012021
0.0512792,292.06,0.007077,0.012021
0.049981,508.462,0.007077,0.01202
0.00941175,920.928,0.007076,0.011998
0.0116167,1032.53,0.007076,0.011994
0.0290253,1586.4,0.007076,0.011984
0.0201084,1256.13,0.007076,0.011988
0.0125427,1032.53,0.007076,0.011994
0.0346129,1427.71,0.007076,0.011986
0.0294751,1759.26,0.007075,0.011983
0.0190105,1256.13,0.007076,0.011988
0.035979,1427.71,0.007076,0.011986
0.0468729,712.523,0.007077,0.012007
0.00653272,805.801,0.007076,0.012002
0.054431,188.926,0.007079,0.012038
0.0322431,1759.26,0.007075,0.011983
0.0328218,1427.71,0.007076,0.011986
0.0467604,712.523,0.007077,0.012007
0.00805179,920.928,0.007076,0.011998
0.0473459,508.462,0.007077,0.01202
0.0387063,1151.44,0.007076,0.011991
0.0274401,1586.4,0.007076,0.011984
0.0196954,1256.13,0.007076,0.011988
0.00432923,805.801,0.007076,0.012002
0.0407654,920.928,0.007076,0.011998
0.0581433,113.351,0.00708,0.012056
0.0462024,712.523,0.007077,0.012007
0.0146227,1032.53,0.007076,0.011994
0.0355544,1427.71,0.007076,0.011986
0.00234018,712.523,0.007077,0.012007
0.0538373,292.06,0.007077,0.012021
0.0484425,508.462,0.007077,0.01202
0.0268007,1586.4,0.007076,0.011984
0.0157942,1151.44,0.007076,0.011991
0.0513276,292.06,0.007077,0.012021
0.0405759,920.928,0.007076,0.011998
0.0260904,1586.4,0.007076,0.011984
0.0293916,1759.26,0.007075,0.011983
0.0321241,1759.26,0.007075,0.011983
0.0330308,1427.71,0.007076,0.011986
0.0586347,113.351,0.00708,0.012056
0.0382463,1151.44,0.007076,0.011991
0.0132945,1032.53,0.007076,0.011994
0.0499967,508.462,0.007077,0.01202
0.01555,1151.44,0.007076,0.011991
0.0563868,188.926,0.007079,0.012038
0.0503758,508.462,0.007077,0.01202
0.0627244,86.6179,0.00708,0.012051
0.0596085,113.351,0.00708,0.012056
0.0175943,1151.44,0.007076,0.011991
0.0225876,1427.71,0.007076,0.011986
0.0422449,920.928,0.007076,0.011998
0.0293479,1759.26,0.007075,0.011983
0.0599165,113.351,0.00708,0.012056
0.0398736,920.928,0.007076,0.011998
0.0440534,712.523,0.007077,0.012007
0.0437846,712.523,0.007077,0.012007
0.0435134,712.523,0.007077,0.012007
0.0624637,86.6179,0.00708,0.012051
0.0418881,920.928,0.007076,0.011998
0.00688154,805.801,0.007076,0.012002
0.0510322,292.06,0.007077,0.012021
0.0472784,508.462,0.007077,0.01202
0.0120632,1032.53,0.007076,0.011994
0.0617628,86.6179,0.00708,0.012051
0.0276791,1586.4,0.007076,0.011984
0.012852,1032.53,0.007076,0.011994
0.0163372,1151.44,0.007076,0.011991
0.0408995,920.928,0.007076,0.011998
0.015488,1151.44,0.007076,0.011991
0.0159937,1151.44,0.007076,0.011991
0.0385258,1151.44,0.007076,0.011991
0.0338194,1427.71,0.007076,0.011986
0.0302308,1759.26,0.007075,0.011983
0.0318801,1759.26,0.007075,0.011983
0.0525747,292.06,0.007077,0.012021
0.0203225,1256.13,0.007076,0.011988
0.00220568,712.523,0.007077,0.012007
0.00398694,805.801,0.007076,0.012002
0.0366839,1151.44,0.007076,0.011991
0.00548059,805.801,0.007076,0.012002
0.00699425,805.801,0.007076,0.012002
0.0466813,712.523,0.007077,0.012007
0.0201303,1256.13,0.007076,0.011988
0.00310074,712.523,0.007077,0.012007
0.0168788,1151.44,0.007076,0.011991
0.052656,292.06,0.007077,0.012021
0.059256,113.351,0.00708,0.012056
0.0203735,1256.13,0.007076,0.011988
0.0111745,1032.53,0.007076,0.011994
0.0074183,805.801,0.007076,0.012002
0.0532012,292.06,0.007077,0.012021
0.00387072,712.523,0.007077,0.012007
0.0245081,1427.71,0.007076,0.011986
0.0218276,1256.13,0.007076,0.011988
0.0567357,188.926,0.007079,0.012038
0.010706,920.928,0.007076,0.011998
0.0392407,1151.44,0.007076,0.011991
0.0553003,188.926,0.007079,0.012038
0.00945418,920.928,0.007076,0.011998
0.0573805,188.926,0.007079,0.012038
0.0318891,1759.26,0.007075,0.011983
0.0556167,188.926,0.007079,0.012038
0.0496611,508.462,0.007077,0.01202
0.062713,86.6179,0.00708,0.012051
0.0263835,1586.4,0.007076,0.011984
0.0277235,1586.4,0.007076,0.011984
0.0132177,1032.53,0.007076,0.011994
0.061,113.351,0.00708,0.012056
0.040313,920.928,0.007076,0.011998
0.0234042,1427.71,0.007076,0.011986
0.0618488,86.6179,0.00708,0.012051
0.0337795,1427.71,0.007076,0.011986
0.0479656,508.462,0.007077,0.01202
0.0557607,188.926,0.007079,0.012038
0.00791492,920.928,0.007076,0.011998
0.0267102,1586.4,0.007076,0.011984
0.0455138,712.523,0.007077,0.012007
0.0602382,113.351,0.00708,0.012056
0.00268803,712.523,0.007077,0.012007
0.0282953,1586.4,0.007076,0.011984
0.0249698,2930.17,0.007076,0.012003
0.0626616,1381.73,0.00708,0.012054
0.023288,2751.53,0.007076,0.012003
0.0403706,2679.34,0.007077,0.012009
0.0220097,2631,0.007077,0.012012
0.0311731,3531.99,0.007076,0.011994
0.0329756,3531.99,0.007076,0.011994
0.0288288,3068.89,0.007076,0.011999
0.0551743,1744.2,0.007079,0.012043
0.0204848,2631,0.007077,0.012012
0.063393,1381.73,0.00708,0.012054
0.0457804,2224.65,0.007078,0.012027
0.0390814,2679.34,0.007077,0.012009
0.0159531,2486.15,0.007077,0.012015
0.0367377,2930.17,0.007076,0.012003
0.0631227,1381.73,0.00708,0.012054
0.0449157,2224.65,0.007078,0.012027
0.000720581,1906.49,0.007078,0.01203
0.0298348,3068.89,0.007076,0.011999
0.0171806,2486.15,0.007077,0.012015
0.0462854,2224.65,0.007078,0.012027
0.0516241,1886.27,0.007079,0.012038
0.0591625,1609.66,0.007079,0.012048
0.0361915,2930.17,0.007076,0.012003
0.0100383,2243.06,0.007077,0.012021
0.0107221,2243.06,0.007077,0.012021
0.0156444,2486.15,0.007077,0.012015
0.0319258,3531.99,0.007076,0.011994
0.0552736,1744.2,0.007079,0.012043
0.0357387,2930.17,0.007076,0.012003
0.0451712,2224.65,0.007078,0.012027
0.0430249,2435.78,0.007077,0.012022
0.0231997,2751.53,0.007076,0.012003
0.0130904,2356.79,0.007077,0.012018
0.0353928,2930.17,0.007076,0.012003
0.0566356,1744.2,0.007079,0.012043
0.0534407,1886.27,0.007079,0.012038
0.0570292,1744.2,0.007079,0.012043
0.0476875,2224.65,0.007078,0.012027
0.000379035,1906.49,0.007078,0.01203
0.0228536,2751.53,0.007076,0.012003
0.0300563,3531.99,0.007076,0.011994
0.0479686,2033.5,0.007078,0.012033
0.0597878,1609.66,0.007079,0.012048
0.0515682,1886.27,0.007079,0.012038
0.0231487,2751.53,0.007076,0.012003
0.0166236,2486.15,0.007077,0.012015
0.0191346,2631,0.007077,0.012012
0.010582,2243.06,0.007077,0.012021
0.0572544,1744.2,0.007079,0.012043
0.051251,2033.5,0.007078,0.012033
0.0537985,1886.27,0.007079,0.012038
0.0480393,2033.5,0.007078,0.012033
0.0232146,2751.53,0.007076,0.012003
0.0174228,2486.15,0.007077,0.012015
0.0312472,3531.99,0.007076,0.011994
0.044335,2224.65,0.007078,0.012027
0.0551743,1744.2,0.007079,0.012043
0.00217086,2003.22,0.007078,0.012027
0.0194264,2631,0.007077,0.012012
0.00272303,2003.22,0.007078,0.012027
0.0603565,1609.66,0.007079,0.012048
0.0338682,2930.17,0.007076,0.012003
0.00276454,2003.22,0.007078,0.012027
0.020839,2631,0.007077,0.012012
0.0274229,3068.89,0.007076,0.011999
0.00760179,2123.61,0.007078,0.012024
0.0584883,1744.2,0.007079,0.012043
0.0256296,2930.17,0.007076,0.012003
0.0153912,2356.79,0.007077,0.012018
0.0467892,2224.65,0.007078,0.012027
0.0071818,2123.61,0.007078,0.012024
0.0127587,2356.79,0.007077,0.012018
0.0262867,2930.17,0.007076,0.012003
0.035757,2930.17,0.007076,0.012003
0.010071,2243.06,0.007077,0.012021
0.0197808,2631,0.007077,0.012012
0.0333446,3531.99,0.007076,0.011994
0.0111534,2243.06,0.007077,0.012021
0.0530719,1886.27,0.007079,0.012038
0.000840412,1906.49,0.007078,0.01203
0.0518394,1886.27,0.007079,0.012038
0.0285003,3068.89,0.007076,0.011999
0.0539801,1886.27,0.007079,0.012038
0.0407629,2435.78,0.007077,0.012022
0.00120583,2003.22,0.007078,0.012027
0.0457555,2224.65,0.007078,0.012027
0.0220286,2631,0.007077,0.012012
0.0323515,3531.99,0.007076,0.011994
0.0427148,2435.78,0.007077,0.012022
0.0117239,2243.06,0.007077,0.012021
0.0209227,2631,0.007077,0.012012
0.0500724,2033.5,0.007078,0.012033
0.0177757,2486.15,0.007077,0.012015
0.0600411,1609.66,0.007079,0.012048
0.00658418,2123.61,0.007078,0.012024
0.0360345,2930.17,0.007076,0.012003
0.0604982,1609.66,0.007079,0.012048
0.0380007,2679.34,0.007077,0.012009
0.0342391,2930.17,0.007076,0.012003
0.047374,2224.65,0.007078,0.012027
0.057425,1744.2,0.007079,0.012043
0.0334178,3531.99,0.007076,0.011994
0.0373948,2679.34,0.007077,0.012009
0.0391672,2679.34,0.007077,0.012009
0.0433016,2435.78,0.007077,0.012022
0.031712,3531.99,0.007076,0.011994
0.0259737,2930.17,0.007076,0.012003
0.0405354,2679.34,0.007077,0.012009
0.00892332,2243.06,0.007077,0.012021
0.00795408,2123.61,0.007078,0.012024
0.00269073,2003.22,0.007078,0.012027
0.0264671,3068.89,0.007076,0.011999
0.0559405,1744.2,0.007079,0.012043
0.0623149,1381.73,0.00708,0.012054
0.0498759,2033.5,0.007078,0.012033
0.0502192,2033.5,0.007078,0.012033
0.0297739,3068.89,0.007076,0.011999
0.00981138,2243.06,0.007077,0.012021
0.0179046,2486.15,0.007077,0.012015
0.0489687,2033.5,0.007078,0.012033
0.0135614,2356.79,0.007077,0.012018
0.0233843,2751.53,0.007076,0.012003
0.00963679,2243.06,0.007077,0.012021
0.0548648,1886.27,0.007079,0.012038
0.0617038,1609.66,0.007079,0.012048
0.0508216,2033.5,0.007078,0.012033
0.0605284,1609.66,0.007079,0.012048
0.0112465,2243.06,0.007077,0.012021
0.0015376,2003.22,0.007078,0.012027
0.037584,2679.34,0.007077,0.012009
0.0622931,1381.73,0.00708,0.012054
0.00664407,2123.61,0.007078,0.012024
0.0599635,1609.66,0.007079,0.012048
0.0365884,2930.17,0.007076,0.012003
0.0435725,2435.78,0.007077,0.012022
0.0509131,2033.5,0.007078,0.012033
0.023157,2751.53,0.007076,0.012003
0.027121,3068.89,0.007076,0.011999
0.0624935,1381.73,0.00708,0.012054
0.0202727,2631,0.007077,0.012012
0.0213771,2631,0.007077,0.012012
0.0371371,2679.34,0.007077,0.012009
0.0456798,2224.65,0.007078,0.012027
0.0150995,2356.79,0.007077,0.012018
0.0155719,2486.15,0.007077,0.012015
0.0493707,2033.5,0.007078,0.012033
0.0523223,1886.27,0.007079,0.012038
0.0343264,2930.17,0.007076,0.012003
0.0307792,3531.99,0.007076,0.011994
0.0597622,1609.66,0.007079,0.012048
0.0341205,2930.17,0.007076,0.012003
0.0613141,1609.66,0.007079,0.012048
0.00166249,2003.22,0.007078,0.012027
0.0506644,2033.5,0.007078,0.012033
0.0126695,2356.79,0.007077,0.012018
0.00452403,2003.22,0.007078,0.012027
0.0170793,2486.15,0.007077,0.012015
0.062898,1381.73,0.00708,0.012054
0.0624186,1381.73,0.00708,0.012054
0.0206444,2631,0.007077,0.012012
0.0158385,2486.15,0.007077,0.012015
0.0248528,2930.17,0.007076,0.012003
0.0181583,2486.15,0.007077,0.012015
0.0100776,2243.06,0.007077,0.012021
0.0624641,1381.73,0.00708,0.012054
0.0186252,2486.15,0.007077,0.012015
0.0372372,2679.34,0.007077,0.012009
0.0233739,2751.53,0.007076,0.012003
0.0538223,1886.27,0.007079,0.012038
0.0559744,1744.2,0.007079,0.012043
0.0180964,2486.15,0.007077,0.012015
0.000396577,1906.49,0.007078,0.01203
0.0598559,1609.66,0.007079,0.012048
0.00605769,2123.61,0.007078,0.012024
0.0463571,2224.65,0.007078,0.012027
0.0321353,3531.99,0.007076,0.011994
0.0368359,2930.17,0.007076,0.012003
0.0529861,1886.27,0.007079,0.012038
0.0157706,2486.15,0.007077,0.012015
0.000513977,1906.49,0.007078,0.01203
0.0502415,2033.5,0.007078,0.012033
0.0140722,2356.79,0.007077,0.012018
0.0394761,2679.34,0.007077,0.012009
0.0438868,2435.78,0.007077,0.012022
0.0054388,2123.61,0.007078,0.012024
0.0373963,2679.34,0.007077,0.012009
0.00405438,2003.22,0.007078,0.012027
0.00877981,2243.06,0.007077,0.012021
0.0202531,2631,0.007077,0.012012
0.061686,1609.66,0.007079,0.012048
0.0519125,1886.27,0.007079,0.012038
0.00476354,2003.22,0.007078,0.012027
0.0214643,2631,0.007077,0.012012
0.0484484,2033.5,0.007078,0.012033
0.0588136,1609.66,0.007079,0.012048
0.0122983,2356.79,0.007077,0.012018
0.046262,2224.65,0.007078,0.012027
0.0572241,1744.2,0.007079,0.012043
0.0161347,2486.15,0.007077,0.012015
0.0198173,2631,0.007077,0.012012
0.0363987,2930.17,0.007076,0.012003
0.0614938,1609.66,0.007079,0.012048
0.0307677,3531.99,0.007076,0.011994
0.0145084,2356.79,0.007077,0.012018
0.0406839,2435.78,0.007077,0.012022
0.0287197,3068.89,0.007076,0.011999
0.0458,2224.65,0.007078,0.012027
0.0327189,3531.99,0.007076,0.011994
0.00662969,2123.61,0.007078,0.012024
0.0221093,2631,0.007077,0.012012
0.063062,1381.73,0.00708,0.012054
0.01899,1596.09,0.007077,0.012007
0.0166152,1596.09,0.007077,0.012007
0.00197933,1009.58,0.007077,0.01202
0.0498799,925.872,0.007078,0.012032
0.00016493,913.004,0.007078,0.012025
0.0177349,1596.09,0.007077,0.012007
0.0232669,1756.23,0.007076,0.012003
0.0619616,705.408,0.00708,0.012055
0.00650452,1108.47,0.007077,0.012016
0.00871745,1108.47,0.007077,0.012016
0.0420365,1289.88,0.007077,0.012016
0.0410041,1596.09,0.007077,0.012007
0.000672618,913.004,0.007078,0.012025
0.0229895,1756.23,0.007076,0.012003
0.0362808,1892.82,0.007076,0.012001
0.0636346,677.103,0.00708,0.012058
0.0559643,669.296,0.00708,0.01205
0.0194965,1596.09,0.007077,0.012007
0.048292,1108.88,0.007077,0.012022
0.0415259,1289.88,0.007077,0.012016
0.00105925,913.004,0.007078,0.012025
0.0602881,705.408,0.00708,0.012055
0.0219125,1756.23,0.007076,0.012003
0.018733,1596.09,0.007077,0.012007
0.0362458,1892.82,0.007076,0.012001
0.0015945,913.004,0.007078,0.012025
0.0330384,2332.91,0.007076,0.011995
0.039131,1596.09,0.007077,0.012007
0.00412285,1009.58,0.007077,0.01202
0.0202628,1756.23,0.007076,0.012003
0.0239615,1892.82,0.007076,0.012001
0.0332866,2332.91,0.007076,0.011995
0.0359644,1892.82,0.007076,0.012001
0.0127463,1360.82,0.007077,0.012008
0.016432,1596.09,0.007077,0.012007
0.0476527,1108.88,0.007077,0.012022
0.0422336,1289.88,0.007077,0.012016
0.0181068,1596.09,0.007077,0.012007
0.0486287,925.872,0.007078,0.012032
0.0220697,1756.23,0.007076,0.012003
0.0500781,925.872,0.007078,0.012032
0.0142778,1465.62,0.007077,0.01201
0.0575239,768.825,0.00708,0.01205
0.00931328,1206.26,0.007077,0.012013
0.045454,1108.88,0.007077,0.012022
0.0397036,1596.09,0.007077,0.012007
0.00625693,1108.47,0.007077,0.012016
0.011288,1206.26,0.007077,0.012013
0.00749994,1108.47,0.007077,0.012016
0.0570261,768.825,0.00708,0.01205
0.0138004,1465.62,0.007077,0.01201
0.0128183,1360.82,0.007077,0.012008
0.0305262,2122.42,0.007076,0.011998
0.00283294,1009.58,0.007077,0.01202
7.62104e-05,913.004,0.007078,0.012025
0.0272149,2122.42,0.007076,0.011998
0.0132404,1465.62,0.007077,0.01201
0.0461018,1108.88,0.007077,0.012022
0.0477758,1108.88,0.007077,0.012022
0.0552199,776.984,0.007079,0.012041
0.0138941,1465.62,0.007077,0.01201
0.0366783,1892.82,0.007076,0.012001
0.0444172,1289.88,0.007077,0.012016
0.0618631,705.408,0.00708,0.012055
0.0585015,768.825,0.00708,0.01205
3.66323e-05,913.004,0.007078,0.012025
0.0375809,1892.82,0.007076,0.012001
0.027434,2122.42,0.007076,0.011998
0.0565203,669.296,0.00708,0.01205
0.00329784,1009.58,0.007077,0.01202
0.0181395,1596.09,0.007077,0.012007
0.0558595,669.296,0.00708,0.01205
0.0401593,1596.09,0.007077,0.012007
0.0316607,2332.91,0.007076,0.011995
0.0183324,1596.09,0.007077,0.012007
0.0021214,1009.58,0.007077,0.01202
0.0399332,1596.09,0.007077,0.012007
0.0387272,1596.09,0.007077,0.012007
0.0118629,1206.26,0.007077,0.012013
0.0532937,776.984,0.007079,0.012041
0.0215076,1756.23,0.007076,0.012003
0.00620129,1108.47,0.007077,0.012016
0.0529938,776.984,0.007079,0.012041
0.0154599,1465.62,0.007077,0.01201
0.00444907,1009.58,0.007077,0.01202
0.0229964,1756.23,0.007076,0.012003
0.0503381,925.872,0.007078,0.012032
0.00531232,1009.58,0.007077,0.01202
0.000777189,913.004,0.007078,0.012025
0.0181929,1596.09,0.007077,0.012007
0.0187848,1596.09,0.007077,0.012007
0.00924995,1206.26,0.007077,0.012013
0.0384809,1596.09,0.007077,0.012007
0.0343603,1892.82,0.007076,0.012001
0.00299909,1009.58,0.007077,0.01202
0.0469915,1108.88,0.007077,0.012022
0.0582238,768.825,0.00708,0.01205
0.0585127,768.825,0.00708,0.01205
0.0146013,1465.62,0.007077,0.01201
0.045141,1108.88,0.007077,0.012022
0.0480814,1108.88,0.007077,0.012022
0.0472816,1108.88,0.007077,0.012022
0.00132957,913.004,0.007078,0.012025
0.0626432,705.408,0.00708,0.012055
0.0440153,1289.88,0.007077,0.012016
0.00259123,1009.58,0.007077,0.01202
0.000583015,913.004,0.007078,0.012025
0.0486344,925.872,0.007078,0.012032
0.03631,1892.82,0.007076,0.012001
0.024617,1892.82,0.007076,0.012001
0.0532236,776.984,0.007079,0.012041
0.0479957,1108.88,0.007077,0.012022
0.0361487,1892.82,0.007076,0.012001
0.0538689,776.984,0.007079,0.012041
0.0361792,1892.82,0.007076,0.012001
0.0175705,1596.09,0.007077,0.012007
0.00897022,1108.47,0.007077,0.012016
0.00398514,1009.58,0.007077,0.01202
0.0540653,776.984,0.007079,0.012041
0.0447106,1289.88,0.007077,0.012016
0.063829,677.103,0.00708,0.012058
0.0355546,1892.82,0.007076,0.012001
0.0247101,1892.82,0.007076,0.012001
0.0432181,1289.88,0.007077,0.012016
0.0502594,925.872,0.007078,0.012032
0.0166307,1596.09,0.007077,0.012007
0.0539885,776.984,0.007079,0.012041
0.0253818,1892.82,0.007076,0.012001
0.0404052,1596.09,0.007077,0.012007
0.0459748,1108.88,0.007077,0.012022
0.0329094,2332.91,0.007076,0.011995
0.0071468,1108.47,0.007077,0.012016
0.0577052,768.825,0.00708,0.01205
0.00595985,1108.47,0.007077,0.012016
0.0059906,1108.47,0.007077,0.012016
0.030752,2332.91,0.007076,0.011995
0.0481976,1108.88,0.007077,0.012022
0.0130331,1360.82,0.007077,0.012008
0.061831,705.408,0.00708,0.012055
0.0257562,1892.82,0.007076,0.012001
0.012177,1206.26,0.007077,0.012013
0.000876365,913.004,0.007078,0.012025
0.0219587,1756.23,0.007076,0.012003
0.014303,1465.62,0.007077,0.01201
0.0346497,1892.82,0.007076,0.012001
0.0119093,1206.26,0.007077,0.012013
0.0392427,1596.09,0.007077,0.012007
0.0419477,1289.88,0.007077,0.012016
0.063476,677.103,0.00708,0.012058
0.0518903,925.872,0.007078,0.012032
0.0227879,1756.23,0.007076,0.012003
0.0433368,1289.88,0.007077,0.012016
0.0304291,2122.42,0.007076,0.011998
0.000140337,913.004,0.007078,0.012025
0.0582923,768.825,0.00708,0.01205
0.0554603,776.984,0.007079,0.012041
0.0278743,2122.42,0.007076,0.011998
0.0526218,776.984,0.007079,0.012041
0.0257493,1892.82,0.007076,0.012001
0.0609294,705.408,0.00708,0.012055
0.0264309,1892.82,0.007076,0.012001
0.0392913,1596.09,0.007077,0.012007
0.0287321,2122.42,0.007076,0.011998
0.00670317,1108.47,0.007077,0.012016
0.0111296,1206.26,0.007077,0.012013
0.0406647,1596.09,0.007077,0.012007
0.0457019,1108.88,0.007077,0.012022
0.0535339,776.984,0.007079,0.012041
0.00261784,1009.58,0.007077,0.01202
0.0365902,1892.82,0.007076,0.012001
0.0464507,1108.88,0.007077,0.012022
0.0324988,2332.91,0.007076,0.011995
0.0497544,925.872,0.007078,0.012032
0.0626536,705.408,0.00708,0.012055
0.0391355,1596.09,0.007077,0.012007
0.040102,1596.09,0.007077,0.012007
0.05358,776.984,0.007079,0.012041
0.0245172,1892.82,0.007076,0.012001
0.0227052,1756.23,0.007076,0.012003
0.0353591,1892.82,0.007076,0.012001
0.0567777,669.296,0.00708,0.01205
0.0196519,1596.09,0.007077,0.012007
0.00392478,1009.58,0.007077,0.01202
0.0446209,1289.88,0.007077,0.012016
0.00304227,1009.58,0.007077,0.01202
0.00501556,1009.58,0.007077,0.01202
0.0137277,1465.62,0.007077,0.01201
0.0425156,1289.88,0.007077,0.012016
0.0417526,1289.88,0.007077,0.012016
0.0455705,1108.88,0.007077,0.012022
0.0239272,1892.82,0.007076,0.012001
0.0518485,925.872,0.007078,0.012032
0.0520353,925.872,0.007078,0.012032
0.0618464,705.408,0.00708,0.012055
0.0113215,1206.26,0.007077,0.012013
0.0368549,2006.69,0.007077,0.012012
0.0583099,705.408,0.00708,0.012055
0.0120326,1849.27,0.007077,0.012015
0.0322389,2805.78,0.007076,0.011992
0.0475617,1035.5,0.007078,0.012033
0.0454988,1487.08,0.007078,0.012026
0.0610807,705.408,0.00708,0.012055
0.0411578,1730.05,0.007077,0.012018
0.0413761,1730.05,0.007077,0.012018
0.0104951,1730.05,0.007077,0.012018
0.00527608,1612.4,0.007077,0.012022
0.00160506,1807.42,0.007078,0.012027
0.00257175,1807.42,0.007078,0.012027
0.0469143,1035.5,0.007078,0.012033
0.0532996,879.493,0.007079,0.012042
0.0258696,2558.52,0.007076,0.011996
0.0450789,1487.08,0.007078,0.012026
0.0473999,1035.5,0.007078,0.012033
0.0494369,1035.5,0.007078,0.012033
0.00520765,1612.4,0.007077,0.012022
0.0126749,1849.27,0.007077,0.012015
0.0258758,2558.52,0.007076,0.011996
0.0280233,2558.52,0.007076,0.011996
0.0500214,1035.5,0.007078,0.012033
0.0317491,2805.78,0.007076,0.011992
0.0169509,2006.69,0.007077,0.012012
0.0157033,2006.69,0.007077,0.012012
0.0533451,879.493,0.007079,0.012042
0.00406901,1937.07,0.007078,0.012023
0.00494201,1612.4,0.007077,0.012022
0.0527122,879.493,0.007079,0.012042
0.0262754,2558.52,0.007076,0.011996
0.0247125,2320.77,0.007076,0.012006
0.032037,2805.78,0.007076,0.011992
0.0180804,2006.69,0.007077,0.012012
0.0171708,2006.69,0.007077,0.012012
0.0331493,2320.77,0.007076,0.012006
0.0357441,2320.77,0.007076,0.012006
0.0134491,1849.27,0.007077,0.012015
0.0462877,1220.54,0.007078,0.012024
0.0499714,1035.5,0.007078,0.012033
0.0263644,2558.52,0.007076,0.011996
0.0622388,677.103,0.00708,0.012058
0.0577141,705.408,0.00708,0.012055
0.0422217,1730.05,0.007077,0.012018
0.0078187,1730.05,0.007077,0.012018
0.0292082,2805.78,0.007076,0.011992
0.0227842,2320.77,0.007076,0.012006
0.0193697,2161.36,0.007077,0.012009
0.0535926,879.493,0.007079,0.012042
0.0152344,2006.69,0.007077,0.012012
0.051452,879.493,0.007079,0.012042
0.0536901,879.493,0.007079,0.012042
0.0312793,2805.78,0.007076,0.011992
0.0370675,2006.69,0.007077,0.012012
0.0338772,2320.77,0.007076,0.012006
0.0397295,1730.05,0.007077,0.012018
0.057042,768.825,0.00708,0.01205
0.00528962,1612.4,0.007077,0.012022
0.022226,2320.77,0.007076,0.012006
0.00863462,1730.05,0.007077,0.012018
0.0261272,2558.52,0.007076,0.011996
0.0484435,1035.5,0.007078,0.012033
0.0471112,1035.5,0.007078,0.012033
0.0285254,2558.52,0.007076,0.011996
0.0315485,2805.78,0.007076,0.011992
0.0550569,768.825,0.00708,0.01205
0.0205983,2161.36,0.007077,0.012009
0.0249729,2320.77,0.007076,0.012006
0.00559025,1612.4,0.007077,0.012022
0.0434787,1487.08,0.007078,0.012026
0.0516767,879.493,0.007079,0.012042
0.0385963,2006.69,0.007077,0.012012
0.0435744,1487.08,0.007078,0.012026
0.0495322,1035.5,0.007078,0.012033
0.0299556,2805.78,0.007076,0.011992
0.0275346,2558.52,0.007076,0.011996
0.0606596,705.408,0.00708,0.012055
0.0349763,2320.77,0.007076,0.012006
0.0423324,1730.05,0.007077,0.012018
0.0628274,677.103,0.00708,0.012058
0.0420685,1730.05,0.007077,0.012018
0.0563432,768.825,0.00708,0.01205
0.0167063,2006.69,0.007077,0.012012
0.0204343,2161.36,0.007077,0.012009
0.0314393,2805.78,0.007076,0.011992
0.0475585,1035.5,0.007078,0.012033
0.0489147,1035.5,0.007078,0.012033
0.0511437,879.493,0.007079,0.012042
0.0352221,2320.77,0.007076,0.012006
0.0563648,768.825,0.00708,0.01205
0.00231504,1807.42,0.007078,0.012027
0.0314818,2805.78,0.007076,0.011992
0.0237305,2320.77,0.007076,0.012006
1.87239e-05,1718.71,0.007078,0.01203
0.0342138,2320.77,0.007076,0.012006
0.0567905,768.825,0.00708,0.01205
0.0478847,1035.5,0.007078,0.012033
0.0280435,2558.52,0.007076,0.011996
0.0550723,768.825,0.00708,0.01205
0.0498584,1035.5,0.007078,0.012033
0.042586,1730.05,0.007077,0.012018
0.0509722,879.493,0.007079,0.012042
0.0219241,2320.77,0.007076,0.012006
0.0498011,1035.5,0.007078,0.012033
0.0315254,2805.78,0.007076,0.011992
0.0606892,705.408,0.00708,0.012055
0.00768184,1730.05,0.007077,0.012018
0.0221074,2320.77,0.007076,0.012006
0.0466657,1220.54,0.007078,0.012024
0.00627299,1612.4,0.007077,0.012022
0.0184184,2161.36,0.007077,0.012009
0.0377047,2006.69,0.007077,0.012012
0.0262275,2558.52,0.007076,0.011996
0.0370278,2006.69,0.007077,0.012012
0.0229808,2320.77,0.007076,0.012006
0.0497887,1035.5,0.007078,0.012033
0.0396829,1730.05,0.007077,0.012018
0.0038069,1937.07,0.007078,0.012023
0.0174302,2006.69,0.007077,0.012012
0.042247,1730.05,0.007077,0.012018
0.055811,768.825,0.00708,0.01205
0.0387481,2006.69,0.007077,0.012012
0.000720335,1807.42,0.007078,0.012027
0.0408507,1730.05,0.007077,0.012018
0.0080611,1730.05,0.007077,0.012018
0.0105218,1730.05,0.007077,0.012018
0.0620325,677.103,0.00708,0.012058
0.0238855,2320.77,0.007076,0.012006
0.0216967,2161.36,0.007077,0.012009
0.0489293,1035.5,0.007078,0.012033
0.0577359,705.408,0.00708,0.012055
0.031835,2805.78,0.007076,0.011992
0.0491444,1035.5,0.007078,0.012033
0.0424722,1730.05,0.007077,0.012018
0.0382531,2006.69,0.007077,0.012012
0.0431278,1730.05,0.007077,0.012018
0.000656977,1807.42,0.007078,0.012027
0.00401795,1937.07,0.007078,0.012023
0.0564564,768.825,0.00708,0.01205
0.0198044,2161.36,0.007077,0.012009
0.0535621,879.493,0.007079,0.012042
0.0122683,1849.27,0.007077,0.012015
0.0576202,705.408,0.00708,0.012055
0.034119,2320.77,0.007076,0.012006
0.0199621,2161.36,0.007077,0.012009
0.0235234,2320.77,0.007076,0.012006
0.0292872,2805.78,0.007076,0.011992
0.0317718,2805.78,0.007076,0.011992
0.0429267,1730.05,0.007077,0.012018
0.0127433,1849.27,0.007077,0.012015
0.060173,705.408,0.00708,0.012055
0.060883,705.408,0.00708,0.012055
0.0479741,1035.5,0.007078,0.012033
0.0237203,2320.77,0.007076,0.012006
0.00950439,1730.05,0.007077,0.012018
0.0490152,1035.5,0.007078,0.012033
0.00634119,1612.4,0.007077,0.012022
0.0563893,768.825,0.00708,0.01205
0.0402509,1730.05,0.007077,0.012018
0.0122128,1849.27,0.007077,0.012015
0.0514774,879.493,0.007079,0.012042
0.0215101,2161.36,0.007077,0.012009
0.037476,2006.69,0.007077,0.012012
0.0439199,1487.08,0.007078,0.012026
0.00192562,1807.42,0.007078,0.012027
0.000946052,1807.42,0.007078,0.012027
0.0631972,677.103,0.00708,0.012058
0.0292119,2805.78,0.007076,0.011992
0.0605455,705.408,0.00708,0.012055
0.061489,677.103,0.00708,0.012058
0.0518581,879.493,0.007079,0.012042
0.0485666,1035.5,0.007078,0.012033
0.0325949,2320.77,0.007076,0.012006
0.0346038,2320.77,0.007076,0.012006
0.0318493,2805.78,0.007076,0.011992
0.0380633,2006.69,0.007077,0.012012
0.0164826,2006.69,0.007077,0.012012
0.027298,2558.52,0.007076,0.011996
0.0170965,2006.69,0.007077,0.012012
0.0410629,1730.05,0.007077,0.012018
0.0241507,2320.77,0.007076,0.012006
0.00875845,1730.05,0.007077,0.012018
0.0342467,2320.77,0.007076,0.012006
0.0218551,2320.77,0.007076,0.012006
0.0411033,1730.05,0.007077,0.012018
0.0304794,2805.78,0.007076,0.011992
0.0316441,2805.78,0.007076,0.011992
0.0133182,1849.27,0.007077,0.012015
0.0216146,2161.36,0.007077,0.012009
0.0402194,1730.05,0.007077,0.012018
0.0585833,705.408,0.00708,0.012055
0.00207421,1807.42,0.007078,0.012027
0.056102,768.825,0.00708,0.01205
0.0209688,2161.36,0.007077,0.012009
0.0546951,768.825,0.00708,0.01205
0.034383,2320.77,0.007076,0.012006
0.0477495,1035.5,0.007078,0.012033
0.00354945,1807.42,0.007078,0.012027
0.00771113,1730.05,0.007077,0.012018
0.038671,2006.69,0.007077,0.012012
0.0514083,879.493,0.007079,0.012042
0.0216137,2161.36,0.007077,0.012009
0.0367248,2006.69,0.007077,0.012012
0.034018,2320.77,0.007076,0.012006
0.0124109,1849.27,0.007077,0.012015
0.0273194,2558.52,0.007076,0.011996
0.0286988,2558.52,0.007076,0.011996
0.0155703,2006.69,0.007077,0.012012
0.0282427,2558.52,0.007076,0.011996
0.00663747,1612.4,0.007077,0.012022
0.0580657,705.408,0.00708,0.012055
0.0543484,768.825,0.00708,0.01205
0.0498723,1297.74,0.007078,0.012034
0.0357265,2320.77,0.007076,0.012006
0.0355208,2320.77,0.007076,0.012006
0.031747,2805.78,0.007076,0.011992
0.0086209,1458.32,0.007077,0.012021
0.0249992,2320.77,0.007076,0.012006
0.00490509,1350.18,0.007078,0.012025
0.0434432,1730.05,0.007077,0.012018
0.0643147,1018.87,0.00708,0.012057
0.0165276,2006.69,0.007077,0.012012
0.00354817,1350.18,0.007078,0.012025
0.0136692,1723.65,0.007077,0.012013
0.0348156,2320.77,0.007076,0.012006
0.00995873,1591.91,0.007077,0.012017
0.0462381,1487.08,0.007078,0.012026
0.0607267,1072.67,0.00708,0.012053
0.061363,1072.67,0.00708,0.012053
0.04585,1487.08,0.007078,0.012026
0.0207225,2161.36,0.007077,0.012009
0.0114159,1591.91,0.007077,0.012017
0.0485386,1297.74,0.007078,0.012034
0.035445,2320.77,0.007076,0.012006
0.062996,1018.87,0.00708,0.012057
0.0451472,1487.08,0.007078,0.012026
0.0166011,2006.69,0.007077,0.012012
0.055091,1149.01,0.007079,0.012041
0.0638605,1018.87,0.00708,0.012057
0.0458989,1487.08,0.007078,0.012026
0.053187,1149.01,0.007079,0.012041
0.0390747,2006.69,0.007077,0.012012
0.0624326,1072.67,0.00708,0.012053
0.0370564,2320.77,0.007076,0.012006
0.0275107,2558.52,0.007076,0.011996
0.0242911,2320.77,0.007076,0.012006
0.0507933,1297.74,0.007078,0.012034
0.0151087,1723.65,0.007077,0.012013
0.000189552,1255.49,0.007078,0.012029
0.0318536,2805.78,0.007076,0.011992
0.0462348,1487.08,0.007078,0.012026
0.0442883,1730.05,0.007077,0.012018
0.0370214,2320.77,0.007076,0.012006
0.048616,1297.74,0.007078,0.012034
0.0554393,1149.01,0.007079,0.012041
0.0357857,2320.77,0.007076,0.012006
0.0122345,1591.91,0.007077,0.012017
0.0152058,1723.65,0.007077,0.012013
0.0568317,1173.72,0.007079,0.012047
0.013338,1723.65,0.007077,0.012013
0.00412651,1350.18,0.007078,0.012025
0.0174157,2006.69,0.007077,0.012012
0.0394811,2006.69,0.007077,0.012012
0.0351749,2320.77,0.007076,0.012006
0.0250179,2320.77,0.007076,0.012006
0.0616516,1072.67,0.00708,0.012053
0.0108409,1591.91,0.007077,0.012017
0.0459771,1487.08,0.007078,0.012026
0.0196401,2161.36,0.007077,0.012009
0.056775,1173.72,0.007079,0.012047
0.0338032,2805.78,0.007076,0.011992
0.0411672,1730.05,0.007077,0.012018
0.0231856,2161.36,0.007077,0.012009
0.037864,2006.69,0.007077,0.012012
0.0325305,2805.78,0.007076,0.011992
0.0428962,1730.05,0.007077,0.012018
0.0456338,1487.08,0.007078,0.012026
0.0213997,2161.36,0.007077,0.012009
0.0115199,1591.91,0.007077,0.012017
0.0332206,2805.78,0.007076,0.011992
0.0314924,2805.78,0.007076,0.011992
0.0202661,2161.36,0.007077,0.012009
0.0659506,1018.87,0.00708,0.012057
0.0532012,1149.01,0.007079,0.012041
0.00537526,1458.32,0.007077,0.012021
0.0614991,1072.67,0.00708,0.012053
0.041397,1730.05,0.007077,0.012018
0.0448965,1487.08,0.007078,0.012026
0.063992,1018.87,0.00708,0.012057
0.0183216,2006.69,0.007077,0.012012
0.00199917,1350.18,0.007078,0.012025
0.0589589,1173.72,0.007079,0.012047
0.0100437,1591.91,0.007077,0.012017
0.0148111,1723.65,0.007077,0.012013
0.0209887,2161.36,0.007077,0.012009
0.03557,2320.77,0.007076,0.012006
0.0382108,2006.69,0.007077,0.012012
0.0596262,1072.67,0.00708,0.012053
0.0267461,2320.77,0.007076,0.012006
0.0178721,2006.69,0.007077,0.012012
0.0211019,2161.36,0.007077,0.012009
0.0612158,1072.67,0.00708,0.012053
0.0321651,2805.78,0.007076,0.011992
0.0145029,1723.65,0.007077,0.012013
0.0272595,2558.52,0.007076,0.011996
0.00346592,1350.18,0.007078,0.012025
0.0538142,1149.01,0.007079,0.012041
0.0154963,1723.65,0.007077,0.012013
0.0218008,2161.36,0.007077,0.012009
0.0404692,2006.69,0.007077,0.012012
0.00450905,1350.18,0.007078,0.012025
0.0515939,1297.74,0.007078,0.012034
0.0182935,2006.69,0.007077,0.012012
0.0174036,2006.69,0.007077,0.012012
0.0069551,1458.32,0.007077,0.012021
0.0648768,1018.87,0.00708,0.012057
0.0659937,1018.87,0.00708,0.012057
0.0245974,2320.77,0.007076,0.012006
0.0155964,1723.65,0.007077,0.012013
0.0344294,2320.77,0.007076,0.012006
0.0488704,1297.74,0.007078,0.012034
0.0156989,1723.65,0.007077,0.012013
0.00510184,1350.18,0.007078,0.012025
0.0234373,2320.77,0.007076,0.012006
0.00223016,1350.18,0.007078,0.012025
0.0652338,1018.87,0.00708,0.012057
0.0472586,1487.08,0.007078,0.012026
0.0624378,1072.67,0.00708,0.012053
0.0325665,2805.78,0.007076,0.011992
0.056,1173.72,0.007079,0.012047
0.0440604,1730.05,0.007077,0.012018
0.0621851,1072.67,0.00708,0.012053
0.00384852,1350.18,0.007078,0.012025
0.0182004,2006.69,0.007077,0.012012
0.0138763,1723.65,0.007077,0.012013
0.0164982,2006.69,0.007077,0.012012
0.0577585,1173.72,0.007079,0.012047
0.0629582,1018.87,0.00708,0.012057
0.0543891,1149.01,0.007079,0.012041
0.00253603,1350.18,0.007078,0.012025
0.00339353,1350.18,0.007078,0.012025
0.0638913,1018.87,0.00708,0.012057
0.016816,2006.69,0.007077,0.012012
0.0434031,1730.05,0.007077,0.012018
0.0268845,2558.52,0.007076,0.011996
0.00795041,1458.32,0.007077,0.012021
0.0116863,1591.91,0.007077,0.012017
0.0170449,2006.69,0.007077,0.012012
0.0030888,1350.18,0.007078,0.012025
0.00783165,1458.32,0.007077,0.012021
0.0187253,2006.69,0.007077,0.012012
0.0361882,2320.77,0.007076,0.012006
0.0651418,1018.87,0.00708,0.012057
0.0280753,2558.52,0.007076,0.011996
0.0133254,1723.65,0.007077,0.012013
0.0296569,2558.52,0.007076,0.011996
0.00660299,1458.32,0.007077,0.012021
0.00538562,1458.32,0.007077,0.012021
0.0222511,2161.36,0.007077,0.012009
0.054028,1149.01,0.007079,0.012041
0.033188,2805.78,0.007076,0.011992
0.0378696,2006.69,0.007077,0.012012
0.0622779,1072.67,0.00708,0.012053
0.0520949,1149.01,0.007079,0.012041
0.0162094,2006.69,0.007077,0.012012
0.0146099,1723.65,0.007077,0.012013
0.0185221,2006.69,0.007077,0.012012
0.053885,1149.01,0.007079,0.012041
0.0254829,2320.77,0.007076,0.012006
0.0520879,1149.01,0.007079,0.012041
0.0661668,1018.87,0.00708,0.012057
0.0611553,1072.67,0.00708,0.012053
0.0541197,1149.01,0.007079,0.012041
0.00975182,1591.91,0.007077,0.012017
0.0262162,2320.77,0.007076,0.012006
0.0661565,1018.87,0.00708,0.012057
0.0257112,2320.77,0.007076,0.012006
0.043402,1730.05,0.007077,0.012018
0.0490378,1297.74,0.007078,0.012034
0.0297794,2558.52,0.007076,0.011996
0.0556447,1025.72,0.007079,0.012048
0.0360477,2320.77,0.007076,0.012006
0.0381857,2006.69,0.007077,0.012012
0.0613652,1072.67,0.00708,0.012053
0.0615987,1072.67,0.00708,0.012053
0.0160019,1723.65,0.007077,0.012013
0.0127077,1723.65,0.007077,0.012013
0.0332557,2805.78,0.007076,0.011992
0.0619913,1072.67,0.00708,0.012053
0.0602549,1072.67,0.00708,0.012053
0.0661241,1018.87,0.00708,0.012057
0.0359717,2320.77,0.007076,0.012006
0.0231666,2161.36,0.007077,0.012009
0.0341323,2320.77,0.007076,0.012006
0.0336347,2805.78,0.007076,0.011992
0.00438862,1350.18,0.007078,0.012025
0.00699204,1458.32,0.007077,0.012021
0.0195636,2006.69,0.007077,0.012012
0.00523814,1350.18,0.007078,0.012025
0.0394076,2006.69,0.007077,0.012012
0.0599222,1072.67,0.00708,0.012053
0.0453533,1487.08,0.007078,0.012026
0.0166171,2006.69,0.007077,0.012012
0.0500048,1297.74,0.007078,0.012034
0.0403205,2006.69,0.007077,0.012012
0.0195565,2006.69,0.007077,0.012012
0.0617463,1072.67,0.00708,0.012053
0.0291853,2558.52,0.007076,0.011996
0.0105605,1591.91,0.007077,0.012017
0.0622177,1072.67,0.00708,0.012053
0.0121718,1591.91,0.007077,0.012017
0.0476328,1487.08,0.007078,0.012026
0.0317085,2805.78,0.007076,0.011992
0.000169092,1255.49,0.007078,0.012029
0.0319073,2805.78,0.007076,0.011992
0.00671389,1458.32,0.007077,0.012021
0.0437977,1730.05,0.007077,0.012018
0.0156223,1723.65,0.007077,0.012013
0.000681716,1255.49,0.007078,0.012029
0.0419636,1730.05,0.007077,0.012018
0.0395226,2006.69,0.007077,0.012012
0.0282046,2558.52,0.007076,0.011996
0.0565018,1173.72,0.007079,0.012047
0.0360985,2320.77,0.007076,0.012006
0.0175085,2006.69,0.007077,0.012012
0.0436996,1730.05,0.007077,0.012018
0.0358588,2320.77,0.007076,0.012006
0.0316113,2805.78,0.007076,0.011992
0.0293398,2558.52,0.007076,0.011996
0.0635669,1018.87,0.00708,0.012057
0.0611884,1072.67,0.00708,0.012053
0.039852,2006.69,0.007077,0.012012
0.034001,2320.77,0.007076,0.012006
0.0228669,2161.36,0.007077,0.012009
0.00140417,831.968,0.007077,0.012015
0.00347214,831.968,0.007077,0.012015
0.0622105,113.351,0.00708,0.012056
0.0515728,382.483,0.007078,0.012033
0.0299273,1586.4,0.007076,0.011984
0.0492551,508.462,0.007077,0.01202
0.0117903,1025.78,0.007077,0.012007
0.0254778,1427.71,0.007076,0.011986
0.0164613,1296.79,0.007076,0.011999
0.058824,113.351,0.00708,0.012056
0.0227531,1256.13,0.007076,0.011988
0.0150332,1153.09,0.007076,0.012003
0.0115591,1025.78,0.007077,0.012007
0.0134438,1153.09,0.007076,0.012003
0.016713,1296.79,0.007076,0.011999
0.0356991,1427.71,0.007076,0.011986
0.050096,508.462,0.007077,0.01202
0.0360557,1427.71,0.007076,0.011986
0.0112454,1025.78,0.007077,0.012007
0.0064764,930.753,0.007077,0.012011
0.0162251,1296.79,0.007076,0.011999
0.0100559,1025.78,0.007077,0.012007
0.00135839,831.968,0.007077,0.012015
0.0133568,1153.09,0.007076,0.012003
0.0308977,1759.26,0.007075,0.011983
0.0637652,86.6179,0.00708,0.012051
0.0386983,1151.44,0.007076,0.011991
0.0136096,1153.09,0.007076,0.012003
0.0251263,1427.71,0.007076,0.011986
0.0040856,831.968,0.007077,0.012015
0.0253108,1427.71,0.007076,0.011986
0.0488786,508.462,0.007077,0.01202
0.0491794,508.462,0.007077,0.01202
0.00163965,831.968,0.007077,0.012015
0.0114696,1025.78,0.007077,0.012007
0.00600438,930.753,0.007077,0.012011
0.0109316,1025.78,0.007077,0.012007
0.0137054,1153.09,0.007076,0.012003
0.00837686,930.753,0.007077,0.012011
0.0378771,1151.44,0.007076,0.011991
0.0464262,712.523,0.007077,0.012007
0.0292561,1586.4,0.007076,0.011984
0.0644111,86.6179,0.00708,0.012051
0.00486485,930.753,0.007077,0.012011
0.0153911,1153.09,0.007076,0.012003
0.0161736,1296.79,0.007076,0.011999
0.0379912,1151.44,0.007076,0.011991
0.0310457,1759.26,0.007075,0.011983
0.0436104,920.928,0.007076,0.011998
0.0159329,1296.79,0.007076,0.011999
0.0155001,1153.09,0.007076,0.012003
0.0151111,1153.09,0.007076,0.012003
0.0604336,113.351,0.00708,0.012056
0.00481535,930.753,0.007077,0.012011
0.00546387,930.753,0.007077,0.012011
0.0434926,920.928,0.007076,0.011998
0.000996338,730.773,0.007077,0.012021
0.0387208,1151.44,0.007076,0.011991
0.0103924,1025.78,0.007077,0.012007
0.0179451,1296.79,0.007076,0.011999
0.00306407,831.968,0.007077,0.012015
0.042193,920.928,0.007076,0.011998
0.00685542,930.753,0.007077,0.012011
0.0114956,1025.78,0.007077,0.012007
0.00444728,831.968,0.007077,0.012015
0.0427062,920.928,0.007076,0.011998
0.0214098,1256.13,0.007076,0.011988
0.0245446,1427.71,0.007076,0.011986
0.044851,712.523,0.007077,0.012007
0.0448086,712.523,0.007077,0.012007
0.0522142,382.483,0.007078,0.012033
0.00426387,831.968,0.007077,0.012015
0.0338815,1427.71,0.007076,0.011986
0.0138585,1153.09,0.007076,0.012003
0.015284,1153.09,0.007076,0.012003
0.023084,1427.71,0.007076,0.011986
0.0081035,930.753,0.007077,0.012011
0.00623365,930.753,0.007077,0.012011
0.0478792,712.523,0.007077,0.012007
0.0179394,1296.79,0.007076,0.011999
0.0116806,1025.78,0.007077,0.012007
0.0481373,508.462,0.007077,0.01202
0.027524,1586.4,0.007076,0.011984
0.0458793,712.523,0.007077,0.012007
0.0218799,1256.13,0.007076,0.011988
0.0206975,1256.13,0.007076,0.011988
0.0559662,274.919,0.007079,0.012047
0.00816063,930.753,0.007077,0.012011
0.007476,930.753,0.007077,0.012011
0.0447241,712.523,0.007077,0.012007
0.02982,1586.4,0.007076,0.011984
0.0118418,1025.78,0.007077,0.012007
0.025064,1427.71,0.007076,0.011986
0.0512555,508.462,0.007077,0.01202
0.00135593,831.968,0.007077,0.012015
0.00105193,730.773,0.007077,0.012021
0.0563243,274.919,0.007079,0.012047
0.0454509,712.523,0.007077,0.012007
0.0553267,274.919,0.007079,0.012047
0.0358426,1427.71,0.007076,0.011986
0.0256719,1427.71,0.007076,0.011986
0.0399942,1151.44,0.007076,0.011991
0.0349714,1427.71,0.007076,0.011986
0.0454192,712.523,0.007077,0.012007
0.00120218,730.773,0.007077,0.012021
0.0426979,920.928,0.007076,0.011998
0.0300812,1759.26,0.007075,0.011983
0.0290918,1586.4,0.007076,0.011984
0.0482351,508.462,0.007077,0.01202
0.0292944,1586.4,0.007076,0.011984
0.0324184,1759.26,0.007075,0.011983
0.0514749,508.462,0.007077,0.01202
0.0465358,712.523,0.007077,0.012007
0.0292639,1586.4,0.007076,0.011984
0.0581715,188.926,0.007079,0.012038
0.0127348,1153.09,0.007076,0.012003
0.0331184,1759.26,0.007075,0.011983
0.0179642,1296.79,0.007076,0.011999
0.0478321,712.523,0.007077,0.012007
0.0367107,1427.71,0.007076,0.011986
0.0532109,382.483,0.007078,0.012033
0.0331765,1759.26,0.007075,0.011983
0.0554611,274.919,0.007079,0.012047
0.0111045,1025.78,0.007077,0.012007
0.0378097,1151.44,0.007076,0.011991
0.0443299,712.523,0.007077,0.012007
0.0360533,1427.71,0.007076,0.011986
0.0328991,1759.26,0.007075,0.011983
0.0473397,712.523,0.007077,0.012007
0.041092,920.928,0.007076,0.011998
0.00732063,930.753,0.007077,0.012011
0.0612853,113.351,0.00708,0.012056
0.00645878,930.753,0.007077,0.012011
0.00589244,930.753,0.007077,0.012011
0.0601756,113.351,0.00708,0.012056
0.0579358,188.926,0.007079,0.012038
0.058763,113.351,0.00708,0.012056
0.0600069,113.351,0.00708,0.012056
0.0511072,508.462,0.007077,0.01202
0.0061141,930.753,0.007077,0.012011
0.0406291,1151.44,0.007076,0.011991
0.0297759,1586.4,0.007076,0.011984
0.0267572,1586.4,0.007076,0.011984
0.0110947,1025.78,0.007077,0.012007
0.00547503,930.753,0.007077,0.012011
0.0110268,1025.78,0.007077,0.012007
0.029509,1586.4,0.007076,0.011984
0.0269096,1586.4,0.007076,0.011984
0.0558067,274.919,0.007079,0.012047
0.0501353,508.462,0.007077,0.01202
0.0356671,1427.71,0.007076,0.011986
0.00890675,1025.78,0.007077,0.012007
0.0370974,1427.71,0.007076,0.011986
0.0156315,1296.79,0.007076,0.011999
0.0649716,86.6179,0.00708,0.012051
0.0274551,1586.4,0.007076,0.011984
0.0470266,712.523,0.007077,0.012007
0.0401913,1151.44,0.007076,0.011991
0.0489071,508.462,0.007077,0.01202
0.0348319,1427.71,0.007076,0.011986
0.0305411,1759.26,0.007075,0.011983
0.0577221,188.926,0.007079,0.012038
0.0118256,1025.78,0.007077,0.012007
0.035403,1427.71,0.007076,0.011986
0.021224,1256.13,0.007076,0.011988
0.055524,274.919,0.007079,0.012047
0.0591544,113.351,0.00708,0.012056
0.0379057,1151.44,0.007076,0.011991
0.00247073,831.968,0.007077,0.012015
0.0024383,831.968,0.007077,0.012015
0.0412817,920.928,0.007076,0.011998
0.0334909,1759.26,0.007075,0.011983
0.0280612,1586.4,0.007076,0.011984
0.0253909,1427.71,0.007076,0.011986
0.0102483,1025.78,0.007077,0.012007
0.00516282,930.753,0.007077,0.012011
0.0239252,1427.71,0.007076,0.011986
0.049267,508.462,0.007077,0.01202
0.0148989,1153.09,0.007076,0.012003
0.0165331,1296.79,0.007076,0.011999
0.0552588,274.919,0.007079,0.012047
0.0509799,508.462,0.007077,0.01202
0.0219911,1256.13,0.007076,0.011988
0.00778373,930.753,0.007077,0.012011
0.0267762,1586.4,0.007076,0.011984
0.0528663,382.483,0.007078,0.012033
0.00248135,831.968,0.007077,0.012015
0.00644389,930.753,0.007077,0.012011
0.0557737,274.919,0.007079,0.012047
0.0242364,1427.71,0.007076,0.011986
0.0580781,188.926,0.007079,0.012038
0.0187154,1296.79,0.007076,0.011999
0.00507307,930.753,0.007077,0.012011
0.0609914,113.351,0.00708,0.012056
0.0245727,1427.71,0.007076,0.011986
0.0456413,712.523,0.007077,0.012007
0.053139,382.483,0.007078,0.012033
0.0410404,920.928,0.007076,0.011998
0.0377661,1151.44,0.007076,0.011991
0.0552474,274.919,0.007079,0.012047
0.0232161,1427.71,0.007076,0.011986
0.0651318,86.6179,0.00708,0.012051
0.00076099,1906.49,0.007078,0.01203
0.00100486,1906.49,0.007078,0.01203
0.0586537,1744.2,0.007079,0.012043
0.0208683,2631,0.007077,0.012012
0.0310468,3144.44,0.007076,0.011996
0.00899086,2243.06,0.007077,0.012021
0.0452075,2224.65,0.007078,0.012027
0.0198563,2631,0.007077,0.012012
0.0435732,2435.78,0.007077,0.012022
0.0599534,1609.66,0.007079,0.012048
0.0182262,2486.15,0.007077,0.012015
0.0131215,2356.79,0.007077,0.012018
0.0368679,2930.17,0.007076,0.012003
0.045742,2224.65,0.007078,0.012027
0.0377886,2679.34,0.007077,0.012009
0.0070566,2123.61,0.007078,0.012024
0.0148623,2356.79,0.007077,0.012018
0.0105717,2243.06,0.007077,0.012021
0.0260781,2751.53,0.007076,0.012003
0.0447477,2224.65,0.007078,0.012027
0.00786179,2123.61,0.007078,0.012024
0.00380732,2003.22,0.007078,0.012027
0.0292034,3019.16,0.007076,0.011998
0.0430296,2435.78,0.007077,0.012022
0.0522186,1886.27,0.007079,0.012038
0.0592358,1609.66,0.007079,0.012048
0.0515038,2033.5,0.007078,0.012033
0.00243459,2003.22,0.007078,0.012027
0.022969,2631,0.007077,0.012012
0.00559875,2123.61,0.007078,0.012024
0.046419,2224.65,0.007078,0.012027
0.047744,2224.65,0.007078,0.012027
0.0135664,2356.79,0.007077,0.012018
0.00209574,2003.22,0.007078,0.012027
0.0335451,3144.44,0.007076,0.011996
0.0524786,1886.27,0.007079,0.012038
0.0368444,2930.17,0.007076,0.012003
0.0173,2486.15,0.007077,0.012015
0.0107432,2243.06,0.007077,0.012021
0.0273012,3019.16,0.007076,0.011998
0.0105479,2243.06,0.007077,0.012021
0.0533928,1886.27,0.007079,0.012038
0.0250626,2751.53,0.007076,0.012003
0.00561851,2123.61,0.007078,0.012024
0.0484353,2033.5,0.007078,0.012033
0.061819,1609.66,0.007079,0.012048
0.0335519,3144.44,0.007076,0.011996
0.00332164,2003.22,0.007078,0.012027
0.0135796,2356.79,0.007077,0.012018
0.0416748,2435.78,0.007077,0.012022
0.0247547,2751.53,0.007076,0.012003
0.0341036,2930.17,0.007076,0.012003
0.04488,2224.65,0.007078,0.012027
0.00035542,1906.49,0.007078,0.01203
0.0258304,2751.53,0.007076,0.012003
0.0650461,1381.73,0.00708,0.012054
0.021813,2631,0.007077,0.012012
0.0586705,1744.2,0.007079,0.012043
0.0352186,2930.17,0.007076,0.012003
0.0574836,1744.2,0.007079,0.012043
0.0598032,1609.66,0.007079,0.012048
0.042887,2435.78,0.007077,0.012022
0.0487721,2033.5,0.007078,0.012033
0.0657539,1381.73,0.00708,0.012054
0.0501753,2033.5,0.007078,0.012033
0.0240308,2751.53,0.007076,0.012003
0.0650904,1381.73,0.00708,0.012054
0.0245994,2751.53,0.007076,0.012003
0.0139009,2356.79,0.007077,0.012018
0.0494639,2033.5,0.007078,0.012033
0.0118564,2243.06,0.007077,0.012021
0.0286579,3019.16,0.007076,0.011998
0.0498593,2033.5,0.007078,0.012033
0.0537393,1886.27,0.007079,0.012038
0.0266028,2751.53,0.007076,0.012003
0.0654454,1381.73,0.00708,0.012054
0.0136829,2356.79,0.007077,0.012018
0.0368046,2930.17,0.007076,0.012003
0.00447986,2003.22,0.007078,0.012027
0.0195833,2631,0.007077,0.012012
0.0435167,2435.78,0.007077,0.012022
0.000765638,1906.49,0.007078,0.01203
0.0348272,2930.17,0.007076,0.012003
0.0141164,2356.79,0.007077,0.012018
0.0511587,2033.5,0.007078,0.012033
0.0529613,1886.27,0.007079,0.012038
0.0587122,1744.2,0.007079,0.012043
0.013868,2356.79,0.007077,0.012018
0.032775,3144.44,0.007076,0.011996
0.0502311,2033.5,0.007078,0.012033
0.00659558,2123.61,0.007078,0.012024
0.0280141,3019.16,0.007076,0.011998
0.0213723,2631,0.007077,0.012012
0.0637029,1381.73,0.00708,0.012054
0.0173879,2486.15,0.007077,0.012015
0.060326,1609.66,0.007079,0.012048
0.00561788,2123.61,0.007078,0.012024
0.0635764,1381.73,0.00708,0.012054
0.000404169,1906.49,0.007078,0.01203
0.0167413,2486.15,0.007077,0.012015
0.0239414,2751.53,0.007076,0.012003
0.0409745,2679.34,0.007077,0.012009
0.0283906,3019.16,0.007076,0.011998
0.0221045,2631,0.007077,0.012012
0.00607294,2123.61,0.007078,0.012024
0.0060846,2123.61,0.007078,0.012024
0.0563622,1744.2,0.007079,0.012043
0.00771934,2123.61,0.007078,0.012024
0.00376805,2003.22,0.007078,0.012027
0.0596487,1609.66,0.007079,0.012048
0.0443463,2435.78,0.007077,0.012022
0.0605751,1609.66,0.007079,0.012048
0.0174386,2486.15,0.007077,0.012015
0.0209705,2631,0.007077,0.012012
0.0577164,1744.2,0.007079,0.012043
0.00390964,2003.22,0.007078,0.012027
0.0484865,2033.5,0.007078,0.012033
0.0578712,1744.2,0.007079,0.012043
0.0078891,2123.61,0.007078,0.012024
0.0462841,2224.65,0.007078,0.012027
0.0215371,2631,0.007077,0.012012
0.00584843,2123.61,0.007078,0.012024
0.00336748,2003.22,0.007078,0.012027
0.0630861,1381.73,0.00708,0.012054
0.0102564,2243.06,0.007077,0.012021
0.0494905,2033.5,0.007078,0.012033
0.0511862,2033.5,0.007078,0.012033
0.000893297,1906.49,0.007078,0.01203
0.00893767,2243.06,0.007077,0.012021
0.0368891,2930.17,0.007076,0.012003
0.00584882,2123.61,0.007078,0.012024
0.0163721,2486.15,0.007077,0.012015
0.0139302,2356.79,0.007077,0.012018
0.00207965,2003.22,0.007078,0.012027
0.0516759,2033.5,0.007078,0.012033
0.0596533,1609.66,0.007079,0.012048
0.0650844,1381.73,0.00708,0.012054
0.00285978,2003.22,0.007078,0.012027
0.00467195,2003.22,0.007078,0.012027
0.0130589,2356.79,0.007077,0.012018
0.0290425,3019.16,0.007076,0.011998
0.0122828,2243.06,0.007077,0.012021
0.00297968,2003.22,0.007078,0.012027
0.0623872,1609.66,0.007079,0.012048
0.050464,2033.5,0.007078,0.012033
0.0454721,2224.65,0.007078,0.012027
0.0337205,3144.44,0.007076,0.011996
0.0110944,2243.06,0.007077,0.012021
0.0594418,1609.66,0.007079,0.012048
0.0219238,2631,0.007077,0.012012
0.0498097,2033.5,0.007078,0.012033
0.0246538,2751.53,0.007076,0.012003
0.0619101,1609.66,0.007079,0.012048
0.030634,3144.44,0.007076,0.011996
0.00420611,2003.22,0.007078,0.012027
0.016893,2486.15,0.007077,0.012015
0.0416815,2435.78,0.007077,0.012022
0.0642278,1381.73,0.00708,0.012054
0.0440201,2435.78,0.007077,0.012022
0.0120507,2243.06,0.007077,0.012021
0.0637573,1381.73,0.00708,0.012054
0.00102963,1906.49,0.007078,0.01203
0.0225667,2631,0.007077,0.012012
0.0528693,1886.27,0.007079,0.012038
0.0181966,2486.15,0.007077,0.012015
0.0149655,2356.79,0.007077,0.012018
0.0333746,3144.44,0.007076,0.011996
0.00544988,2123.61,0.007078,0.012024
0.0512951,2033.5,0.007078,0.012033
0.0194375,2486.15,0.007077,0.012015
0.0279305,3019.16,0.007076,0.011998
0.0621385,1609.66,0.007079,0.012048
0.0364578,2930.17,0.007076,0.012003
0.0336347,3144.44,0.007076,0.011996
0.0122146,2243.06,0.007077,0.012021
0.0599786,1609.66,0.007079,0.012048
0.0304958,3144.44,0.007076,0.011996
0.0551652,1886.27,0.007079,0.012038
0.0228144,2631,0.007077,0.012012
0.0169053,2486.15,0.007077,0.012015
0.0579117,1744.2,0.007079,0.012043
0.00416928,2003.22,0.007078,0.012027
0.0427887,2435.78,0.007077,0.012022
0.0256008,2751.53,0.007076,0.012003
0.0426211,2435.78,0.007077,0.012022
0.0575823,1744.2,0.007079,0.012043
0.0579191,1744.2,0.007079,0.012043
0.0202698,2631,0.007077,0.012012
0.0370322,2930.17,0.007076,0.012003
0.0421127,2435.78,0.007077,0.012022
0.0200939,2631,0.007077,0.012012
0.0185295,2486.15,0.007077,0.012015
0.0337077,3144.44,0.007076,0.011996
0.01787,2486.15,0.007077,0.012015
0.0413366,2435.78,0.007077,0.012022
0.055989,1744.2,0.007079,0.012043
0.00078749,1906.49,0.007078,0.01203
0.0414267,2435.78,0.007077,0.012022
0.0491013,2033.5,0.007078,0.012033
0.0303636,3144.44,0.007076,0.011996
0.0558159,1744.2,0.007079,0.012043
0.0298877,3019.16,0.007076,0.011998
0.0366417,2930.17,0.007076,0.012003
0.0298454,3019.16,0.007076,0.011998
0.0114341,2243.06,0.007077,0.012021
0.0589756,1744.2,0.007079,0.012043
0.0250795,2751.53,0.007076,0.012003
0.0127919,2356.79,0.007077,0.012018
0.0591728,1609.66,0.007079,0.012048
0.0338138,3144.44,0.007076,0.011996
0.0163073,2486.15,0.007077,0.012015
0.0285956,3019.16,0.007076,0.011998
0.049885,2033.5,0.007078,0.012033
0.020756,2631,0.007077,0.012012
0.00889045,2243.06,0.007077,0.012021
0.0622311,1609.66,0.007079,0.012048
0.0473156,2224.65,0.007078,0.012027
0.0534121,1886.27,0.007079,0.012038
0.00281191,2003.22,0.007078,0.012027
0.051723,2033.5,0.007078,0.012033
0.0538253,1886.27,0.007079,0.012038
0.0503697,2033.5,0.007078,0.012033
0.00446031,2003.22,0.007078,0.012027
0.0247596,2751.53,0.007076,0.012003
0.0519885,1886.27,0.007079,0.012038
0.00867684,2123.61,0.007078,0.012024
0.0520824,1886.27,0.007079,0.012038
0.0638087,677.103,0.00708,0.012058
0.0158681,1360.82,0.007077,0.012008
0.0248976,1892.82,0.007076,0.012001
0.0218445,1756.23,0.007076,0.012003
0.0108266,1206.26,0.007077,0.012013
0.0403663,1596.09,0.007077,0.012007
0.0598144,705.408,0.00708,0.012055
0.0463812,1108.88,0.007077,0.012022
0.000297791,913.004,0.007078,0.012025
0.0425103,1289.88,0.007077,0.012016
0.0473953,1108.88,0.007077,0.012022
0.00183804,1009.58,0.007077,0.01202
0.0531938,776.984,0.007079,0.012041
0.0651583,677.103,0.00708,0.012058
0.0510971,925.872,0.007078,0.012032
0.0637337,677.103,0.00708,0.012058
0.0485645,925.872,0.007078,0.012032
0.0118766,1206.26,0.007077,0.012013
0.0450919,1108.88,0.007077,0.012022
0.00522435,1009.58,0.007077,0.01202
0.0101806,1206.26,0.007077,0.012013
0.0189532,1480.41,0.007076,0.012005
0.0218065,1756.23,0.007076,0.012003
0.0297827,2122.42,0.007076,0.011998
0.00789874,1108.47,0.007077,0.012016
0.0542182,776.984,0.007079,0.012041
0.0464897,1108.88,0.007077,0.012022
0.000236579,913.004,0.007078,0.012025
0.0550009,776.984,0.007079,0.012041
0.0523602,776.984,0.007079,0.012041
0.0406838,1596.09,0.007077,0.012007
0.0381063,1596.09,0.007077,0.012007
0.00240637,1009.58,0.007077,0.01202
0.0534443,776.984,0.007079,0.012041
0.0605693,705.408,0.00708,0.012055
0.0619539,705.408,0.00708,0.012055
0.0550545,776.984,0.007079,0.012041
0.00832461,1108.47,0.007077,0.012016
0.0616764,705.408,0.00708,0.012055
0.0469458,1108.88,0.007077,0.012022
0.0451637,1108.88,0.007077,0.012022
0.0325648,2332.91,0.007076,0.011995
0.0305937,2332.91,0.007076,0.011995
0.0468791,1108.88,0.007077,0.012022
0.0157903,1360.82,0.007077,0.012008
0.0315264,2332.91,0.007076,0.011995
0.0573429,768.825,0.00708,0.01205
0.0127151,1360.82,0.007077,0.012008
0.019916,1645.88,0.007076,0.012001
0.026009,1892.82,0.007076,0.012001
0.0561001,768.825,0.00708,0.01205
0.0507086,925.872,0.007078,0.012032
0.026666,1892.82,0.007076,0.012001
0.0233488,1892.82,0.007076,0.012001
0.00538029,1108.47,0.007077,0.012016
0.0245685,1892.82,0.007076,0.012001
0.0266553,1892.82,0.007076,0.012001
0.0344693,1892.82,0.007076,0.012001
0.0121729,1206.26,0.007077,0.012013
0.026112,1892.82,0.007076,0.012001
0.0506666,925.872,0.007078,0.012032
0.0645949,677.103,0.00708,0.012058
0.00437877,1009.58,0.007077,0.01202
0.0468437,1108.88,0.007077,0.012022
0.0187515,1480.41,0.007076,0.012005
0.0563744,768.825,0.00708,0.01205
0.0163279,1480.41,0.007076,0.012005
0.0512174,925.872,0.007078,0.012032
0.00751512,1108.47,0.007077,0.012016
0.0347634,1892.82,0.007076,0.012001
0.00061243,913.004,0.007078,0.012025
0.051169,925.872,0.007078,0.012032
0.0190958,1480.41,0.007076,0.012005
0.03636,1892.82,0.007076,0.012001
0.0356425,1892.82,0.007076,0.012001
0.0461468,1108.88,0.007077,0.012022
0.0396723,1596.09,0.007077,0.012007
0.0366096,1892.82,0.007076,0.012001
0.0518191,925.872,0.007078,0.012032
0.0145603,1360.82,0.007077,0.012008
0.0406373,1596.09,0.007077,0.012007
0.0495709,925.872,0.007078,0.012032
0.0239477,1892.82,0.007076,0.012001
0.0116797,1206.26,0.007077,0.012013
0.0375481,1892.82,0.007076,0.012001
0.0334877,2332.91,0.007076,0.011995
0.037773,1596.09,0.007077,0.012007
0.047433,1108.88,0.007077,0.012022
0.0594296,705.408,0.00708,0.012055
0.0423324,1289.88,0.007077,0.012016
0.0609683,705.408,0.00708,0.012055
0.0272735,2122.42,0.007076,0.011998
0.0316914,2332.91,0.007076,0.011995
0.0408228,1596.09,0.007077,0.012007
0.0435435,1289.88,0.007077,0.012016
0.0620993,705.408,0.00708,0.012055
0.0411989,1596.09,0.007077,0.012007
0.0013726,913.004,0.007078,0.012025
0.0106408,1206.26,0.007077,0.012013
0.0310225,2332.91,0.007076,0.011995
0.0243658,1892.82,0.007076,0.012001
0.0629812,677.103,0.00708,0.012058
0.0314733,2332.91,0.007076,0.011995
0.0163196,1480.41,0.007076,0.012005
0.0434356,1289.88,0.007077,0.012016
0.0291582,2122.42,0.007076,0.011998
0.0144955,1360.82,0.007077,0.012008
0.0599707,705.408,0.00708,0.012055
0.041582,1289.88,0.007077,0.012016
0.0325404,2332.91,0.007076,0.011995
0.0551068,776.984,0.007079,0.012041
0.000581615,913.004,0.007078,0.012025
0.0137377,1360.82,0.007077,0.012008
0.0274386,2122.42,0.007076,0.011998
0.0108874,1206.26,0.007077,0.012013
0.0363472,1892.82,0.007076,0.012001
0.0582583,768.825,0.00708,0.01205
0.0466903,1108.88,0.007077,0.012022
0.062749,705.408,0.00708,0.012055
0.0226339,1756.23,0.007076,0.012003
0.0121263,1206.26,0.007077,0.012013
0.0348518,1892.82,0.007076,0.012001
0.0259036,1892.82,0.007076,0.012001
0.0125488,1360.82,0.007077,0.012008
0.012767,1360.82,0.007077,0.012008
0.0260911,1892.82,0.007076,0.012001
0.00701229,1108.47,0.007077,0.012016
0.0466026,1108.88,0.007077,0.012022
0.00327925,1009.58,0.007077,0.01202
0.0634278,677.103,0.00708,0.012058
0.031114,2332.91,0.007076,0.011995
0.00185565,1009.58,0.007077,0.01202
0.0448122,1289.88,0.007077,0.012016
0.0531579,776.984,0.007079,0.012041
0.0395272,1596.09,0.007077,0.012007
0.0144564,1360.82,0.007077,0.012008
0.00310205,1009.58,0.007077,0.01202
0.0494683,925.872,0.007078,0.012032
0.050101,925.872,0.007078,0.012032
0.00536076,1108.47,0.007077,0.012016
0.0460844,1108.88,0.007077,0.012022
0.0610216,705.408,0.00708,0.012055
0.0640191,677.103,0.00708,0.012058
0.0151571,1360.82,0.007077,0.012008
0.0341522,1892.82,0.007076,0.012001
0.0571873,768.825,0.00708,0.01205
0.013268,1360.82,0.007077,0.012008
0.0282776,2122.42,0.007076,0.011998
0.00176617,1009.58,0.007077,0.01202
0.0265298,1892.82,0.007076,0.012001
0.0607268,705.408,0.00708,0.012055
0.0260463,1892.82,0.007076,0.012001
0.0407186,1596.09,0.007077,0.012007
0.0350554,1892.82,0.007076,0.012001
0.0524849,776.984,0.007079,0.012041
0.0298947,2122.42,0.007076,0.011998
0.0244616,1892.82,0.007076,0.012001
0.054015,776.984,0.007079,0.012041
0.0221379,1756.23,0.007076,0.012003
0.0485618,925.872,0.007078,0.012032
0.0297591,2122.42,0.007076,0.011998
0.0332276,2332.91,0.007076,0.011995
0.0200157,1645.88,0.007076,0.012001
0.00603718,1108.47,0.007077,0.012016
0.017649,1480.41,0.007076,0.012005
0.0505345,925.872,0.007078,0.012032
0.062304,705.408,0.00708,0.012055
0.0290691,2122.42,0.007076,0.011998
0.0535323,776.984,0.007079,0.012041
0.0239069,1892.82,0.007076,0.012001
0.00863481,1108.47,0.007077,0.012016
0.0157419,1360.82,0.007077,0.012008
0.0549804,776.984,0.007079,0.012041
0.0515102,925.872,0.007078,0.012032
0.0665992,693.564,0.00708,0.012058
0.0231096,1756.23,0.007076,0.012003
0.00804833,1108.47,0.007077,0.012016
0.0232257,1756.23,0.007076,0.012003
0.0264804,1892.82,0.007076,0.012001
0.0322285,2332.91,0.007076,0.011995
0.0572392,768.825,0.00708,0.01205
0.0348963,1892.82,0.007076,0.012001
0.0251496,1892.82,0.007076,0.012001
0.0483502,1108.88,0.007077,0.012022
0.05437,776.984,0.007079,0.012041
0.0113482,1206.26,0.007077,0.012013
0.00839171,1108.47,0.007077,0.012016
0.0531204,776.984,0.007079,0.012041
0.0650243,677.103,0.00708,0.012058
0.0489658,925.872,0.007078,0.012032
0.0056813,1108.47,0.007077,0.012016
0.0350369,1892.82,0.007076,0.012001
0.0628216,677.103,0.00708,0.012058
0.0435083,1289.88,0.007077,0.012016
0.0399771,1596.09,0.007077,0.012007
0.0186237,1480.41,0.007076,0.012005
0.00322096,1009.58,0.007077,0.01202
0.0535002,776.984,0.007079,0.012041
0.0315931,2332.91,0.007076,0.011995
0.0388499,1596.09,0.007077,0.012007
0.0135174,1360.82,0.007077,0.012008
0.0203416,1645.88,0.007076,0.012001
0.0580655,768.825,0.00708,0.01205
0.0286248,2122.42,0.007076,0.011998
0.0140945,1360.82,0.007077,0.012008
0.0206692,1888.46,0.007076,0.012005
0.0150928,1568.4,0.007077,0.012013
0.0500804,826.331,0.007078,0.01203
0.0173652,1713.08,0.007077,0.012009
0.0533396,675.096,0.007079,0.012041
0.0139893,1568.4,0.007077,0.012013
0.0191593,1713.08,0.007077,0.012009
0.0472223,1009.58,0.007077,0.01202
0.063923,480.78,0.00708,0.012058
0.0312833,2468.75,0.007076,0.011997
0.00659667,1320.33,0.007077,0.01202
0.0248882,2056.23,0.007076,0.012002
0.00411779,1487.08,0.007078,0.012026
0.0542705,675.096,0.007079,0.012041
0.0280742,2265,0.007076,0.011999
0.00114741,1394.24,0.007078,0.01203
0.0524875,675.096,0.007079,0.012041
0.0128489,1568.4,0.007077,0.012013
0.0146639,1568.4,0.007077,0.012013
0.0543387,675.096,0.007079,0.012041
0.0308796,2468.75,0.007076,0.011997
0.0561594,567.751,0.00708,0.01205
0.00887553,1433.09,0.007077,0.012016
0.0389392,1480.41,0.007076,0.012005
0.0359569,2056.23,0.007076,0.012002
0.0524786,675.096,0.007079,0.012041
0.0569841,567.751,0.00708,0.01205
0.0605742,498.085,0.00708,0.012057
0.049192,826.331,0.007078,0.01203
0.00703455,1320.33,0.007077,0.01202
0.0158727,1713.08,0.007077,0.012009
0.0200436,1888.46,0.007076,0.012005
0.05654,567.751,0.00708,0.01205
0.00737155,1320.33,0.007077,0.01202
0.0302644,2468.75,0.007076,0.011997
0.0469669,1009.58,0.007077,0.01202
0.0164174,1713.08,0.007077,0.012009
0.0570956,567.751,0.00708,0.01205
0.0211194,1888.46,0.007076,0.012005
0.0651376,480.78,0.00708,0.012058
0.0578544,567.751,0.00708,0.01205
0.0102908,1433.09,0.007077,0.012016
0.0355236,2056.23,0.007076,0.012002
0.0649339,480.78,0.00708,0.012058
0.0559915,567.751,0.00708,0.01205
0.0463442,1009.58,0.007077,0.01202
0.0501356,826.331,0.007078,0.01203
0.0623627,498.085,0.00708,0.012057
0.0651963,480.78,0.00708,0.012058
0.028736,2265,0.007076,0.011999
0.0113383,1433.09,0.007077,0.012016
0.0598398,498.085,0.00708,0.012057
0.0619142,498.085,0.00708,0.012057
0.00890474,1433.09,0.007077,0.012016
0.0581704,567.751,0.00708,0.01205
0.062659,480.78,0.00708,0.012058
0.0262601,2056.23,0.007076,0.012002
0.010396,1433.09,0.007077,0.012016
0.0023952,1487.08,0.007078,0.012026
0.00111902,1394.24,0.007078,0.01203
0.0159662,1713.08,0.007077,0.012009
0.0528688,675.096,0.007079,0.012041
0.0592586,498.085,0.00708,0.012057
0.0335595,2468.75,0.007076,0.011997
0.0275555,2265,0.007076,0.011999
0.0496865,826.331,0.007078,0.01203
0.0607615,498.085,0.00708,0.012057
0.0221563,1888.46,0.007076,0.012005
0.0544969,675.096,0.007079,0.012041
0.00218098,1487.08,0.007078,0.012026
0.0591245,498.085,0.00708,0.012057
0.0514433,826.331,0.007078,0.01203
0.0382197,1713.08,0.007077,0.012009
0.056269,567.751,0.00708,0.01205
0.0120536,1433.09,0.007077,0.012016
0.0392409,1480.41,0.007076,0.012005
0.0231143,2056.23,0.007076,0.012002
0.00865358,1433.09,0.007077,0.012016
0.0367748,2056.23,0.007076,0.012002
0.0108273,1433.09,0.007077,0.012016
0.012459,1568.4,0.007077,0.012013
0.0538648,675.096,0.007079,0.012041
0.0185325,1713.08,0.007077,0.012009
0.00388496,1487.08,0.007078,0.012026
0.0277223,2265,0.007076,0.011999
0.0306817,2468.75,0.007076,0.011997
0.0545656,675.096,0.007079,0.012041
0.0202361,1888.46,0.007076,0.012005
0.0413079,1206.26,0.007077,0.012013
0.000441473,1394.24,0.007078,0.01203
0.0130404,1568.4,0.007077,0.012013
0.0189435,1713.08,0.007077,0.012009
0.0133464,1568.4,0.007077,0.012013
0.0207916,1888.46,0.007076,0.012005
0.0333475,2468.75,0.007076,0.011997
0.0642576,480.78,0.00708,0.012058
0.0635923,480.78,0.00708,0.012058
0.00730053,1320.33,0.007077,0.01202
0.058072,567.751,0.00708,0.01205
0.003587,1487.08,0.007078,0.012026
0.0356089,2056.23,0.007076,0.012002
0.0557605,567.751,0.00708,0.01205
0.0240049,2056.23,0.007076,0.012002
0.053337,675.096,0.007079,0.012041
0.01088,1433.09,0.007077,0.012016
0.0421301,1206.26,0.007077,0.012013
0.0508837,826.331,0.007078,0.01203
0.00422329,1487.08,0.007078,0.012026
0.0554131,567.751,0.00708,0.01205
0.0253175,2056.23,0.007076,0.012002
0.0287931,2265,0.007076,0.011999
0.032652,2468.75,0.007076,0.011997
0.0200658,1888.46,0.007076,0.012005
0.0436688,1206.26,0.007077,0.012013
0.0192599,1713.08,0.007077,0.012009
0.00602413,1320.33,0.007077,0.01202
0.0262945,2056.23,0.007076,0.012002
0.00179083,1487.08,0.007078,0.012026
0.0343924,2056.23,0.007076,0.012002
0.0241722,2056.23,0.007076,0.012002
0.0579366,567.751,0.00708,0.01205
0.0101635,1433.09,0.007077,0.012016
0.0213314,1888.46,0.007076,0.012005
0.00355544,1487.08,0.007078,0.012026
0.0284187,2265,0.007076,0.011999
0.0380212,1713.08,0.007077,0.012009
0.0300671,2265,0.007076,0.011999
0.0378727,1713.08,0.007077,0.012009
0.0601668,498.085,0.00708,0.012057
0.0341047,2056.23,0.007076,0.012002
0.0621501,498.085,0.00708,0.012057
0.0637832,480.78,0.00708,0.012058
0.0532145,675.096,0.007079,0.012041
0.0514755,826.331,0.007078,0.01203
0.0321795,2468.75,0.007076,0.011997
0.0524455,675.096,0.007079,0.012041
0.00516432,1320.33,0.007077,0.01202
0.00483333,1220.54,0.007078,0.012024
0.06453,480.78,0.00708,0.012058
0.0194897,1888.46,0.007076,0.012005
0.00652752,1320.33,0.007077,0.01202
0.00410152,1487.08,0.007078,0.012026
0.0106809,1433.09,0.007077,0.012016
0.0515504,826.331,0.007078,0.01203
0.0647885,480.78,0.00708,0.012058
0.0371253,2056.23,0.007076,0.012002
0.00505548,1320.33,0.007077,0.01202
0.0516651,826.331,0.007078,0.01203
0.040058,1480.41,0.007076,0.012005
0.0544543,675.096,0.007079,0.012041
0.0501749,826.331,0.007078,0.01203
0.0624697,498.085,0.00708,0.012057
0.0311539,2468.75,0.007076,0.011997
0.0614764,498.085,0.00708,0.012057
0.0191326,1713.08,0.007077,0.012009
0.049817,826.331,0.007078,0.01203
0.0631445,480.78,0.00708,0.012058
0.0399591,1480.41,0.007076,0.012005
0.0420997,1206.26,0.007077,0.012013
0.0300662,2265,0.007076,0.011999
0.0251814,2056.23,0.007076,0.012002
0.0342929,2056.23,0.007076,0.012002
0.05692,567.751,0.00708,0.01205
0.050225,826.331,0.007078,0.01203
0.0463635,1009.58,0.007077,0.01202
0.042569,1206.26,0.007077,0.012013
0.0627239,480.78,0.00708,0.012058
0.0205283,1888.46,0.007076,0.012005
0.0153293,1568.4,0.007077,0.012013
0.00823973,1320.33,0.007077,0.01202
0.0595126,498.085,0.00708,0.012057
0.0379251,1713.08,0.007077,0.012009
0.00153895,1487.08,0.007078,0.012026
0.00863359,1433.09,0.007077,0.012016
0.0255286,2056.23,0.007076,0.012002
0.0471822,1009.58,0.007077,0.01202
0.00498265,1220.54,0.007078,0.012024
0.0456847,1009.58,0.007077,0.01202
0.0372734,2056.23,0.007076,0.012002
0.0093914,1433.09,0.007077,0.012016
0.0318042,2468.75,0.007076,0.011997
0.034279,2056.23,0.007076,0.012002
0.039704,1480.41,0.007076,0.012005
0.0576605,567.751,0.00708,0.01205
0.0575555,567.751,0.00708,0.01205
0.0651785,480.78,0.00708,0.012058
0.0187717,1713.08,0.007077,0.012009
0.0606387,498.085,0.00708,0.012057
0.0279372,2265,0.007076,0.011999
0.00355163,1487.08,0.007078,0.012026
0.00767076,1320.33,0.007077,0.01202
0.0220438,1888.46,0.007076,0.012005
0.0304716,2468.75,0.007076,0.011997
0.056625,567.751,0.00708,0.01205
0.0120766,1433.09,0.007077,0.012016
0.0375263,1713.08,0.007077,0.012009
0.0207778,1888.46,0.007076,0.012005
0.00359945,1487.08,0.007078,0.012026
0.0249873,2056.23,0.007076,0.012002
0.0639144,480.78,0.00708,0.012058
0.0138129,1568.4,0.007077,0.012013
0.0163098,1713.08,0.007077,0.012009
0.0563036,567.751,0.00708,0.01205
0.00227373,1394.24,0.007078,0.01203
0.0263334,2438.84,0.007077,0.012008
0.012043,1730.05,0.007077,0.012018
0.025333,2438.84,0.007077,0.012008
0.0463908,1657.28,0.007078,0.012026
0.0344443,2918.04,0.007076,0.011994
0.00310741,1487.08,0.007078,0.012026
0.0286831,2716.54,0.007076,0.011996
0.0227797,2330.71,0.007077,0.012009
0.00836251,1612.4,0.007077,0.012022
0.0255808,2438.84,0.007077,0.012008
0.0341396,2918.04,0.007076,0.011994
0.00204422,1394.24,0.007078,0.01203
0.0577904,1332.84,0.007079,0.012046
0.00767368,1612.4,0.007077,0.012022
0.059186,1332.84,0.007079,0.012046
0.0318995,2918.04,0.007076,0.011994
0.0414247,2167.93,0.007077,0.012013
0.0616147,1220.65,0.00708,0.012052
0.00852064,1612.4,0.007077,0.012022
0.0393507,2167.93,0.007077,0.012013
0.0563198,1454.38,0.007079,0.01204
0.0518985,1457.12,0.007078,0.012033
0.0439227,1858.03,0.007077,0.01202
0.0609843,1220.65,0.00708,0.012052
0.000654769,1394.24,0.007078,0.01203
0.0351673,2438.84,0.007077,0.012008
0.0584767,1332.84,0.007079,0.012046
0.00512575,1487.08,0.007078,0.012026
0.00455343,1487.08,0.007078,0.012026
0.0269048,2438.84,0.007077,0.012008
0.0104249,1730.05,0.007077,0.012018
0.0584274,1332.84,0.007079,0.012046
0.0405866,2167.93,0.007077,0.012013
0.0484417,1657.28,0.007078,0.012026
0.0618262,1220.65,0.00708,0.012052
0.0378055,2438.84,0.007077,0.012008
0.0475916,1657.28,0.007078,0.012026
0.0339587,2918.04,0.007076,0.011994
0.026224,2438.84,0.007077,0.012008
0.0640321,1140.64,0.00708,0.012056
0.0164238,1849.27,0.007077,0.012015
0.0300003,2716.54,0.007076,0.011996
0.0332338,2918.04,0.007076,0.011994
0.0651297,1140.64,0.00708,0.012056
0.0409047,2167.93,0.007077,0.012013
0.0567295,1332.84,0.007079,0.012046
0.0461522,1657.28,0.007078,0.012026
0.0245428,2438.84,0.007077,0.012008
0.0384586,2438.84,0.007077,0.012008
0.0304594,2716.54,0.007076,0.011996
0.022294,2330.71,0.007077,0.012009
0.0238585,2330.71,0.007077,0.012009
0.0478156,1657.28,0.007078,0.012026
0.0548447,1454.38,0.007079,0.01204
0.0621246,1220.65,0.00708,0.012052
0.0187048,2006.69,0.007077,0.012012
0.00244147,1394.24,0.007078,0.01203
0.0507855,1457.12,0.007078,0.012033
0.0280314,2716.54,0.007076,0.011996
0.0259329,2438.84,0.007077,0.012008
0.0367174,2438.84,0.007077,0.012008
0.0258064,2438.84,0.007077,0.012008
0.0300522,2716.54,0.007076,0.011996
0.056583,1332.84,0.007079,0.012046
0.0660896,1140.64,0.00708,0.012056
0.0259411,2438.84,0.007077,0.012008
0.0361614,2438.84,0.007077,0.012008
0.0147356,1849.27,0.007077,0.012015
0.04934,1457.12,0.007078,0.012033
0.0331115,2918.04,0.007076,0.011994
0.00905418,1612.4,0.007077,0.012022
0.0495226,1457.12,0.007078,0.012033
0.0281492,2716.54,0.007076,0.011996
0.0436405,1858.03,0.007077,0.01202
0.0248236,2438.84,0.007077,0.012008
0.0487692,1657.28,0.007078,0.012026
0.0242447,2438.84,0.007077,0.012008
0.0107689,1730.05,0.007077,0.012018
0.0308141,2716.54,0.007076,0.011996
0.011356,1730.05,0.007077,0.012018
0.0551833,1454.38,0.007079,0.01204
0.0244862,2438.84,0.007077,0.012008
0.00639099,1612.4,0.007077,0.012022
0.0553339,1454.38,0.007079,0.01204
0.0638212,1140.64,0.00708,0.012056
0.0293596,2716.54,0.007076,0.011996
0.011746,1730.05,0.007077,0.012018
0.0489105,1657.28,0.007078,0.012026
0.0414361,2167.93,0.007077,0.012013
0.0612722,1220.65,0.00708,0.012052
0.0313881,2918.04,0.007076,0.011994
0.0455524,1858.03,0.007077,0.01202
0.0232923,2330.71,0.007077,0.012009
0.0558976,1454.38,0.007079,0.01204
0.0304955,2716.54,0.007076,0.011996
0.0456147,1858.03,0.007077,0.01202
0.0388922,2167.93,0.007077,0.012013
0.0341459,2918.04,0.007076,0.011994
0.065244,1140.64,0.00708,0.012056
0.0623981,1220.65,0.00708,0.012052
0.00921268,1612.4,0.007077,0.012022
0.0586332,1332.84,0.007079,0.012046
0.0363069,2438.84,0.007077,0.012008
0.0184157,2006.69,0.007077,0.012012
0.0151345,1849.27,0.007077,0.012015
0.0623887,1220.65,0.00708,0.012052
0.000386405,1394.24,0.007078,0.01203
0.0131896,1730.05,0.007077,0.012018
0.00203151,1394.24,0.007078,0.01203
0.00140196,1394.24,0.007078,0.01203
0.0164379,1849.27,0.007077,0.012015
0.00873164,1612.4,0.007077,0.012022
0.0310921,2716.54,0.007076,0.011996
0.0188249,2006.69,0.007077,0.012012
0.0123381,1730.05,0.007077,0.012018
0.00392057,1487.08,0.007078,0.012026
0.0628849,1220.65,0.00708,0.012052
0.0592832,1332.84,0.007079,0.012046
0.0659781,1140.64,0.00708,0.012056
0.0277593,2716.54,0.007076,0.011996
0.0432673,1858.03,0.007077,0.01202
0.0505049,1457.12,0.007078,0.012033
0.0473544,1657.28,0.007078,0.012026
0.00277056,1487.08,0.007078,0.012026
0.0591663,1332.84,0.007079,0.012046
0.03641,2438.84,0.007077,0.012008
0.0578101,1332.84,0.007079,0.012046
0.054169,1454.38,0.007079,0.01204
0.0081776,1612.4,0.007077,0.012022
0.0217328,2330.71,0.007077,0.012009
0.0458599,1657.28,0.007078,0.012026
0.00860917,1612.4,0.007077,0.012022
0.0342391,2918.04,0.007076,0.011994
0.0391554,2167.93,0.007077,0.012013
0.0104122,1730.05,0.007077,0.012018
0.0623876,1220.65,0.00708,0.012052
0.0331325,2918.04,0.007076,0.011994
0.000371126,1394.24,0.007078,0.01203
0.0627907,1220.65,0.00708,0.012052
0.00117474,1394.24,0.007078,0.01203
0.0658588,1140.64,0.00708,0.012056
0.056265,1454.38,0.007079,0.01204
0.0205426,2161.36,0.007077,0.012009
0.00510895,1487.08,0.007078,0.012026
0.0103178,1730.05,0.007077,0.012018
0.0553216,1454.38,0.007079,0.01204
0.037603,2438.84,0.007077,0.012008
0.0625981,1220.65,0.00708,0.012052
0.0396006,2167.93,0.007077,0.012013
0.0362038,2438.84,0.007077,0.012008
0.0313998,2918.04,0.007076,0.011994
0.0293883,2716.54,0.007076,0.011996
0.0144543,1849.27,0.007077,0.012015
0.00241359,1394.24,0.007078,0.01203
0.0147624,1849.27,0.007077,0.012015
0.00556423,1487.08,0.007078,0.012026
0.00688766,1612.4,0.007077,0.012022
0.0208453,2161.36,0.007077,0.012009
0.011196,1730.05,0.007077,0.012018
0.0448457,1858.03,0.007077,0.01202
0.0193456,2006.69,0.007077,0.012012
0.0350933,2438.84,0.007077,0.012008
0.0492948,1457.12,0.007078,0.012033
0.0243705,2438.84,0.007077,0.012008
0.0531751,1454.38,0.007079,0.01204
0.0142499,1849.27,0.007077,0.012015
0.00409688,1487.08,0.007078,0.012026
0.0202196,2006.69,0.007077,0.012012
0.0554621,1454.38,0.007079,0.01204
0.0176661,2006.69,0.007077,0.012012
0.0183206,2006.69,0.007077,0.012012
0.027724,2716.54,0.007076,0.011996
0.0646389,1140.64,0.00708,0.012056
0.0441228,1858.03,0.007077,0.01202
0.0453698,1858.03,0.007077,0.01202
0.0545224,1454.38,0.007079,0.01204
0.0525333,1457.12,0.007078,0.012033
0.0192704,2006.69,0.007077,0.012012
0.0449033,1858.03,0.007077,0.01202
0.0068687,1612.4,0.007077,0.012022
0.0141155,1849.27,0.007077,0.012015
0.0348589,2918.04,0.007076,0.011994
0.0224034,2330.71,0.007077,0.012009
0.0227434,2330.71,0.007077,0.012009
0.00249622,1394.24,0.007078,0.01203
0.0635737,1220.65,0.00708,0.012052
0.00443851,1487.08,0.007078,0.012026
0.0653716,1140.64,0.00708,0.012056
0.0181123,2006.69,0.007077,0.012012
0.0244122,2438.84,0.007077,0.012008
0.0653237,1140.64,0.00708,0.012056
0.0002882,1394.24,0.007078,0.01203
0.0387443,2167.93,0.007077,0.012013
0.00360063,1487.08,0.007078,0.012026
0.0427069,1858.03,0.007077,0.01202
0.034336,2918.04,0.007076,0.011994
0.0588076,1332.84,0.007079,0.012046
0.0525052,1457.12,0.007078,0.012033
0.0161014,1849.27,0.007077,0.012015
0.0387172,2167.93,0.007077,0.012013
0.0306645,2716.54,0.007076,0.011996
0.0320672,2918.04,0.007076,0.011994
0.0179959,2006.69,0.007077,0.012012
0.055737,1454.38,0.007079,0.01204
0.0184692,2006.69,0.007077,0.012012
0.0126082,1730.05,0.007077,0.012018
0.0142454,1849.27,0.007077,0.012015
0.0189368,2006.69,0.007077,0.012012
0.0255236,2438.84,0.007077,0.012008
0.0569591,1332.84,0.007079,0.012046
0.055369,1454.38,0.007079,0.01204
0.0373405,2438.84,0.007077,0.012008
0.0134043,1849.27,0.007077,0.012015
0.0608834,1220.65,0.00708,0.012052
0.0392479,2167.93,0.007077,0.012013
0.00420147,1487.08,0.007078,0.012026
0.0306,2716.54,0.007076,0.011996
0.0368804,2438.84,0.007077,0.012008
0.0167956,1849.27,0.007077,0.012015
0.0632147,1220.65,0.00708,0.012052
0.0267845,1418.16,0.007075,0.011976
0.0392809,1043.11,0.007075,0.011981
0.0404806,1007.14,0.007075,0.011969
0.016951,1043.11,0.007075,0.011981
0.0525627,256.76,0.007076,0.012001
0.0495777,407.611,0.007076,0.01199
0.0370225,1300.83,0.007075,0.011976
0.0467505,562.656,0.007075,0.011983
0.042537,775.513,0.007075,0.011975
0.0385165,1043.11,0.007075,0.011981
0.0592895,55.6472,0.007079,0.012042
0.0153825,919.833,0.007076,0.011984
0.0231429,1300.83,0.007075,0.011976
0.0439684,775.513,0.007075,0.011975
0.0249323,1300.83,0.007075,0.011976
0.0564236,131.233,0.007077,0.012018
0.040926,775.513,0.007075,0.011975
0.0377922,1043.11,0.007075,0.011981
0.0189561,1043.11,0.007075,0.011981
0.00178929,712.523,0.007077,0.012007
0.0617098,55.6472,0.007079,0.012042
0.0181402,1043.11,0.007075,0.011981
0.016276,1043.11,0.007075,0.011981
0.0123165,919.833,0.007076,0.011984
0.00808993,805.801,0.007076,0.012002
0.00423845,712.523,0.007077,0.012007
0.0360696,1300.83,0.007075,0.011976
0.00101172,612.176,0.007077,0.012013
0.0588152,55.6472,0.007079,0.012042
0.0431068,775.513,0.007075,0.011975
0.032979,1583.3,0.007075,0.011976
0.0490122,407.611,0.007076,0.01199
0.0564685,131.233,0.007077,0.012018
0.0290087,1418.16,0.007075,0.011976
0.00969217,825.971,0.007076,0.011987
0.0184546,1043.11,0.007075,0.011981
0.0549168,256.76,0.007076,0.012001
0.0475547,562.656,0.007075,0.011983
0.0170293,1043.11,0.007075,0.011981
0.00355868,712.523,0.007077,0.012007
0.0131134,919.833,0.007076,0.011984
0.00139816,712.523,0.007077,0.012007
0.0563871,131.233,0.007077,0.012018
0.0491778,407.611,0.007076,0.01199
0.0593044,55.6472,0.007079,0.012042
0.00933069,825.971,0.007076,0.011987
0.0124705,919.833,0.007076,0.011984
0.0296153,1418.16,0.007075,0.011976
0.03561,1300.83,0.007075,0.011976
0.0496504,407.611,0.007076,0.01199
0.0500774,407.611,0.007076,0.01199
0.0452851,562.656,0.007075,0.011983
0.0135351,919.833,0.007076,0.011984
0.00618262,805.801,0.007076,0.012002
0.000477816,612.176,0.007077,0.012013
0.0458819,562.656,0.007075,0.011983
0.0153145,919.833,0.007076,0.011984
0.0365379,1300.83,0.007075,0.011976
0.018123,1043.11,0.007075,0.011981
0.0466094,562.656,0.007075,0.011983
0.0216681,1181.97,0.007075,0.011978
0.0139886,919.833,0.007076,0.011984
0.0518918,256.76,0.007076,0.012001
0.0189215,1043.11,0.007075,0.011981
0.0150312,919.833,0.007076,0.011984
0.0303053,1583.3,0.007075,0.011976
0.0182633,1043.11,0.007075,0.011981
0.0517001,256.76,0.007076,0.012001
0.0593453,55.6472,0.007079,0.012042
0.0621339,55.6472,0.007079,0.012042
0.0635934,19.9642,0.007079,0.012037
0.0612999,55.6472,0.007079,0.012042
0.06307,19.9642,0.007079,0.012037
0.0315401,1583.3,0.007075,0.011976
0.0310539,1583.3,0.007075,0.011976
0.0524348,256.76,0.007076,0.012001
0.051726,256.76,0.007076,0.012001
0.0452772,562.656,0.007075,0.011983
0.0182301,1043.11,0.007075,0.011981
0.0126191,919.833,0.007076,0.011984
0.0460476,562.656,0.007075,0.011983
0.0295464,1418.16,0.007075,0.011976
0.0234046,1300.83,0.007075,0.011976
0.0137887,919.833,0.007076,0.011984
0.006573,805.801,0.007076,0.012002
0.0227226,1181.97,0.007075,0.011978
0.0237764,1300.83,0.007075,0.011976
0.0261943,1300.83,0.007075,0.011976
0.00145479,712.523,0.007077,0.012007
0.0120097,825.971,0.007076,0.011987
0.0206487,1181.97,0.007075,0.011978
0.0278746,1418.16,0.007075,0.011976
0.00252342,712.523,0.007077,0.012007
0.0461694,562.656,0.007075,0.011983
0.0511457,407.611,0.007076,0.01199
0.0478915,562.656,0.007075,0.011983
0.0560758,131.233,0.007077,0.012018
0.037806,1043.11,0.007075,0.011981
0.0143062,919.833,0.007076,0.011984
0.0183519,1043.11,0.007075,0.011981
0.0429332,775.513,0.007075,0.011975
0.061092,55.6472,0.007079,0.012042
0.0195404,1181.97,0.007075,0.011978
0.0275848,1418.16,0.007075,0.011976
0.000561768,612.176,0.007077,0.012013
0.0103975,825.971,0.007076,0.011987
0.0520693,256.76,0.007076,0.012001
0.0433828,775.513,0.007075,0.011975
0.0550532,256.76,0.007076,0.012001
0.0328133,1583.3,0.007075,0.011976
0.0598526,55.6472,0.007079,0.012042
0.0615355,55.6472,0.007079,0.012042
0.0100433,825.971,0.007076,0.011987
0.0413103,775.513,0.007075,0.011975
0.0633539,19.9642,0.007079,0.012037
0.0464024,562.656,0.007075,0.011983
0.0618494,55.6472,0.007079,0.012042
0.0311597,1583.3,0.007075,0.011976
0.00786166,805.801,0.007076,0.012002
0.00251836,712.523,0.007077,0.012007
0.0115263,825.971,0.007076,0.011987
0.0552173,131.233,0.007077,0.012018
0.0395054,1043.11,0.007075,0.011981
0.0315958,1583.3,0.007075,0.011976
0.0424304,775.513,0.007075,0.011975
0.0369513,1300.83,0.007075,0.011976
0.0313841,1583.3,0.007075,0.011976
0.0496625,407.611,0.007076,0.01199
0.0096729,825.971,0.007076,0.011987
0.0366726,1300.83,0.007075,0.011976
0.0141477,919.833,0.007076,0.011984
0.00302207,712.523,0.007077,0.012007
0.0383409,1043.11,0.007075,0.011981
0.0225392,1181.97,0.007075,0.011978
0.0583997,131.233,0.007077,0.012018
0.0295205,1418.16,0.007075,0.011976
0.0515235,407.611,0.007076,0.01199
0.0106755,825.971,0.007076,0.011987
0.0226946,1181.97,0.007075,0.011978
0.00505841,805.801,0.007076,0.012002
0.0160736,1043.11,0.007075,0.011981
0.0219,1181.97,0.007075,0.011978
0.0122017,919.833,0.007076,0.011984
0.0318406,1583.3,0.007075,0.011976
0.0250153,1300.83,0.007075,0.011976
0.0279107,1418.16,0.007075,0.011976
0.00410345,712.523,0.007077,0.012007
0.0467158,562.656,0.007075,0.011983
0.0628253,19.9642,0.007079,0.012037
0.0528683,256.76,0.007076,0.012001
0.0490547,407.611,0.007076,0.01199
0.0322329,1583.3,0.007075,0.011976
0.0244647,1300.83,0.007075,0.011976
0.0176734,1043.11,0.007075,0.011981
0.00909247,825.971,0.007076,0.011987
0.0616211,55.6472,0.007079,0.012042
0.00838582,805.801,0.007076,0.012002
0.0459831,562.656,0.007075,0.011983
0.0159607,1043.11,0.007075,0.011981
0.0591227,55.6472,0.007079,0.012042
0.00468459,712.523,0.007077,0.012007
0.04173,775.513,0.007075,0.011975
0.0299068,1418.16,0.007075,0.011976
0.0407508,1007.14,0.007075,0.011969
0.057336,131.233,0.007077,0.012018
0.0323178,1583.3,0.007075,0.011976
0.0428405,775.513,0.007075,0.011975
0.0202797,1181.97,0.007075,0.011978
0.0180567,1043.11,0.007075,0.011981
0.0528704,256.76,0.007076,0.012001
0.0334566,1583.3,0.007075,0.011976
0.0556474,131.233,0.007077,0.012018
0.039526,1043.11,0.007075,0.011981
0.034315,1300.83,0.007075,0.011976
0.0609647,55.6472,0.007079,0.012042
0.0401549,1043.11,0.007075,0.011981
0.0315229,1583.3,0.007075,0.011976
0.0147414,919.833,0.007076,0.011984
0.00939246,825.971,0.007076,0.011987
0.00696421,805.801,0.007076,0.012002
0.00990917,825.971,0.007076,0.011987
0.0270039,1418.16,0.007075,0.011976
0.030962,1583.3,0.007075,0.011976
0.0321725,1583.3,0.007075,0.011976
0.0591707,55.6472,0.007079,0.012042
0.027643,1418.16,0.007075,0.011976
0.0466929,562.656,0.007075,0.011983
0.00247792,712.523,0.007077,0.012007
0.0597736,55.6472,0.007079,0.012042
0.0372108,1043.11,0.007075,0.011981
0.0125791,919.833,0.007076,0.011984
0.0479086,562.656,0.007075,0.011983
0.0531768,256.76,0.007076,0.012001
0.0490361,407.611,0.007076,0.01199
0.00391835,712.523,0.007077,0.012007
0.0296304,1418.16,0.007075,0.011976
0.000840902,612.176,0.007077,0.012013
0.0589086,55.6472,0.007079,0.012042
0.0146409,919.833,0.007076,0.011984
0.0348834,1300.83,0.007075,0.011976
0.0628332,19.9642,0.007079,0.012037
0.0616154,941.641,0.00708,0.012054
0.0466991,1487.08,0.007078,0.012026
0.0112663,2435.78,0.007077,0.012022
0.00672068,2325.66,0.007078,0.012025
0.0445135,1807.42,0.007078,0.012027
0.0534382,1149.01,0.007079,0.012041
0.00430844,2224.65,0.007078,0.012027
0.0626106,900.49,0.00708,0.012057
0.0559441,1025.72,0.007079,0.012048
0.0289987,2883.07,0.007076,0.011997
0.060404,941.641,0.00708,0.012054
0.0256923,2660.2,0.007076,0.012
0.0251567,2660.2,0.007076,0.012
0.00950143,2435.78,0.007077,0.012022
0.0240806,2660.2,0.007076,0.012
0.031269,3161.86,0.007076,0.011993
0.063413,900.49,0.00708,0.012057
0.00383796,2224.65,0.007078,0.012027
0.0361278,2660.2,0.007076,0.012
0.0341031,2660.2,0.007076,0.012
0.0558043,1025.72,0.007079,0.012048
0.022289,2474.68,0.007077,0.012011
0.0384046,2325.72,0.007077,0.012014
0.0488061,1297.74,0.007078,0.012034
0.053954,1149.01,0.007079,0.012041
0.000266272,2112.15,0.007078,0.01203
0.042286,2054.13,0.007077,0.01202
0.0313096,3161.86,0.007076,0.011993
0.00475742,2325.66,0.007078,0.012025
0.0404641,2325.72,0.007077,0.012014
0.0461446,1487.08,0.007078,0.012026
0.0558041,1025.72,0.007079,0.012048
0.0590023,941.641,0.00708,0.012054
0.0241726,2660.2,0.007076,0.012
0.0477734,1487.08,0.007078,0.012026
0.0397048,2325.72,0.007077,0.012014
0.0369218,2660.2,0.007076,0.012
0.053961,1149.01,0.007079,0.012041
0.0308131,3161.86,0.007076,0.011993
0.046058,1487.08,0.007078,0.012026
0.0255323,2660.2,0.007076,0.012
0.0339664,2660.2,0.007076,0.012
0.0619525,941.641,0.00708,0.012054
0.045532,1487.08,0.007078,0.012026
0.0603531,941.641,0.00708,0.012054
0.018714,2325.72,0.007077,0.012014
0.030795,3161.86,0.007076,0.011993
0.0320315,3161.86,0.007076,0.011993
0.0585088,1025.72,0.007079,0.012048
0.0309046,3161.86,0.007076,0.011993
0.00614045,2325.66,0.007078,0.012025
0.0597077,941.641,0.00708,0.012054
0.00843138,2435.78,0.007077,0.012022
0.0175369,2325.72,0.007077,0.012014
0.0156721,2325.72,0.007077,0.012014
0.0607972,941.641,0.00708,0.012054
0.0463628,1487.08,0.007078,0.012026
0.0201311,2474.68,0.007077,0.012011
0.0274138,2883.07,0.007076,0.011997
0.0368702,2660.2,0.007076,0.012
0.0606575,941.641,0.00708,0.012054
0.0164846,2325.72,0.007077,0.012014
0.0368354,2660.2,0.007076,0.012
0.0392037,2325.72,0.007077,0.012014
0.0256379,2660.2,0.007076,0.012
0.0334654,3161.86,0.007076,0.011993
0.0584039,1025.72,0.007079,0.012048
0.0192796,2474.68,0.007077,0.012011
0.00643443,2325.66,0.007078,0.012025
0.038049,2325.72,0.007077,0.012014
0.0300223,3161.86,0.007076,0.011993
0.0577447,1025.72,0.007079,0.012048
0.0593342,941.641,0.00708,0.012054
0.0270405,2883.07,0.007076,0.011997
0.0575173,1025.72,0.007079,0.012048
0.0556396,1025.72,0.007079,0.012048
0.057604,1025.72,0.007079,0.012048
0.0171127,2325.72,0.007077,0.012014
0.00455949,2224.65,0.007078,0.012027
0.0273928,2883.07,0.007076,0.011997
0.0276882,2883.07,0.007076,0.011997
0.030595,3161.86,0.007076,0.011993
0.0602329,941.641,0.00708,0.012054
0.0615058,941.641,0.00708,0.012054
0.00111549,2112.15,0.007078,0.01203
0.0302208,3161.86,0.007076,0.011993
0.0331484,3161.86,0.007076,0.011993
0.0155268,2325.72,0.007077,0.012014
0.0199882,2474.68,0.007077,0.012011
0.0384489,2325.72,0.007077,0.012014
0.00721578,2325.66,0.007078,0.012025
0.0139783,2543.66,0.007077,0.012019
0.00599887,2325.66,0.007078,0.012025
0.0555559,1025.72,0.007079,0.012048
0.0363211,2660.2,0.007076,0.012
0.023738,2660.2,0.007076,0.012
0.0566272,1025.72,0.007079,0.012048
0.0327658,3161.86,0.007076,0.011993
0.0474011,1487.08,0.007078,0.012026
0.00713479,2325.66,0.007078,0.012025
0.0206688,2474.68,0.007077,0.012011
0.057095,1025.72,0.007079,0.012048
0.0571553,1025.72,0.007079,0.012048
0.0202951,2474.68,0.007077,0.012011
0.021633,2474.68,0.007077,0.012011
0.027595,2883.07,0.007076,0.011997
0.00959998,2435.78,0.007077,0.012022
0.0449734,1487.08,0.007078,0.012026
0.00574423,2325.66,0.007078,0.012025
0.0360923,2660.2,0.007076,0.012
0.00361564,2224.65,0.007078,0.012027
0.0551766,1025.72,0.007079,0.012048
0.00302197,2224.65,0.007078,0.012027
0.0162151,2325.72,0.007077,0.012014
0.0269992,2883.07,0.007076,0.011997
0.0341062,2660.2,0.007076,0.012
0.0409213,2054.13,0.007077,0.01202
0.00394828,2224.65,0.007078,0.012027
0.0263178,2660.2,0.007076,0.012
0.017904,2325.72,0.007077,0.012014
0.0328971,3161.86,0.007076,0.011993
0.0172469,2325.72,0.007077,0.012014
0.0336215,2660.2,0.007076,0.012
0.0180833,2325.72,0.007077,0.012014
0.0606908,941.641,0.00708,0.012054
0.000816975,2112.15,0.007078,0.01203
0.0380479,2325.72,0.007077,0.012014
0.0397567,2325.72,0.007077,0.012014
0.0497524,1297.74,0.007078,0.012034
0.0584187,1025.72,0.007079,0.012048
0.031778,3161.86,0.007076,0.011993
0.0223157,2474.68,0.007077,0.012011
0.0496481,1297.74,0.007078,0.012034
0.0290012,2883.07,0.007076,0.011997
0.00760201,2325.66,0.007078,0.012025
0.00557536,2325.66,0.007078,0.012025
0.0205054,2474.68,0.007077,0.012011
0.0364774,2660.2,0.007076,0.012
0.0519844,1149.01,0.007079,0.012041
0.0494256,1297.74,0.007078,0.012034
0.00738916,2325.66,0.007078,0.012025
0.0345447,2660.2,0.007076,0.012
0.0328361,3161.86,0.007076,0.011993
0.0379663,2325.72,0.007077,0.012014
0.00475243,2325.66,0.007078,0.012025
0.00404756,2224.65,0.007078,0.012027
0.0317209,3161.86,0.007076,0.011993
0.0336211,2660.2,0.007076,0.012
0.0167399,2325.72,0.007077,0.012014
0.00466063,2224.65,0.007078,0.012027
0.0310746,3161.86,0.007076,0.011993
0.0326729,3161.86,0.007076,0.011993
0.0334162,3161.86,0.007076,0.011993
0.00974232,2435.78,0.007077,0.012022
0.0140093,2543.66,0.007077,0.012019
0.0362461,2660.2,0.007076,0.012
0.0257916,2660.2,0.007076,0.012
0.0523032,1149.01,0.007079,0.012041
0.0377691,2325.72,0.007077,0.012014
0.000612973,2112.15,0.007078,0.01203
0.0584237,1025.72,0.007079,0.012048
0.0432199,2054.13,0.007077,0.01202
0.0627347,900.49,0.00708,0.012057
0.0350281,2660.2,0.007076,0.012
0.0156165,2325.72,0.007077,0.012014
0.00326517,2224.65,0.007078,0.012027
0.0380227,2325.72,0.007077,0.012014
0.00360724,2224.65,0.007078,0.012027
0.059892,941.641,0.00708,0.012054
0.000931601,2112.15,0.007078,0.01203
0.0231444,2660.2,0.007076,0.012
0.0357258,2660.2,0.007076,0.012
0.00966791,2435.78,0.007077,0.012022
0.00537494,2325.66,0.007078,0.012025
0.0251903,2660.2,0.007076,0.012
0.00348702,2224.65,0.007078,0.012027
0.0310854,3161.86,0.007076,0.011993
0.0264467,2883.07,0.007076,0.011997
0.0548544,1149.01,0.007079,0.012041
0.0126708,2543.66,0.007077,0.012019
0.0181832,2325.72,0.007077,0.012014
0.0460675,1487.08,0.007078,0.012026
0.0561046,1025.72,0.007079,0.012048
0.00958258,2435.78,0.007077,0.012022
0.0123509,2543.66,0.007077,0.012019
0.0440311,2054.13,0.007077,0.01202
0.0628718,900.49,0.00708,0.012057
0.0141053,2543.66,0.007077,0.012019
0.0429257,2054.13,0.007077,0.01202
0.0281237,2883.07,0.007076,0.011997
0.0388977,2325.72,0.007077,0.012014
0.000403346,2112.15,0.007078,0.01203
0.0533965,1149.01,0.007079,0.012041
0.00575242,2325.66,0.007078,0.012025
0.00365024,2224.65,0.007078,0.012027
0.0394056,2325.72,0.007077,0.012014
0.00115405,2224.65,0.007078,0.012027
0.0594312,941.641,0.00708,0.012054
0.0112143,2435.78,0.007077,0.012022
0.00395721,1220.54,0.007078,0.012024
0.00276432,1220.54,0.007078,0.012024
0.0613037,941.641,0.00708,0.012054
0.0269154,2265,0.007076,0.011999
0.0487423,1167,0.007078,0.012033
0.000533089,1125.18,0.007078,0.012028
0.04938,1167,0.007078,0.012033
0.0284189,2408.98,0.007076,0.011994
0.0111756,1433.09,0.007077,0.012016
0.0105422,1433.09,0.007077,0.012016
0.061373,941.641,0.00708,0.012054
0.0381048,1854.63,0.007077,0.01201
0.0330024,2644.65,0.007076,0.011991
0.010957,1433.09,0.007077,0.012016
0.0412139,1591.91,0.007077,0.012017
0.0140835,1568.4,0.007077,0.012013
0.0165311,1713.08,0.007077,0.012009
0.0326877,2644.65,0.007076,0.011991
0.042916,1591.91,0.007077,0.012017
0.0384428,1854.63,0.007077,0.01201
0.0527862,1004,0.007079,0.012042
0.0245144,2056.23,0.007076,0.012002
0.0162743,1713.08,0.007077,0.012009
0.0329691,2644.65,0.007076,0.011991
0.000393126,1125.18,0.007078,0.012028
0.038835,1854.63,0.007077,0.01201
0.00327335,1220.54,0.007078,0.012024
0.0578391,1025.72,0.007079,0.012048
0.051308,1167,0.007078,0.012033
0.0479675,1350.18,0.007078,0.012025
0.0391967,1854.63,0.007077,0.01201
0.0502167,1167,0.007078,0.012033
0.0347721,2208.74,0.007076,0.012004
0.0375436,1854.63,0.007077,0.01201
0.0198844,1888.46,0.007076,0.012005
0.0337722,2644.65,0.007076,0.011991
0.0115614,1433.09,0.007077,0.012016
0.0311154,2644.65,0.007076,0.011991
0.0214747,1888.46,0.007076,0.012005
0.0362799,2208.74,0.007076,0.012004
0.0641379,900.49,0.00708,0.012057
0.0180493,1713.08,0.007077,0.012009
0.0217192,1888.46,0.007076,0.012005
0.0392403,1854.63,0.007077,0.01201
0.011895,1433.09,0.007077,0.012016
0.0108205,1433.09,0.007077,0.012016
0.015407,1568.4,0.007077,0.012013
0.0375213,1854.63,0.007077,0.01201
0.0226371,1888.46,0.007076,0.012005
0.0234237,2056.23,0.007076,0.012002
0.0456315,1350.18,0.007078,0.012025
0.0297981,2408.98,0.007076,0.011994
0.0229746,1888.46,0.007076,0.012005
0.0339622,2208.74,0.007076,0.012004
0.00456453,1220.54,0.007078,0.012024
0.00633467,1320.33,0.007077,0.01202
0.0109146,1433.09,0.007077,0.012016
0.0574033,1025.72,0.007079,0.012048
0.0510979,1167,0.007078,0.012033
0.0187069,1713.08,0.007077,0.012009
0.00186331,1220.54,0.007078,0.012024
0.0522324,1004,0.007079,0.012042
0.0486384,1167,0.007078,0.012033
0.00375858,1220.54,0.007078,0.012024
0.0139798,1568.4,0.007077,0.012013
0.052372,1004,0.007079,0.012042
0.0243169,2056.23,0.007076,0.012002
0.0555158,886.377,0.00708,0.012049
0.0505765,1167,0.007078,0.012033
0.00419637,1220.54,0.007078,0.012024
0.050377,1167,0.007078,0.012033
0.0165936,1713.08,0.007077,0.012009
0.0463959,1350.18,0.007078,0.012025
0.0244046,2056.23,0.007076,0.012002
0.0136717,1568.4,0.007077,0.012013
0.0296374,2408.98,0.007076,0.011994
0.0269173,2265,0.007076,0.011999
0.0577737,1025.72,0.007079,0.012048
0.0271247,2408.98,0.007076,0.011994
0.0490492,1167,0.007078,0.012033
0.0445261,1591.91,0.007077,0.012017
0.0360846,2208.74,0.007076,0.012004
0.0354976,2208.74,0.007076,0.012004
0.0206169,1888.46,0.007076,0.012005
0.0412216,1591.91,0.007077,0.012017
0.023214,2056.23,0.007076,0.012002
0.0332469,2644.65,0.007076,0.011991
0.0410438,1854.63,0.007077,0.01201
0.0173592,1713.08,0.007077,0.012009
0.0381526,1854.63,0.007077,0.01201
0.0405916,1854.63,0.007077,0.01201
0.00869046,1433.09,0.007077,0.012016
0.0239385,2056.23,0.007076,0.012002
0.0189032,1713.08,0.007077,0.012009
0.0306704,2644.65,0.007076,0.011991
0.052776,1004,0.007079,0.012042
0.0644337,900.49,0.00708,0.012057
0.0230015,1888.46,0.007076,0.012005
0.0535497,1004,0.007079,0.012042
0.0302587,2408.98,0.007076,0.011994
0.0492033,1167,0.007078,0.012033
0.0244463,2056.23,0.007076,0.012002
0.0588565,1025.72,0.007079,0.012048
0.0520129,1004,0.007079,0.012042
0.00573062,1320.33,0.007077,0.01202
0.0609049,941.641,0.00708,0.012054
0.0281768,2408.98,0.007076,0.011994
0.0317736,2644.65,0.007076,0.011991
0.0453802,1350.18,0.007078,0.012025
0.0134222,1568.4,0.007077,0.012013
0.0235914,2056.23,0.007076,0.012002
0.0470149,1350.18,0.007078,0.012025
0.0106652,1433.09,0.007077,0.012016
0.0202086,1888.46,0.007076,0.012005
0.0509077,1167,0.007078,0.012033
0.0606747,941.641,0.00708,0.012054
0.0318824,2644.65,0.007076,0.011991
0.0580221,1025.72,0.007079,0.012048
0.0527349,1004,0.007079,0.012042
0.0158801,1713.08,0.007077,0.012009
0.023192,2056.23,0.007076,0.012002
0.0561876,1025.72,0.007079,0.012048
0.061152,941.641,0.00708,0.012054
0.0248392,2056.23,0.007076,0.012002
0.0283341,2408.98,0.007076,0.011994
0.0394356,1854.63,0.007077,0.01201
0.0522248,1004,0.007079,0.012042
0.0554893,1004,0.007079,0.012042
0.0405326,1854.63,0.007077,0.01201
0.00164908,1220.54,0.007078,0.012024
0.0103908,1433.09,0.007077,0.012016
0.0220777,1888.46,0.007076,0.012005
0.0291048,2408.98,0.007076,0.011994
0.0489592,1167,0.007078,0.012033
0.0371475,2208.74,0.007076,0.012004
0.0617599,941.641,0.00708,0.012054
0.0431445,1591.91,0.007077,0.012017
0.0273043,2408.98,0.007076,0.011994
0.0371179,2208.74,0.007076,0.012004
0.0335153,2644.65,0.007076,0.011991
0.00778189,1320.33,0.007077,0.01202
0.0179819,1713.08,0.007077,0.012009
0.0472933,1350.18,0.007078,0.012025
0.0210504,1888.46,0.007076,0.012005
0.0615913,941.641,0.00708,0.012054
0.047728,1350.18,0.007078,0.012025
0.0403222,1854.63,0.007077,0.01201
0.0098913,1433.09,0.007077,0.012016
0.0198914,1888.46,0.007076,0.012005
0.0284438,2408.98,0.007076,0.011994
0.0496962,1167,0.007078,0.012033
0.0613574,941.641,0.00708,0.012054
0.0116679,1433.09,0.007077,0.012016
0.0159007,1713.08,0.007077,0.012009
0.0523245,1004,0.007079,0.012042
0.0523537,1004,0.007079,0.012042
0.0497533,1167,0.007078,0.012033
0.034271,2208.74,0.007076,0.012004
0.0211727,1888.46,0.007076,0.012005
0.060645,941.641,0.00708,0.012054
0.0410155,1854.63,0.007077,0.01201
0.0019179,1220.54,0.007078,0.012024
0.0401377,1854.63,0.007077,0.01201
0.00320272,1220.54,0.007078,0.012024
0.0461659,1350.18,0.007078,0.012025
0.039904,1854.63,0.007077,0.01201
0.048988,1167,0.007078,0.012033
0.0390286,1854.63,0.007077,0.01201
0.0356241,2208.74,0.007076,0.012004
0.00654096,1320.33,0.007077,0.01202
0.00167946,1220.54,0.007078,0.012024
0.0563739,1025.72,0.007079,0.012048
0.0335978,2644.65,0.007076,0.011991
0.0162018,1713.08,0.007077,0.012009
0.00275726,1220.54,0.007078,0.012024
0.020641,1888.46,0.007076,0.012005
0.0121004,1433.09,0.007077,0.012016
0.0555812,886.377,0.00708,0.012049
0.0197524,1888.46,0.007076,0.012005
0.0418658,1591.91,0.007077,0.012017
0.0203753,1888.46,0.007076,0.012005
0.0437613,1591.91,0.007077,0.012017
0.0452068,1350.18,0.007078,0.012025
0.0162235,1713.08,0.007077,0.012009
0.0484076,1167,0.007078,0.012033
0.0527964,1004,0.007079,0.012042
0.018285,1713.08,0.007077,0.012009
0.0351876,2208.74,0.007076,0.012004
0.0404897,1854.63,0.007077,0.01201
0.0399995,1854.63,0.007077,0.01201
0.05521,1004,0.007079,0.012042
0.0426782,1591.91,0.007077,0.012017
0.0364952,2208.74,0.007076,0.012004
0.00422197,1220.54,0.007078,0.012024
0.00753689,1320.33,0.007077,0.01202
0.0356127,2208.74,0.007076,0.012004
0.0215894,1888.46,0.007076,0.012005
0.019154,1713.08,0.007077,0.012009
0.0311809,2644.65,0.007076,0.011991
0.0162176,1713.08,0.007077,0.012009
0.00555375,1320.33,0.007077,0.01202
0.0116497,1433.09,0.007077,0.012016
0.040473,1854.63,0.007077,0.01201
0.0374156,2208.74,0.007076,0.012004
0.0594264,941.641,0.00708,0.012054
0.0363763,2208.74,0.007076,0.012004
0.0141819,1568.4,0.007077,0.012013
0.0539423,1004,0.007079,0.012042
0.0436417,1591.91,0.007077,0.012017
0.0121901,1433.09,0.007077,0.012016
0.0122713,1568.4,0.007077,0.012013
0.0578438,1025.72,0.007079,0.012048
0.0310036,2644.65,0.007076,0.011991
0.0209913,1888.46,0.007076,0.012005
0.0629122,900.49,0.00708,0.012057
0.0258901,2056.23,0.007076,0.012002
0.0499586,1167,0.007078,0.012033
0.0154245,1568.4,0.007077,0.012013
0.0459213,712.523,0.007077,0.012007
0.0259969,1590.06,0.007076,0.011993
0.0419661,920.928,0.007076,0.011998
0.0531286,382.483,0.007078,0.012033
0.052895,382.483,0.007078,0.012033
0.0629463,86.6179,0.00708,0.012051
0.000912502,913.004,0.007078,0.012025
0.0452628,712.523,0.007077,0.012007
0.02408,1590.06,0.007076,0.011993
0.05895,274.919,0.007079,0.012047
0.0228501,1437.84,0.007076,0.011996
0.0456715,712.523,0.007077,0.012007
0.0227475,1437.84,0.007076,0.011996
0.0291765,1772.79,0.007076,0.011991
0.0120743,1025.78,0.007077,0.012007
0.0539143,382.483,0.007078,0.012033
0.0428879,920.928,0.007076,0.011998
0.0517891,508.462,0.007077,0.01202
0.029962,1772.79,0.007076,0.011991
0.00455726,831.968,0.007077,0.012015
0.045061,712.523,0.007077,0.012007
0.0506655,508.462,0.007077,0.01202
0.0579621,274.919,0.007079,0.012047
0.0107271,1025.78,0.007077,0.012007
0.0449839,712.523,0.007077,0.012007
0.0362323,1427.71,0.007076,0.011986
0.0179071,1296.79,0.007076,0.011999
0.0631595,86.6179,0.00708,0.012051
0.000429921,913.004,0.007078,0.012025
0.0286979,1772.79,0.007076,0.011991
0.0577105,274.919,0.007079,0.012047
0.000873315,913.004,0.007078,0.012025
0.00839006,930.753,0.007077,0.012011
0.0492381,508.462,0.007077,0.01202
0.0265677,1590.06,0.007076,0.011993
0.058352,274.919,0.007079,0.012047
0.0258935,1590.06,0.007076,0.011993
0.0551945,382.483,0.007078,0.012033
0.00736156,930.753,0.007077,0.012011
0.0362124,1427.71,0.007076,0.011986
0.0203626,1437.84,0.007076,0.011996
0.0141484,1153.09,0.007076,0.012003
0.0350024,1427.71,0.007076,0.011986
0.0320448,1759.26,0.007075,0.011983
0.0161647,1296.79,0.007076,0.011999
0.0113507,1025.78,0.007077,0.012007
0.0620194,113.351,0.00708,0.012056
0.0125565,1153.09,0.007076,0.012003
0.0326046,1759.26,0.007075,0.011983
0.039929,1151.44,0.007076,0.011991
0.0227426,1437.84,0.007076,0.011996
0.0631791,86.6179,0.00708,0.012051
0.0506888,508.462,0.007077,0.01202
0.0501015,508.462,0.007077,0.01202
0.0297431,1772.79,0.007076,0.011991
0.0322767,1759.26,0.007075,0.011983
0.00908461,1025.78,0.007077,0.012007
0.00648605,930.753,0.007077,0.012011
0.0362135,1427.71,0.007076,0.011986
0.0263985,1590.06,0.007076,0.011993
0.0538,382.483,0.007078,0.012033
0.020516,1437.84,0.007076,0.011996
0.0106762,1025.78,0.007077,0.012007
0.0445881,920.928,0.007076,0.011998
0.0619566,113.351,0.00708,0.012056
0.016698,1296.79,0.007076,0.011999
0.00562646,930.753,0.007077,0.012011
0.0184895,1296.79,0.007076,0.011999
0.0347995,1427.71,0.007076,0.011986
0.0364998,1427.71,0.007076,0.011986
0.00999726,1025.78,0.007077,0.012007
0.00212137,1009.58,0.007077,0.01202
0.0538845,382.483,0.007078,0.012033
0.0355361,1427.71,0.007076,0.011986
0.045871,712.523,0.007077,0.012007
0.0331961,1759.26,0.007075,0.011983
0.0026849,1009.58,0.007077,0.01202
0.0381552,1151.44,0.007076,0.011991
0.000820763,913.004,0.007078,0.012025
0.00933396,1025.78,0.007077,0.012007
0.0464261,712.523,0.007077,0.012007
0.0453751,712.523,0.007077,0.012007
0.000376216,913.004,0.007078,0.012025
0.0342295,1427.71,0.007076,0.011986
0.0156715,1153.09,0.007076,0.012003
0.0168173,1296.79,0.007076,0.011999
0.0485584,508.462,0.007077,0.01202
0.0309539,1944.14,0.007076,0.011989
0.0177039,1296.79,0.007076,0.011999
0.0431407,920.928,0.007076,0.011998
0.0423873,920.928,0.007076,0.011998
0.0259969,1590.06,0.007076,0.011993
0.0584049,274.919,0.007079,0.012047
0.0554322,382.483,0.007078,0.012033
0.0479779,712.523,0.007077,0.012007
0.0142003,1153.09,0.007076,0.012003
0.00149878,913.004,0.007078,0.012025
0.0231027,1437.84,0.007076,0.011996
0.0222381,1437.84,0.007076,0.011996
0.061251,113.351,0.00708,0.012056
0.000654462,913.004,0.007078,0.012025
0.0618599,113.351,0.00708,0.012056
0.0244686,1590.06,0.007076,0.011993
0.0218056,1437.84,0.007076,0.011996
0.0436324,920.928,0.007076,0.011998
0.0112349,1025.78,0.007077,0.012007
0.03975,1151.44,0.007076,0.011991
0.0376023,1427.71,0.007076,0.011986
0.0340455,1759.26,0.007075,0.011983
0.0325004,1759.26,0.007075,0.011983
0.059966,113.351,0.00708,0.012056
0.056499,274.919,0.007079,0.012047
0.0439507,920.928,0.007076,0.011998
0.0550069,382.483,0.007078,0.012033
0.0431738,920.928,0.007076,0.011998
0.0145356,1153.09,0.007076,0.012003
0.0576541,274.919,0.007079,0.012047
0.0373405,1427.71,0.007076,0.011986
0.0131267,1153.09,0.007076,0.012003
0.031081,1944.14,0.007076,0.011989
0.0014844,913.004,0.007078,0.012025
0.0534805,382.483,0.007078,0.012033
0.014303,1153.09,0.007076,0.012003
0.0149761,1153.09,0.007076,0.012003
0.0335483,1759.26,0.007075,0.011983
0.0077986,930.753,0.007077,0.012011
0.0245002,1590.06,0.007076,0.011993
0.0299297,1772.79,0.007076,0.011991
0.0457324,712.523,0.007077,0.012007
0.0279043,1772.79,0.007076,0.011991
0.0212031,1437.84,0.007076,0.011996
0.00567047,930.753,0.007077,0.012011
0.0305037,1944.14,0.007076,0.011989
0.0257284,1590.06,0.007076,0.011993
0.0273708,1772.79,0.007076,0.011991
0.0406921,1151.44,0.007076,0.011991
0.00336496,831.968,0.007077,0.012015
0.0449927,712.523,0.007077,0.012007
0.0479929,712.523,0.007077,0.012007
0.0158128,1153.09,0.007076,0.012003
0.0245789,1590.06,0.007076,0.011993
0.0178966,1296.79,0.007076,0.011999
0.0253132,1590.06,0.007076,0.011993
0.0329066,1759.26,0.007075,0.011983
0.0587265,274.919,0.007079,0.012047
0.014926,1153.09,0.007076,0.012003
0.0361509,1427.71,0.007076,0.011986
0.0147221,1153.09,0.007076,0.012003
0.0186834,1296.79,0.007076,0.011999
0.0603137,113.351,0.00708,0.012056
0.0552565,382.483,0.007078,0.012033
0.0421947,920.928,0.007076,0.011998
0.0136188,1153.09,0.007076,0.012003
0.0463219,712.523,0.007077,0.012007
0.0260124,1590.06,0.007076,0.011993
0.0235293,1590.06,0.007076,0.011993
0.00447143,831.968,0.007077,0.012015
0.0161345,1296.79,0.007076,0.011999
0.051324,508.462,0.007077,0.01202
0.0234739,1590.06,0.007076,0.011993
0.0558294,274.919,0.007079,0.012047
0.0332966,1759.26,0.007075,0.011983
0.0330368,1759.26,0.007075,0.011983
0.00990156,1025.78,0.007077,0.012007
0.0529555,382.483,0.007078,0.012033
0.0149174,1153.09,0.007076,0.012003
0.0091789,1025.78,0.007077,0.012007
0.0593929,208.413,0.00708,0.012057
0.00555473,930.753,0.007077,0.012011
0.00881219,930.753,0.007077,0.012011
0.041984,920.928,0.007076,0.011998
0.0131219,1153.09,0.007076,0.012003
0.022096,1437.84,0.007076,0.011996
0.0269125,1772.79,0.007076,0.011991
0.0536559,382.483,0.007078,0.012033
0.00561429,930.753,0.007077,0.012011
0.0456839,712.523,0.007077,0.012007
0.00236649,1009.58,0.007077,0.01202
0.0544404,382.483,0.007078,0.012033
0.0541684,382.483,0.007078,0.012033
0.0579846,274.919,0.007079,0.012047
0.0631829,86.6179,0.00708,0.012051
0.0170227,1296.79,0.007076,0.011999
0.0207527,1437.84,0.007076,0.011996
0.0623081,113.351,0.00708,0.012056
0.0102786,1025.78,0.007077,0.012007
0.0175768,1296.79,0.007076,0.011999
0.0206825,1437.84,0.007076,0.011996
0.0337093,1759.26,0.007075,0.011983
0.0212874,1437.84,0.007076,0.011996
0.0451407,712.523,0.007077,0.012007
0.0598708,113.351,0.00708,0.012056
0.0246447,1590.06,0.007076,0.011993
0.0102353,1025.78,0.007077,0.012007
0.00696501,930.753,0.007077,0.012011
0.0150808,1153.09,0.007076,0.012003
0.0480731,712.523,0.007077,0.012007
0.0433996,920.928,0.007076,0.011998
0.00176365,1009.58,0.007077,0.01202
0.0313785,1944.14,0.007076,0.011989
0.0167209,1296.79,0.007076,0.011999
0.0397094,1151.44,0.007076,0.011991
0.000716276,913.004,0.007078,0.012025
0.0378341,1151.44,0.007076,0.011991
0.0322873,1759.26,0.007075,0.011983
0.0580717,274.919,0.007079,0.012047
0.00187565,1009.58,0.007077,0.01202
0.0399039,1151.44,0.007076,0.011991
0.0141895,1153.09,0.007076,0.012003
0.00466223,831.968,0.007077,0.012015
0.0374352,1427.71,0.007076,0.011986
0.0523139,382.483,0.007078,0.012033
0.0627297,1381.73,0.00708,0.012054
0.0236636,2751.53,0.007076,0.012003
0.044901,2003.22,0.007078,0.012027
0.0537827,1886.27,0.007079,0.012038
0.0341912,2751.53,0.007076,0.012003
0.0150087,2190.79,0.007077,0.012017
0.0313618,3144.44,0.007076,0.011996
0.0346134,2751.53,0.007076,0.012003
0.0192011,2486.15,0.007077,0.012015
0.0322876,3144.44,0.007076,0.011996
0.0522627,1886.27,0.007079,0.012038
0.0310363,3144.44,0.007076,0.011996
0.0222091,2631,0.007077,0.012012
0.00123958,1807.42,0.007078,0.012027
0.0088668,2054.13,0.007077,0.01202
0.00240456,1807.42,0.007078,0.012027
0.0315189,3144.44,0.007076,0.011996
0.0218263,2631,0.007077,0.012012
0.028848,3019.16,0.007076,0.011998
0.0363933,2751.53,0.007076,0.012003
0.00987814,2054.13,0.007077,0.01202
0.0395184,2486.15,0.007077,0.012015
0.016863,2325.72,0.007077,0.012014
0.0521052,1886.27,0.007079,0.012038
0.00624357,1937.07,0.007078,0.012023
0.00918948,2054.13,0.007077,0.01202
0.0529931,1886.27,0.007079,0.012038
0.051235,2033.5,0.007078,0.012033
0.00250674,1807.42,0.007078,0.012027
0.00580134,1937.07,0.007078,0.012023
0.0211709,2631,0.007077,0.012012
0.0561927,1744.2,0.007079,0.012043
0.0482404,2033.5,0.007078,0.012033
0.0101971,2054.13,0.007077,0.01202
0.0213465,2631,0.007077,0.012012
0.00975677,2054.13,0.007077,0.01202
0.0433103,2243.06,0.007077,0.012021
0.0595711,1609.66,0.007079,0.012048
0.0237389,2751.53,0.007076,0.012003
0.0624834,1609.66,0.007079,0.012048
0.0264724,3019.16,0.007076,0.011998
0.0196717,2631,0.007077,0.012012
0.0265202,3019.16,0.007076,0.011998
0.0619533,1609.66,0.007079,0.012048
0.0198215,2631,0.007077,0.012012
0.0608543,1609.66,0.007079,0.012048
0.0294306,3019.16,0.007076,0.011998
0.0227517,2631,0.007077,0.012012
0.00755215,1937.07,0.007078,0.012023
0.0025318,1807.42,0.007078,0.012027
0.0415007,2243.06,0.007077,0.012021
0.0183471,2486.15,0.007077,0.012015
0.00170954,1807.42,0.007078,0.012027
0.0444513,2243.06,0.007077,0.012021
0.0338564,2751.53,0.007076,0.012003
0.0123724,2190.79,0.007077,0.012017
0.0466242,2224.65,0.007078,0.012027
0.0570613,1744.2,0.007079,0.012043
0.0114316,2054.13,0.007077,0.01202
0.0397925,2486.15,0.007077,0.012015
0.00595532,1937.07,0.007078,0.012023
0.0168461,2325.72,0.007077,0.012014
0.0134974,2190.79,0.007077,0.012017
0.0213961,2631,0.007077,0.012012
0.0412759,2243.06,0.007077,0.012021
0.0287858,3019.16,0.007076,0.011998
0.00107362,1718.71,0.007078,0.01203
0.0146536,2190.79,0.007077,0.012017
0.0330195,3144.44,0.007076,0.011996
0.0356376,2751.53,0.007076,0.012003
0.0342736,2751.53,0.007076,0.012003
0.0553485,1744.2,0.007079,0.012043
0.00967177,2054.13,0.007077,0.01202
0.0311939,3144.44,0.007076,0.011996
0.0370589,2751.53,0.007076,0.012003
0.0230336,2751.53,0.007076,0.012003
0.0549798,1886.27,0.007079,0.012038
0.00120833,1807.42,0.007078,0.012027
0.0354097,2751.53,0.007076,0.012003
0.0141755,2190.79,0.007077,0.012017
0.0421367,2243.06,0.007077,0.012021
0.0576293,1744.2,0.007079,0.012043
0.0481208,2033.5,0.007078,0.012033
0.0617781,1609.66,0.007079,0.012048
0.00207748,1807.42,0.007078,0.012027
0.042709,2243.06,0.007077,0.012021
0.0449679,2003.22,0.007078,0.012027
0.0447321,2003.22,0.007078,0.012027
0.0184745,2486.15,0.007077,0.012015
0.0430626,2243.06,0.007077,0.012021
0.0091213,2054.13,0.007077,0.01202
0.0418067,2243.06,0.007077,0.012021
0.00630976,1937.07,0.007078,0.012023
0.043428,2243.06,0.007077,0.012021
0.01691,2325.72,0.007077,0.012014
0.0127364,2190.79,0.007077,0.012017
0.0576353,1744.2,0.007079,0.012043
0.0457593,2224.65,0.007078,0.012027
0.0250084,2751.53,0.007076,0.012003
0.0120666,2190.79,0.007077,0.012017
0.0526728,1886.27,0.007079,0.012038
0.0136414,2190.79,0.007077,0.012017
0.0554952,1744.2,0.007079,0.012043
0.0179948,2325.72,0.007077,0.012014
0.0620878,1609.66,0.007079,0.012048
0.0204306,2631,0.007077,0.012012
0.0583165,1744.2,0.007079,0.012043
0.0596907,1609.66,0.007079,0.012048
0.0073579,1937.07,0.007078,0.012023
0.0218748,2631,0.007077,0.012012
0.0474653,2224.65,0.007078,0.012027
0.0604352,1609.66,0.007079,0.012048
0.054632,1886.27,0.007079,0.012038
0.0593311,1609.66,0.007079,0.012048
0.0329538,3144.44,0.007076,0.011996
0.00120039,1807.42,0.007078,0.012027
0.0214538,2631,0.007077,0.012012
0.00367136,1807.42,0.007078,0.012027
0.0347709,2751.53,0.007076,0.012003
0.0306639,3144.44,0.007076,0.011996
0.0168439,2325.72,0.007077,0.012014
0.00101514,1718.71,0.007078,0.01203
0.0582263,1744.2,0.007079,0.012043
0.0637459,1381.73,0.00708,0.012054
0.0233452,2751.53,0.007076,0.012003
0.0367028,2751.53,0.007076,0.012003
0.018366,2486.15,0.007077,0.012015
0.0394948,2486.15,0.007077,0.012015
0.03496,2751.53,0.007076,0.012003
0.0571093,1744.2,0.007079,0.012043
0.0134627,2190.79,0.007077,0.012017
0.0291189,3019.16,0.007076,0.011998
0.00245265,1807.42,0.007078,0.012027
0.0632914,1381.73,0.00708,0.012054
0.0446291,2003.22,0.007078,0.012027
0.00540599,1937.07,0.007078,0.012023
0.0519119,1886.27,0.007079,0.012038
0.0381137,2486.15,0.007077,0.012015
0.0597143,1609.66,0.007079,0.012048
0.0353171,2751.53,0.007076,0.012003
0.0356922,2751.53,0.007076,0.012003
0.0545726,1886.27,0.007079,0.012038
0.0633696,1381.73,0.00708,0.012054
0.0509203,2033.5,0.007078,0.012033
0.0426862,2243.06,0.007077,0.012021
0.0307182,3144.44,0.007076,0.011996
0.0528761,1886.27,0.007079,0.012038
0.00127806,1807.42,0.007078,0.012027
0.0227649,2631,0.007077,0.012012
0.0241214,2751.53,0.007076,0.012003
0.000698075,1718.71,0.007078,0.01203
0.0301941,3144.44,0.007076,0.011996
0.0215848,2631,0.007077,0.012012
0.0414289,2243.06,0.007077,0.012021
0.0368946,2751.53,0.007076,0.012003
0.0209861,2631,0.007077,0.012012
0.0312342,3144.44,0.007076,0.011996
0.0317974,3144.44,0.007076,0.011996
0.0336419,3144.44,0.007076,0.011996
0.0546377,1886.27,0.007079,0.012038
0.0268769,3019.16,0.007076,0.011998
0.0505125,2033.5,0.007078,0.012033
0.0144957,2190.79,0.007077,0.012017
0.063463,1381.73,0.00708,0.012054
0.035684,2751.53,0.007076,0.012003
0.0502419,2033.5,0.007078,0.012033
0.0306256,3144.44,0.007076,0.011996
0.0157332,2325.72,0.007077,0.012014
0.00581004,1937.07,0.007078,0.012023
0.0584206,1744.2,0.007079,0.012043
0.0490171,2033.5,0.007078,0.012033
0.0149343,2190.79,0.007077,0.012017
0.00893168,2054.13,0.007077,0.01202
0.00140218,1807.42,0.007078,0.012027
0.0349056,2751.53,0.007076,0.012003
0.00839865,2054.13,0.007077,0.01202
0.0546176,1886.27,0.007079,0.012038
0.0365163,2751.53,0.007076,0.012003
0.0508129,2033.5,0.007078,0.012033
0.0556956,1744.2,0.007079,0.012043
0.00798392,1937.07,0.007078,0.012023
0.0231468,2751.53,0.007076,0.012003
0.00552526,1937.07,0.007078,0.012023
0.00427602,1807.42,0.007078,0.012027
0.0071808,1937.07,0.007078,0.012023
0.0055712,1937.07,0.007078,0.012023
0.0221878,2631,0.007077,0.012012
0.0616558,1609.66,0.007079,0.012048
0.0275469,3019.16,0.007076,0.011998
0.0200954,2631,0.007077,0.012012
0.0384676,2486.15,0.007077,0.012015
0.0156264,2325.72,0.007077,0.012014
0.013864,2190.79,0.007077,0.012017
0.0107629,2054.13,0.007077,0.01202
0.0066227,1937.07,0.007078,0.012023
0.060455,1609.66,0.007079,0.012048
0.0559857,1744.2,0.007079,0.012043
0.0540375,1886.27,0.007079,0.012038
4.23462e-05,1718.71,0.007078,0.01203
0.00170062,1807.42,0.007078,0.012027
0.0472322,2224.65,0.007078,0.012027
0.0625842,1381.73,0.00708,0.012054
0.0563533,1744.2,0.007079,0.012043
0.0478192,2224.65,0.007078,0.012027
0.0132859,2190.79,0.007077,0.012017
0.0544839,1886.27,0.007079,0.012038
0.0424553,2243.06,0.007077,0.012021
