initx_p,inity_p,initz_p,actx_ent,acty_ent,actz_ent,actx_exit,acty_exit,actz_exit,predx_ent,predy_ent,predz_ent,predx_exit,predy_exit,predz_exit
-0.497562,-0.454184,-0.739019,-115.392,-110.837,-175.51,-116.955,-112.418,-177.948,-115.394,-110.834,-175.536,-675.815,-882.317,-1225.6
-0.497562,-0.454184,-0.739019,-122.241,-117.78,-186.204,-616.643,-773.028,-1088.67,-115.394,-110.834,-175.536,-675.815,-882.317,-1225.6
-0.595464,-0.701653,0.391287,-101.245,-123.893,68.037,-584.603,-891.283,454.25,-101.243,-123.894,68.034,-603.701,-933.142,473.877
-0.940335,0.280909,0.191988,-154.083,43.1111,31.302,-1049.9,184.241,208.603,-154.081,43.1182,31.3019,-1095.58,186.844,217.955
0.672804,0.44195,0.593309,131.832,90.6661,117.937,798.533,706.085,788.604,131.832,90.6657,117.937,828.668,740.621,822.165
-0.636352,0.323031,-0.700505,-144.365,68.9829,-157.068,-1015.33,324.394,-1051.18,-144.365,68.9829,-157.068,-1060.95,331.039,-1096.04
-0.569664,-0.717041,-0.401666,-97.1795,-127.107,-70.173,-553.246,-911.079,-468.637,-97.1704,-127.114,-70.1804,-572.59,-952.55,-488.84
0.258765,-0.952934,-0.157977,44.5977,-153.659,-25.5991,396.32,-989.433,-170.399,44.5976,-153.659,-25.5991,418.201,-1029.72,-178.241
0.0875203,0.536209,-0.839536,25.1471,207.23,-322.681,25.8867,216.714,-337.391,20.7895,158.644,-247.279,-65.2,1109.49,-1731.38
0.0875203,0.536209,-0.839536,25.9053,216.959,-337.77,21.0067,656.766,-1018.78,20.7895,158.644,-247.279,-65.2,1109.49,-1731.38
-0.856227,-0.0671126,0.512223,-159.229,-15.6847,95.4275,-1042.37,-222.642,637.554,-159.23,-15.6774,95.4308,-1085.33,-239.309,664.976
-0.311197,-0.866041,0.391319,-51.3002,-151.553,68.0342,-233.316,-1040.06,454.001,-51.2978,-151.554,68.0405,-237.636,-1085.7,473.922
-0.382209,0.80266,-0.457878,-71.5528,143.109,-82.4173,-579.595,894.551,-549.973,-71.5548,143.108,-82.4115,-607.651,930.575,-574.134
0.92517,0.116564,-0.361211,158.351,22.9127,-61.9815,1033.45,260.89,-412.353,158.351,22.9095,-61.9817,1075.99,278.311,-431.69
-0.758025,-0.439414,-0.481989,-136.828,-82.9341,-88.025,-844.696,-650.097,-588.073,-136.831,-82.9293,-88.0222,-877.053,-682.633,-613.275
0.292956,-0.548318,0.783277,89.4346,-155.633,226.197,496.409,-673.625,1057.46,79.253,-138.993,201.618,701.446,-862.081,1408.98
0.281112,-0.792067,0.541854,56.5762,-149.663,103.158,489.079,-947.076,689.728,56.5729,-149.665,103.159,516.075,-984.315,718.929
-0.276686,-0.462085,-0.842569,-99.7309,-183.386,-326.628,-102.764,-189.577,-337.41,-77.7945,-139.814,-250.346,-346.512,-1056,-1753.1
-0.276686,-0.462085,-0.842569,-104.019,-192.152,-341.889,-259.073,-595.694,-1018.7,-77.7945,-139.814,-250.346,-346.512,-1056,-1753.1
0.594174,0.49419,-0.634613,120.717,105.011,-131.395,709.43,795.507,-877.839,120.718,105.011,-131.396,735.044,833.619,-916.267
-0.519657,-0.70123,-0.488092,-92.7238,-130.393,-89.488,-516.94,-932.164,-598.81,-92.7255,-130.392,-89.4825,-533.993,-974.711,-623.465
0.883063,0.46555,0.0588431,140.238,77.0285,9.43224,879.753,601.778,63.1074,140.236,77.0317,9.4317,914.455,631.651,65.6674
-0.704682,0.331516,-0.627312,-146.235,64.9252,-128.891,-1020.27,308.681,-862.204,-146.24,64.9141,-128.893,-1066.08,314.128,-898.763
0.0452331,-0.666766,0.743893,16.0767,-168.987,188.97,215.22,-947.199,1084.88,14.912,-159.304,178.118,271.183,-1077.81,1243.73
-0.920766,-0.23889,-0.308418,-154.125,-42.96,-51.8786,-992.427,-389.018,-346.146,-154.125,-42.9599,-51.8785,-1032.49,-411.305,-361.285
-0.993147,0.114578,-0.0230242,-159.236,15.6171,-3.69918,-1065.88,0.334171,-24.4374,-159.236,15.6149,-3.68503,-1111.39,-4.75552,-25.6565
0.913732,-0.289954,0.284642,153.346,-45.6609,47.514,1047.07,-199.467,317.288,153.345,-45.6653,47.5104,1092.84,-202.258,330.853
0.459358,-0.883361,0.0930826,76.2462,-140.665,14.9588,596.366,-883.464,98.4645,76.2458,-140.665,14.9589,626.771,-917.806,104.151
-0.416461,-0.732997,0.537844,-76.1989,-140.69,102.088,-396.695,-989.325,683.303,-76.2004,-140.689,102.083,-407.345,-1034.06,711.418
-0.452027,0.657934,-0.602324,-93.4096,129.902,-120.738,-723.112,783.137,-808.166,-93.4087,129.903,-120.738,-758.702,812.146,-841.739
0.571713,-0.589004,-0.571155,113.805,-112.465,-111.335,841.397,-654.361,-743.127,113.808,-112.462,-111.339,881.379,-677.039,-776.056
-0.360232,-0.256526,0.896898,-216.008,-176.977,566.895,-221.092,-181.766,581.067,-126.644,-97.7825,324.576,-698.798,-864.229,2282.07
-0.360232,-0.256526,0.896898,-226.025,-186.444,594.863,-357.39,-323.499,980.176,-126.644,-97.7825,324.576,-698.798,-864.229,2282.07
-0.360232,-0.256526,0.896898,-358.544,-324.821,983.736,-358.66,-324.954,984.095,-126.644,-97.7825,324.576,-698.798,-864.229,2282.07
0.0338771,-0.992224,0.119766,8.21406,-159.789,19.3025,157.982,-1054.08,129.112,8.2141,-159.789,19.3025,170.595,-1098.23,134.395
-0.318427,0.633488,0.705193,-75.286,141.181,159.153,-625.849,862.842,1064.69,-75.286,141.181,159.153,-658.504,895.311,1110.65
-0.633603,-0.646475,0.424992,-109.812,-116.367,75.1231,-644.062,-849.264,502.536,-109.814,-116.365,75.1248,-667.009,-888.993,523.315
0.930272,0.330741,-0.158758,149.798,56.2176,-25.7361,956.057,471.381,-171.957,149.804,56.2022,-25.7288,994.766,495.632,-179.144
-0.263147,-0.960358,-0.0920086,-39.6375,-155.012,-14.7814,-161.746,-1053.56,-98.9347,-39.6257,-155.015,-14.7848,-163.698,-1099.28,-102.939
-0.993317,0.113063,0.0231966,-159.26,15.3718,3.71265,-1065.91,-1.4495,24.967,-159.26,15.372,3.71263,-1111.38,-6.45083,25.8487
0.30842,-0.744751,-0.591796,64.338,-146.494,-117.465,543.007,-917.189,-785.159,64.3416,-146.493,-117.474,571.958,-952.929,-818.929
0.45345,-0.886516,0.092043,75.2989,-141.174,14.7934,590.667,-887.282,98.8354,75.2977,-141.175,14.7904,620.573,-922.008,102.978
0.093899,0.648362,-0.75552,19.6668,168.607,-195.788,-7.77226,930.338,-1076.97,18.7902,158.893,-184.54,-42.8488,1110.57,-1288.85
-0.0620964,-0.940507,-0.334052,-7.64367,-159.817,-56.715,58.4715,-1064.26,-379.391,-7.64167,-159.817,-56.709,67.1718,-1109.37,-394.944
0.142077,0.758105,-0.636467,25.9976,157.874,-132.085,41.0853,1065.15,-881.704,25.9775,157.877,-132.04,33.989,1110.88,-920.777
0.100487,-0.524717,0.845325,47.7935,-203.205,330.474,48.9771,-207.422,337.406,35.1106,-156.1,253.205,446.588,-1017.73,1773.35
0.100487,-0.524717,0.845325,50.441,-212.598,345.922,199.926,-607.978,1014.77,35.1106,-156.1,253.205,446.588,-1017.73,1773.35
-0.0316229,-0.998647,-0.0412781,-2.3279,-159.983,-6.60804,87.609,-1062.26,-43.8447,-2.32523,-159.983,-6.61045,97.1838,-1107.14,-46.0245
0.769602,0.594292,0.233515,124.897,100.004,38.4268,760.812,746.481,256.788,124.898,100.003,38.4268,790.052,781.682,267.577
-0.685993,0.658518,-0.309464,-117.397,108.71,-52.0658,-850.938,641.972,-348.078,-117.4,108.708,-52.0732,-891.663,663.436,-362.642
-0.157607,-0.796964,-0.583103,-27.7296,-157.579,-114.86,-57.8095,-1064.37,-768.335,-27.7284,-157.579,-114.849,-53.8236,-1110.1,-800.585
0.26361,-0.528358,0.807061,90.2222,-166.36,258.774,427.674,-624.519,1038.44,75.5487,-141.04,218.721,686.159,-874.298,1529.53
0.26361,-0.528358,0.807061,428.272,-625.175,1039.65,429.543,-626.572,1042.24,75.5487,-141.04,218.721,686.159,-874.298,1529.53
-0.117559,-0.563476,-0.817725,-32.1529,-186.499,-268.874,-32.6028,-189.808,-273.616,-28.0083,-157.529,-227.334,2.49893,-1111.4,-1590.32
-0.117559,-0.563476,-0.817725,-33.455,-196.168,-282.727,-51.4027,-724.331,-1034.47,-28.0083,-157.529,-227.334,2.49893,-1111.4,-1590.32
-0.968793,-0.171621,0.178845,-157.038,-30.6449,29.0855,-1020.98,-306.124,193.755,-157.038,-30.6444,29.0855,-1062.94,-324.616,202.519
-0.533442,-0.736961,0.415124,-91.3626,-131.35,73.0117,-512.6,-934.523,487.334,-91.3627,-131.35,73.012,-528.5,-977.7,508.583
-0.140169,-0.398065,0.906585,-78.9965,-296.404,659.498,-79.96,-301.677,671.011,-46.9808,-152.947,343.804,-59.0378,-1109.83,2420.22
-0.140169,-0.398065,0.906585,-81.4471,-309.978,689.127,-100.29,-442.299,976.256,-46.9808,-152.947,343.804,-59.0378,-1109.83,2420.22
-0.664839,0.727893,-0.16781,-109.931,116.255,-27.2429,-804.805,698.91,-182.363,-109.938,116.248,-27.2372,-842.98,724.29,-189.648
0.31355,-0.685593,-0.656999,69.8336,-143.956,-139.437,584.405,-891.407,-931.76,69.83,-143.958,-139.448,615.769,-925.223,-972.616
0.704921,-0.179687,0.686148,155.929,-35.864,150.927,1061.39,-97.8035,1010.13,155.929,-35.864,150.927,1107.34,-94.9196,1053
0.0704519,0.901837,0.426293,9.43427,159.722,75.3958,-51.5739,1064.7,502.979,9.44252,159.721,75.4059,-59.7406,1109.79,525.275
-0.597485,0.585641,0.547756,-116.532,109.637,104.773,-855.633,635.661,699.055,-116.53,109.639,104.761,-896.154,657.357,730.114
-0.286431,-0.869439,-0.402534,-47.2146,-152.875,-70.3582,-204.734,-1046.09,-471.427,-47.2156,-152.875,-70.3614,-207.793,-1091.8,-490.102
-0.0579,-0.981922,0.180211,-6.65869,-159.861,29.3268,59.9939,-1064.19,195.596,-6.639,-159.862,29.3152,69.0866,-1109.25,204.119
-0.0860054,-0.996266,-0.00758355,-11.0335,-159.619,-1.20946,30.1037,-1065.46,-8.93603,-11.0323,-159.619,-1.21346,36.6658,-1110.8,-8.44856
0.553779,0.702675,-0.446741,96.6213,127.532,-79.8948,545.684,915.648,-534.603,96.6159,127.536,-79.8991,565.904,956.537,-556.61
-0.301176,0.706791,-0.640109,-65.9969,145.755,-133.316,-558.59,907.783,-889.609,-65.9836,145.761,-133.318,-588.574,942.757,-929.713
0.5627,0.825515,-0.0435119,87.8402,133.731,-6.96888,495.379,943.755,-46.3774,87.8404,133.731,-6.96884,512.307,986.282,-48.5198
-0.231011,0.948013,-0.218873,-40.5982,154.764,-35.8982,-371.814,998.983,-239.026,-40.5996,154.763,-35.8917,-392.664,1039.72,-249.92
-0.714924,-0.00263133,-0.699197,-159.939,-4.41635,-156.51,-1051.6,-174.016,-1047.46,-159.939,-4.4171,-156.494,-1095.25,-188.755,-1092.01
-0.650343,0.608439,-0.454814,-118.914,107.049,-81.7083,-865.087,622.752,-546.588,-118.917,107.046,-81.7156,-905.643,644.221,-569.28
-0.66041,0.356902,0.660666,-142.456,72.8434,140.821,-1003.91,358.185,940.973,-142.457,72.8428,140.827,-1049.07,366.971,982.264
0.260683,-0.679468,0.685833,60.8066,-147.995,150.802,532.432,-923.406,1008.06,60.8075,-147.995,150.796,562.186,-958.727,1052.08
-0.66984,-0.715732,0.197592,-107.278,-118.708,32.2501,-632.591,-857.909,215.079,-107.275,-118.71,32.2522,-655.47,-897.535,224.573
0.446572,0.768427,0.458359,77.7164,139.858,82.5233,413.351,982.483,551.448,77.7165,139.858,82.521,424.951,1026.95,574.898
-0.196539,-0.940744,0.276358,-29.9282,-157.176,46.0108,-92.444,-1061.93,306.847,-29.9276,-157.176,46.0116,-91.0301,-1107.67,320.411
0.802521,-0.559637,0.206801,132.821,-89.2106,33.8194,939.411,-503.605,224.83,132.82,-89.2116,33.821,982.089,-520.298,235.499
0.817777,-0.491918,0.29876,138.562,-80.0027,50.0921,972.802,-435.68,334.573,138.562,-80.0028,50.092,1016.29,-449.842,348.838
0.600012,-0.300181,0.741537,144.876,-67.904,176.856,145.736,-68.2806,177.894,144.87,-67.9159,176.862,1066.31,-313.364,1234.91
0.600012,-0.300181,0.741537,153.817,-71.8018,187.637,935.92,-294.698,1088.68,144.87,-67.9159,176.862,1066.31,-313.364,1234.91
0.741764,0.401083,0.537511,139.175,78.9331,101.999,858.572,631.692,684.101,139.17,78.9413,101.995,893.389,661.109,710.798
0.205871,0.779544,-0.591548,37.5674,155.527,-117.389,123.33,1058.72,-785.056,37.5625,155.528,-117.398,122.317,1104.65,-818.398
0.724619,0.607098,-0.326127,120.765,104.957,-55.1881,724.778,781.591,-369.089,120.765,104.956,-55.2013,755.445,815.177,-384.438
0.304534,0.201007,0.93105,342.709,266.728,972.363,803.579,112.386,-991.109,129.256,94.3024,408.404,677.63,880.924,2888.51
-0.706536,-0.212624,0.67498,-152.103,-49.6463,146.374,-962.022,-459.068,978.254,-152.102,-49.6475,146.383,-998.781,-487.489,1021.17
0.796108,-0.160153,0.583578,157.487,-28.2454,114.998,1064.2,-61.0602,766.742,157.487,-28.2437,114.991,1109.92,-57.3953,801.576
0.714908,-0.696165,-0.0652691,116.529,-109.641,-10.4709,843.627,-651.561,-69.9151,116.526,-109.643,-10.4659,882.913,-675.037,-72.868
-0.417061,-0.905567,-0.0775094,-64.428,-146.455,-12.4459,-332.11,-1012.88,-82.828,-64.4277,-146.455,-12.4395,-341.291,-1057.7,-86.6098
-0.0116547,0.99869,-0.0498315,-4.6147,159.933,-7.97866,-134.458,1057.35,-52.8018,-4.60706,159.934,-7.98334,-145.096,1101.89,-55.5832
-0.00413935,0.565522,0.824723,-8.92963,198.8,290.217,-98.8241,698.1,1030.57,-6.01015,159.887,233.364,-241.465,1084.85,1632.92
-0.350397,-0.935847,-0.0375793,-53.5317,-150.779,-6.01027,-256.985,-1034.43,-40.4823,-53.5299,-150.78,-6.01723,-263.176,-1079.79,-41.8942
-0.596465,0.313517,-0.738875,-143.481,70.8032,-175.455,-145.561,71.7635,-177.967,-143.471,70.8234,-175.461,-1059.55,335.514,-1225.07
-0.596465,0.313517,-0.738875,-152.341,74.8811,-186.151,-937.397,317.339,-1088.7,-143.471,70.8234,-175.461,-1059.55,335.514,-1225.07
0.994285,-0.039017,-0.0993752,159.961,-3.52435,-15.9799,1062.86,80.3065,-106.329,159.961,-3.52431,-15.9799,1107.8,89.3508,-111.26
0.354329,-0.224351,-0.907809,271.189,-143.361,-664.664,273.884,-144.523,-671.019,138.56,-80.0074,-346.437,1068.98,-304.131,-2439.18
0.354329,-0.224351,-0.907809,283.87,-148.788,-694.533,298.874,-155.075,-729.758,138.56,-80.0074,-346.437,1068.98,-304.131,-2439.18
0.354329,-0.224351,-0.907809,300.488,-155.742,-733.538,405.26,-195.573,-976.246,138.56,-80.0074,-346.437,1068.98,-304.131,-2439.18
0.762995,0.646397,0.00321284,120.294,105.495,0.515595,729.234,777.385,3.28994,120.293,105.497,0.514082,756.623,814.084,3.57922
-0.990602,0.127388,-0.0497928,-159.02,17.6833,-7.99062,-1065.77,14.1618,-53.1251,-159.019,17.6863,-7.97713,-1111.36,9.60064,-55.54
0.761719,-0.647861,0.00774771,123.634,-101.561,1.23862,885.255,-593.661,8.00051,123.634,-101.561,1.23973,926.166,-614.351,8.63146
0.546429,0.494536,0.675906,116.111,110.083,146.757,670.371,828.726,981.839,116.106,110.088,146.752,693.008,868.879,1023.76
-0.487995,0.591064,-0.642265,-104.595,121.078,-134.035,-793.77,711.413,-893.791,-104.595,121.078,-134.081,-831.903,736.985,-935.055
0.816924,-0.43685,-0.376559,142.463,-72.8313,-65.0404,994.839,-382.756,-434.234,142.463,-72.8314,-65.0403,1039.2,-394.051,-453.009
0.76741,0.640884,0.0186933,121.035,104.645,2.99238,734.977,771.953,19.7917,121.034,104.646,2.9916,762.336,808.736,20.8286
0.455966,0.748439,-0.481596,80.5601,138.239,-87.927,431.142,974.817,-587.068,80.561,138.239,-87.9288,444.205,1018.77,-612.623
0.547884,0.632822,0.547138,102.233,123.079,104.594,581.007,893.662,697.561,102.234,123.078,104.592,600.816,935.003,728.936
0.430599,0.75029,0.501647,76.882,140.318,92.7882,404.72,986.106,619.615,76.8819,140.318,92.7884,415.561,1030.79,646.533
0.968424,-0.103456,0.226832,159.369,-14.2005,37.2669,1065.84,11.0148,248.487,159.369,-14.199,37.2663,1111.26,17.6541,259.494
-0.45651,-0.566052,0.686428,-97.4879,-126.87,151.05,-531.014,-924.197,1010.71,-97.485,-126.873,151.044,-546.959,-967.494,1053.82
0.708799,-0.704526,-0.0353027,115.393,-110.835,-5.65194,837.006,-659.993,-37.7721,115.393,-110.836,-5.65223,875.818,-684.218,-39.353
-0.163482,0.569439,0.805613,-58.4043,180.013,257.361,-310.176,698.419,1042.25,-48.5736,152.449,217.601,-514.713,985.028,1521.62
0.984568,0.119487,0.127863,158.477,22.0249,20.6155,1036.56,248.517,138.368,158.478,22.0128,20.6285,1079.32,265.119,143.629
-0.242763,0.472142,0.847436,-103.166,181.475,333.294,-104.519,183.635,337.362,-77.7099,139.861,255.442,-716.54,849.577,1789.21
-0.242763,0.472142,0.847436,-108.358,189.739,348.876,-359.476,522.06,1014.8,-77.7099,139.861,255.442,-716.54,849.577,1789.21
-0.716936,0.510073,-0.475214,-132.153,90.1981,-86.4215,-941.421,499.837,-577.565,-132.15,90.202,-86.4207,-984.307,516.092,-602.102
-0.442782,-0.00891944,0.896585,-278.175,-24.4826,566.019,-285.519,-25.6462,581.083,-159.724,-9.39895,323.997,-1064.43,-319.7,2277.91
-0.442782,-0.00891944,0.896585,-291.785,-26.6602,593.944,-478.196,-66.0402,980.189,-159.724,-9.39895,323.997,-1064.43,-319.7,2277.91
-0.442782,-0.00891944,0.896585,-479.234,-66.31,982.363,-480.091,-66.533,984.157,-159.724,-9.39895,323.997,-1064.43,-319.7,2277.91
-0.379939,0.736431,0.559746,-76.2851,140.643,108.091,-614.866,870.683,721.774,-76.279,140.647,108.085,-645.937,904.42,753.326
0.584843,-0.542431,-0.603098,119.629,-106.25,-120.984,877.345,-605.341,-807.975,119.617,-106.263,-120.982,918.363,-625.954,-843.443
0.25735,-0.8638,0.433153,48.5899,-152.444,76.8921,429.815,-975.434,514.031,48.5861,-152.445,76.8968,454.985,-1014,535.672
-0.73859,0.264402,-0.620142,-151.777,50.6328,-126.482,-1045.06,209.901,-845.758,-151.779,50.6283,-126.491,-1091.04,211.768,-881.96
-0.696058,-0.170256,-0.697507,-154.463,-41.7277,-155.769,-981.813,-414.967,-1041.7,-154.466,-41.7148,-155.756,-1020.84,-439.428,-1086.84
-0.428973,-0.686894,0.586651,-81.8637,-137.471,115.918,-431.84,-974.48,775.028,-81.8665,-137.47,115.913,-444.021,-1018.85,808.019
-0.359419,-0.43679,-0.824641,-120.585,-158.304,-290.21,-370.186,-596.533,-1026.61,-97.8814,-126.567,-233.291,-510.148,-987.4,-1632.41
-0.359419,-0.43679,-0.824641,-370.243,-596.661,-1026.81,-371.286,-598.985,-1030.52,-97.8814,-126.567,-233.291,-510.148,-987.4,-1632.41
0.606104,-0.446383,0.658316,130.954,-91.9291,139.941,944.422,-494.225,936.928,130.954,-91.9293,139.941,987.713,-509.541,976.066
-0.396984,0.514816,-0.759848,-107.382,131.469,-198.42,-661.46,632.111,-1073.04,-101.004,124.089,-187.032,-828.112,741.242,-1306.36
0.222915,0.697202,-0.681336,45.1664,153.493,-148.956,162.769,1053.43,-996.02,45.1516,153.497,-148.945,162.126,1099.51,-1039.12
-0.826224,0.00297833,0.563335,-159.977,-2.73424,109.101,-1056.28,-142.997,729.823,-159.977,-2.73604,109.098,-1100.42,-155.873,760.405
0.917339,0.363046,-0.16336,147.731,61.4458,-26.4875,938.999,504.488,-175.66,147.729,61.4491,-26.4948,976.63,530.475,-184.478
-0.605901,-0.60996,0.510718,-110.482,-115.731,95.0615,-644.56,-848.945,636.052,-110.478,-115.735,95.0515,-666.756,-889.183,662.328
0.149186,0.969081,-0.196532,21.5801,158.538,-32.0704,39.0777,1065.2,-214.188,21.5818,158.538,-32.0722,34.7347,1110.86,-223.319
0.290964,0.699214,0.653023,58.1237,149.069,137.968,255.291,1034.9,920.263,58.1185,149.071,137.974,260.708,1080.39,962.293
0.393322,0.780263,-0.486301,69.2079,144.258,-89.0377,350.468,1006.68,-593.727,69.2103,144.256,-89.0522,360.669,1051.25,-620.462
0.123875,-0.390617,-0.912181,121.987,-296.377,-714.28,125.169,-302.554,-729.752,54.691,-150.363,-356.26,628.726,-916.468,-2510
0.123875,-0.390617,-0.912181,130.285,-312.369,-754.396,137.439,-325.874,-788.421,54.691,-150.363,-356.26,628.726,-916.468,-2510
0.123875,-0.390617,-0.912181,138.733,-328.29,-794.521,177.963,-397.865,-972.354,54.691,-150.363,-356.26,628.726,-916.468,-2510
-0.507553,-0.503865,-0.698935,-110.825,-115.403,-156.378,-627.204,-861.852,-1046.17,-110.82,-115.407,-156.379,-647.682,-903.171,-1091.21
-0.911154,-0.0219107,-0.411482,-159.853,-6.84808,-72.2404,-1053.88,-159.626,-483.873,-159.853,-6.84795,-72.2403,-1098.11,-171.347,-503.202
0.570203,-0.716494,0.401877,101.961,-123.304,70.2154,762.167,-745.15,468.689,101.953,-123.311,70.2244,799.065,-772.466,489.147
0.665154,-0.746224,0.0268359,108.486,-117.604,4.29232,795.548,-709.367,27.8494,108.491,-117.6,4.29551,832.895,-735.864,29.9069
-0.346391,0.416998,-0.840313,-139.873,154.959,-323.664,-146.068,161.258,-337.36,-106.069,119.789,-248.058,-880.283,678.463,-1736.89
-0.346391,0.416998,-0.840313,-146.717,161.915,-338.791,-480.193,445.798,-1018.74,-106.069,119.789,-248.058,-880.283,678.463,-1736.89
0.222915,0.916597,-0.331902,34.9823,156.129,-56.3041,124.96,1058.54,-375.592,34.9841,156.129,-56.2986,124.509,1104.4,-392.085
0.127685,-0.710617,-0.691896,32.0261,-156.762,-153.348,351.672,-1006.21,-1025.79,32.0192,-156.763,-153.344,373.901,-1046.62,-1069.93
-0.365054,0.732964,0.57402,-74.3088,141.698,112.166,-603.668,878.523,748.566,-74.3073,141.698,112.171,-634.603,912.408,781.869
-0.91955,-0.123062,0.373206,-158.166,-24.1534,64.3617,-1031.34,-269.396,431.826,-158.168,-24.1438,64.367,-1073.62,-287.299,448.315
0.456646,-0.397959,-0.795678,138.997,-113.579,-235.824,142.558,-116.301,-241.712,123.543,-101.672,-210.205,964.836,-551.635,-1469.47
0.456646,-0.397959,-0.795678,146.752,-119.496,-248.638,665.219,-432.425,-1046.07,123.543,-101.672,-210.205,964.836,-551.635,-1469.47
0.456646,-0.397959,-0.795678,665.327,-432.475,-1046.23,667.797,-433.625,-1049.81,123.543,-101.672,-210.205,964.836,-551.635,-1469.47
-0.140148,-0.884453,-0.445086,-22.0181,-158.478,-79.5346,-31.2021,-1065.49,-530.988,-22.0173,-158.478,-79.53,-26.7417,-1111.08,-554.036
0.5074,-0.0579325,-0.859761,217.987,-14.9567,-367.879,218.805,-14.9752,-369.255,159.486,-12.8151,-269.412,1103.25,134.31,-1888.36
0.5074,-0.0579325,-0.859761,227.746,-15.159,-384.308,596.817,6.67585,-1007.23,159.486,-12.8151,-269.412,1103.25,134.31,-1888.36
-0.863056,-0.0451148,0.50309,-159.585,-11.5216,93.1355,-1047.74,-196.16,622.643,-159.585,-11.5134,93.1457,-1091.37,-210.068,649.027
0.872724,0.085394,0.480688,158.905,18.6879,87.7146,1038.55,239.946,586.225,158.905,18.6847,87.7132,1081.25,257.121,611.119
0.616769,0.15267,0.772197,163.546,45.4739,206.35,166.276,46.32,209.825,154.221,42.6124,194.475,1009.86,464.095,1358.71
0.616769,0.15267,0.772197,172.859,48.3729,218.208,807.193,332.637,1065.17,154.221,42.6124,194.475,1009.86,464.095,1358.71
0.556436,-0.122907,0.82175,186.134,-34.1996,272.935,186.585,-34.266,273.593,157.2,-29.8038,230.762,1111.37,-8.14459,1614.54
0.556436,-0.122907,0.82175,195.789,-35.6031,286.998,710.468,-59.3006,1030.54,157.2,-29.8038,230.762,1111.37,-8.14459,1614.54
-0.85925,0.396604,-0.3231,-146.462,64.4115,-54.6198,-1014.48,327.205,-364.815,-146.46,64.4162,-54.6289,-1059.59,335.379,-380.45
0.266328,0.905563,-0.330188,42.3635,154.29,-55.9779,174.913,1051.44,-375.011,42.3552,154.292,-55.9721,176.865,1097.24,-389.809
0.80768,0.583183,-0.0868942,128.088,95.8819,-13.957,786.346,719.606,-93.4083,128.092,95.8772,-13.9565,817.028,753.442,-97.1722
-0.411774,0.260023,0.873402,-207.62,116.353,426.918,-217.237,121.07,446.123,-138.202,80.6236,287.008,-1056.11,346.183,2013.54
-0.411774,0.260023,0.873402,-219.987,122.408,451.608,-501.035,236.509,995.857,-138.202,80.6236,287.008,-1056.11,346.183,2013.54
0.745233,0.310097,-0.590312,146.386,64.5852,-117.021,915.743,545.478,-779.681,146.386,64.5849,-117.022,952.076,573.377,-815.765
-0.717346,0.298786,0.629398,-149.026,58.2356,129.597,-1033.81,259.598,862.905,-149.019,58.2532,129.602,-1079.24,265.422,903.724
0.381316,0.745422,-0.546758,69.9405,143.904,-104.48,351.874,1006.16,-698.447,69.9412,143.904,-104.489,360.606,1051.27,-728.212
0.191615,0.94238,-0.274232,29.0918,157.333,-45.629,87.622,1062.26,-303.616,29.0864,157.334,-45.6286,85.1787,1108.13,-317.743
-0.800352,-0.59031,0.104737,-127.11,-97.1759,16.8487,-780.265,-726.152,112.248,-127.112,-97.1728,16.8515,-809.201,-761.843,117.329
-0.834583,0.23171,-0.499783,-154.984,39.7491,-92.3304,-1055.49,148.382,-616.071,-154.984,39.7495,-92.3285,-1101.56,147.592,-643.324
0.69984,0.707185,0.100565,110.573,115.644,16.1734,657.687,838.792,107.839,110.573,115.644,16.1732,681.823,877.683,112.606
-0.707165,0.61269,0.352886,-122.82,102.544,60.3456,-884.581,594.737,402.92,-122.821,102.542,60.3472,-925.605,615.196,420.299
0.28023,-0.563124,-0.777407,80.0062,-149.713,-209.855,80.0062,-149.713,-209.855,75.1523,-141.252,-197.776,674.204,-883.549,-1381.94
0.28023,-0.563124,-0.777407,84.8643,-158.172,-221.915,488.316,-702.028,-1061.21,75.1523,-141.252,-197.776,674.204,-883.549,-1381.94
0.28023,-0.563124,-0.777407,500.358,-705.597,-1062.67,769.407,-711.56,-923.529,75.1523,-141.252,-197.776,674.204,-883.549,-1381.94
0.49025,0.826757,-0.275912,79.1358,139.059,-45.9364,430.841,974.998,-306.177,79.1454,139.054,-45.9312,444.338,1018.71,-319.851
0.502783,0.863082,0.0479488,78.1576,139.612,7.69011,425.895,977.076,51.1832,78.1583,139.611,7.68102,441.219,1020.07,53.4783
0.180441,0.780017,0.599178,32.7067,156.621,119.743,90.7157,1062.04,800.704,32.7215,156.618,119.752,87.0028,1107.99,834.851
0.574217,-0.389285,-0.72023,134.605,-86.4957,-166.144,961.102,-443.285,-1103.95,134.609,-86.49,-166.128,1013.15,-456.869,-1159.56
0.0801998,-0.981064,0.176301,15.8011,-159.218,28.6505,210.177,-1044.97,191.303,15.8055,-159.217,28.6585,223.609,-1088.67,199.546
0.0773886,0.855504,-0.51198,11.2313,159.605,-95.3576,-44.9111,1064.93,-637.979,11.2385,159.605,-95.3695,-53.9507,1110.09,-664.548
0.0874485,0.703905,0.704891,15.8993,159.208,159.025,-39.9047,1065.18,1064.02,15.8907,159.209,159.017,-49.6803,1110.29,1109.7
-0.782898,-0.135265,0.607268,-157.042,-30.6261,122.312,-1013.37,-330.45,817.937,-157.041,-30.6288,122.304,-1054.56,-350.886,852.689
-0.835286,0.118473,-0.5369,-158.838,19.2498,-101.836,-1065.87,6.62915,-680.541,-158.838,19.252,-101.832,-1111.4,-0.469838,-709.659
0.446186,0.853921,-0.267836,71.5675,143.102,-44.4813,377.555,996.785,-296.628,71.5675,143.102,-44.4812,389.28,1041,-309.75
0.209779,-0.424326,0.880875,116.787,-207.376,443.014,117.692,-208.796,446.144,76.0459,-140.773,297.815,726.881,-840.746,2090.61
0.209779,-0.424326,0.880875,124.219,-218.97,468.614,130.797,-229.103,491.071,76.0459,-140.773,297.815,726.881,-840.746,2090.61
0.209779,-0.424326,0.880875,131.722,-230.52,494.216,291.486,-445.225,991.99,76.0459,-140.773,297.815,726.881,-840.746,2090.61
0.700054,0.294707,-0.65044,146.03,65.3842,-137.032,908.798,557.025,-917.225,146.03,65.3852,-137.026,944.26,586.16,-955.663
0.967477,-0.230617,0.103939,156.254,-34.4171,16.7215,1058.38,-126.231,111.975,156.254,-34.4173,16.7216,1104.16,-126.694,116.425
-0.475309,-0.879099,0.0355902,-73.6821,-142.024,5.69218,-396.242,-989.483,38.7695,-73.6773,-142.027,5.69831,-408.599,-1033.56,39.6738
0.837843,0.229639,-0.495263,153.444,45.3299,-91.2178,982.257,413.942,-609.328,153.446,45.3239,-91.2205,1021.61,437.63,-635.592
0.838569,0.399004,0.370942,143.189,71.3927,63.9095,898.864,572.84,427.069,143.188,71.395,63.914,934.234,602.01,445.158
0.135101,-0.987455,0.0817368,24.4066,-158.128,13.1158,263.02,-1032.96,87.2392,24.4063,-158.128,13.1224,280.864,-1075.33,91.3646
0.0891551,0.614529,-0.78384,20.2696,178.352,-226.65,-0.127225,834.798,-1057.44,18.6013,158.915,-201.993,-53.8506,1110.09,-1411.62
0.303707,-0.405038,0.862384,145.586,-175.792,388.99,150.417,-181.064,401.168,100.256,-124.694,272.605,856.822,-707.86,1911.05
0.303707,-0.405038,0.862384,152.185,-182.986,405.616,408.334,-422.823,1003.44,100.256,-124.694,272.605,856.822,-707.86,1911.05
-0.232455,0.471998,-0.850401,-105.128,191.547,-353.252,-344.104,520.504,-1011.04,-75.3201,141.163,-258.657,-703.527,860.383,-1812.01
0.251503,-0.468613,0.846846,106.371,-179.616,332.442,108.054,-182.201,337.354,80.1584,-138.472,254.812,731.083,-837.094,1784.75
0.251503,-0.468613,0.846846,111.706,-187.787,347.978,369.827,-516.982,1014.82,80.1584,-138.472,254.812,731.083,-837.094,1784.75
0.850689,-0.516297,0.0988157,138.188,-80.6486,15.8852,968.659,-444.781,106.497,138.187,-80.6503,15.8891,1012.16,-459.057,110.628
-0.819562,-0.488648,-0.299235,-135.937,-84.3862,-50.1836,-843.928,-651.056,-334.244,-135.936,-84.3887,-50.1795,-876.291,-683.611,-349.448
0.929474,-0.0922193,-0.357175,159.482,-12.8684,-61.1866,1065.61,24.5836,-408.589,159.481,-12.8784,-61.1873,1110.94,31.8599,-426.154
0.0289582,-0.769008,-0.638582,9.57481,-159.713,-132.773,196.517,-1047.64,-885.76,9.57343,-159.713,-132.78,212.809,-1090.84,-925.954
0.286062,-0.894288,0.344118,51.5164,-151.48,58.6436,446.212,-968,391.903,51.5155,-151.48,58.6436,469.853,-1007.2,408.426
-0.204185,-0.69076,0.693657,-41.6986,-154.471,154.072,-136.13,-1057.2,1030.8,-41.6983,-154.471,154.095,-134.909,-1103.18,1075.2
0.0554386,-0.763863,0.642993,15.1383,-159.282,134.329,235.131,-1039.63,897.389,15.1433,-159.282,134.34,251.459,-1082.58,936.869
-0.156199,0.405744,0.900541,-117.983,253.102,578.665,-118.552,254.13,581.097,-63.3131,146.94,331.493,-667.56,888.58,2331.71
-0.156199,0.405744,0.900541,-124.693,265.143,607.196,-129.163,273.059,626.015,-63.3131,146.94,331.493,-667.56,888.58,2331.71
-0.156199,0.405744,0.900541,-131.486,277.141,635.737,-219.799,418.135,980.156,-63.3131,146.94,331.493,-667.56,888.58,2331.71
-0.132884,0.962718,-0.235618,-24.6639,158.088,-38.7929,-269.548,1031.31,-259.986,-24.6639,158.088,-38.7929,-285.438,1074.12,-270.127
0.294296,-0.923172,-0.24727,51.2572,-151.567,-40.8335,441.945,-969.962,-272.43,51.2802,-151.56,-40.8332,464.872,-1009.51,-284.339
-0.45956,0.532075,-0.711126,-107.477,118.527,-161.85,-817.554,683.921,-1083.22,-107.5,118.507,-161.851,-858.175,706.22,-1129.57
-0.885349,-0.315187,-0.341782,-149.732,-56.3951,-58.1829,-953.464,-476.457,-388.758,-149.731,-56.3962,-58.1926,-991.496,-502.141,-405.283
-0.0404024,0.590574,0.805971,-19.2589,188.268,257.357,-156.575,747.864,1042.2,-15.5288,159.245,217.877,-296.889,1071.01,1523.57
0.317,0.408392,-0.855995,126.046,178.479,-361.928,128.439,182.225,-369.29,93.8714,129.569,-264.968,461.441,1011.08,-1856.8
0.317,0.408392,-0.855995,131.292,186.709,-378.093,308.66,522.07,-1007.19,93.8714,129.569,-264.968,461.441,1011.08,-1856.8
0.807373,0.425201,0.409088,140.146,77.195,71.7175,874.345,609.699,478.649,140.145,77.1971,71.735,907.55,641.531,499.679
0.0532335,0.475196,-0.878268,13.8223,237.598,-437.274,13.8392,242.429,-446.144,12.1127,159.541,-293.94,-154.62,1100.59,-2062.96
0.0532335,0.475196,-0.878268,13.843,251.369,-462.558,-5.15268,538.784,-992.058,12.1127,159.541,-293.94,-154.62,1100.59,-2062.96
0.0532335,0.475196,-0.878268,-5.23018,539.375,-993.151,-5.41752,540.796,-995.786,12.1127,159.541,-293.94,-154.62,1100.59,-2062.96
0.729852,-0.250396,0.636096,152.457,-48.549,131.908,1048.23,-193.465,882.489,152.455,-48.5539,131.911,1094.25,-194.469,919.871
0.441427,0.669953,0.596913,85.163,135.452,119.048,453.743,964.473,795.053,85.1629,135.452,119.048,467.295,1008.39,829.931
0.0881872,0.399959,-0.912281,42.3473,317.69,-714.843,42.6542,324.357,-729.714,27.8949,157.55,-356.493,-85.8717,1108.08,-2511.69
0.0881872,0.399959,-0.912281,43.1225,335.692,-754.988,43.6395,350.713,-788.468,27.8949,157.55,-356.493,-85.8717,1108.08,-2511.69
0.0881872,0.399959,-0.912281,43.7285,353.707,-795.14,44.414,433.254,-972.357,27.8949,157.55,-356.493,-85.8717,1108.08,-2511.69
-0.197345,0.958616,0.205207,-34.9939,156.126,33.5466,-335.62,1011.67,224.467,-34.9959,156.126,33.5487,-354.604,1053.31,233.602
0.219458,-0.88313,-0.414632,41.4985,-154.525,-72.9086,384.566,-994.079,-487.328,41.4987,-154.525,-72.9076,406.579,-1034.36,-507.855
-0.370084,-0.867519,0.332339,-60.0871,-148.289,56.3857,-296.789,-1023.72,377.587,-60.1023,-148.283,56.3818,-303.831,-1069.06,392.664
-0.815576,-0.434684,-0.381949,-139.78,-77.8557,-66.1291,-871.568,-613.575,-442.031,-139.78,-77.8557,-66.1291,-905.44,-644.506,-460.598
-0.90542,-0.395659,0.153845,-145.479,-66.6017,24.9176,-921.138,-536.261,165.794,-145.481,-66.5969,24.9131,-957.498,-564.276,173.464
-0.370968,0.709186,-0.599531,-77.1537,140.169,-119.872,-624.641,863.679,-802.725,-77.1743,140.158,-119.863,-655.643,897.409,-835.622
-0.110339,0.946862,0.302123,-21.3879,158.564,50.7148,-249.077,1036.37,339.43,-21.3686,158.567,50.7122,-265.245,1079.28,353.159
0.41632,-0.185563,-0.890081,248.777,-92.7387,-518.827,257.244,-95.2864,-536.095,148.482,-59.6073,-312.518,1097.98,-172.178,-2195.68
0.41632,-0.185563,-0.890081,261.975,-96.6933,-545.735,482.172,-149.369,-988.048,148.482,-59.6073,-312.518,1097.98,-172.178,-2195.68
-0.858375,-0.35051,-0.374613,-146.982,-63.2173,-64.6383,-929.911,-521.07,-431.149,-146.985,-63.2087,-64.6491,-966.592,-548.552,-450.282
0.123902,-0.988138,0.0907293,22.6312,-158.391,14.5774,252.908,-1035.47,96.9623,22.6304,-158.391,14.5775,268.867,-1078.39,101.496
-0.93616,0.00877954,-0.351464,-159.994,-1.42157,-60.0673,-1059.17,-119.838,-402.373,-159.994,-1.42323,-60.0698,-1103.69,-130.719,-418.365
0.62301,0.774947,0.106382,98.1013,126.397,17.1208,568.484,901.626,113.769,98.0902,126.405,17.119,587.861,943.202,119.192
0.854025,0.485798,-0.186122,137.68,81.5128,-30.3115,858.927,631.118,-201.491,137.676,81.5194,-30.3106,892.494,662.317,-211.051
0.562161,-0.361288,-0.74394,145.219,-87.9013,-189.133,887.261,-391.541,-1084.83,136.77,-83.0301,-178.143,1026.91,-425.05,-1243.9
-0.667915,-0.726523,0.161411,-106.237,-119.64,26.192,-626.119,-862.671,175.477,-106.228,-119.648,26.1702,-648.198,-902.801,182.218
-0.383932,-0.153284,-0.910549,-286.821,-143.018,-707.021,-295.6,-148.382,-729.696,-146.013,-65.4242,-352.514,-870.168,-691.389,-2482.98
-0.383932,-0.153284,-0.910549,-302.175,-152.442,-746.726,-387.669,-208.681,-972.348,-146.013,-65.4242,-352.514,-870.168,-691.389,-2482.98
0.387035,0.671366,0.632038,76.8341,140.344,130.528,391.798,991.328,872.117,76.831,140.346,130.506,400.872,1036.59,910.047
0.116707,-0.430774,0.894882,85.7671,-251.265,532.838,86.3827,-252.749,536.06,47.7279,-152.716,320.894,565.745,-956.631,2255.67
0.116707,-0.430774,0.894882,91.0846,-263.978,560.471,95.1083,-273.444,581.1,47.7279,-152.716,320.894,565.745,-956.631,2255.67
0.116707,-0.430774,0.894882,96.4865,-276.657,588.111,183.014,-454.164,984.156,47.7279,-152.716,320.894,565.745,-956.631,2255.67
0.493197,0.562637,0.663473,102.692,122.696,141.881,574.58,897.809,945.983,102.69,122.698,141.894,590.579,941.502,989.734
-0.667435,-0.292023,-0.68502,-145.036,-67.5605,-150.462,-897.612,-574.88,-1006.06,-145.037,-67.5589,-150.459,-931.909,-605.604,-1049.72
0.606557,-0.208856,0.767117,162,-50.7055,203.04,167.434,-52.2334,209.792,152.618,-48.0386,191.351,1099.69,-160.929,1336.73
0.606557,-0.208856,0.767117,171.392,-53.3396,214.708,875.605,-161.553,1069.08,152.618,-48.0386,191.351,1099.69,-160.929,1336.73
0.507142,0.690912,-0.515217,92.0836,130.846,-96.1957,511.533,935.154,-643.646,92.0823,130.847,-96.1895,527.072,978.471,-670.271
-0.26844,0.835133,0.480097,-51.9194,151.342,87.5765,-455.156,963.861,584.405,-51.9234,151.341,87.573,-480.295,1002.26,610.141
0.706861,0.510446,-0.489686,127.853,96.1951,-89.8644,775.553,731.189,-601.264,127.852,96.1977,-89.8668,803.946,767.385,-626.146
-0.596329,0.802536,0.0181021,-97.6077,126.778,2.90087,-729.903,776.752,19.6439,-97.6116,126.775,2.89696,-764.191,806.983,20.1697
0.311552,0.943841,-0.110002,47.5386,152.775,-17.7095,216.283,1043.7,-118.287,47.5303,152.777,-17.7087,219.701,1089.47,-123.298
-0.475676,0.813703,-0.334095,-83.2246,136.652,-56.7096,-645.666,848.057,-378.554,-83.2417,136.641,-56.7171,-677.383,881.114,-395
-0.512144,0.073198,-0.855775,-217.476,21.1321,-361.536,-222.128,21.3675,-369.237,-159.052,17.3882,-264.713,-1106.92,-99.6571,-1854.99
-0.512144,0.073198,-0.855775,-227.224,21.6151,-377.67,-607.188,9.74992,-1007.17,-159.052,17.3882,-264.713,-1106.92,-99.6571,-1854.99
0.255605,0.727109,-0.637165,49.6993,152.085,-132.284,200.005,1046.99,-883.571,49.6992,152.085,-132.284,202.527,1092.79,-922.479
-0.309057,-0.790905,0.528161,-55.218,-150.17,99.5264,-250.275,-1036.14,663.985,-55.22,-150.169,99.5253,-255.67,-1081.59,693.557
-0.919251,-0.0129001,0.39346,-159.915,-5.22183,68.4838,-1055.71,-146.96,456.631,-159.915,-5.2216,68.4807,-1099.95,-159.1,476.991
-0.919646,-0.340424,-0.195866,-149.059,-58.1505,-31.9569,-949.828,-483.757,-212.903,-149.058,-58.1528,-31.9591,-987.851,-509.274,-222.532
0.805352,0.335609,-0.488647,146.453,64.4318,-89.6126,923.778,531.79,-598.411,146.454,64.4295,-89.6162,958.104,563.247,-624.397
0.0741332,0.858282,-0.507795,10.6002,159.648,-94.3087,-49.2786,1064.79,-630.932,10.6005,159.648,-94.3177,-58.0042,1109.89,-657.206
0.520889,0.0710016,-0.850666,214.969,39.1219,-353.753,224.291,41.2711,-369.237,157.747,26.7568,-258.948,1038.79,395.13,-1814.08
0.520889,0.0710016,-0.850666,224.48,41.3153,-369.551,601.402,161.856,-1010.99,157.747,26.7568,-258.948,1038.79,395.13,-1814.08
0.175087,0.621788,0.763364,41.3977,164.625,200.616,43.0798,172.259,209.851,39.2736,155.105,189.1,99.3108,1106.95,1320.9
0.175087,0.621788,0.763364,43.4935,174.151,212.139,112.12,894.225,1069.08,39.2736,155.105,189.1,99.3108,1106.95,1320.9
0.175087,0.621788,0.763364,112.098,895.074,1070.09,112.034,897.593,1073.07,39.2736,155.105,189.1,99.3108,1106.95,1320.9
-0.225549,0.97407,-0.0177727,-38.759,155.234,-2.84709,-356.47,1004.51,-18.6444,-38.7551,155.235,-2.84422,-377.617,1045.28,-19.8025
0.365607,-0.461508,0.808295,122.538,-144.222,259.874,544.334,-521.182,1038.47,102.956,-122.475,219.685,851.751,-713.954,1536.32
-0.280967,-0.95219,0.119965,-42.6336,-154.215,19.3413,-182.43,-1050.22,129.742,-42.6307,-154.216,19.335,-184.691,-1095.95,134.622
-0.639757,-0.765162,-0.0723725,-100.52,-124.482,-11.6196,-586.495,-890.081,-77.4509,-100.51,-124.49,-11.6106,-606.236,-931.498,-80.8383
-0.607623,0.171321,0.775528,-164.632,41.3669,208.571,-165.619,41.5845,209.812,-155.116,39.2309,196.574,-1107.34,94.8746,1373.48
-0.607623,0.171321,0.775528,-174.161,43.455,220.559,-853.281,110.231,1061.2,-155.116,39.2309,196.574,-1107.34,94.8746,1373.48
-0.866468,0.395027,0.305266,-146.753,63.7458,51.2984,-1016.01,322.191,342.797,-146.753,63.7465,51.2935,-1060.89,331.249,357.21
-0.530044,-0.0705614,-0.845029,-205.604,-36.1021,-330.027,-210.147,-37.101,-337.379,-157.844,-26.1766,-252.894,-1041.54,-387.809,-1771.15
-0.530044,-0.0705614,-0.845029,-215.134,-38.2076,-345.452,-618.603,-164.832,-1014.84,-157.844,-26.1766,-252.894,-1041.54,-387.809,-1771.15
0.135838,0.893938,0.42711,21.0411,158.61,75.5762,25.8111,1065.62,505.47,21.0398,158.611,75.5825,21.1198,1111.2,526.507
-0.584564,-0.0728651,0.808069,-186.884,-29.8289,259.77,-728.656,-194.865,1038.45,-158.13,-24.3928,219.508,-1052.47,-357.106,1535.07
-0.00134079,0.704824,0.709381,-4.18756,159.945,161.05,-174.357,1051.53,1077.03,-4.18756,159.945,161.05,-189.454,1095.13,1123.95
-0.520074,0.403135,-0.752998,-136.994,100.239,-194.264,-820.037,454.936,-1076.96,-128.963,94.7027,-183.114,-986.919,511.079,-1278.83
-0.520074,0.403135,-0.752998,-821.324,455.411,-1078.52,-823.307,456.13,-1080.93,-128.963,94.7027,-183.114,-986.919,511.079,-1278.83
0.33735,-0.37551,-0.863242,160.557,-162.233,-390.515,165.138,-166.424,-401.133,110.9,-115.331,-273.669,916.492,-628.691,-1918.61
0.33735,-0.37551,-0.863242,167.765,-168.817,-407.21,442.056,-383.475,-1003.42,110.9,-115.331,-273.669,916.492,-628.691,-1918.61
-0.190211,0.944176,0.268983,-34.3768,156.263,44.688,-332.332,1012.76,297.216,-34.3791,156.263,44.6865,-352.229,1054.11,311.18
-0.965137,0.255853,-0.0552223,-155.338,38.3427,-8.84951,-1054.68,153.927,-59.0274,-155.338,38.3434,-8.8495,-1100.55,154.917,-61.6138
0.184174,0.899375,0.39649,29.1723,157.318,69.1064,82.7886,1062.73,461.694,29.1722,157.318,69.1062,80.1602,1108.51,481.351
-0.240571,-0.632738,0.736049,-53.0668,-150.943,174.005,-54.169,-154.357,177.906,-53.0643,-150.944,173.992,-206.487,-1092.05,1214.76
-0.240571,-0.632738,0.736049,-56.0541,-160.228,184.612,-202.788,-979.391,1092.49,-53.0643,-150.944,173.992,-206.487,-1092.05,1214.76
-0.471315,-0.879704,0.063116,-73.1312,-142.309,10.1072,-392.259,-991.148,67.7323,-73.1325,-142.308,10.1192,-404.491,-1035.18,70.4544
-0.499354,0.345103,-0.794701,-150.828,97.3195,-235.043,-155.198,99.9437,-241.72,-134.137,87.2204,-209.504,-1020.31,440.664,-1464.53
-0.499354,0.345103,-0.794701,-159.196,102.335,-247.82,-714.749,357.256,-1049.81,-134.137,87.2204,-209.504,-1020.31,440.664,-1464.53
0.364935,-0.901239,0.233648,62.6531,-147.223,38.4541,513.973,-933.76,256.049,62.6516,-147.224,38.4499,539.901,-971.451,267.738
0.946965,-0.260544,-0.188082,154.983,-39.7513,-30.645,1053.65,-160.829,-204.351,154.983,-39.7511,-30.6415,1099.38,-163.019,-213.355
0.946965,-0.260544,-0.188082,-155.44,-37.926,88.3598,-1047.51,-31.9993,427.534,154.983,-39.7511,-30.6415,1099.38,-163.019,-213.355
0.758092,-0.537233,-0.369699,132.22,-90.0985,-63.662,938.949,-504.469,-425.745,132.225,-90.0925,-63.6659,981.523,-521.366,-443.428
0.240623,-0.970443,0.0184825,41.1577,-154.616,2.95786,372.503,-998.672,19.4265,41.1577,-154.616,2.95784,393.783,-1039.3,20.5936
-0.813184,-0.242564,-0.52905,-152.364,-48.8388,-99.7652,-971.51,-438.558,-666.98,-152.371,-48.8164,-99.7582,-1010.05,-463.689,-695.183
-0.216991,0.790518,-0.57271,-45.5659,153.375,-111.776,-421.362,979.132,-746.395,-45.5628,153.375,-111.789,-446.436,1017.79,-779.205
0.929955,-0.346556,-0.122812,150.868,-53.2807,-19.7922,1034.9,-255.373,-132.152,150.869,-53.2793,-19.8008,1080.41,-260.615,-137.866
0.0710254,0.866415,0.494248,9.93601,159.691,90.9752,-52.7031,1064.62,608.637,9.93186,159.691,90.9731,-61.4561,1109.7,633.865
0.67906,-0.496034,-0.541136,131.094,-91.7296,-102.966,937.909,-506.467,-687.781,131.094,-91.7297,-102.966,981.091,-522.179,-717.58
0.479371,-0.823132,-0.304396,82.9856,-136.797,-51.1278,642.743,-850.28,-341.414,82.9905,-136.794,-51.1325,674.753,-883.13,-356.088
-0.836712,-0.540991,-0.0850979,-132.849,-89.1691,-13.6713,-823.433,-676.861,-91.151,-132.85,-89.1677,-13.6659,-854.68,-710.444,-95.1486
-0.887743,0.151141,0.434822,-158.212,23.8529,77.2617,-1064.96,44.0191,515.976,-158.212,23.8529,77.2619,-1110.67,40.3311,538.218
-0.480631,0.806061,-0.345341,-84.407,135.924,-58.8374,-652.862,842.552,-392.797,-84.4336,135.908,-58.88,-685.476,874.833,-410.074
0.898897,-0.270674,0.344556,154.021,-43.3301,58.7227,1050.52,-180.38,391.954,154.02,-43.3334,58.7282,1096.2,-183.169,409.015
-0.09167,-0.992899,0.0758103,-11.9742,-159.551,12.1653,24.404,-1065.61,80.9091,-11.974,-159.551,12.1653,30.4357,-1110.98,84.7
-0.431007,0.539183,-0.723543,-102.97,122.463,-167.728,-775.972,700.083,-1100.16,-102.97,122.463,-167.728,-833.035,735.706,-1170.79
-0.926067,-0.315392,0.207189,-150.535,-54.2152,33.8904,-961.917,-459.149,226.089,-150.532,-54.2225,33.8872,-1000.75,-483.434,235.96
-0.120096,0.800111,-0.587707,-27.1002,157.688,-116.239,-305.997,1021.07,-777.58,-27.09,157.69,-116.232,-324.603,1062.94,-810.246
0.304729,0.952436,-0.00248668,46.1491,153.2,-0.397625,207.28,1045.58,-1.68933,46.1429,153.202,-0.397889,210.495,1091.28,-2.77025
-0.927948,-0.311158,0.205167,-150.786,-53.5112,33.542,-963.643,-455.534,223.601,-150.786,-53.5111,33.5419,-1003.04,-478.657,233.555
-0.0373749,0.436853,0.898756,-42.687,275.968,572.884,-43.565,279.846,581.037,-19.8484,158.764,328.06,-391.304,1040.24,2307.06
-0.0373749,0.436853,0.898756,-45.7632,289.404,601.144,-48.5482,301.225,626.04,-19.8484,158.764,328.06,-391.304,1040.24,2307.06
-0.0373749,0.436853,0.898756,-48.9302,302.822,629.407,-95.6982,467.319,980.164,-19.8484,158.764,328.06,-391.304,1040.24,2307.06
0.0457483,-0.645711,-0.76221,16.7331,-168.923,-199.897,17.8055,-177.269,-209.806,15.5213,-159.245,-188.417,280.713,-1075.37,-1316.1
0.0457483,-0.645711,-0.76221,17.9792,-178.597,-211.385,200.754,-887.81,-1073.04,15.5213,-159.245,-188.417,280.713,-1075.37,-1316.1
0.30481,-0.908598,0.285554,53.5919,-150.758,47.6788,456.798,-963.044,318.83,53.588,-150.759,47.6761,481.401,-1001.73,332.007
0.584534,-0.482311,-0.652454,125.68,-99.0184,-137.764,914.9,-546.878,-919.94,125.68,-99.0184,-137.764,957.559,-564.173,-960.827
0.615285,0.763198,0.197366,98.2321,126.295,32.2137,570.106,900.64,216.164,98.232,126.295,32.2138,587.529,943.408,224.305
-0.873031,0.392995,0.288742,-147.052,63.0534,48.2567,-1016.84,319.554,322.189,-147.049,63.0593,48.2565,-1062.24,326.897,336.051
-0.871651,-0.489693,0.0206251,-138.13,-80.7463,3.29929,-863.355,-625.075,22.515,-138.133,-80.7428,3.30088,-897.393,-655.664,22.9819
0.912525,0.408522,0.020197,144.893,67.8677,3.23302,916.962,543.399,21.1024,144.894,67.8658,3.23234,953.225,571.465,22.5047
0.806056,-0.030217,0.591068,159.979,-2.61301,117.241,1060.14,110.55,783.647,159.979,-2.6016,117.252,1104.64,122.429,817.374
-0.97621,0.140082,-0.165503,-158.748,19.9761,-26.8508,-1065.56,27.9419,-179.003,-158.748,19.976,-26.8522,-1111.14,24.162,-186.967
-0.174899,-0.819209,0.546174,-30.1865,-157.127,104.334,-77.7702,-1063.09,696.899,-30.2043,-157.123,104.33,-75.5238,-1108.83,727.102
0.123679,-0.751595,-0.647926,29.5202,-157.253,-136.107,328.202,-1014.15,-909.909,29.5185,-157.253,-136.112,349.328,-1055.07,-949.265
-0.94203,-0.29059,0.167739,-152.05,-49.8088,27.2238,-975.456,-429.736,181.944,-152.05,-49.8085,27.2253,-1014.79,-453.224,189.565
-0.702884,-0.00368282,0.711295,-159.93,-4.73421,161.919,-1050.88,-178.449,1083.65,-159.93,-4.73199,161.929,-1094.4,-193.622,1130.11
0.760865,0.309701,0.570237,146.905,63.3938,111.073,921.84,535.141,741.483,146.906,63.3935,111.073,957.957,563.496,774.203
0.59304,-0.76435,0.253125,100.301,-124.659,41.8654,747.504,-759.819,279.121,100.301,-124.659,41.8654,783.987,-787.766,291.529
-0.416495,-0.314269,0.853093,-168.364,-139.269,357.425,-173.732,-144.142,369.285,-124.492,-100.508,261.652,-711.408,-853.878,1833.26
-0.416495,-0.314269,0.853093,-175.587,-145.833,373.391,-441.429,-430.224,1010.98,-124.492,-100.508,261.652,-711.408,-853.878,1833.26
-0.847547,0.509235,0.149477,-138.56,80.0074,24.1923,-970.732,440.199,161.422,-138.554,80.0182,24.1893,-1014.55,453.758,168.424
0.817661,-0.228453,-0.528432,154.934,-39.9416,-99.6045,1055.97,-145.234,-666.593,154.935,-39.9411,-99.5963,1101.73,-146.307,-694.053
0.471535,-0.704757,0.530068,91.6449,-131.153,100.031,706.589,-798.064,666.74,91.6381,-131.158,100.025,741.376,-827.992,697.045
-0.822771,-0.116513,-0.556302,-157.924,-25.6887,-107.115,-1025.19,-291.863,-717.69,-157.924,-25.6903,-107.12,-1066.83,-311.585,-746.589
0.914245,-0.136257,-0.381562,158.662,-20.6513,-66.0538,1065.57,-26.0282,-441.408,158.661,-20.6528,-66.0506,1111.2,-21.1603,-460.051
0.358286,-0.873183,-0.330429,63.4103,-146.898,-56.0178,521.476,-929.627,-373.496,63.4102,-146.898,-56.018,547.989,-966.912,-390.129
0.592834,0.702396,0.393938,100.915,124.161,68.5594,582.934,892.37,455.398,100.905,124.17,68.5793,601.025,934.868,477.678
-0.238545,0.774801,-0.585473,-50.3162,151.882,-115.577,-453.32,964.695,-772.701,-50.2961,151.889,-115.559,-479.187,1002.79,-805.544
-0.926447,-0.0859278,-0.366485,-159.017,-17.7047,-63.031,-1040.34,-232.094,-420.305,-159.018,-17.7032,-63.0261,-1084.48,-243.133,-438.969
0.0733983,0.956893,0.281013,9.39117,159.724,46.8588,-45.5672,1064.95,312.32,9.39128,159.724,46.8525,-52.8593,1110.14,326.269
0.167562,0.883492,-0.437453,26.7787,157.743,-77.8523,64.0214,1064.02,-518.885,26.8182,157.736,-77.8397,60.9909,1109.73,-542.247
-0.582541,-0.686789,0.434704,-101.156,-123.966,77.2434,-581.768,-893.096,516.162,-101.16,-123.962,77.2361,-600.797,-935.015,538.038
0.97679,-0.204576,0.0634829,157.142,-30.1088,10.1874,1061.43,-97.9896,68.1066,157.141,-30.1092,10.1783,1107.19,-96.6845,70.8656
0.615644,-0.780381,0.109492,101.244,-123.894,17.617,750.718,-756.644,118.155,101.246,-123.892,17.6255,787.739,-784.014,122.718
0.950855,-0.214264,-0.223532,156.681,-32.4196,-36.702,1060.14,-110.778,-244.782,156.68,-32.4273,-36.6954,1105.91,-110.315,-255.518
-0.83835,-0.174941,0.5163,-155.941,-35.809,96.4559,-1004.94,-355.343,643.98,-155.942,-35.8058,96.465,-1045.94,-375.788,672.194
0.415802,-0.872418,-0.256895,71.4073,-143.182,-42.5191,569.053,-901.347,-283.701,71.3843,-143.193,-42.5327,597.897,-936.872,-296.177
-0.616066,0.00258639,-0.78769,-179.436,-4.7776,-229.532,-188.968,-5.34265,-241.742,-159.956,-3.77124,-204.597,-1091.42,-209.784,-1429.96
-0.616066,0.00258639,-0.78769,-189.174,-5.35525,-242.007,-813.275,-113.051,-1053.62,-159.956,-3.77124,-204.597,-1091.42,-209.784,-1429.96
0.15399,-0.967241,-0.20182,27.92,-157.545,-32.9777,288.585,-1026.09,-219.768,27.9119,-157.547,-32.9713,306.61,-1068.27,-229.581
-0.585528,0.416122,-0.6957,-132.599,89.5403,-154.977,-955.931,471.64,-1036.62,-132.59,89.5541,-154.974,-999.947,485.094,-1081.35
-0.835607,-0.276768,0.474511,-150.878,-53.2528,86.2587,-959.76,-463.67,576.587,-150.879,-53.2493,86.2557,-998.205,-488.668,600.951
-0.835229,0.434817,-0.33664,-143.239,71.2928,-57.2048,-998.368,373.397,-382.138,-143.239,71.2925,-57.2042,-1042.69,384.706,-398.395
0.172324,0.949754,0.261287,25.7516,157.914,43.299,64.9743,1063.94,289.878,25.7696,157.911,43.3128,62.2857,1109.65,301.611
0.99345,0.0416903,-0.106393,159.721,9.43982,-17.1125,1052.71,167.076,-113.684,159.72,9.45778,-17.1209,1096.9,178.966,-119.205
0.407333,0.873802,-0.265613,65.0162,146.195,-44.0815,333.08,1012.57,-293.688,65.0177,146.194,-44.0838,341.84,1057.52,-306.982
-0.267615,-0.609621,0.746153,-63.9904,-157.227,190.235,-246.559,-932.257,1084.86,-60.5281,-148.109,179.336,-257.936,-1081.05,1252.29
-0.566788,0.34503,-0.748135,-147.361,84.2604,-191.409,-882.296,365.693,-1080.9,-138.768,79.6456,-180.417,-1037.48,398.559,-1259.88
-0.0550446,0.912777,-0.404733,-12.6173,159.502,-70.8203,-196.053,1047.69,-472.814,-12.6173,159.502,-70.8208,-210.493,1091.28,-493.306
-0.095653,0.45886,0.883345,-65.4823,243.085,474.992,-68.1849,251.171,491.072,-38.3461,155.337,301.599,-495.218,994.972,2117.63
-0.095653,0.45886,0.883345,-69.8643,256.143,500.97,-167.937,497.177,992.05,-38.3461,155.337,301.599,-495.218,994.972,2117.63
-0.995095,-0.034807,0.0926005,-159.783,-8.33651,14.8681,-1053.81,-160.107,99.1168,-159.783,-8.3395,14.8808,-1098.15,-171.126,103.607
0.408205,-0.162703,0.898274,265.855,-85.4496,571.421,270.412,-86.5726,581.02,150.822,-53.4098,327.147,1105.22,-116.999,2300.51
0.408205,-0.162703,0.898274,279.246,-88.7183,599.616,291.807,-91.6993,626.021,150.822,-53.4098,327.147,1105.22,-116.999,2300.51
0.408205,-0.162703,0.898274,292.66,-91.899,627.815,461.877,-123.958,980.22,150.822,-53.4098,327.147,1105.22,-116.999,2300.51
-0.600182,0.157812,-0.784141,-174.924,40.271,-226.828,-828.14,94.9368,-1057.41,-155.803,36.4066,-202.194,-1109.09,71.5867,-1413.04
-0.475352,-0.292756,-0.829659,-165.355,-110.72,-295.816,-170.622,-114.555,-305.498,-133.601,-88.0389,-237.817,-800.592,-770.884,-1664.41
-0.475352,-0.292756,-0.829659,-173.239,-116.468,-310.314,-534.023,-435.598,-1026.58,-133.601,-88.0389,-237.817,-800.592,-770.884,-1664.41
0.770683,-0.63343,-0.0693829,125.316,-99.4785,-11.1078,895.794,-577.739,-73.7454,125.331,-99.4591,-11.1286,936.551,-598.4,-77.4824
-0.820569,0.359411,-0.444399,-147.758,61.3799,-79.3802,-1022.82,300.06,-531.023,-147.757,61.3824,-79.377,-1068.18,306.924,-552.969
-0.129345,-0.568596,0.812385,-35.5605,-185.879,263.821,-36.6292,-192.82,273.61,-30.8983,-156.988,222.938,-20.5181,-1111.21,1559.28
-0.129345,-0.568596,0.812385,-37.0403,-195.522,277.42,-64.5181,-739.808,1038.46,-30.8983,-156.988,222.938,-20.5181,-1111.21,1559.28
-0.784288,-0.50134,0.365446,-133.204,-88.6377,62.82,-821.384,-679.358,419.109,-133.204,-88.6379,62.8198,-852.352,-713.236,437.531
0.589861,0.447194,-0.67237,125.23,99.5867,-145.329,739.318,767.854,-972.057,125.233,99.5832,-145.348,766.378,804.906,-1013.92
0.235836,0.968715,-0.0772815,35.1751,156.086,-12.4045,132.473,1057.67,-82.6099,35.174,156.086,-12.4027,132.32,1103.5,-86.3536
-0.509908,0.448778,-0.733889,-122.73,102.651,-172.884,-126.403,105.564,-177.948,-122.731,102.65,-172.884,-949.879,577.009,-1206.98
-0.509908,0.448778,-0.733889,-130.377,108.705,-183.421,-853.354,536.726,-1092.48,-122.731,102.65,-172.884,-949.879,577.009,-1206.98
0.860137,-0.110968,0.497845,159.058,-17.3384,91.8525,1065.93,2.97337,614.161,159.058,-17.3383,91.8523,1111.35,10.1591,640.001
0.68334,0.240089,-0.689495,149.662,56.5788,-152.324,937.556,507.05,-1018.99,149.659,56.5876,-152.328,973.915,535.443,-1062.81
-0.248333,0.726252,0.641006,-55.1321,150.201,133.651,-490.789,946.211,893.032,-55.1287,150.203,133.635,-518.06,983.272,931.931
0.686675,-0.526796,-0.500963,128.845,-94.8623,-92.6103,926.024,-527.941,-617.136,128.846,-94.8611,-92.6194,966.329,-549.016,-645.354
0.686675,-0.526796,-0.500963,922.429,-534.204,-622.843,42.4296,-1047.14,-940.362,128.846,-94.8611,-92.6194,966.329,-549.016,-645.354
-0.214778,0.971471,-0.10057,-37.2206,155.611,-16.174,-347.944,1007.5,-108.318,-37.2207,155.61,-16.174,-367.81,1048.77,-112.612
-0.372038,-0.638984,-0.673266,-77.2867,-140.096,-145.71,-386.984,-993.173,-974.264,-77.2853,-140.096,-145.702,-397.593,-1037.85,-1016.4
0.853291,0.308352,-0.420491,149.424,57.2053,-74.1572,949.196,484.991,-494.454,149.424,57.2048,-74.1572,986.774,511.358,-516.568
-0.813284,-0.233295,0.533049,-152.875,-47.216,100.802,-976.377,-427.662,673.897,-152.874,-47.2182,100.81,-1014.69,-453.452,702.526
-0.634302,-0.192683,-0.748688,-161.004,-53.7854,-191.726,-859.464,-414.079,-1080.93,-151.841,-50.4401,-180.72,-988.292,-508.417,-1262.01
-0.753101,0.608928,0.249087,-126.175,98.3861,41.1532,-901.873,568.101,275.547,-126.175,98.386,41.1531,-943.444,587.472,286.567
-0.870416,-0.105611,-0.480856,-158.429,-22.3677,-87.7572,-1032.5,-264.822,-585.482,-158.429,-22.3674,-87.753,-1074.99,-282.157,-611.397
-0.517506,-0.401763,0.755496,-131.151,-107.771,195.774,-639.424,-675.84,1076.97,-123.779,-101.384,184.526,-739.722,-829.471,1288.75
0.171201,0.976982,-0.127268,24.8938,158.052,-20.53,60.8644,1064.19,-137.076,24.8945,158.051,-20.5309,59.303,1109.82,-142.949
-0.161522,-0.587906,-0.792639,-42.0891,-174.496,-233.401,-43.3864,-180.766,-241.723,-38.0425,-155.412,-208.038,-79.9239,-1108.52,-1454.2
-0.161522,-0.587906,-0.792639,-44.0581,-184.05,-246.087,-101.116,-797.336,-1049.86,-38.0425,-155.412,-208.038,-79.9239,-1108.52,-1454.2
-0.828841,-0.522967,-0.198815,-133.805,-87.7282,-32.4602,-827.977,-671.282,-216.901,-133.805,-87.7281,-32.46,-861.096,-702.654,-226.02
0.746214,-0.665621,0.0106522,121.206,-104.447,1.70459,871.028,-614.344,11.4321,121.206,-104.447,1.70453,911.427,-636.012,11.8676
0.584097,-0.493323,-0.644564,124.516,-100.478,-134.904,907.981,-558.359,-901.371,124.515,-100.479,-134.901,950.219,-576.449,-940.794
-0.534642,0.511569,0.672648,-118.13,107.913,145.458,-874.096,610.014,973.782,-118.13,107.913,145.458,-915.98,629.437,1014.69
0.377915,0.92292,0.0734757,58.0896,149.083,11.7997,288.623,1026.12,78.3359,58.0815,149.086,11.7885,295.607,1071.37,82.0772
0.204974,0.923362,-0.324634,31.8487,156.798,-54.9237,104.53,1060.78,-365.266,31.8431,156.799,-54.9188,102.637,1106.65,-382.469
0.0575919,0.912914,0.404069,7.086,159.843,70.6839,-66.5241,1063.81,470.63,7.08569,159.843,70.682,-74.7064,1108.89,492.338
-0.406896,-0.609501,-0.6804,-85.7149,-135.104,-148.559,-447.823,-967.247,-993.7,-85.7065,-135.109,-148.564,-459.04,-1012.17,-1036.45
-0.937044,-0.118345,0.328546,-158.349,-22.9269,55.6504,-1033.77,-259.769,371.655,-158.35,-22.9198,55.6601,-1076.36,-276.876,387.635
0.215091,-0.427767,0.877924,118.084,-206.64,436.656,120.888,-210.982,446.139,76.938,-140.287,293.438,730.077,-837.972,2059.38
0.215091,-0.427767,0.877924,125.577,-218.194,461.922,300.033,-450.768,995.785,76.938,-140.287,293.438,730.077,-837.972,2059.38
-0.0767382,-0.98149,-0.175464,-9.69271,-159.706,-28.5242,40.7051,-1065.12,-190.694,-9.69801,-159.706,-28.5181,47.7388,-1110.37,-198.568
-0.527965,-0.743501,-0.410437,-90.1981,-132.153,-71.9864,-504.172,-939.136,-480.663,-90.1732,-132.17,-72.0195,-519.91,-982.295,-501.663
-0.654911,-0.657098,0.373248,-110.845,-115.383,64.3596,-654.958,-840.894,429.408,-110.84,-115.389,64.3753,-677.281,-881.193,448.373
-0.309385,-0.531988,-0.788207,-85.3551,-157.907,-229.957,-89.4481,-166.113,-241.701,-76.561,-140.493,-204.951,-362.715,-1050.55,-1432.46
-0.309385,-0.531988,-0.788207,-89.7082,-166.637,-242.45,-306.949,-760.11,-1053.66,-76.561,-140.493,-204.951,-362.715,-1050.55,-1432.46
0.739315,-0.513449,-0.435641,133.126,-88.7553,-77.4439,944.892,-493.375,-517.937,133.127,-88.7536,-77.4417,988.552,-507.913,-539.472
-0.404128,0.892033,0.202381,-68.5694,144.562,33.0749,-549.673,913.234,221.167,-68.5625,144.565,33.0669,-578.086,949.224,230.246
-0.535047,0.608165,0.586395,-108.204,117.864,115.853,-809.994,692.837,774.429,-108.198,117.869,115.836,-848.58,717.719,807.481
-0.0645677,-0.610834,0.789122,-13.3016,-179.006,230.604,-13.6611,-187.642,241.706,-12.3811,-159.52,205.581,99.1909,-1106.96,1436.9
-0.0645677,-0.610834,0.789122,-13.7055,-188.753,243.134,30.3888,-816.793,1053.65,-12.3811,-159.52,205.581,99.1909,-1106.96,1436.9
-0.54509,0.472432,-0.692593,-123.353,101.903,-153.658,-905.66,562.158,-1028.13,-123.359,101.895,-153.64,-948.293,579.612,-1072.01
0.742044,0.143951,-0.654712,156.342,34.0185,-138.595,1003.55,359.34,-925.676,156.342,34.0177,-138.598,1044.22,380.543,-966.662
-0.530778,0.695422,0.484421,-99.5437,125.264,88.6007,-751.671,755.694,591.645,-99.5432,125.264,88.6021,-788.056,783.695,617.322
0.924417,0.365065,0.110361,147.782,61.3233,17.7607,940.1,502.294,117.565,147.782,61.3221,17.7672,977.491,528.886,123.705
0.924417,0.365065,0.110361,24.1235,-158.171,167.099,-356.056,-985.661,585.461,147.782,61.3221,17.7672,977.491,528.886,123.705
-0.0681488,0.81905,0.569661,-16.5848,159.138,110.91,-234.557,1039.79,740.138,-16.5828,159.138,110.907,-251.318,1082.61,773.042
0.983648,0.126509,0.128189,158.317,23.1452,20.6766,1034.45,257.126,139.231,158.317,23.144,20.6818,1077.39,272.824,144
-0.294093,-0.643719,0.706495,-62.9531,-147.095,159.756,-280.973,-1028.25,1069.43,-62.9511,-147.096,159.739,-285.557,-1074.09,1114.76
-0.791628,0.401834,0.460276,-144.044,69.6513,82.9667,-1004.38,356.776,555.146,-144.041,69.6583,82.9587,-1049.45,365.88,577.95
-0.942067,-0.335395,-0.00440503,-149.792,-56.234,-0.712688,-957.111,-469.077,-4.89321,-149.792,-56.2344,-0.704846,-995.311,-494.536,-4.90739
-0.0079003,0.537254,0.843383,-11.7273,208.42,327.704,-12.3395,214.57,337.402,-7.44474,159.827,251.184,-261.695,1080.15,1759.03
-0.0079003,0.537254,0.843383,-12.701,218.131,343.018,-92.1587,638.152,1014.79,-7.44474,159.827,251.184,-261.695,1080.15,1759.03
-0.0079003,0.537254,0.843383,-92.6551,639.927,1017.68,-92.8454,640.598,1018.78,-7.44474,159.827,251.184,-261.695,1080.15,1759.03
-0.0983017,-0.919645,0.380249,-14.0588,-159.381,65.7839,18.4898,-1065.74,438.681,-14.0602,-159.381,65.7849,24.8336,-1111.12,458.199
0.708672,0.264452,-0.654101,148.593,59.3301,-138.381,931.543,518.124,-926.467,148.599,59.3145,-138.372,967.294,547.314,-965.079
0.00149461,-0.941846,0.336043,3.13694,-159.969,57.1393,130.437,-1057.85,381.373,3.15989,-159.969,57.0898,141.967,-1102.3,397.598
-0.981634,-0.0733146,-0.176127,-159.325,-14.6769,-28.6219,-1046.61,-201.847,-190.981,-159.324,-14.6876,-28.6292,-1090.22,-215.959,-199.342
0.0211747,-0.988265,0.151277,6.19171,-159.88,24.4873,144.516,-1056.01,163.192,6.19515,-159.88,24.4874,157.205,-1100.23,170.499
-0.427523,-0.495428,-0.756158,-107.282,-131.55,-196.189,-492.68,-787.073,-1076.96,-101.328,-123.825,-184.904,-561.237,-959.283,-1291.41
0.676071,-0.732833,-0.0767026,110.494,-115.72,-12.3123,807.897,-695.349,-81.9074,110.493,-115.721,-12.3093,845.588,-721.243,-85.7029
0.745013,0.482831,-0.460249,132.576,89.575,-82.9389,813.683,688.509,-552.248,132.567,89.5883,-82.9526,843.368,723.837,-577.908
0.695191,0.565318,0.443989,122.189,103.295,79.2836,735.172,771.81,531.092,122.187,103.297,79.2857,761.681,809.353,552.332
-0.852283,-0.521671,0.0383809,-135.015,-85.8535,6.14587,-839.553,-656.727,40.0802,-135.016,-85.8528,6.14577,-872.205,-688.817,42.7892
0.147014,0.987602,-0.0550373,20.8405,158.637,-8.81675,34.9989,1065.28,-57.9584,20.8432,158.637,-8.81976,31.6542,1110.95,-61.4068
0.213819,-0.888252,0.406559,40.3518,-154.828,71.1978,376.667,-997.1,473.918,40.3514,-154.828,71.2035,398.43,-1037.53,495.974
-0.568176,0.785834,-0.244215,-96.0207,127.984,-40.3093,-721.914,784.215,-271.045,-96.0194,127.985,-40.2965,-756.642,814.065,-280.6
-0.713551,-0.380503,-0.588271,-139.559,-78.2509,-116.397,-859.883,-629.931,-778.209,-139.557,-78.255,-116.402,-893.192,-661.376,-811.438
-0.435718,0.553589,-0.709711,-101.99,123.28,-161.175,-786.369,719.625,-1078.45,-101.981,123.288,-161.201,-824.839,744.883,-1125.01
0.943034,-0.0883195,-0.320761,159.547,-12.0351,-54.1841,1065.47,29.1545,-361.364,159.546,-12.0399,-54.1877,1110.82,36.0078,-377.376
-0.553724,0.252852,-0.793382,-165.551,69.3759,-233.991,-171.069,71.4795,-241.687,-147.354,62.3445,-208.564,-1081.65,255.424,-1457.91
-0.553724,0.252852,-0.793382,-174.669,72.845,-246.705,-769.764,226.899,-1049.83,-147.354,62.3445,-208.564,-1081.65,255.424,-1457.91
0.0917068,-0.786222,0.611101,21.9669,-158.485,123.534,273.51,-1030.19,823.871,21.9673,-158.485,123.534,293.021,-1072.08,861.288
-0.424131,-0.797705,0.428696,-72.4316,-142.666,75.937,-377.927,-996.687,506.333,-72.4248,-142.67,75.9262,-388.155,-1041.42,528.903
0.325731,0.610383,0.722033,71.8156,142.977,166.995,337.891,997.226,1103.97,71.8156,142.977,166.995,347.075,1055.82,1165.65
0.27081,0.810224,-0.519808,47.6605,152.737,-97.3756,199.789,1047.06,-651.177,47.6716,152.733,-97.362,202.275,1092.84,-678.456
0.939505,0.333852,-0.0766349,149.823,56.1527,-12.3001,956.936,469.556,-81.6071,149.823,56.1526,-12.2983,995.432,494.292,-85.6267
-0.577115,-0.770722,0.27005,-93.6108,-129.758,44.8776,-534.041,-922.445,299.451,-93.6108,-129.758,44.8776,-551.272,-965.044,312.511
-0.869659,0.0879651,0.485753,-159.472,12.9887,88.9107,-1065.47,-31.6476,594.096,-159.472,12.9832,88.9209,-1110.7,-39.5106,619.546
-0.330388,0.864171,-0.379541,-59.8353,148.39,-65.6435,-500.183,941.254,-439.5,-59.891,148.368,-65.6417,-526.936,978.544,-457.2
-0.704857,-0.253388,-0.662549,-149.292,-57.5496,-141.557,-936.848,-508.419,-947.112,-149.291,-57.5515,-141.541,-972.982,-537.137,-987.266
-0.302505,-0.818524,0.488374,-52.5036,-151.14,89.5448,-235.078,-1039.65,600.265,-52.5124,-151.137,89.5504,-239.731,-1085.24,623.938
-0.115068,0.992921,0.0294561,-21.1361,158.598,4.71518,-241.59,1038.14,31.8223,-21.1362,158.598,4.71526,-258.277,1080.97,32.8294
0.000785247,-0.999363,-0.0356802,2.86494,-159.974,-5.71392,122.403,-1058.82,-37.6458,2.86449,-159.974,-5.71275,133.015,-1103.41,-39.7744
0.573703,0.575956,0.582357,110.503,115.711,114.633,639.017,853.166,766.731,110.505,115.71,114.627,660.817,893.606,799.031
0.564789,0.760995,0.319219,93.0204,130.181,53.8977,528.737,925.491,360.004,93.0204,130.181,53.8977,545.231,968.47,375.354
-0.689413,0.519193,0.505122,-129.69,93.7049,93.6538,-928.816,522.985,626.22,-129.693,93.7006,93.6505,-971.399,539.995,652.55
0.00101213,0.696831,-0.717235,-3.6914,159.957,-164.692,-173.185,1051.78,-1103.1,-3.69551,159.957,-164.701,-187.929,1095.4,-1149.56
0.00101213,0.696831,-0.717235,-173.186,1051.79,-1103.1,-173.186,1051.79,-1103.1,-3.69551,159.957,-164.701,-187.929,1095.4,-1149.56
0.571917,0.206595,-0.79387,166.816,66.2769,-234.373,171.946,68.5105,-241.676,148.894,58.5711,-208.911,951.354,574.573,-1460.35
0.571917,0.206595,-0.79387,175.757,70.178,-247.107,708.577,375.721,-1049.81,148.894,58.5711,-208.911,951.354,574.573,-1460.35
0.510378,-0.715985,0.47632,95.392,-128.454,86.6788,726.385,-780.027,579.931,95.3899,-128.455,86.6807,761.503,-809.521,603.916
-0.177701,-0.534862,0.826042,-55.5668,-191.085,291.688,-57.8357,-200.214,305.474,-45.8146,-153.3,234.537,-120.171,-1104.88,1641.21
-0.177701,-0.534862,0.826042,-57.9196,-200.554,305.987,-130.456,-686.127,1026.59,-45.8146,-153.3,234.537,-120.171,-1104.88,1641.21
0.453288,-0.672875,0.584611,92.1663,-130.787,115.288,713.742,-791.67,771.044,92.1714,-130.784,115.3,749.254,-820.871,803.736
-0.378994,-0.752711,0.538321,-69.0322,-144.342,102.204,-346.286,-1008.05,683.34,-69.0391,-144.339,102.211,-354.856,-1053.23,712.308
-0.0131136,-0.998651,0.0502469,0.635424,-159.999,8.04739,108.139,-1060.45,53.9408,0.639744,-159.999,8.05006,117.73,-1105.15,56.0477
0.55431,-0.320495,0.76813,149.305,-80.7657,203.672,153.879,-83.0692,209.818,140.604,-76.3577,191.967,1048.68,-368.084,1341.07
0.55431,-0.320495,0.76813,158.02,-85.1459,215.376,826.183,-325.434,1069.1,140.604,-76.3577,191.967,1048.68,-368.084,1341.07
0.133489,0.483922,-0.86487,49.9345,222.721,-393.283,50.7105,227.224,-401.153,37.2658,155.6,-275.711,33.5352,1110.89,-1933.14
0.133489,0.483922,-0.86487,51.5819,232.343,-410.096,83.8405,575.034,-1003.43,37.2658,155.6,-275.711,33.5352,1110.89,-1933.14
0.0845132,-0.732489,-0.675513,22.0197,-158.478,-146.598,284.803,-1027.17,-980.583,22.0215,-158.477,-146.595,303.647,-1069.12,-1022.66
-0.0251092,-0.83163,-0.554762,-1.52994,-159.993,-106.753,114.178,-1059.76,-712.864,-1.53945,-159.993,-106.691,125.459,-1104.3,-743.595
-0.178131,-0.687573,-0.703927,-36.3848,-155.808,-158.586,-98.2815,-1061.38,-1060.52,-36.3848,-155.808,-158.586,-94.8113,-1107.35,-1106.67
0.877113,0.479486,0.027679,139.062,79.1313,4.42701,870.971,614.491,30.2006,139.058,79.1384,4.43055,904.912,645.248,30.8471
0.559523,0.657159,0.505051,101.291,123.855,93.6219,577.891,895.637,624.664,101.29,123.856,93.6328,597.132,937.36,652.427
0.104184,-0.892297,0.439263,21.5806,-158.538,78.2346,255.933,-1034.73,522.487,21.5783,-158.538,78.2387,273.772,-1077.15,545.03
0.482496,0.871437,0.0882918,75.088,141.286,14.1795,406.511,985.354,93.9468,75.0866,141.287,14.1828,418.515,1029.59,98.7474
-0.0436286,0.868317,-0.494087,-11.1785,159.609,-90.9165,-193.39,1048.25,-606.542,-11.1717,159.61,-90.9339,-206.957,1091.96,-633.592
-0.929994,0.292472,-0.222646,-153.452,45.3049,-36.5461,-1047.26,198.539,-243.921,-153.449,45.3147,-36.5425,-1092.94,201.712,-254.453
0.851826,-0.131806,0.506972,158.573,-21.3227,94.1267,1065.69,-22.2346,629.026,158.573,-21.3233,94.1117,1111.27,-16.9148,655.769
-0.707164,-0.587651,-0.393172,-121.123,-104.542,-68.4231,-728.239,-778.292,-459.559,-121.133,-104.531,-68.4215,-755.817,-814.832,-476.578
0.721563,-0.361163,0.590684,144.567,-68.5588,117.138,1010.74,-338.413,781.487,144.564,-68.5654,117.135,1056.28,-345.673,816.558
-0.679715,0.685499,0.26092,-114.653,111.601,43.2523,-834.619,663.034,288.68,-114.652,111.601,43.2475,-873.734,686.876,301.156
-0.942536,-0.175764,-0.284135,-156.74,-32.1329,-47.4183,-1017.25,-318.351,-316.386,-156.74,-32.1329,-47.4183,-1058.89,-337.577,-330.211
0.183631,0.476668,0.85969,69.1742,207.261,367.92,69.397,208.047,369.296,52.4855,151.147,269.327,147.321,1101.59,1887.75
0.183631,0.476668,0.85969,71.8185,216.657,384.354,143.295,579.184,1007.17,52.4855,151.147,269.327,147.321,1101.59,1887.75
-0.108952,0.991749,-0.0675528,-20.1983,158.72,-10.8362,-236.461,1039.38,-73.115,-20.1966,158.72,-10.8337,-252.077,1082.44,-75.4291
0.121066,0.551871,-0.825095,35.2773,195.848,-290.708,57.7911,698.479,-1026.63,29.5368,157.25,-233.694,4.5079,1111.39,-1635.26
0.121066,0.551871,-0.825095,57.7215,699.824,-1028.6,57.6526,701.181,-1030.58,29.5368,157.25,-233.694,4.5079,1111.39,-1635.26
0.422967,0.341663,-0.839265,156.862,137.734,-322.312,454.158,476.402,-1018.78,121.241,104.406,-247.009,691.046,870.44,-1729.46
-0.688857,-0.220368,-0.69059,-151.195,-52.3447,-152.786,-951.453,-480.583,-1021.55,-151.196,-52.3417,-152.79,-988.533,-507.95,-1066.05
0.577846,0.496878,-0.647462,118.98,106.976,-135.953,695.764,807.495,-905.749,118.945,107.015,-135.944,719.408,847.149,-948.089
-0.869226,-0.328437,0.36956,-148.606,-59.297,63.6283,-942.989,-496.913,424.148,-148.605,-59.2994,63.6382,-980.888,-522.56,443.235
-0.543866,-0.836295,0.0694367,-84.9163,-135.607,11.1373,-475.044,-954.235,73.3051,-84.9162,-135.607,11.1373,-490.622,-997.246,77.5428
-0.421237,0.254119,-0.870622,-209.874,112.236,-421.599,-514.055,229.662,-999.578,-139.792,77.8346,-283.213,-1062.13,327.239,-1986.52
-0.474784,0.86202,0.177485,-79.6154,138.785,28.8572,-618.546,868.057,192.923,-79.6155,138.785,28.8572,-649.809,901.642,200.929
-0.581595,0.720909,-0.376878,-102.742,122.654,-65.108,-765.717,741.552,-433.241,-102.746,122.651,-65.1046,-803.043,768.331,-453.457
0.315078,0.347406,0.883196,158.134,195.887,474.315,163.311,203.144,491.094,103.094,122.359,301.367,513.702,985.556,2115.97
0.315078,0.347406,0.883196,166.121,207.109,500.241,303.88,428.814,992.035,103.094,122.359,301.367,513.702,985.556,2115.97
0.428968,0.338767,0.837391,151.274,129.295,304.898,151.555,129.554,305.484,122.401,103.044,245.158,701.613,861.945,1716.35
0.428968,0.338767,0.837391,158.428,135.931,319.84,462.931,474.933,1018.78,122.401,103.044,245.158,701.613,861.945,1716.35
-0.739157,-0.664777,-0.108253,-117.11,-109.02,-17.4254,-705.249,-799.199,-115.664,-117.105,-109.024,-17.4238,-731.597,-836.645,-121.314
0.39546,0.0866218,-0.91439,306.114,94.9432,-725.317,307.913,95.6742,-729.707,154.708,40.8086,-361.495,968.042,545.989,-2547.8
0.39546,0.0866218,-0.91439,322.778,101.797,-766.057,331.915,105.634,-788.463,154.708,40.8086,-361.495,968.042,545.989,-2547.8
0.39546,0.0866218,-0.91439,339.383,108.812,-806.812,355.748,115.912,-847.142,154.708,40.8086,-361.495,968.042,545.989,-2547.8
0.39546,0.0866218,-0.91439,355.927,115.991,-847.584,404.544,138.19,-968.42,154.708,40.8086,-361.495,968.042,545.989,-2547.8
0.39546,0.0866218,-0.91439,405.185,138.493,-970.023,406.099,138.927,-972.309,154.708,40.8086,-361.495,968.042,545.989,-2547.8
0.644676,0.387937,0.658709,135.169,85.6118,140.075,819.379,681.767,936.701,135.182,85.5918,140.089,849.828,716.241,977.1
0.761162,0.0540576,-0.646304,159.304,14.9072,-135.553,1039.86,234.075,-905.608,159.304,14.9096,-135.526,1082.82,250.404,-945.167
0.952209,-0.301872,0.0466011,153.325,-45.7323,7.46462,1045.97,-204.974,49.6362,153.325,-45.7331,7.46466,1091.87,-207.455,51.9719
0.203436,-0.624795,-0.75382,57.0097,-159.89,-194.743,421.661,-835.284,-1077.02,53.481,-150.797,-183.577,529.532,-977.141,-1282.08
0.663516,0.745397,0.0642664,104.325,121.311,10.3116,613.221,871.897,68.0396,104.318,121.317,10.3044,634.854,912.234,71.7438
0.700852,0.50729,-0.501461,127.726,96.3641,-92.746,773.313,733.618,-619.302,127.73,96.3587,-92.7425,802.274,769.133,-646.213
0.274402,-0.559753,0.781908,83.9427,-158.663,225.161,474.689,-693.306,1057.4,74.3438,-141.679,200.709,670.46,-886.393,1402.59
-0.685612,-0.652075,-0.323626,-113.921,-112.348,-54.7257,-677.953,-822.565,-365.182,-113.925,-112.344,-54.7281,-702.763,-861.008,-381.141
0.975385,-0.148223,-0.163264,158.577,-21.2894,-26.4787,1065.28,-37.5015,-177.109,158.577,-21.2918,-26.4788,1110.9,-33.4196,-184.366
0.36421,-0.279893,-0.888263,208.295,-141.391,-487.088,210.071,-142.448,-491.085,130.408,-92.7025,-309.479,1026.43,-426.203,-2173.95
0.36421,-0.279893,-0.888263,220.152,-148.403,-513.728,230.139,-154.229,-536.097,130.408,-92.7025,-309.479,1026.43,-426.203,-2173.95
0.36421,-0.279893,-0.888263,232.056,-155.34,-540.382,438.242,-260.217,-988.078,130.408,-92.7025,-309.479,1026.43,-426.203,-2173.95
0.745525,-0.59764,0.294989,126.611,-97.8244,49.3989,905.629,-562.163,330.265,126.611,-97.8247,49.399,946.882,-581.914,344.01
0.416568,0.197277,-0.887442,220.814,120.91,-484.974,223.509,122.599,-491.098,141.963,73.8009,-308.13,847.869,718.56,-2164.3
0.416568,0.197277,-0.887442,232.466,128.257,-511.496,243.223,135.132,-536.079,141.963,73.8009,-308.13,847.869,718.56,-2164.3
0.416568,0.197277,-0.887442,244.073,135.679,-538.025,433.273,272.605,-988.035,141.963,73.8009,-308.13,847.869,718.56,-2164.3
0.892361,0.162428,0.421081,156.845,31.6165,74.2836,1016.4,321.098,495.816,156.845,31.6163,74.2836,1057.94,340.56,517.45
0.347249,0.337809,0.874816,161.606,174.721,429.995,167.291,181.584,446.093,110.674,115.548,288.983,582.213,946.698,2027.62
0.347249,0.337809,0.874816,170.378,185.336,454.87,344.681,428.632,995.805,110.674,115.548,288.983,582.213,946.698,2027.62
-0.107804,-0.944121,0.311471,-15.2899,-159.268,52.4417,6.83411,-1065.9,351.227,-15.287,-159.268,52.4469,12.9832,-1111.32,365.246
-0.46915,-0.803401,-0.366667,-78.1275,-139.628,-63.0624,-421.814,-978.918,-421.08,-78.1293,-139.627,-63.0621,-433.278,-1023.46,-439.22
-0.612689,0.17283,-0.771195,-164.623,41.4043,-205.649,-167.981,42.1457,-209.813,-155.102,39.2846,-193.852,-1107.18,96.7706,-1354.33
-0.612689,0.17283,-0.771195,-174.15,43.4974,-217.461,-869.342,111.22,-1065.15,-155.102,39.2846,-193.852,-1107.18,96.7706,-1354.33
0.00539073,-0.610364,0.792103,7.21236,-179.355,232.986,7.69991,-186.052,241.699,5.89643,-159.891,207.66,225.979,-1088.18,1451.54
0.00539073,-0.610364,0.792103,7.92585,-189.084,245.646,120.773,-796.815,1049.82,5.89643,-159.891,207.66,225.979,-1088.18,1451.54
-0.968993,0.161937,0.186623,-158.247,23.6223,30.393,-1064.57,52.7134,202.857,-158.247,23.6214,30.3952,-1110.31,49.264,211.64
0.368967,0.919246,-0.137295,57.0259,149.493,-22.1783,280.189,1028.42,-148.613,57.0259,149.493,-22.1783,287.27,1073.63,-154.42
0.871501,-0.335653,0.357525,150.341,-54.7505,61.2622,1034.24,-257.829,408.765,150.337,-54.7608,61.256,1079.53,-264.239,426.632
0.887881,-0.0241415,-0.45944,159.995,-1.26521,-82.7623,1060.47,107.37,-552.004,159.995,-1.2676,-82.7676,1105.04,118.694,-576.617
0.762421,0.587097,0.272088,125.013,99.8581,45.2383,761.726,745.557,301.871,125.015,99.8566,45.2434,790.104,781.63,315.059
-0.56311,0.28174,0.776872,-153.926,71.5674,209.464,-154.215,71.6919,209.852,-144.982,67.678,197.432,-1069.92,300.789,1379.51
-0.56311,0.28174,0.776872,-162.89,75.4118,221.499,-814.112,268.039,1061.25,-144.982,67.678,197.432,-1069.92,300.789,1379.51
-0.905955,-0.139275,0.399809,-157.661,-27.2587,69.7941,-1025.15,-291.957,466.441,-157.661,-27.2588,69.7941,-1067.33,-309.856,486.148
-0.5701,0.77957,-0.259337,-96.7249,127.453,-42.9666,-726.565,779.956,-286.011,-96.7201,127.457,-42.9661,-761.447,809.573,-299.196
0.672642,-0.631879,0.385074,118.625,-107.37,66.7608,861.19,-628.103,443.947,118.626,-107.368,66.7638,901.274,-650.319,465.022
-0.176359,-0.94777,-0.265763,-26.4852,-157.793,-44.1118,-69.0215,-1063.67,-293.936,-26.4742,-157.795,-44.1105,-67.0885,-1109.37,-307.168
-0.623764,-0.354484,-0.696606,-137.18,-82.3514,-155.381,-830.997,-667.57,-1039.43,-137.182,-82.348,-155.366,-861.974,-701.578,-1084.1
0.18218,-0.930524,0.317705,33.5687,-156.439,53.6158,329.925,-1013.55,357.51,33.5693,-156.439,53.6132,348.539,-1055.33,373.372
0.0634462,0.65328,0.754453,11.7308,169.344,195.146,-52.0662,931.602,1076.98,11.3106,159.6,183.935,-94.6074,1107.37,1284.6
-0.256333,-0.494329,-0.830621,-84.7765,-180.039,-296.87,-87.0363,-185.372,-305.507,-69.2557,-144.235,-238.706,-289.291,-1073.09,-1670.7
-0.256333,-0.494329,-0.830621,-88.5766,-189.026,-311.421,-231.969,-643.007,-1022.71,-69.2557,-144.235,-238.706,-289.291,-1073.09,-1670.7
-0.256333,-0.494329,-0.830621,-231.989,-643.103,-1022.85,-232.523,-645.551,-1026.59,-69.2557,-144.235,-238.706,-289.291,-1073.09,-1670.7
0.407093,0.906555,-0.111505,63.0207,147.066,-17.9541,322.21,1016,-119.63,63.0214,147.066,-17.9537,330.786,1061.03,-125.004
0.984962,0.0201306,-0.171593,159.886,6.04428,-27.8699,1056.09,144.325,-185.813,159.886,6.04656,-27.8697,1100.32,156.568,-194.052
0.13194,-0.951528,-0.277825,24.7962,-158.067,-46.2607,270.309,-1031.09,-308.596,24.7943,-158.067,-46.2761,287.648,-1073.53,-322.254
-0.257595,-0.947885,-0.187504,-39.2716,-155.106,-30.5446,-157.859,-1054.1,-204.042,-39.2641,-155.107,-30.544,-159.578,-1099.88,-212.676
-0.0206881,-0.995103,-0.096659,-0.576094,-159.999,-15.5392,99.6559,-1061.23,-103.72,-0.575855,-159.999,-15.539,109.72,-1105.97,-108.19
-0.980671,0.150623,-0.124887,-158.54,21.562,-20.1399,-1065.19,40.0728,-134.822,-158.541,21.5596,-20.1406,-1110.82,35.9468,-140.232
-0.594577,0.80377,0.0207844,-97.342,126.982,3.32371,-727.74,778.778,22.2552,-97.3399,126.984,3.32639,-762.465,808.614,23.1595
-0.266024,0.431071,0.862212,-129.15,188.198,388.661,-133.59,194.021,401.128,-88.5776,133.244,272.393,-789.254,782.488,1909.54
-0.266024,0.431071,0.862212,-135.073,195.957,405.279,-368.742,457.813,1003.43,-88.5776,133.244,272.393,-789.254,782.488,1909.54
0.575094,-0.76607,-0.28706,98.3284,-126.22,-47.9499,737.087,-769.933,-320.304,98.3276,-126.221,-47.9501,772.344,-799.184,-333.916
0.625218,0.383512,0.679721,134.392,86.8256,148.31,810.985,691.698,991.883,134.397,86.8178,148.288,840.71,726.923,1034.51
0.863128,-0.333946,0.378802,150.262,-54.9658,65.4924,1034.05,-258.553,437.483,150.262,-54.9658,65.4923,1079.44,-264.63,456.16
0.482727,-0.0961469,-0.870477,235.504,-34.3756,-421.062,562.431,-41.538,-999.604,157.909,-25.7815,-283.019,1110.16,52.4621,-1985.14
-0.636167,0.299283,-0.711141,-146.389,64.578,-161.869,-1025.83,289.524,-1082.64,-146.393,64.5679,-161.857,-1071.17,296.334,-1129.61
-0.0605146,-0.998104,-0.0112062,-6.94672,-159.849,-1.78522,56.9517,-1064.36,-12.065,-6.94933,-159.849,-1.79319,65.046,-1109.49,-12.4848
0.210202,-0.691309,0.691309,50.1575,-151.935,153.089,466.967,-958.183,1023.93,50.1572,-151.935,153.094,493.785,-995.684,1068.18
0.295,0.747751,-0.594847,55.5438,150.05,-118.401,245.784,1037.19,-791.03,55.5376,150.052,-118.41,250.564,1082.79,-825.469
-0.952193,-0.110375,-0.284862,-158.583,-21.2496,-47.5508,-1036.7,-247.746,-317.763,-158.582,-21.2568,-47.5504,-1079.63,-263.841,-331.132
0.141579,-0.547491,-0.824747,57.0135,-190.658,-290.266,264.311,-650.221,-1026.65,44.7253,-153.622,-233.385,498.135,-993.515,-1633.08
0.141579,-0.547491,-0.824747,264.468,-650.493,-1027.11,265.649,-652.555,-1030.57,44.7253,-153.622,-233.385,498.135,-993.515,-1633.08
0.0172251,-0.877713,-0.478877,6.24218,-159.878,-87.2827,159.671,-1053.89,-582.881,6.25597,-159.878,-87.2841,172.011,-1098.01,-608.125
0.972235,0.0531305,0.227895,159.584,11.5359,37.4581,1050.16,182.43,251.24,159.584,11.5361,37.4506,1094.05,195.622,260.778
0.853889,0.279143,-0.439265,151.109,52.5934,-78.249,962.876,457.241,-520.995,151.106,52.603,-78.239,1001.43,482.035,-545.032
-0.163941,0.947886,-0.273195,-30.0679,157.149,-45.4421,-304.125,1021.55,-303.629,-30.0671,157.15,-45.4421,-323.236,1063.36,-316.444
0.395185,-0.116393,0.911198,313.933,-64.5449,709.629,322.967,-65.607,729.735,155.226,-38.7925,353.992,1111.38,6.8488,2493.64
0.395185,-0.116393,0.911198,331.831,-66.6084,749.451,349.347,-68.4645,788.388,155.226,-38.7925,353.992,1111.38,6.8488,2493.64
0.395185,-0.116393,0.911198,349.754,-68.5056,789.292,432.3,-75.0543,972.332,155.226,-38.7925,353.992,1111.38,6.8488,2493.64
-0.175421,-0.963944,0.200096,-25.8903,-157.891,32.6762,-68.2395,-1063.72,218.607,-25.8939,-157.891,32.6779,-64.9067,-1109.5,227.538
0.612685,-0.564909,-0.552717,119.828,-106.024,-106.131,874.899,-608.866,-710.007,119.832,-106.02,-106.124,916.161,-629.173,-739.636
-0.393275,-0.909088,-0.137455,-60.9815,-147.923,-22.2047,-307.428,-1020.61,-147.812,-60.9815,-147.923,-22.2047,-315.719,-1065.61,-154.604
-0.660499,0.305933,0.685672,-146.722,63.8182,150.75,-1025.44,290.868,1008.68,-146.723,63.8158,150.73,-1071.2,296.218,1051.61
0.238572,0.885751,-0.398156,38.7257,155.243,-69.4426,146.657,1055.8,-463.899,38.7238,155.243,-69.451,147.6,1101.56,-483.756
0.424084,-0.887167,-0.1819,71.5065,-143.132,-29.5965,568.341,-901.71,-197.484,71.5056,-143.133,-29.5993,596.983,-937.455,-206.097
-0.0995595,0.985524,0.137223,-18.8296,158.888,22.1567,-226.139,1041.65,148.225,-18.8284,158.888,22.1665,-243.55,1084.39,154.338
0.0419117,-0.381382,-0.923467,79.3779,-365.838,-902.776,79.7737,-367.04,-905.824,24.5515,-158.105,-385.228,457.58,-1012.83,-2719.73
0.0419117,-0.381382,-0.923467,85.1046,-382.958,-946.245,87.5674,-390.149,-964.55,24.5515,-158.105,-385.228,457.58,-1012.83,-2719.73
0.00201038,-0.815592,-0.578624,3.74781,-159.956,-113.513,151.756,-1055.08,-758.359,3.75018,-159.956,-113.52,164.633,-1099.14,-791.3
0.646346,-0.737877,0.194359,107.509,-118.499,31.7036,790.009,-715.612,210.551,107.509,-118.499,31.7036,828.193,-741.152,220.752
0.890138,0.0423736,0.453716,159.644,10.6745,81.4733,1049.6,185.913,544.575,159.644,10.6744,81.4671,1093.18,200.402,567.546
0.758148,-0.514719,-0.400345,134.033,-87.3801,-69.9058,948.889,-485.478,-468.612,134.03,-87.3847,-69.9055,992.696,-499.765,-486.924
-0.226619,0.848084,0.478955,-44.302,153.744,87.2985,-404.234,986.269,585.479,-44.3093,153.742,87.3025,-429.615,1025.01,608.254
0.0830834,0.963068,0.256119,10.9284,159.626,42.3952,-33.4928,1065.42,284.677,10.9289,159.626,42.3952,-41.3141,1110.63,295.219
0.488909,-0.647664,0.584379,99.0677,-125.641,115.238,754.758,-752.692,769.089,99.069,-125.64,115.231,792.28,-779.425,803.251
-0.875515,0.373632,0.306387,-148.263,60.1496,51.5036,-1023.5,297.507,343.925,-148.265,60.1467,51.5014,-1068.67,305.22,358.658
0.423767,-0.771742,-0.474168,79.712,-138.73,-86.1698,629.433,-860.211,-575.267,79.7211,-138.725,-86.1753,661.521,-893.084,-600.39
0.739721,0.06876,-0.669392,158.93,18.4719,-144.176,1033.82,259.682,-963.035,158.93,18.4733,-144.179,1075.93,278.543,-1005.74
-0.302737,-0.856234,0.418586,-50.4845,-151.827,73.7498,-226.65,-1041.51,491.771,-50.4845,-151.827,73.7496,-230.197,-1087.3,513.726
-0.462515,-0.881802,-0.0922221,-71.8696,-142.95,-14.8174,-382.903,-994.756,-99.1079,-71.8739,-142.948,-14.8194,-395.097,-1038.8,-103.18
-0.273621,0.629314,0.727389,-67.4277,145.098,169.623,-70.9078,152.104,177.916,-67.4353,145.095,169.615,-612.947,927.096,1184.04
-0.273621,0.629314,0.727389,-71.7694,153.832,179.963,-559.153,869.265,1100.09,-67.4353,145.095,169.615,-612.947,927.096,1184.04
-0.190816,-0.537406,-0.821453,-56.9553,-180.476,-272.72,-57.1226,-181.081,-273.623,-48.9895,-152.316,-230.506,-145.486,-1101.84,-1612.73
-0.190816,-0.537406,-0.821453,-59.5414,-189.884,-286.78,-146.235,-697.539,-1030.58,-48.9895,-152.316,-230.506,-145.486,-1101.84,-1612.73
0.91153,0.350486,0.215113,148.313,60.0262,35.2452,943.352,496.313,234.988,148.312,60.0292,35.245,981.12,522.124,245.416
-0.0632574,-0.865727,0.496503,-8.51134,-159.773,91.5242,62.6679,-1064.06,611.362,-8.51286,-159.773,91.5236,71.5061,-1109.1,637.707
0.294432,-0.955076,-0.0337533,49.7559,-152.067,-5.40987,427.97,-976.182,-35.0364,49.7461,-152.07,-5.40387,451.37,-1015.62,-37.6238
0.50547,-0.581803,0.637185,107.582,-118.432,132.293,810.198,-692.656,883.614,107.591,-118.424,132.291,849.548,-716.574,922.53
-0.605388,0.372989,0.703125,-138.195,80.6359,158.237,-984.942,407.475,1058.57,-138.2,80.6264,158.228,-1030.34,416.663,1104.17
-0.370972,0.62911,-0.683081,-84.4785,135.88,-149.693,-677.914,822.524,-1001.48,-84.4767,135.881,-149.66,-712.766,852.745,-1044.12
-0.60372,-0.50545,-0.616476,-120.414,-105.358,-125.264,-709.795,-795.218,-837.945,-120.42,-105.352,-125.282,-734.737,-833.889,-873.51
-0.150973,-0.746193,-0.648384,-28.1936,-157.496,-136.277,-53.0682,-1064.6,-910.983,-28.1973,-157.496,-136.278,-47.6741,-1110.38,-950.427
0.333509,-0.871597,-0.359291,59.9102,-148.36,-61.6135,500.135,-941.248,-412.535,59.9092,-148.361,-61.6034,526.119,-978.984,-429.053
-0.669395,-0.740356,-0.0615123,-105.252,-120.507,-9.85784,-619.389,-867.528,-65.8588,-105.257,-120.503,-9.86113,-641.931,-907.268,-68.6573
-0.273917,-0.391478,-0.878473,-125.829,-202.017,-437.744,-128.041,-206.038,-446.176,-86.9751,-134.296,-294.241,-390.673,-1040.47,-2065.11
-0.273917,-0.391478,-0.878473,-132.441,-214.097,-463.05,-253.195,-475.125,-992.029,-86.9751,-134.296,-294.241,-390.673,-1040.47,-2065.11
-0.273917,-0.391478,-0.878473,-253.566,-476.085,-993.921,-253.944,-477.066,-995.853,-86.9751,-134.296,-294.241,-390.673,-1040.47,-2065.11
-0.470341,0.327079,0.819634,-159.098,102.486,270.81,-160.772,103.482,273.597,-134.029,87.3855,228.947,-1024.23,431.473,1601.71
-0.470341,0.327079,0.819634,-167.491,107.46,284.765,-639.659,327.106,1030.57,-134.029,87.3855,228.947,-1024.23,431.473,1601.71
0.370178,-0.928928,0.00777657,61.7642,-147.598,1.24147,504.539,-938.875,8.65503,61.7643,-147.598,1.24435,531.198,-976.237,8.66362
0.753198,-0.371189,-0.543058,144.928,-67.7937,-103.46,1010.8,-338.248,-691.268,144.929,-67.7898,-103.484,1056.41,-345.278,-721.199
-0.632596,-0.672308,-0.384479,-107.462,-118.54,-66.6483,-628.628,-860.762,-444.17,-107.465,-118.538,-66.6427,-651.085,-900.721,-464.179
0.938496,-0.0467974,-0.342103,159.92,-5.05773,-58.2544,1063.25,75.4323,-387.897,159.92,-5.05787,-58.2545,1108.11,85.463,-405.714
0.590152,0.512687,0.623596,118.462,107.549,127.631,693.935,809.126,851.893,118.461,107.55,127.642,718.473,847.943,890.01
-0.289267,0.926891,0.239162,-50.3491,151.872,39.415,-434.179,973.509,262.382,-50.3494,151.871,39.4117,-458.445,1012.44,274.437
-0.218948,0.931482,-0.290521,-39.3838,155.077,-48.5787,-365.698,1001.16,-324.496,-39.3894,155.076,-48.5813,-386.694,1041.96,-338.313
0.362477,0.433901,-0.824828,121.679,157.465,-290.594,373.734,592.918,-1026.66,98.8164,125.838,-233.456,517.361,983.64,-1633.58
0.362477,0.433901,-0.824828,374.289,594.132,-1028.61,374.853,595.365,-1030.59,98.8164,125.838,-233.456,517.361,983.64,-1633.58
-0.581799,0.159712,-0.797497,-174.519,41.9923,-237.3,-177.768,42.6638,-241.686,-155.431,37.9634,-211.523,-1108.7,77.3629,-1478.76
-0.581799,0.159712,-0.797497,-184.075,43.9555,-250.197,-782.065,100.573,-1046.04,-155.431,37.9634,-211.523,-1108.7,77.3629,-1478.76
0.443266,-0.756923,0.48019,83.5439,-136.457,87.5792,653.046,-842.435,586.518,83.5316,-136.464,87.595,686.376,-874.127,610.295
0.976292,-0.0733376,-0.203655,159.736,-9.19227,-33.2824,1064.96,44.7979,-221.541,159.736,-9.19559,-33.2841,1110.19,51.8746,-231.759
-0.77151,0.112776,0.626143,-158.787,19.666,128.499,-1065.89,-1.65229,859.691,-158.787,19.6632,128.498,-1111.37,-8.72059,895.998
0.985086,-0.110055,0.132259,159.294,-15.0128,21.3536,1065.91,4.35799,142.124,159.294,-15.018,21.35,1111.36,9.90037,148.653
-0.165195,-0.803755,-0.571567,-28.9663,-157.356,-111.466,-68.4388,-1063.74,-747.357,-28.9371,-157.362,-111.458,-63.7411,-1109.57,-776.889
0.912815,0.3907,0.118834,145.985,65.4852,19.1419,925.072,529.529,127.749,145.986,65.483,19.1501,962.064,556.456,133.334
-0.939803,-0.330011,-0.08867,-150.031,-55.5928,-14.2392,-958.837,-465.616,-95.5763,-150.03,-55.5954,-14.244,-997.212,-490.692,-99.1738
0.54427,-0.629825,0.554157,107.079,-118.887,106.523,800.618,-703.67,711.265,107.081,-118.885,106.523,839.284,-728.569,742.423
0.279004,0.610294,0.741416,62.7753,147.171,176.827,63.1462,148.106,177.939,62.7928,147.163,176.798,275.804,1076.63,1234.46
0.279004,0.610294,0.741416,66.357,156.243,187.606,263.088,944.965,1088.7,62.7928,147.163,176.798,275.804,1076.63,1234.46
-0.865565,-0.390678,-0.313318,-144.622,-68.4425,-52.778,-911.149,-553.159,-352.369,-144.624,-68.4391,-52.7918,-947.823,-580.381,-367.649
-0.541853,0.572716,-0.615135,-112.462,113.808,-124.836,-836.745,660.344,-836.566,-112.458,113.812,-124.844,-876.775,682.99,-870.444
0.564936,-0.595948,-0.570695,112.472,-113.798,-111.209,832.889,-665.155,-742.826,112.471,-113.8,-111.206,873.281,-687.452,-775.128
0.998735,-0.0490312,-0.0111795,159.918,-5.11226,-1.78865,1063.65,68.9243,-11.7495,159.918,-5.11041,-1.78892,1108.67,77.8022,-12.4551
0.647886,0.247955,-0.720252,147.972,60.8618,-166.132,913.267,535.209,-1103.97,147.975,60.8565,-166.138,954.595,569.174,-1159.64
0.724532,0.628725,-0.282415,118.95,107.008,-47.106,716.474,789.186,-315.605,118.955,107.003,-47.1063,742.723,826.785,-328.037
-0.681593,0.685235,-0.256679,-114.829,111.42,-42.5002,-836.123,661.171,-283.705,-114.825,111.423,-42.4945,-874.713,685.629,-295.911
-0.452356,-0.291226,0.842948,-170.694,-120.167,327.328,-175.764,-124.071,337.361,-131.709,-90.8447,250.736,-778.528,-793.161,1755.86
-0.452356,-0.291226,0.842948,-178.423,-126.126,342.628,-493.704,-416.073,1014.84,-131.709,-90.8447,250.736,-778.528,-793.161,1755.86
-0.452356,-0.291226,0.842948,-494.353,-416.781,1016.35,-495.37,-417.888,1018.71,-131.709,-90.8447,250.736,-778.528,-793.161,1755.86
0.313635,-0.945391,0.0887083,52.9856,-150.972,14.2486,449.385,-966.551,95.1312,52.9808,-150.974,14.2502,473.296,-1005.58,99.2169
-0.77091,0.513836,-0.376391,-134.753,86.2656,-65.0095,-952.728,477.958,-435.037,-134.752,86.2663,-65.0066,-996.219,492.704,-452.773
0.170322,-0.790517,0.588279,37.0099,-155.661,116.383,369.589,-999.799,779.301,37.0009,-155.663,116.405,391.194,-1040.28,811.456
0.411693,0.306292,-0.858309,169.175,138.282,-365.548,170.818,139.756,-369.239,125.115,99.7313,-267.679,713.828,851.857,-1876.05
0.411693,0.306292,-0.858309,176.431,144.811,-381.875,433.262,415.875,-1007.24,125.115,99.7313,-267.679,713.828,851.857,-1876.05
0.139051,0.796987,-0.587773,24.1542,158.166,-116.253,32.3266,1065.44,-778.296,24.161,158.165,-116.252,28.1415,1111.04,-810.385
-0.994865,0.085022,-0.0549134,-159.629,10.8859,-8.80469,-1065.39,-31.4054,-59.081,-159.629,10.8909,-8.79986,-1110.76,-37.8188,-61.2682
0.949286,0.286448,-0.129631,152.358,48.8574,-20.9185,978.037,423.849,-139.672,152.358,48.8574,-20.9186,1017.87,446.262,-145.648
-0.438042,-0.832063,0.340279,-71.9449,-142.912,57.9024,-378.933,-996.294,386.691,-71.9466,-142.911,57.903,-389.311,-1040.98,403.265
-0.881809,-0.276575,0.381993,-151.756,-50.6956,66.1331,-969.804,-442.269,440.994,-151.754,-50.7009,66.1378,-1008.89,-466.199,460.659
-0.865802,0.205693,0.456154,-156.349,33.9833,82.0194,-1060.16,110.755,547.028,-156.349,33.9834,82.0195,-1105.92,110.206,571.399
-0.591528,-0.103034,-0.799674,-175.769,-36.4097,-239.129,-177.636,-36.8603,-241.688,-156.781,-31.9354,-213.121,-1035.52,-403.626,-1490.03
-0.591528,-0.103034,-0.799674,-185.249,-38.7107,-252.121,-745.133,-240.497,-1046.04,-156.781,-31.9354,-213.121,-1035.52,-403.626,-1490.03
0.560141,-0.739922,-0.372503,98.9095,-125.765,-64.2496,742.515,-764.694,-428.481,98.9079,-125.767,-64.2261,778.757,-792.936,-447.334
0.399524,0.916053,-0.0350346,61.4434,147.732,-5.60925,312.132,1019.15,-36.8745,61.4434,147.732,-5.60925,320.026,1064.33,-39.0537
0.297037,0.938967,-0.17352,45.6131,153.361,-28.1954,202.201,1046.56,-187.341,45.6009,153.364,-28.1923,204.91,1092.35,-196.299
-0.417092,0.89175,0.175544,-70.2868,143.735,28.5345,-559.759,907.084,191.32,-70.2955,143.731,28.5315,-588.938,942.53,198.662
0.470488,-0.882384,-0.00625938,77.6855,-139.875,-0.996268,605.18,-877.42,-6.19219,77.6838,-139.876,-1.00157,635.741,-911.616,-6.97329
0.944866,0.19212,0.265175,156.201,34.6576,44.0057,1012.05,334.583,291.232,156.201,34.6572,44.0056,1053.52,353.982,306.437
-0.166998,-0.975495,-0.143253,-24.2681,-158.149,-23.1605,-58.5359,-1064.29,-153.582,-24.2682,-158.149,-23.1605,-54.6531,-1110.06,-161.26
0.947591,0.268283,-0.173479,153.169,46.2529,-28.1875,985.032,407.266,-187.805,153.169,46.2537,-28.1854,1025.02,429.574,-196.251
-0.889532,-0.175938,-0.421637,-156.345,-34.005,-74.4063,-1011.53,-335.974,-496.552,-156.346,-34,-74.403,-1052.62,-356.658,-518.282
0.0249225,0.537069,-0.84317,1.03537,208.747,-327.419,0.795715,215.091,-337.366,2.32771,159.983,-250.964,-195.123,1094.14,-1757.48
0.0249225,0.537069,-0.84317,0.660341,218.499,-342.71,-52.9774,643.469,-1014.79,2.32771,159.983,-250.964,-195.123,1094.14,-1757.48
0.0249225,0.537069,-0.84317,-53.1789,644.409,-1016.3,-53.5058,645.937,-1018.74,2.32771,159.983,-250.964,-195.123,1094.14,-1757.48
0.306555,-0.440774,0.843648,126.198,-166.284,328.067,129.967,-170.835,337.345,95.4951,-128.377,251.457,820.784,-749.349,1760.97
0.306555,-0.440774,0.843648,132.429,-173.795,343.392,432.645,-477.489,1014.82,95.4951,-128.377,251.457,820.784,-749.349,1760.97
0.698357,0.0413012,-0.714557,159.442,13.3496,-163.442,1039.46,235.877,-1092.95,159.442,13.3488,-163.442,1082.2,253.107,-1140.73
0.116966,-0.446317,0.887198,77.9253,-239.386,484.373,79.206,-242.65,491.116,46.2719,-153.163,307.732,549.125,-966.267,2161.45
0.116966,-0.446317,0.887198,82.9866,-252.197,510.859,87.8775,-264.359,536.061,46.2719,-153.163,307.732,549.125,-966.267,2161.45
0.116966,-0.446317,0.887198,88.1293,-264.979,537.348,187.94,-476.948,988.054,46.2719,-153.163,307.732,549.125,-966.267,2161.45
0.443903,0.812076,-0.378792,74.1354,141.788,-65.4974,392.283,991.1,-437.669,74.135,141.789,-65.4903,403.454,1035.58,-456.145
0.0878018,-0.423906,0.90144,79.8979,-281.896,610.546,82.4534,-288.895,626.049,38.6171,-155.27,333.257,515.481,-984.626,2344.38
0.0878018,-0.423906,0.90144,84.6472,-294.84,639.234,147.751,-446.085,980.154,38.6171,-155.27,333.257,515.481,-984.626,2344.38
0.656429,0.356711,-0.664725,138.798,79.5939,-142.373,848.339,645.41,-952.102,138.798,79.5938,-142.373,879.697,679.222,-993.09
0.510083,0.726787,-0.459995,89.3748,132.711,-82.8945,496.468,943.228,-554.299,89.3747,132.711,-82.8945,510.979,986.97,-577.503
-0.635082,-0.217946,0.741061,-149.964,-55.7742,176.61,-151.086,-56.2245,177.944,-149.964,-55.7742,176.61,-970.784,-541.099,1233.14
-0.635082,-0.217946,0.741061,-159.01,-59.4201,187.373,-868.536,-461.29,1088.7,-149.964,-55.7742,176.61,-970.784,-541.099,1233.14
0.183855,-0.853518,0.487549,36.7538,-155.721,89.3239,358.654,-1003.77,596.607,36.7506,-155.722,89.3521,379.726,-1044.52,622.554
-0.605807,-0.198787,0.770377,-159.723,-57.477,205.145,-163.343,-58.8995,209.844,-150.632,-53.9456,193.346,-972.922,-537.246,1350.77
-0.605807,-0.198787,0.770377,-168.798,-61.0538,216.932,-785.191,-393.43,1065.21,-150.632,-53.9456,193.346,-972.922,-537.246,1350.77
-0.91356,-0.0106992,-0.406563,-159.926,-4.86966,-71.2044,-1056.02,-145.128,-475.889,-159.926,-4.869,-71.2044,-1100.19,-157.444,-495.98
-0.0700206,-0.787711,0.612053,-10.7242,-159.64,123.843,59.6261,-1064.26,826.842,-10.716,-159.641,123.842,69.0517,-1109.25,863.438
0.567328,-0.0393652,-0.82255,198.9,-6.30639,-287.826,709.173,45.9179,-1030.58,159.877,-6.26896,-231.457,1100.34,156.432,-1619.45
0.196436,-0.676817,-0.709459,48.3083,-152.533,-161.078,458.575,-962.193,-1077.7,48.314,-152.531,-161.086,485.314,-999.84,-1124.2
-0.304753,-0.624714,-0.718928,-66.6055,-145.478,-165.529,-303.512,-1017.55,-1103.95,-66.5902,-145.485,-165.505,-309.349,-1067.48,-1155.2
0.530742,0.637904,-0.558024,99.776,125.079,-107.601,562.593,905.37,-718.134,99.7761,125.079,-107.601,581.168,947.34,-749.95
-0.414473,-0.867259,0.275817,-66.4118,-145.566,45.914,-342.328,-1009.48,307.183,-66.4117,-145.566,45.914,-351.595,-1054.32,319.731
-0.533185,-0.7123,0.456446,-93.4031,-129.907,82.0843,-523.93,-928.257,549.064,-93.3998,-129.909,82.0858,-541.217,-970.718,571.862
-0.86802,0.43119,0.246202,-144.53,68.637,40.6518,-1003.65,358.929,271.454,-144.528,68.6413,40.6456,-1048.47,368.684,283.032
-0.317981,0.899589,-0.299379,-56.0195,149.873,-50.2059,-471.542,955.936,-334.591,-56.0188,149.873,-50.2059,-498.008,993.578,-349.632
0.422373,-0.70685,-0.567419,84.9066,-135.613,-110.257,668.135,-830.465,-736.301,84.9067,-135.613,-110.263,701.795,-861.797,-768.541
-0.781221,0.419558,-0.462239,-142.387,72.9794,-83.404,-996.039,379.642,-557.701,-142.392,72.9688,-83.4083,-1040.76,389.899,-581.087
0.908832,0.139895,0.393005,157.656,27.2852,68.3947,1025.2,291.658,457.66,157.657,27.2796,68.3871,1067.4,309.615,476.338
0.524385,0.82254,-0.22011,83.6265,136.406,-36.1053,463.45,959.898,-241.723,83.6319,136.403,-36.1048,478.847,1002.95,-251.405
0.747767,0.489596,-0.448487,132.158,90.1901,-80.293,809.469,693.472,-537.518,132.158,90.1901,-80.2898,840.634,727.011,-559.335
0.485818,0.173915,-0.856583,202.154,82.9207,-362.771,205.712,84.575,-369.28,148.768,58.8906,-265.651,931.992,605.476,-1861.65
0.485818,0.173915,-0.856583,211,87.0473,-378.963,539.858,273.968,-1007.17,148.768,58.8906,-265.651,931.992,605.476,-1861.65
-0.311231,0.543718,0.779427,-93.9088,152.975,223.339,-522.844,666.444,1057.4,-83.2472,136.638,199.082,-725.048,842.327,1391.13
-0.311231,0.543718,0.779427,-522.896,666.494,1057.49,-525.09,668.578,1061.26,-83.2472,136.638,199.082,-725.048,842.327,1391.13
-0.628964,0.413758,-0.658186,-135.628,84.882,-139.888,-969.133,443.875,-934.586,-135.634,84.8737,-139.893,-1013.27,456.604,-975.725
0.412916,-0.617156,-0.66979,92.0032,-130.902,-144.337,720.81,-785.236,-964.856,92.0125,-130.896,-144.335,757.878,-812.915,-1006.83
-0.712329,0.675467,-0.190609,-118.002,108.053,-31.0686,-853.683,638.326,-207.369,-118.002,108.053,-31.0686,-893.105,661.493,-216.33
-0.83061,-0.553555,0.0605235,-131.601,-91.0003,9.702,-813.583,-688.565,64.8852,-131.601,-91.0003,9.70202,-844.886,-722.065,67.5496
-0.946582,-0.317379,-0.0570372,-150.803,-53.4641,-9.14115,-964.945,-452.69,-61.3115,-150.806,-53.4553,-9.14128,-1004.21,-476.216,-63.6454
-0.0366088,-0.926952,0.373389,-3.35975,-159.965,64.4075,88.4105,-1062.23,429.802,-3.36486,-159.965,64.4037,98.7508,-1107,448.571
-0.366716,0.820976,-0.437629,-68.024,144.82,-77.8685,-554.526,910.311,-519.982,-68.0226,144.82,-77.8784,-583.407,945.963,-542.517
-0.659365,0.723051,0.205999,-109.865,116.317,33.6908,-805.558,697.989,224.83,-109.861,116.321,33.6839,-843.058,724.198,234.544
-0.43822,-0.879413,0.185999,-68.8557,-144.426,30.3019,-360.742,-1002.96,202.341,-68.8563,-144.426,30.2899,-371.749,-1047.38,210.907
0.117691,0.992411,0.0356186,16.117,159.186,5.70196,3.17538,1065.87,38.5624,16.1201,159.186,5.70287,-1.2711,1111.4,39.7055
-0.423508,0.217932,-0.879287,-217.156,97.4037,-439.662,-220.444,98.6679,-446.17,-144.806,68.0527,-295.441,-1083.85,245.907,-2073.67
-0.423508,0.217932,-0.879287,-230.021,102.316,-465.102,-502.548,185.946,-992.028,-144.806,68.0527,-295.441,-1083.85,245.907,-2073.67
0.413873,0.399046,-0.818212,131.522,136.079,-269.468,133.444,138.216,-273.559,111.826,114.433,-227.743,623.364,920.123,-1593.21
0.413873,0.399046,-0.818212,138.037,143.341,-283.359,448.688,568.539,-1034.54,111.826,114.433,-227.743,623.364,920.123,-1593.21
0.994902,0.0753145,-0.0670618,159.313,14.8069,-10.7448,1046.53,202.505,-71.6772,159.313,14.8111,-10.7546,1090.35,215.28,-74.8784
0.435857,0.899854,-0.0170833,67.2736,145.17,-2.73387,352.462,1005.92,-18.2688,67.2735,145.17,-2.73386,362.177,1050.73,-19.0342
0.946243,-0.271097,0.176441,154.555,-41.3847,28.6859,1052.05,-171.48,192.24,154.555,-41.387,28.682,1097.55,-174.881,199.71
-0.597085,-0.276974,-0.752845,-151.966,-75.6407,-194.177,-781.045,-519.269,-1076.99,-143.345,-71.0785,-183.028,-907.209,-642.014,-1278.22
-0.597085,-0.276974,-0.752845,-781.96,-520.105,-1078.4,-783.556,-521.573,-1080.89,-143.345,-71.0785,-183.028,-907.209,-642.014,-1278.22
-0.0365568,0.831946,-0.553651,-10.3012,159.668,-106.436,-190.878,1048.69,-709.791,-10.3059,159.668,-106.383,-206.724,1092.01,-741.442
-0.658631,-0.748279,0.0792678,-103.637,-121.899,12.7231,-608.226,-875.364,84.5006,-103.637,-121.899,12.7235,-629.633,-915.845,88.5869
-0.403978,-0.882055,0.242447,-64.054,-146.619,39.983,-328.136,-1014.17,266.76,-64.0489,-146.621,39.9865,-335.542,-1059.54,278.441
-0.520475,0.189572,-0.832567,-189.455,60.8913,-299.163,-193.527,62.0258,-305.517,-151.958,50.0888,-240.524,-1101.57,147.488,-1683.56
-0.520475,0.189572,-0.832567,-198.857,63.5002,-313.831,-662.468,146.795,-1022.7,-151.958,50.0888,-240.524,-1101.57,147.488,-1683.56
0.378788,0.457997,-0.804213,115.684,149.776,-256.118,403.593,652.972,-1042.26,98.3808,126.179,-216.528,522.793,980.764,-1514.06
-0.172506,-0.875965,-0.450475,-27.9153,-157.546,-80.7324,-71.6738,-1063.46,-540.902,-27.9019,-157.548,-80.7362,-67.7016,-1109.34,-562.449
0.762366,-0.535713,0.363055,132.579,-89.5695,62.3386,940.991,-500.756,417.166,132.578,-89.572,62.3462,983.404,-517.808,434.23
0.691841,0.721018,-0.038589,108.778,117.334,-6.15292,645.478,848.197,-41.2174,108.784,117.328,-6.17914,668.663,887.75,-43.0215
-0.417012,0.134548,0.898887,-271.004,67.3606,573.159,-274.802,68.0285,581.069,-154.072,43.1477,328.309,-1110.62,41.6498,2308.85
-0.417012,0.134548,0.898887,-284.585,69.7152,601.432,-296.397,71.6852,625.991,-154.072,43.1477,328.309,-1110.62,41.6498,2308.85
-0.417012,0.134548,0.898887,-298.186,71.9774,629.709,-467.91,92.366,980.234,-154.072,43.1477,328.309,-1110.62,41.6498,2308.85
0.36157,0.917723,0.164472,56.0628,149.856,26.6811,273.573,1030.23,177.859,56.0595,149.858,26.6802,279.863,1075.59,185.77
0.529712,-0.520621,-0.669597,116.684,-109.476,-144.287,867.092,-619.93,-964.316,116.665,-109.496,-144.259,907.078,-642.199,-1006.3
0.6297,0.451019,-0.632502,127.983,96.0222,-130.652,765.638,741.643,-872.24,127.987,96.0168,-130.666,793.568,778.113,-911.165
-0.24076,0.970446,0.0164172,-41.1821,154.609,2.62958,-373.079,998.458,17.121,-41.178,154.61,2.62723,-393.915,1039.25,18.2917
-0.674804,0.405128,-0.616856,-138.943,79.3404,-125.416,-983.734,410.425,-837.829,-138.934,79.3552,-125.407,-1028.31,421.653,-874.382
0.343084,0.65014,-0.677946,71.3586,143.206,-147.613,345.105,1008.47,-987.478,71.3605,143.205,-147.571,352.996,1053.85,-1029.49
0.559109,0.828818,-0.0214096,87.1983,134.151,-3.42948,492.11,945.478,-23.2036,87.1953,134.153,-3.4265,507.624,988.7,-23.8565
0.884404,-0.112255,-0.453022,159.084,-17.0965,-81.3118,1065.87,1.41976,-542.487,159.084,-17.0972,-81.3101,1111.37,8.26199,-566.451
-0.109335,-0.390252,0.914193,-60.1163,-314.812,723.792,-60.3878,-317.433,729.734,-36.623,-155.752,361.022,27.1213,-1111.07,2544.39
-0.109335,-0.390252,0.914193,-61.9002,-332.741,764.419,-62.8755,-343.361,788.459,-36.623,-155.752,361.022,27.1213,-1111.07,2544.39
-0.109335,-0.390252,0.914193,-63.5138,-350.695,805.054,-68.3523,-424.75,972.357,-36.623,-155.752,361.022,27.1213,-1111.07,2544.39
0.655292,0.654498,0.377127,111.098,115.14,65.1547,655.508,840.534,435.654,111.098,115.14,65.1548,679.089,879.8,453.806
-0.200627,-0.948111,-0.246646,-30.3592,-157.093,-40.7285,-96.1467,-1061.56,-271.959,-30.3553,-157.094,-40.7236,-95.0274,-1107.33,-283.575
0.674391,0.399614,0.620891,135.833,84.5544,126.739,828.897,670.172,847.749,135.836,84.549,126.739,859.212,704.957,883.699
-0.315957,-0.944163,0.0934247,-48.1679,-152.577,15.0132,-219.767,-1043,99.7158,-48.1607,-152.58,15.0144,-224.389,-1088.51,104.538
0.140653,-0.539773,-0.829977,57.4925,-190.514,-296.144,59.5518,-196.47,-305.524,45.0746,-153.52,-238.11,502.923,-991.099,-1666.48
0.140653,-0.539773,-0.829977,60.687,-199.734,-310.666,260.057,-636.814,-1026.65,45.0746,-153.52,-238.11,502.923,-991.099,-1666.48
-0.905382,-0.364864,0.21716,-147.331,-62.3975,35.5855,-935.237,-511.423,237.646,-147.332,-62.3969,35.5969,-972.605,-537.819,247.867
0.54394,-0.636293,-0.547047,106.43,-119.468,-104.567,796.825,-707.918,-697.969,106.43,-119.468,-104.567,834.781,-733.724,-728.762
-0.949532,0.307759,0.0606161,-153.03,46.7097,9.71396,-1044.9,210.473,65.3569,-153.028,46.7164,9.71692,-1090.53,214.376,67.6533
-0.489522,-0.0977882,-0.866491,-221.374,-55.6043,-396.296,-224.048,-56.4185,-401.148,-155.734,-36.7011,-277.779,-1006.72,-470.885,-1947.85
-0.489522,-0.0977882,-0.866491,-230.708,-58.4617,-413.24,-545.22,-180.936,-999.632,-155.734,-36.7011,-277.779,-1006.72,-470.885,-1947.85
-0.489522,-0.0977882,-0.866491,-545.834,-181.229,-1000.81,-547.186,-181.872,-1003.41,-155.734,-36.7011,-277.779,-1006.72,-470.885,-1947.85
0.458085,0.754477,0.470025,80.3658,138.352,85.2259,430.735,975.044,569.05,80.3716,138.349,85.2075,443.657,1019.01,593.638
0.378046,-0.073259,-0.922884,372.926,-32.6153,-898.791,375.852,-32.5649,-905.805,158.275,-23.4311,-383.584,1103.1,135.569,-2707.78
0.378046,-0.073259,-0.922884,390.974,-32.2279,-942.061,400.364,-31.9538,-964.58,158.275,-23.4311,-383.584,1103.1,135.569,-2707.78
0.0553161,0.750305,-0.658774,8.13671,159.793,-140.117,-82.9378,1062.7,-935.76,8.13282,159.793,-140.113,-94.3711,1107.39,-977.269
0.406535,-0.88896,0.210902,69.0775,-144.32,34.5355,553.351,-910.97,231.203,69.0785,-144.32,34.5226,581.656,-947.041,240.385
-0.946617,-0.127925,-0.295892,-158.148,-24.2733,-49.5668,-1031.96,-266.935,-331.247,-158.15,-24.2636,-49.5646,-1074.32,-284.693,-345.164
-0.184976,-0.741567,-0.644874,-35.2325,-156.073,-135.013,-100.528,-1061.15,-904.614,-35.2393,-156.071,-135.012,-98.0583,-1107.07,-941.571
0.6398,-0.731897,0.234483,107.404,-118.593,38.5948,790.915,-714.582,257.801,107.407,-118.59,38.5952,828.262,-741.075,268.75
-0.794563,0.423712,0.434898,-142.585,72.5912,77.2784,-996.686,377.972,517.07,-142.585,72.5909,77.2788,-1041.11,388.977,538.335
-0.110838,0.584629,0.803694,-41.5498,184.633,255.67,-246.339,729.485,1042.21,-34.31,156.278,216.134,-420.905,1028.62,1511.27
0.451974,-0.487065,-0.747319,118.821,-121.23,-190.925,751.236,-592.865,-1080.9,111.817,-114.442,-179.971,889.485,-666.352,-1256.74
0.451974,-0.487065,-0.747319,751.826,-593.198,-1081.66,754.314,-594.599,-1084.87,111.817,-114.442,-179.971,889.485,-666.352,-1256.74
0.832184,0.54745,-0.0881383,132.139,90.2174,-14.1579,817.6,683.887,-94.3493,132.14,90.2169,-14.1579,849.008,717.213,-98.5743
0.802413,-0.591121,-0.0819123,130.423,-92.681,-13.146,924.961,-529.753,-87.9459,130.429,-92.6733,-13.1508,967.018,-547.8,-91.562
0.562022,-0.0175452,0.826936,198.996,1.30913,292.697,207.704,1.71178,305.513,160,-0.124874,235.339,1093.1,200.855,1646.89
0.562022,-0.0175452,0.826936,208.743,1.76175,307.042,692.941,70.4789,1026.61,160,-0.124874,235.339,1093.1,200.855,1646.89
-0.776035,-0.435462,0.456226,-138.007,-80.9578,82.0318,-854.629,-637.013,548.124,-138.002,-80.9651,82.0358,-887.929,-668.426,571.513
0.993203,-0.0832755,-0.0813159,159.647,-10.6215,-13.0591,1065.4,33.5587,-87.0343,159.647,-10.6299,-13.0544,1110.69,39.8412,-90.891
0.84787,0.375501,-0.37432,145.074,67.4795,-64.5973,913.879,548.697,-431.394,145.075,67.4783,-64.5904,950.152,576.559,-449.872
0.71964,0.619222,-0.314139,119.377,106.532,-52.9524,718.362,787.468,-354.52,119.382,106.527,-52.9452,745.1,824.643,-368.717
-0.81811,-0.460057,0.345026,-138.009,-80.9534,58.8211,-858.698,-631.469,393.084,-138.009,-80.9537,58.8192,-891.973,-663.018,409.649
-0.0993013,0.744375,-0.660337,-24.7641,158.072,-140.702,-300.217,1022.74,-941.058,-24.7641,158.072,-140.702,-319.423,1064.51,-981.393
0.300161,-0.669877,0.679093,68.8215,-144.442,148.027,581.315,-893.45,989.797,68.8104,-144.448,148.034,612.649,-927.292,1032.73
-0.425644,-0.376086,-0.823035,-144.123,-137.221,-288.419,-463.774,-536.066,-1030.59,-116.657,-109.505,-231.88,-660.485,-893.851,-1622.44
0.650943,-0.621984,-0.435211,117.762,-108.315,-77.3396,857.061,-633.794,-517.472,117.76,-108.317,-77.3474,897.855,-655.032,-538.814
0.715266,0.57331,0.399637,122.953,102.384,69.7585,742.635,764.621,465.513,122.956,102.38,69.7584,769.788,801.646,485.898
0.404768,-0.442054,-0.80047,125.4,-128.433,-239.811,126.437,-129.429,-241.733,111.375,-114.872,-213.711,898.155,-654.621,-1494.19
0.404768,-0.442054,-0.80047,132.448,-135.178,-252.853,601.782,-496.243,-1046.01,111.375,-114.872,-213.711,898.155,-654.621,-1494.19
-0.626153,-0.713334,0.31478,-103.366,-122.129,53.0663,-601.585,-879.883,355.009,-103.366,-122.129,53.0652,-622.844,-920.476,369.554
-0.201999,-0.836268,-0.509756,-34.465,-156.244,-94.8,-110.903,-1060.13,-633.072,-34.4674,-156.243,-94.8095,-109.237,-1106.02,-660.639
-0.765117,0.643677,-0.0166158,-124.178,100.896,-2.6588,-889.04,587.974,-16.5316,-124.18,100.893,-2.65903,-929.471,609.339,-18.5131
0.962623,0.270635,-0.0106283,153.263,45.9385,-1.70034,986.714,403.118,-11.4107,153.265,45.9327,-1.70071,1026.59,425.811,-11.841
0.898509,-0.0492315,-0.436185,159.898,-5.71642,-77.5619,1063.22,76.1573,-518.209,159.898,-5.71499,-77.5611,1108.05,86.2679,-540.304
-0.389169,-0.1325,0.911587,-293.693,-128.314,711.701,-300.844,-132.202,729.751,-149.185,-57.8259,354.886,-903.651,-647.012,2500.09
-0.389169,-0.1325,0.911587,-309.5,-136.96,751.657,-323.96,-145.04,788.395,-149.185,-57.8259,354.886,-903.651,-647.012,2500.09
-0.389169,-0.1325,0.911587,-325.232,-145.758,791.634,-395.28,-187.348,972.317,-149.185,-57.8259,354.886,-903.651,-647.012,2500.09
-0.279919,-0.73551,0.616985,-53.6464,-150.738,125.449,-232.211,-1040.31,838.973,-53.6464,-150.738,125.449,-233.944,-1086.5,874.678
-0.418375,-0.906028,0.0638419,-64.623,-146.369,10.2232,-333.118,-1012.56,68.5523,-64.577,-146.389,10.2361,-342.475,-1057.32,71.268
-0.190383,-0.507044,0.840631,-65.291,-198.277,324.061,-67.6176,-206.512,337.343,-51.4832,-151.491,248.378,-152.88,-1100.83,1739.15
-0.190383,-0.507044,0.840631,-67.9418,-207.668,339.206,-149.175,-636.932,1018.76,-51.4832,-151.491,248.378,-152.88,-1100.83,1739.15
-0.80399,-0.19285,0.562502,-154.782,-40.5283,108.862,-992.051,-389.957,727.285,-154.781,-40.531,108.862,-1032.27,-411.866,758.757
0.824069,-0.499529,-0.267172,138.276,-80.4972,-44.3622,970.59,-440.559,-296.162,138.276,-80.4976,-44.3623,1014.21,-454.527,-308.922
-0.649079,-0.741614,-0.169426,-103.267,-122.212,-27.506,-604.057,-878.234,-183.385,-103.27,-122.21,-27.5072,-625.795,-918.472,-191.528
-0.786533,-0.0378109,0.61639,-159.611,-11.1567,125.24,-1045.72,-206.491,837.274,-159.611,-11.1528,125.254,-1089.35,-220.274,873.313
0.896076,0.282185,-0.342666,151.708,50.8403,-58.3693,970.372,441.053,-390.452,151.711,50.8301,-58.3631,1009.34,465.233,-406.471
-0.945727,-0.273682,-0.175211,-152.898,-47.1395,-28.4748,-982.839,-412.519,-189.283,-152.898,-47.141,-28.4756,-1022.5,-435.543,-198.272
-0.945727,-0.273682,-0.175211,-978.414,-423.03,-187.656,258.476,-1015.63,536.235,-152.898,-47.141,-28.4756,-1022.5,-435.543,-198.272
-0.752076,-0.641432,-0.151481,-119.925,-105.915,-24.5299,-726.001,-780.387,-163.893,-119.922,-105.919,-24.5212,-752.784,-817.634,-170.735
0.342619,-0.679511,-0.64875,75.231,-141.21,-136.407,617.521,-868.813,-912.378,75.2286,-141.211,-136.411,649.194,-902.085,-951.356
0.703267,-0.526882,-0.477295,129.895,-93.4203,-86.9223,927.917,-524.514,-576.353,129.893,-93.4229,-86.9105,971.405,-539.984,-605.519
0.682954,-0.208458,0.700085,154.106,-43.0285,156.906,1056.09,-144.39,1049.9,154.105,-43.03,156.884,1102.16,-143.041,1094.74
0.569764,0.098794,-0.815849,185.222,38.8373,-267.087,189.712,39.9472,-273.615,156.77,31.9869,-225.77,1032.67,410.846,-1579.27
0.569764,0.098794,-0.815849,194.691,41.1876,-280.857,696.544,221.179,-1034.46,156.77,31.9869,-225.77,1032.67,410.846,-1579.27
-0.844654,-0.504028,-0.180322,-135.946,-84.3726,-29.3352,-845.81,-648.621,-195.496,-135.95,-84.3656,-29.3339,-878.602,-680.638,-204.249
0.916991,0.237193,-0.320728,154.155,42.8496,-54.201,992.303,389.109,-361.955,154.153,42.8587,-54.1815,1032.57,411.108,-377.332
0.529154,-0.0886782,-0.843879,207.135,-25.9197,-328.431,212.803,-26.3845,-337.376,158.562,-21.4002,-251.697,1109.58,63.6261,-1762.67
0.529154,-0.0886782,-0.843879,216.861,-26.7094,-343.781,642.858,-24.1898,-1014.78,158.562,-21.4002,-251.697,1109.58,63.6261,-1762.67
0.260452,0.962144,-0.0802688,39.1575,155.134,-12.8668,159.118,1053.98,-86.0812,39.1505,155.136,-12.8852,160.444,1099.76,-89.7129
-0.118111,0.532931,0.837875,-53.4423,201.793,320.564,-225.417,621.929,1018.72,-39.4984,155.048,245.633,-470.916,1006.7,1719.72
0.193966,0.978789,0.0659494,28.4152,157.457,10.5593,86.1098,1062.46,70.2099,28.407,157.458,10.5754,84.68,1108.17,73.6308
-0.851237,-0.409279,0.328461,-142.919,-71.932,55.6435,-897.527,-574.984,371.833,-142.919,-71.9316,55.644,-933.092,-603.778,387.523
-0.746569,0.387664,0.540696,-143.465,70.8372,102.853,-1004.01,357.99,687.526,-143.468,70.8309,102.848,-1048.81,367.711,716.753
0.252149,0.931934,0.260616,39.047,155.162,43.1916,155.154,1054.58,286.925,39.0447,155.163,43.1933,156.019,1100.39,300.779
0.438684,0.474714,0.763022,111.621,127.89,200.555,116.576,133.925,209.798,105.442,120.341,188.897,591.382,940.998,1319.48
0.438684,0.474714,0.763022,117.808,135.431,212.101,504.763,745.122,1069.1,105.442,120.341,188.897,591.382,940.998,1319.48
0.438684,0.474714,0.763022,505.665,747.012,1071.58,506.19,748.118,1073.03,105.442,120.341,188.897,591.382,940.998,1319.48
-0.971102,0.0368123,-0.235807,-159.967,3.25843,-38.8119,-1062.41,-85.6144,-259.309,-159.967,3.24549,-38.826,-1107.42,-94.0136,-270.357
-0.691704,-0.44404,-0.569538,-132.817,-89.2164,-110.874,-809.018,-693.961,-742.536,-132.816,-89.2184,-110.872,-838.651,-729.298,-772.796
0.877464,-0.410545,0.248014,146.097,-65.2354,40.9644,1011.76,-335.367,273.4,146.097,-65.236,40.9641,1056.83,-343.962,285.25
0.293306,0.626417,0.7222,64.2282,146.543,167.094,284.898,1013.21,1103.94,64.243,146.536,167.076,291.365,1072.53,1166.22
0.246013,0.937565,0.245866,37.8761,155.452,40.617,147.274,1055.68,271.338,37.8711,155.453,40.5864,148.166,1101.48,282.62
0.62847,-0.272282,0.72862,148.356,-59.9215,170.224,155.156,-62.4646,177.947,148.356,-59.9197,170.227,1080.99,-258.201,1188.33
0.62847,-0.272282,0.72862,157.492,-63.3341,180.598,994.501,-251.834,1096.31,148.356,-59.9197,170.227,1080.99,-258.201,1188.33
-0.613302,0.489836,-0.619613,-127.163,97.1057,-126.315,-921.159,536.384,-843.798,-127.166,97.1027,-126.316,-963.406,554.128,-880.736
-0.468291,0.825067,-0.316179,-81.4782,137.7,-53.3251,-634.246,856.658,-356.289,-81.4743,137.702,-53.327,-665.345,890.239,-371.378
0.0973867,0.722714,0.684252,17.6168,159.027,150.134,-24.522,1065.65,1004.45,17.6416,159.024,150.142,-33.036,1110.91,1047.5
0.874871,-0.471697,0.110016,142.119,-73.4992,17.6993,989.72,-395.656,117.833,142.12,-73.4973,17.7109,1034.31,-406.709,123.313
0.204224,-0.629759,0.749464,56.7655,-159.977,192.186,428.89,-849.363,1080.95,53.272,-150.871,181.147,527.021,-978.498,1265.01
0.266671,0.651554,-0.710186,56.9921,149.506,-161.433,239.136,1038.75,-1080.52,56.9898,149.506,-161.419,241.335,1084.88,-1126.54
0.385147,0.584816,0.713899,84.6946,135.745,163.138,433.258,973.895,1093.21,84.7118,135.735,163.135,444.915,1018.46,1138.57
0.206367,-0.660839,0.721599,51.4495,-151.502,166.777,474.171,-942.095,1103.97,51.4526,-151.501,166.786,508.459,-988.271,1164.18
0.678741,0.364156,0.637731,139.277,78.7531,132.474,854.295,637.445,885.078,139.275,78.7558,132.482,886.568,670.229,923.866
-0.852901,0.272188,0.445504,-153.328,45.7229,79.6124,-1048.72,190.444,533.301,-153.328,45.7228,79.6232,-1094.27,194.377,554.686
0.844621,0.133264,0.518513,157.514,28.0932,97.0303,1021.19,305.399,649.318,157.514,28.0931,97.0303,1063.1,324.093,676.14
-0.63433,0.437658,-0.637245,-133.677,87.9223,-132.313,-957.682,468.026,-883.192,-133.68,87.9182,-132.312,-1001.17,482.566,-922.677
-0.687509,-0.204331,0.696835,-152.227,-49.2643,155.448,-960.368,-462.459,1040.26,-152.239,-49.2273,155.465,-998.165,-488.75,1084.8
0.906848,0.104933,-0.408185,158.566,21.3709,-71.5548,1035.18,254.215,-477.803,158.567,21.3662,-71.5451,1078.01,270.367,-498.355
-0.824409,0.353228,-0.442244,-148.242,60.2018,-78.8944,-1024.58,293.859,-527.002,-148.244,60.1969,-78.8981,-1070.56,298.504,-549.628
0.475127,-0.648348,0.594894,97.3013,-127.014,118.422,746.947,-760.412,792.418,97.3008,-127.014,118.425,782.251,-789.489,825.571
-0.7536,-0.503394,0.422707,-131.346,-91.368,74.6319,-804.987,-698.674,497.231,-131.346,-91.3691,74.6328,-835.256,-733.183,519.884
0.769587,0.137969,0.623458,156.834,31.673,127.595,1011.42,336.32,859.758,156.834,31.6732,127.595,1051.44,360.103,889.686
0.639278,0.172519,-0.749373,162.614,48.7019,-192.129,869.784,386.117,-1080.91,153.345,45.664,-181.097,1003.63,477.427,-1264.66
-0.350814,0.773019,-0.528556,-69.0267,144.344,-99.6351,-567.592,902.22,-666.839,-69.0439,144.336,-99.6286,-596.437,937.802,-694.278
0.653135,-0.320452,0.686095,145.26,-67.0782,150.912,1018.58,-314.037,1009.66,145.26,-67.0791,150.905,1064.33,-320.002,1052.84
0.0950267,0.876484,-0.471959,14.1581,159.372,-85.6537,-21.6648,1065.7,-572.129,14.1561,159.373,-85.6584,-30.2227,1110.99,-596.784
0.808335,-0.444465,-0.386064,141.613,-74.4702,-66.9614,990.358,-394.212,-448.92,141.609,-74.4779,-66.9655,1034.75,-405.584,-466.428
0.358649,-0.931966,-0.0530097,60.012,-148.319,-8.49458,494.517,-944.196,-57.4228,60.0142,-148.318,-8.4939,519.753,-982.378,-59.138
-0.768599,-0.509411,-0.386983,-131.701,-90.8555,-67.1527,-809.188,-693.792,-448.946,-131.704,-90.8518,-67.1529,-839.551,-728.261,-467.735
0.693876,-0.013084,0.719976,159.997,0.913522,166.013,1047.69,153.103,1103.95,159.997,0.927604,166.006,1098.38,169.616,1158.71
0.644931,-0.688243,-0.332244,111.503,-114.748,-56.3566,817.936,-683.449,-375.425,111.503,-114.748,-56.3637,856.061,-708.781,-392.538
0.801165,0.333646,-0.496805,146.459,64.4183,-91.6029,922.06,534.72,-612.993,146.462,64.4107,-91.5975,957.823,563.725,-638.222
0.332907,0.942949,-0.0044379,50.6805,151.761,-0.701097,238.873,1038.77,-4.313,50.6769,151.762,-0.710106,242.844,1084.54,-4.94402
0.332907,0.942949,-0.0044379,169.793,1052.34,500.309,226.73,363.248,964.87,50.6769,151.762,-0.710106,242.844,1084.54,-4.94402
0.445875,-0.430248,-0.784909,132.964,-120.585,-227.434,672.606,-484.389,-1053.6,118.16,-107.88,-202.71,932.924,-604.038,-1416.67
0.445875,-0.430248,-0.784909,672.958,-484.573,-1054.1,675.265,-485.774,-1057.4,118.16,-107.88,-202.71,932.924,-604.038,-1416.67
-0.883629,0.176954,0.433459,-157.454,28.4269,76.9401,-1063.22,75.2103,513.86,-157.453,28.4338,76.9636,-1109.02,72.6359,536.137
0.194855,0.421651,0.885575,92.1956,234.261,480.211,93.9699,239.693,491.102,61.7248,147.615,305.113,192.625,1094.58,2142.73
0.194855,0.421651,0.885575,96.4477,247.362,506.466,159.489,491.787,988.042,61.7248,147.615,305.113,192.625,1094.58,2142.73
0.80801,-0.00687611,-0.589128,159.987,2.02938,-116.65,1056.56,141.072,-780.29,159.987,2.0259,-116.662,1100.67,154.076,-813.252
-0.532705,-0.305443,-0.789259,-152.847,-94.1178,-230.768,-159.966,-98.8309,-241.743,-136.531,-83.4223,-205.676,-838.952,-728.95,-1437.56
-0.532705,-0.305443,-0.789259,-160.98,-99.5044,-243.308,-643.522,-503.246,-1053.66,-136.531,-83.4223,-205.676,-838.952,-728.95,-1437.56
-0.692337,-0.71907,-0.0600605,-108.979,-117.147,-9.62235,-646.987,-847.023,-64.7089,-108.983,-117.144,-9.62753,-670.067,-886.691,-67.0309
-0.304683,-0.663147,0.68367,-63.3725,-146.915,149.902,-288.072,-1026.21,1002.97,-63.3725,-146.915,149.902,-293.374,-1071.98,1045.82
-0.811989,0.541998,-0.216593,-134.614,86.4812,-35.4991,-949.978,483.487,-237.909,-134.613,86.4828,-35.4993,-992.616,499.924,-247.187
0.632425,0.773002,0.0500617,99.1818,125.551,8.02875,576.927,896.222,55.0329,99.1791,125.553,8.02032,596.419,937.814,55.8407
-0.460264,-0.707673,0.536056,-84.4506,-135.897,101.487,-455.392,-963.728,678.689,-84.4992,-135.867,101.607,-468.781,-1007.7,708.091
-0.832162,-0.394024,-0.390194,-143.305,-71.1601,-67.8098,-899.445,-571.989,-452.318,-143.312,-71.1463,-67.8097,-934.706,-601.277,-472.313
-0.0741412,0.708225,0.702083,-20.4732,158.685,157.76,-279.359,1028.63,1055.57,-20.4767,158.684,157.765,-298.543,1070.55,1100.92
-0.389117,-0.779447,0.490968,-68.64,-144.529,90.1591,-347.197,-1007.75,601.962,-68.6403,-144.529,90.1768,-356.145,-1052.79,628.309
-0.824259,-0.289746,-0.486461,-149.88,-56.001,-89.0982,-951.199,-481.065,-595.812,-149.878,-56.006,-89.0908,-988.636,-507.749,-620.731
0.69553,0.703218,0.147387,110.529,115.686,23.8435,657.553,838.888,159.075,110.529,115.686,23.8435,680.955,878.356,166.016
-0.286901,-0.574231,-0.766777,-71.5454,-153.936,-202.796,-73.8789,-159.369,-209.844,-67.6716,-144.985,-191.145,-304.109,-1068.98,-1335.29
-0.286901,-0.574231,-0.766777,-75.3889,-162.901,-214.423,-275.848,-849.532,-1069.11,-67.6716,-144.985,-191.145,-304.109,-1068.98,-1335.29
-0.65065,0.123914,0.749199,-167.56,27.1783,192.043,-950.96,32.1761,1080.9,-157.896,25.864,181.001,-1111.37,8.68418,1263.98
0.402646,0.470576,-0.785133,112.416,139.939,-227.598,442.822,700.835,-1053.6,100.624,124.398,-202.861,547.115,967.406,-1417.73
0.402646,0.470576,-0.785133,442.926,701.07,-1053.93,444.059,703.618,-1057.46,100.624,124.398,-202.861,547.115,967.406,-1417.73
-0.0459791,-0.841618,0.538113,-5.48868,-159.906,102.163,86.3624,-1062.38,680.872,-5.48383,-159.906,102.155,96.4272,-1107.21,711.92
-0.528828,-0.615403,-0.584483,-101.711,-123.51,-115.239,-574.183,-898.073,-768.385,-101.697,-123.522,-115.262,-593.094,-939.92,-803.469
0.101444,0.763267,0.638069,17.5406,159.036,132.599,-17.5698,1065.77,885.377,17.5509,159.034,132.6,-25.3487,1111.11,924.695
-0.950829,0.0967181,0.294226,-159.443,13.3398,49.2591,-1065.77,-19.2805,327.866,-159.443,13.3399,49.2591,-1111.1,-25.8721,343.035
-0.661431,-0.619876,-0.422211,-114.659,-111.594,-74.5264,-679.737,-820.991,-498.062,-114.659,-111.594,-74.5262,-704.32,-859.734,-519.141
0.647662,0.0741273,0.758314,168.047,23.9879,197.492,886.532,241.188,1073.07,158.43,22.3589,186.142,1062.66,325.533,1300.11
0.647662,0.0741273,0.758314,888.238,241.945,1075.24,889.606,242.558,1076.98,158.43,22.3589,186.142,1062.66,325.533,1300.11
0.130077,-0.881617,-0.453687,26.3873,-157.809,-81.4466,288.164,-1026.25,-544.711,26.3883,-157.809,-81.4603,307.38,-1068.05,-567.499
0.865758,-0.491691,-0.0932876,140.466,-76.6109,-14.9944,981.362,-416.03,-99.6872,140.465,-76.613,-14.9921,1025.02,-429.597,-104.383
-0.143584,-0.912011,0.384213,-21.9464,-158.488,66.5891,-34.8574,-1065.3,444.772,-21.9506,-158.487,66.5886,-30.1068,-1110.99,463.801
0.537354,0.194388,-0.820648,175.581,70.6185,-271.874,176.677,71.1053,-273.597,148.761,58.9078,-229.814,943.655,587.133,-1607.84
0.537354,0.194388,-0.820648,184.491,74.5921,-285.892,634.195,331.167,-1030.6,148.761,58.9078,-229.814,943.655,587.133,-1607.84
0.269495,0.95419,-0.129978,40.8249,154.704,-20.9753,169.042,1052.44,-139.45,40.8251,154.704,-20.9754,171.723,1098.05,-146.044
-0.937995,0.0871096,-0.335526,-159.557,11.8939,-56.9887,-1065.39,-31.4297,-381.465,-159.557,11.8997,-56.9909,-1110.76,-37.6391,-396.908
-0.520549,-0.653121,0.549965,-97.1388,-127.138,105.363,-543.845,-916.689,704.015,-97.1399,-127.137,105.366,-562.004,-958.833,734.34
0.958981,-0.146229,-0.242844,158.572,-21.3276,-40.0501,1065.35,-34.7275,-268.21,158.572,-21.3256,-40.0561,1110.95,-31.6895,-278.926
0.10314,-0.580529,0.807681,39.4727,-185.088,259.266,233.105,-719.104,1038.45,32.5467,-156.655,219.204,410.95,-1032.63,1532.93
0.10314,-0.580529,0.807681,233.924,-720.792,1041.02,234.308,-721.59,1042.23,32.5467,-156.655,219.204,410.95,-1032.63,1532.93
-0.873477,0.00838235,0.486792,-159.992,-1.59636,89.175,-1058.15,-128.57,595.362,-159.992,-1.59813,89.1702,-1102.47,-140.613,621.285
-0.1872,-0.830099,0.525254,-32.0525,-156.757,98.7658,-92.6544,-1061.84,661.313,-32.0537,-156.756,98.7682,-90.7079,-1107.69,688.272
-0.060884,0.729342,-0.681435,-17.0356,159.091,-149.001,-253.467,1035.35,-996.938,-17.0334,159.091,-148.986,-271.048,1077.84,-1039.4
0.444761,-0.0581887,-0.893757,264.91,-17.6913,-529.453,268.229,-17.6998,-536.067,159.324,-14.6906,-318.884,1100.83,152.908,-2241.27
0.444761,-0.0581887,-0.893757,278.689,-17.6917,-556.91,290.819,-17.6162,-581.081,159.324,-14.6906,-318.884,1100.83,152.908,-2241.27
0.444761,-0.0581887,-0.893757,292.471,-17.6005,-584.372,492.702,-6.03452,-984.104,159.324,-14.6906,-318.884,1100.83,152.908,-2241.27
-0.105714,-0.983888,-0.144182,-14.345,-159.356,-23.3122,8.81708,-1065.85,-155.781,-14.3401,-159.356,-23.3138,14.8223,-1111.3,-162.327
0.817508,0.132147,-0.560551,157.389,28.786,-108.308,1018.95,312.772,-724.271,157.389,28.7893,-108.311,1060.36,332.946,-754.908
-0.59132,-0.767253,0.248321,-95.4221,-128.431,41.0192,-547.009,-914.828,274.059,-95.4172,-128.435,41.0182,-565.335,-956.873,285.627
0.684047,-0.0704807,-0.726025,159.516,-12.4345,-168.942,168.031,-12.873,-177.945,159.516,-12.4345,-168.942,1108.6,78.8374,-1179.31
0.684047,-0.0704807,-0.726025,169.257,-12.9341,-179.241,1035.4,61.5259,-1100.1,159.516,-12.4345,-168.942,1108.6,78.8374,-1179.31
0.711946,0.681912,0.167714,113.61,112.662,27.221,679.339,821.394,181.645,113.61,112.662,27.2211,704.112,859.905,189.536
0.86138,0.0362646,0.506666,159.693,9.89915,94.0369,1049.78,184.897,629.5,159.693,9.9007,94.0353,1093.38,199.348,655.236
0.472243,0.145086,0.869446,223.616,81.485,419.128,517.138,231.367,999.639,151.226,52.2565,281.642,952.696,572.346,1975.34
0.929223,-0.345302,-0.131574,150.92,-53.1329,-21.237,1035.16,-254.256,-141.657,150.919,-53.1364,-21.2375,1080.69,-259.465,-147.869
-0.246691,-0.817909,0.519778,-43.1263,-154.078,97.353,-168.869,-1052.48,651.654,-43.1255,-154.079,97.3545,-169.81,-1098.35,678.403
0.847255,0.501265,-0.175763,136.267,83.8531,-28.5657,848.035,645.735,-190.114,136.268,83.8513,-28.5683,881.227,677.237,-198.918
0.211251,-0.658898,-0.72196,52.5993,-151.107,-166.959,479.732,-937.43,-1103.94,52.6005,-151.107,-166.96,516.023,-984.343,-1165.4
-0.0129627,-0.714263,0.699758,0.928303,-159.997,156.74,151.054,-1055.17,1049.09,0.928299,-159.997,156.74,164.948,-1099.09,1093.73
-0.36263,0.507784,0.781444,-108.757,142.802,224.803,-582.262,607.259,1057.4,-96.5204,127.608,200.403,-806.319,764.892,1400.43
0.997363,0.0694061,0.0212021,159.401,13.837,3.39341,1047.84,195.282,22.8973,159.401,13.8369,3.39326,1091.69,208.383,23.6251
0.460314,-0.424914,-0.779461,135.59,-117.625,-223.356,698.304,-478.34,-1057.41,120.487,-105.275,-199.104,944.818,-585.259,-1391.29
0.460314,-0.424914,-0.779461,698.945,-478.655,-1058.3,701.081,-479.702,-1061.26,120.487,-105.275,-199.104,944.818,-585.259,-1391.29
0.0716039,-0.993305,-0.0906584,14.2569,-159.364,-14.5521,197.061,-1047.51,-96.7385,14.2435,-159.365,-14.566,211.605,-1091.07,-101.416
0.626751,0.499357,0.598185,122.985,102.346,119.439,730.16,776.527,798.426,122.981,102.351,119.443,756.936,813.792,832.691
0.289344,0.304027,-0.907661,193.539,237.988,-664.245,195.302,240.543,-670.963,105.488,120.301,-346.114,506.915,989.064,-2436.86
0.289344,0.304027,-0.907661,201.342,249.363,-694.099,210.552,263.014,-729.74,105.488,120.301,-346.114,506.915,989.064,-2436.86
0.289344,0.304027,-0.907661,211.41,264.299,-733.085,271.159,359.529,-976.298,105.488,120.301,-346.114,506.915,989.064,-2436.86
-0.364888,-0.619302,0.695213,-77.9284,-139.74,154.771,-388.631,-992.516,1035.17,-77.9174,-139.746,154.764,-398.126,-1037.64,1079.88
0.176196,0.848086,0.499705,29.4466,157.267,92.3016,77.9967,1063.02,615.503,29.446,157.267,92.3095,74.66,1108.89,643.192
0.530868,-0.846522,0.0397528,87.3151,-134.075,6.36569,665.895,-832.327,41.868,87.3142,-134.075,6.3658,698.255,-864.668,44.3211
0.438444,-0.876492,0.19882,74.0645,-141.825,32.4586,584.442,-891.4,217.196,74.0668,-141.824,32.4609,614.061,-926.358,226.026
0.494739,-0.736981,0.460535,91.7573,-131.075,83.0815,702.418,-801.677,555.113,91.7217,-131.1,83.018,737.406,-831.53,578.364
-0.645571,-0.344742,-0.681463,-139.338,-78.6439,-149.009,-850.589,-642.433,-996.191,-139.337,-78.6469,-148.997,-882.361,-675.758,-1039.48
-0.804393,0.522474,0.282793,-135.719,84.7375,47.1746,-956.579,470.219,315.706,-135.713,84.7465,47.175,-999.866,485.261,328.516
0.732712,-0.622583,0.274815,123.752,-101.417,45.7344,888.843,-588.385,306.309,123.752,-101.417,45.7337,929.391,-609.461,318.475
0.375982,-0.754422,-0.538038,74.2554,-141.726,-102.136,600.795,-880.462,-681.675,74.259,-141.724,-102.135,631.011,-914.896,-711.781
-0.474069,0.1882,-0.860139,-206.572,71.2052,-368.656,-206.915,71.3059,-369.258,-150.606,54.0156,-269.867,-1100.09,158.15,-1891.59
-0.474069,0.1882,-0.860139,-215.942,73.9407,-385.119,-225.063,76.5619,-401.127,-150.606,54.0156,-269.867,-1100.09,158.15,-1891.59
-0.474069,0.1882,-0.860139,-225.324,76.6358,-401.585,-576.454,148.707,-1007.22,-150.606,54.0156,-269.867,-1100.09,158.15,-1891.59
0.344512,-0.896865,-0.277388,60.0236,-148.314,-46.1974,498.517,-942.191,-306.607,60.0236,-148.314,-46.1972,523.786,-980.234,-321.704
-0.450746,-0.892193,-0.0286135,-69.6953,-144.023,-4.58176,-368.83,-1000.03,-30.7146,-69.6944,-144.023,-4.58027,-379.688,-1044.53,-31.8895
0.14053,-0.707062,-0.693047,34.9009,-156.147,-153.844,370.009,-999.663,-1029.01,34.9053,-156.146,-153.834,393.371,-1039.46,-1073.37
0.815652,0.288359,-0.501558,149.767,56.3013,-92.7614,949.468,484.463,-619.259,149.766,56.3029,-92.7664,987.033,510.859,-646.38
0.877526,-0.42801,0.216231,145.012,-67.6126,35.4323,1006.11,-352.099,236.166,145.013,-67.6106,35.437,1050.79,-362.022,246.754
0.610043,-0.725121,-0.319448,105.2,-120.553,-53.9478,779.081,-727.448,-360.45,105.197,-120.555,-53.9408,816.488,-754.027,-375.655
-0.378111,0.486054,0.787898,-114.592,138.163,229.701,-120.802,145.166,241.677,-101.712,123.51,204.74,-838.856,729.061,1430.97
-0.378111,0.486054,0.787898,-121.065,145.461,242.182,-590.739,568.965,1053.63,-101.712,123.51,204.74,-838.856,729.061,1430.97
0.373787,-0.924687,0.0723645,62.4913,-147.292,11.6143,509.166,-936.468,77.1922,62.4986,-147.289,11.6093,536.313,-973.437,80.8293
0.698287,-0.147165,0.700527,157.306,-29.2347,157.08,1064.69,-50.6279,1051.19,157.307,-29.233,157.078,1110.49,-44.9134,1096.11
-0.0390169,0.926906,-0.373261,-9.6764,159.707,-64.4135,-174.543,1051.47,-430.338,-9.67554,159.707,-64.378,-188.582,1095.28,-448.392
-0.830014,0.454305,0.323548,-141.718,74.2698,54.7125,-990.168,394.709,365.996,-141.717,74.2709,54.7135,-1034.21,406.962,381.039
0.584008,0.797414,-0.151876,92.2896,130.701,-24.5865,527.345,926.277,-163.988,92.2897,130.7,-24.5866,544.126,969.091,-171.19
-0.539449,0.81451,0.213469,-90.6623,131.835,34.9486,-688.021,814.046,233.612,-90.6705,131.829,34.9627,-721.835,845.082,243.45
-0.622355,-0.450453,-0.64013,-127.492,-96.674,-133.328,-761.749,-745.642,-893.341,-127.491,-96.6746,-133.325,-788.697,-783.05,-929.767
0.643558,0.75808,0.105586,101.435,123.738,16.9895,592.78,885.846,112.305,101.434,123.738,16.9895,612.874,927.144,118.29
-0.937304,-0.331786,0.10667,-149.887,-55.9805,17.1573,-957.052,-469.205,114.354,-149.888,-55.9774,17.166,-995.868,-493.413,119.519
0.0904549,-0.857458,0.506541,19.9348,-158.753,94.01,250.958,-1035.99,628.041,19.9392,-158.753,94.0042,267.806,-1078.65,655.018
0.0904549,-0.857458,0.506541,255.805,-1034.8,629.046,1017.56,250.759,88.9409,19.9392,-158.753,94.0042,267.806,-1078.65,655.018
-0.950986,0.0149477,-0.308874,-160,-0.362028,-51.9786,-1060.16,-110.901,-346.763,-160,-0.363226,-51.9633,-1104.74,-121.506,-361.876
0.812539,0.577554,0.0788113,128.805,94.9178,12.6506,792.285,713.085,82.9707,128.802,94.9212,12.6498,822.665,747.283,88.0736
-0.606448,0.436962,-0.664293,-131.92,90.5381,-142.212,-949.378,484.622,-952.199,-131.92,90.5385,-142.208,-993.532,498.101,-991.931
-0.401551,0.0956343,-0.91083,-316.863,48.145,-708.079,-326.644,48.7841,-729.715,-157.049,30.587,-353.152,-1109.52,-64.6378,-2487.58
-0.401551,0.0956343,-0.91083,-334.843,49.2816,-747.845,-436.487,52.5698,-972.339,-157.049,30.587,-353.152,-1109.52,-64.6378,-2487.58
0.686912,-0.644259,-0.336278,118.68,-107.308,-57.1347,860.368,-629.29,-382.422,118.671,-107.318,-57.1347,900.096,-651.949,-397.911
-0.634653,-0.559399,-0.533187,-117.865,-108.203,-100.846,-696.914,-806.565,-673.891,-117.865,-108.202,-100.846,-722.268,-844.713,-702.78
-0.486662,0.209137,0.848187,-195.07,74.3241,334.461,-196.778,74.8934,337.346,-148.965,58.3915,256.248,-1093.52,198.56,1794.93
-0.486662,0.209137,0.848187,-204.333,77.3964,350.102,-607.226,173.653,1014.84,-148.965,58.3915,256.248,-1093.52,198.56,1794.93
0.370014,0.466223,-0.80357,112.532,152.158,-255.557,390.325,663.474,-1042.21,95.8215,128.134,-216.04,503.203,990.957,-1510.61
0.439286,0.898021,0.0241982,67.8338,144.909,3.87695,356.025,1004.69,26.299,67.8366,144.908,3.87304,366.238,1049.32,26.9656
0.607237,-0.57631,0.546928,118.285,-107.743,104.525,865.199,-622.503,701.702,118.28,-107.749,104.535,906.57,-642.916,728.537
0.00228587,0.915208,0.402976,-2.59101,159.979,70.4536,-129.967,1057.94,470.653,-2.59105,159.979,70.4537,-141.545,1102.35,490.746
-0.879838,-0.474898,0.0188624,-139.482,-78.3881,3.02228,-874.212,-609.8,20.2663,-139.478,-78.3952,3.01867,-908.356,-640.39,21.0171
0.0662154,0.388633,-0.91901,25.6292,355.477,-831.666,25.4506,362.105,-847.103,20.0042,158.745,-373.099,-152.24,1100.92,-2631.75
0.0662154,0.388633,-0.91901,25.0875,373.508,-873.664,24.5541,387.313,-905.822,20.0042,158.745,-373.099,-152.24,1100.92,-2631.75
0.0662154,0.388633,-0.91901,24.3697,391.542,-915.676,23.2198,414.15,-968.364,20.0042,158.745,-373.099,-152.24,1100.92,-2631.75
-0.87499,0.188908,-0.445765,-157.012,30.7775,-79.6832,-1062.06,90.8319,-532.536,-157.013,30.7706,-79.6813,-1107.89,88.2591,-555.091
-0.561479,0.23032,0.794792,-168.14,62.843,235.145,-172.87,64.4379,241.684,-149.683,56.5255,209.569,-1090.94,212.298,1464.99
-0.561479,0.23032,0.794792,-177.386,65.9526,247.926,-774.168,195.936,1049.87,-149.683,56.5255,209.569,-1090.94,212.298,1464.99
-0.52807,0.32981,-0.782539,-155.106,90.3453,-225.64,-767.707,337.076,-1057.45,-137.984,80.9959,-201.127,-1037.69,398.009,-1405.53
0.358893,0.643547,-0.676049,74.6536,141.516,-146.818,368.111,1000.33,-982.134,74.6644,141.511,-146.81,377.703,1045.25,-1024.16
-0.242192,-0.423884,0.872734,-107.057,-212.563,425.636,-111.643,-223.078,446.146,-74.4589,-141.619,286.086,-299.903,-1070.17,2006.98
-0.242192,-0.423884,0.872734,-112.556,-225.187,450.255,-214.497,-512.624,995.781,-74.4589,-141.619,286.086,-299.903,-1070.17,2006.98
-0.242192,-0.423884,0.872734,-214.926,-514.153,998.617,-215.071,-514.67,999.577,-74.4589,-141.619,286.086,-299.903,-1070.17,2006.98
0.336874,-0.531029,-0.777511,100.746,-148.562,-221.971,558.093,-647.694,-1061.27,89.3527,-132.726,-197.843,761.962,-809.088,-1382.41
0.435542,0.489687,-0.755321,109.269,129.906,-195.652,506.095,781.232,-1076.98,103.177,122.288,-184.427,575.808,950.608,-1288.05
-0.483252,0.558283,0.67438,-107.495,118.511,146.148,-812.726,689.618,977.15,-107.49,118.515,146.144,-853.129,712.307,1019.49
0.378362,-0.897724,-0.225685,64.7181,-146.327,-37.0739,526.651,-926.701,-248.23,64.7206,-146.326,-37.0677,553.344,-963.857,-258.111
-0.681136,-0.589054,0.434822,-119.009,-106.943,77.2688,-712.073,-793.121,515.496,-119.011,-106.941,77.262,-737.364,-831.567,538.218
0.796684,-0.600325,-0.07003,129.418,-94.0795,-11.2349,919.122,-539.85,-75.7323,129.416,-94.0829,-11.2329,960.966,-558.349,-78.2086
0.38097,-0.480966,-0.789641,115.809,-137.145,-231.043,121.36,-143.291,-241.704,102.804,-122.603,-205.941,845.735,-721.07,-1439.43
0.38097,-0.480966,-0.789641,122.349,-144.382,-243.599,592.687,-560.63,-1053.6,102.804,-122.603,-205.941,845.735,-721.07,-1439.43
-0.351991,-0.758585,0.548316,-64.3747,-146.478,104.909,-312.863,-1018.95,700.963,-64.362,-146.484,104.914,-319.799,-1064.4,731.183
-0.475673,-0.818922,-0.321096,-77.854,-139.781,-54.2515,-420.729,-979.317,-361.751,-77.8509,-139.783,-54.2509,-433.229,-1023.49,-377.815
0.348905,-0.936574,-0.0330921,58.4346,-148.948,-5.29995,484.175,-949.559,-35.7573,58.4135,-148.956,-5.29789,509.057,-987.963,-36.8859
-0.325695,-0.273424,0.905076,-209.989,-204.337,624.253,-210.553,-204.973,626.063,-118.305,-107.722,340.625,-617.626,-923.985,2397.35
-0.325695,-0.273424,0.905076,-219.107,-214.681,653.628,-224.463,-220.825,670.995,-118.305,-107.722,340.625,-617.626,-923.985,2397.35
-0.325695,-0.273424,0.905076,-228.156,-225.089,683.013,-314.448,-332.309,976.243,-118.305,-107.722,340.625,-617.626,-923.985,2397.35
0.664105,0.454772,0.593419,130.059,93.1913,117.948,785.939,720.071,788.965,130.062,93.1868,117.971,814.247,756.447,822.401
-0.364297,-0.924826,0.109475,-56.0542,-149.86,17.6454,-273.946,-1030.07,117.827,-56.0693,-149.854,17.6228,-280.79,-1075.35,122.7
0.520914,-0.810542,-0.267713,88.8837,-133.04,-44.4531,678.782,-821.819,-296.696,88.8799,-133.043,-44.4592,711.596,-853.722,-309.597
-0.821509,0.326638,0.467366,-149.799,56.2166,84.5866,-1032.62,264.248,564.778,-149.795,56.2278,84.5902,-1078.58,268.095,589.332
-0.450067,0.265078,-0.852744,-193.043,102.356,-356.838,-199.936,105.613,-369.29,-140.45,76.6402,-261.26,-1060.85,331.381,-1830.48
-0.450067,0.265078,-0.852744,-201.87,106.521,-372.778,-567.133,243.729,-1011.02,-140.45,76.6402,-261.26,-1060.85,331.381,-1830.48
-0.998341,-0.00207268,-0.0575403,-159.97,-3.07686,-9.21816,-1058.53,-124.765,-60.4915,-159.97,-3.07371,-9.22218,-1103.22,-134.573,-64.2087
0.593204,-0.0230571,-0.804722,189.248,-0.884193,-256.563,762.856,76.5755,-1042.28,159.992,-1.6047,-216.917,1096.73,179.999,-1516.8
-0.479408,-0.772248,-0.416895,-81.8187,-137.498,-73.396,-444.182,-968.993,-490.034,-81.8152,-137.5,-73.3889,-457.714,-1012.77,-511.211
-0.947489,0.220982,0.231153,-156.433,33.5953,38.0165,-1059.18,119.352,253.499,-156.433,33.596,38.016,-1105.08,118.354,264.716
0.210257,0.718596,0.662882,41.4263,154.544,141.666,139.845,1056.7,947.359,41.4109,154.548,141.668,138.861,1102.69,988.155
-0.641492,0.100459,0.760523,-168.376,21.5561,198.849,-177.681,22.4686,209.8,-158.671,20.5815,187.426,-1110.94,-31.8927,1309.14
-0.641492,0.100459,0.760523,-178.083,22.5073,210.273,-912.196,4.15784,1073.03,-158.671,20.5815,187.426,-1110.94,-31.8927,1309.14
-0.580412,0.507023,-0.63722,-122.805,102.562,-132.303,-896.421,576.692,-882.94,-122.805,102.562,-132.303,-939.739,593.381,-922.615
0.378868,0.924273,0.0466854,58.1415,149.062,7.4821,289.803,1025.71,50.2873,58.1408,149.063,7.47818,296.211,1071.2,52.0661
0.40963,-0.853996,0.320771,71.7931,-142.989,54.1945,573.887,-898.18,361.727,71.7917,-142.989,54.1897,602.582,-933.865,377.389
0.500613,-0.18611,-0.845428,198.531,-64.5128,-330.493,202.698,-65.674,-337.341,151.68,-50.9221,-253.313,1101.79,-145.805,-1774.12
0.500613,-0.18611,-0.845428,207.935,-67.1223,-345.944,622.576,-144.437,-1014.79,151.68,-50.9221,-253.313,1101.79,-145.805,-1774.12
0.572247,-0.0824331,-0.815928,188.145,-20.4224,-267.088,192.759,-20.7581,-273.615,158.971,-18.117,-225.835,1109.13,71.0085,-1579.74
0.572247,-0.0824331,-0.815928,197.876,-21.121,-280.852,731.089,-5.69869,-1034.49,158.971,-18.117,-225.835,1109.13,71.0085,-1579.74
0.569463,-0.819725,-0.0613437,93.5216,-129.822,-9.82614,704.309,-800.122,-66.0113,93.5246,-129.82,-9.834,738.25,-830.781,-68.4684
0.482112,0.824542,-0.296139,78.2662,139.551,-49.6096,424.634,977.695,-330.753,78.2737,139.547,-49.61,437.264,1021.77,-345.48
0.581062,0.6641,-0.470466,103.012,122.428,-85.3105,593.085,885.711,-569.491,103.004,122.434,-85.3101,612.545,927.361,-594.354
-0.386884,0.909846,0.150001,-65.1482,146.136,24.2761,-527.323,926.298,161.534,-65.1481,146.136,24.276,-554.674,963.092,169.027
-0.405725,0.644736,-0.647845,-88.1958,133.497,-136.033,-696.674,806.76,-908.424,-88.2364,133.47,-136.082,-731.421,836.8,-949.058
0.457426,-0.385654,-0.801269,140.875,-111.24,-240.389,141.646,-111.809,-241.671,125.225,-99.5929,-214.306,975.059,-533.358,-1498.39
0.457426,-0.385654,-0.801269,148.732,-117.023,-253.449,659.414,-414.385,-1046.08,125.225,-99.5929,-214.306,975.059,-533.358,-1498.39
0.3401,0.740552,-0.579582,63.7119,146.768,-113.801,304.137,1021.61,-759.978,63.7083,146.769,-113.803,311.61,1066.82,-793.276
0.217253,0.974192,-0.061253,32.1366,156.739,-9.8201,111.897,1059.99,-64.5161,32.1442,156.738,-9.8194,111.049,1105.84,-68.3668
0.91339,-0.27557,-0.299632,153.986,-43.4564,-50.2534,1050.05,-183.174,-335.402,153.984,-43.4605,-50.2525,1095.73,-185.995,-349.956
-0.561785,0.803116,0.198499,-93.9852,129.487,32.4063,-708.713,796.175,216.471,-93.9849,129.487,32.4064,-742.758,826.753,225.646
-0.392118,-0.887941,-0.240426,-62.0466,-147.48,-39.6307,-312.228,-1019.16,-264.206,-62.0453,-147.48,-39.6327,-321.134,-1063.99,-275.976
-0.358502,-0.758099,0.544759,-65.4535,-145.999,103.942,-320.286,-1016.68,694.152,-65.4359,-146.007,103.945,-327.968,-1061.91,724.417
-0.641537,0.581513,0.500273,-120.646,105.093,92.4461,-877.412,605.159,616.972,-120.647,105.092,92.4494,-918.098,626.344,644.168
0.957853,0.178258,0.22526,156.761,32.0293,36.9937,1018.19,315.429,246.677,156.761,32.0309,36.9943,1059.68,335.083,257.6
-0.854391,0.504606,0.12405,-139.146,78.9838,20.0088,-974.215,432.592,133.672,-139.149,78.9783,20.0035,-1017.76,446.52,139.277
-0.396768,-0.16461,0.903038,-261.733,-131.699,616.636,-265.563,-133.997,626.029,-145.227,-67.1496,336.448,-868.689,-693.246,2367.3
-0.396768,-0.16461,0.903038,-273.54,-138.822,645.634,-283.832,-145.121,671.01,-145.227,-67.1496,336.448,-868.689,-693.246,2367.3
-0.396768,-0.16461,0.903038,-285.301,-146.027,674.638,-404.517,-225.649,976.227,-145.227,-67.1496,336.448,-868.689,-693.246,2367.3
0.239357,-0.310168,0.920057,244.178,-259.611,837.839,247.161,-262.214,847.131,103.188,-122.28,375.858,913.873,-632.491,2651.74
0.239357,-0.310168,0.920057,257.813,-271.423,880.182,266.133,-278.519,905.85,103.188,-122.28,375.858,913.873,-632.491,2651.74
0.239357,-0.310168,0.920057,271.568,-283.108,922.547,285.333,-294.567,964.591,103.188,-122.28,375.858,913.873,-632.491,2651.74
0.239357,-0.310168,0.920057,285.447,-294.661,964.938,286.566,-295.583,968.342,103.188,-122.28,375.858,913.873,-632.491,2651.74
0.97274,-0.0921819,-0.212789,159.526,-12.3108,-34.8475,1065.61,23.0795,-232.617,159.526,-12.3038,-34.846,1110.98,30.4818,-242.637
0.274638,-0.913097,0.301376,48.8093,-152.373,50.5584,427.112,-976.579,337.322,48.8262,-152.368,50.5743,450.254,-1016.11,352.198
0.495022,-0.391468,-0.775697,136.118,-101.425,-208.664,136.893,-101.968,-209.828,128.144,-95.8081,-196.682,985.961,-512.925,-1374.23
0.495022,-0.391468,-0.775697,144.114,-107.012,-220.654,744.841,-429.63,-1061.22,128.144,-95.8081,-196.682,985.961,-512.925,-1374.23
0.822629,-0.189433,0.536094,156.612,-32.7512,101.606,1061.47,-97.0492,679.597,156.615,-32.7378,101.617,1107.38,-94.4665,708.161
-0.920393,-0.0430479,0.388618,-159.659,-10.4415,67.4867,-1050.54,-180.459,450.639,-159.659,-10.4412,67.4869,-1094.22,-194.664,470.063
-0.0637658,-0.483485,0.873027,-18.7565,-237.26,426.27,-19.0281,-248.375,446.175,-15.3437,-159.263,286.49,127.537,-1104.06,2009.86
-0.0637658,-0.483485,0.873027,-19.085,-251.026,450.922,-5.2287,-554.814,995.846,-15.3437,-159.263,286.49,127.537,-1104.06,2009.86
-0.156735,-0.767993,0.620984,-28.5738,-157.428,126.759,-58.2152,-1064.29,849.019,-28.565,-157.429,126.77,-54.5861,-1110.06,883.915
0.383578,0.511429,0.768966,97.9564,138.635,204.163,100.572,142.578,209.853,92.5417,130.522,192.478,489.966,997.569,1344.66
0.383578,0.511429,0.768966,103.342,146.767,215.891,419.455,776.177,1065.19,92.5417,130.522,192.478,489.966,997.569,1344.66
0.383578,0.511429,0.768966,419.891,777.382,1066.73,420.563,779.248,1069.11,92.5417,130.522,192.478,489.966,997.569,1344.66
0.495033,0.0272891,0.868446,226.999,23.8604,400.031,227.636,23.9595,401.16,159.358,14.3138,280.321,1062.71,325.36,1965.93
0.495033,0.0272891,0.868446,236.643,25.3802,417.128,560.556,100.996,999.641,159.358,14.3138,280.321,1062.71,325.36,1965.93
0.149952,0.891537,-0.427406,23.548,158.258,-75.6468,43.471,1065.04,-506.739,23.548,158.258,-75.6466,38.688,1110.73,-526.954
-0.86213,0.400753,0.310047,-146.279,64.8268,52.1805,-1013.51,330.176,348.663,-146.281,64.8224,52.1817,-1058.49,338.845,363.398
-0.966005,0.255366,-0.0402812,-155.364,38.2365,-6.45161,-1054.81,153.172,-43.0148,-155.364,38.2375,-6.45055,-1100.64,154.248,-44.9112
0.534355,-0.275649,-0.799051,162.054,-77.192,-238.608,164.203,-78.131,-241.724,144.225,-69.2765,-212.661,1068.94,-304.27,-1486.79
0.534355,-0.275649,-0.799051,170.999,-81.0867,-251.572,740.686,-258.989,-1046.07,144.225,-69.2765,-212.661,1068.94,-304.27,-1486.79
0.973061,-0.10974,-0.202753,159.282,-15.1394,-33.1324,1065.89,4.25145,-220.977,159.281,-15.1507,-33.1303,1111.35,10.3829,-230.688
-0.625504,-0.018136,0.78001,-179.181,-10.6935,223.775,-832.357,-146.633,1057.41,-159.746,-9.00746,199.462,-1084.6,-242.578,1393.81
-0.625504,-0.018136,0.78001,-834.236,-147.257,1059.88,-835.245,-147.593,1061.2,-159.746,-9.00746,199.462,-1084.6,-242.578,1393.81
0.498936,-0.158629,0.851997,210.97,-56.8662,355.732,219.099,-58.6568,369.279,153.982,-43.4703,260.424,1107.95,-87.5644,1824.55
0.498936,-0.158629,0.851997,220.503,-58.9632,371.618,609.29,-111.512,1010.97,153.982,-43.4703,260.424,1107.95,-87.5644,1824.55
0.900178,-0.30069,-0.315065,152.644,-47.9568,-53.1167,1044.16,-214.221,-354.391,152.646,-47.9485,-53.1184,1089.94,-217.367,-369.925
-0.904967,0.212932,-0.368366,-156.395,33.7742,-63.4001,-1059.76,114.202,-424.134,-156.395,33.7741,-63.4002,-1105.52,114.189,-441.576
-0.889951,-0.454445,0.0383072,-141.227,-75.1985,6.12937,-887.742,-589.911,40.7182,-141.23,-75.1934,6.13395,-922.691,-619.558,42.7069
-0.764318,0.599472,-0.237595,-127.617,96.5086,-39.1416,-910.622,554.086,-260.733,-127.615,96.5107,-39.1379,-951.842,573.766,-272.53
0.618224,-0.513804,-0.594814,125.16,-99.675,-118.406,908.255,-557.889,-791.104,125.199,-99.6253,-118.4,950.357,-576.222,-825.399
-0.773236,0.348844,-0.529542,-147.142,62.8433,-99.8873,-1021.51,304.431,-667.179,-147.142,62.8432,-99.8868,-1067.11,310.631,-696.081
-0.562656,-0.00460315,0.826678,-198.788,-9.17237,292.395,-207.649,-9.9325,305.455,-159.881,-6.1725,235.107,-1084.38,-243.586,1645.25
-0.562656,-0.00460315,0.826678,-208.51,-10.008,306.725,-690.036,-97.8684,1026.65,-159.881,-6.1725,235.107,-1084.38,-243.586,1645.25
-0.876096,-0.0355588,0.480823,-159.711,-9.60642,87.7451,-1050.53,-180.43,585.638,-159.711,-9.60646,87.7453,-1094.13,-195.149,611.343
-0.62178,0.70408,0.343017,-108.075,117.983,58.4321,-797.388,707.334,390.135,-108.077,117.98,58.4308,-835.153,733.3,406.943
-0.762778,-0.449563,-0.464826,-136.245,-83.8883,-84.0034,-841.298,-654.512,-560.648,-136.245,-83.8881,-84.0034,-873.08,-687.708,-585.238
-0.995999,0.0537859,-0.0713724,-159.892,5.88845,-11.4485,-1063.99,-64.5401,-76.2044,-159.892,5.88643,-11.4493,-1109.02,-72.7047,-79.7154
0.432735,0.503331,-0.747929,107.095,131.703,-191.336,504.059,811.773,-1080.94,101.147,123.973,-180.304,561.982,958.846,-1259.08
0.432735,0.503331,-0.747929,504.9,813.758,-1083.37,505.418,814.98,-1084.86,101.147,123.973,-180.304,561.982,958.846,-1259.08
-0.676158,-0.296744,0.674354,-144.98,-67.6824,146.149,-898.121,-574.104,979.306,-144.983,-67.6761,146.134,-932.568,-604.588,1019.42
-0.247696,-0.72022,-0.648019,-48.6163,-152.435,-136.151,-191.529,-1048.56,-912.115,-48.6239,-152.433,-136.146,-193.054,-1094.5,-949.502
0.822937,-0.296094,-0.484873,151.586,-51.2031,-88.7176,1041.39,-227.083,-592.249,151.582,-51.2136,-88.7104,1087.19,-230.696,-618.077
0.662057,0.583414,0.470435,117.97,108.089,85.2968,701.132,802.875,571.527,117.969,108.09,85.303,727.301,840.382,594.304
0.124973,0.41217,-0.902495,64.4689,285.819,-614.514,65.2824,291.273,-626.065,40.308,154.839,-335.354,16.5384,1111.28,-2359.45
0.124973,0.41217,-0.902495,66.4742,299.461,-643.399,68.3041,312.514,-671.015,40.308,154.839,-335.354,16.5384,1111.28,-2359.45
0.124973,0.41217,-0.902495,68.3867,313.119,-672.294,82.8458,457.439,-976.259,40.308,154.839,-335.354,16.5384,1111.28,-2359.45
0.124973,0.41217,-0.902495,82.8706,457.827,-977.074,82.9661,459.332,-980.232,40.308,154.839,-335.354,16.5384,1111.28,-2359.45
0.739048,-0.245995,-0.627132,152.885,-47.183,-128.839,1049.79,-184.652,-862.581,152.884,-47.1846,-128.832,1095.72,-186.021,-898.336
-0.25278,0.953867,-0.161988,-43.6499,153.931,-26.2702,-389.799,992.108,-176.138,-43.661,153.928,-26.2662,-411.993,1032.22,-182.886
-0.0583129,0.54865,-0.834016,-28.6445,196.928,-300.876,-29.198,199.912,-305.462,-21.8351,158.503,-241.896,-352.724,1053.94,-1693.27
-0.0583129,0.54865,-0.834016,-30.4363,206.519,-315.621,-158.318,655.928,-1022.69,-21.8351,158.503,-241.896,-352.724,1053.94,-1693.27
0.51513,0.828832,0.218356,82.0605,137.354,35.8063,452.253,965.231,239.422,82.0637,137.352,35.8026,467.368,1008.35,249.3
0.0867952,0.876549,-0.473422,12.6762,159.497,-85.9976,-33.6705,1065.37,-575.157,12.6708,159.497,-86.0005,-40.6866,1110.66,-599.17
0.957593,0.172511,0.230774,156.942,31.1322,37.9502,1019.75,310.408,254.24,156.942,31.1314,37.9501,1061.54,329.149,264.257
-0.261606,-0.707383,0.656636,-52.0765,-151.288,139.305,-214.172,-1044.16,931.338,-52.0799,-151.287,139.313,-216.456,-1090.12,971.668
-0.802608,-0.143721,-0.578935,-156.87,-31.4934,-113.612,-1013.29,-330.839,-758.438,-156.869,-31.5002,-113.612,-1053.77,-353.238,-791.94
0.118434,0.517951,0.847172,37.9505,205.271,332.984,38.3368,208.007,337.389,30.6246,157.042,255.159,-0.841509,1111.4,1787.21
0.118434,0.517951,0.847172,39.3015,214.936,348.547,61.319,631.827,1014.78,30.6246,157.042,255.159,-0.841509,1111.4,1787.21
0.971902,0.227383,0.0608603,155.146,39.1102,9.75512,1003.57,358.993,65.6328,155.146,39.1135,9.7562,1044.34,380.212,67.9268
0.731882,-0.524823,0.434636,131.775,-90.7486,77.2193,937.998,-506.183,516.712,131.772,-90.7526,77.2213,980.742,-522.834,537.935
0.650807,0.493775,0.576746,125.41,99.3596,112.978,751.497,755.885,754.562,125.412,99.3572,112.968,778.275,793.409,787.44
0.9287,-0.225265,0.294571,156.14,-34.9341,49.3236,1058.55,-125.253,329.104,156.141,-34.9265,49.3222,1104.27,-125.65,343.475
0.905588,0.347723,0.242895,148.333,59.9784,40.0654,942.958,496.997,268.4,148.333,59.9785,40.0651,980.929,522.484,278.989
0.891155,-0.371189,-0.260886,148.769,-58.8891,-43.2492,1025.51,-290.736,-289.229,148.767,-58.8938,-43.2415,1070.76,-297.805,-301.114
