initx_p,inity_p,initz_p,actx_ent,acty_ent,actz_ent,actx_exit,acty_exit,actz_exit,predx_ent,predy_ent,predz_ent,predx_exit,predy_exit,predz_exit
-0.497562,-0.454184,-0.739019,-115.392,-110.837,-175.51,-116.955,-112.418,-177.948,-118.18,-107.859,-175.517,-1787.13,-1627.14,-2651.3
-0.497562,-0.454184,-0.739019,-122.241,-117.78,-186.204,-169.553,-166.945,-261.016,-118.18,-107.859,-175.517,-1787.13,-1627.14,-2651.3
-0.497562,-0.454184,-0.739019,-172.331,-169.9,-265.462,-228.06,-230.815,-355.985,-118.18,-107.859,-175.517,-1787.13,-1627.14,-2651.3
-0.497562,-0.454184,-0.739019,-230.869,-233.972,-360.619,-301.15,-315.836,-478.939,-118.18,-107.859,-175.517,-1787.13,-1627.14,-2651.3
-0.497562,-0.454184,-0.739019,-301.524,-316.288,-479.582,-435.039,-489.23,-719.241,-118.18,-107.859,-175.517,-1787.13,-1627.14,-2651.3
-0.497562,-0.454184,-0.739019,-435.452,-489.805,-720.017,-557.067,-672.258,-960.517,-118.18,-107.859,-175.517,-1787.13,-1627.14,-2651.3
-0.497562,-0.454184,-0.739019,-557.444,-672.869,-961.305,-616.63,-772.863,-1088.72,-118.18,-107.859,-175.517,-1787.13,-1627.14,-2651.3
0.147545,-0.497171,0.855015,71.515,-206.465,360.341,73.5132,-211.474,369.233,45.504,-153.393,263.79,683.769,-2318.16,3984.72
0.147545,-0.497171,0.855015,75.1395,-215.528,376.435,78.7962,-224.565,392.509,45.504,-153.393,263.79,683.769,-2318.16,3984.72
0.147545,-0.497171,0.855015,80.3135,-228.284,399.133,112.873,-304.197,535.331,45.504,-153.393,263.79,683.769,-2318.16,3984.72
0.147545,-0.497171,0.855015,114.617,-308.069,542.333,161.221,-405.491,720.402,45.504,-153.393,263.79,683.769,-2318.16,3984.72
0.147545,-0.497171,0.855015,161.501,-406.044,721.423,245.273,-557.767,1007.23,45.504,-153.393,263.79,683.769,-2318.16,3984.72
-0.665115,0.412343,-0.622571,-137.795,81.3182,-127.296,-206.186,118.795,-189.422,-135.981,84.3161,-127.289,-2052.76,1275.76,-1922.78
-0.665115,0.412343,-0.622571,-209.752,120.698,-192.642,-282.981,158.661,-258.349,-135.981,84.3161,-127.289,-2052.76,1275.76,-1922.78
-0.665115,0.412343,-0.622571,-286.803,160.586,-261.758,-383.795,207.571,-347.621,-135.981,84.3161,-127.289,-2052.76,1275.76,-1922.78
-0.665115,0.412343,-0.622571,-384.387,207.848,-348.142,-584.904,294.127,-522.053,-135.981,84.3161,-127.289,-2052.76,1275.76,-1922.78
-0.665115,0.412343,-0.622571,-585.548,294.382,-522.606,-791.451,368.695,-696.965,-135.981,84.3161,-127.289,-2052.76,1275.76,-1922.78
-0.665115,0.412343,-0.622571,-792.09,368.904,-697.501,-985.818,426.388,-858.432,-135.981,84.3161,-127.289,-2052.76,1275.76,-1922.78
-0.95496,-0.264349,-0.134801,-153.442,-45.3373,-21.7748,-227.617,-69.3856,-32.3839,-154.203,-42.6765,-21.7668,-2329.86,-642.763,-328.801
-0.95496,-0.264349,-0.134801,-231.452,-70.6667,-32.9342,-309.413,-97.5168,-44.1538,-154.203,-42.6765,-21.7668,-2329.86,-642.763,-328.801
-0.95496,-0.264349,-0.134801,-313.453,-98.9506,-44.7372,-414.56,-136.217,-59.3995,-154.203,-42.6765,-21.7668,-2329.86,-642.763,-328.801
-0.95496,-0.264349,-0.134801,-415.138,-136.438,-59.4836,-616.92,-219.012,-89.1484,-154.203,-42.6765,-21.7668,-2329.86,-642.763,-328.801
-0.95496,-0.264349,-0.134801,-617.601,-219.31,-89.2495,-815.6,-311.485,-118.965,-154.203,-42.6765,-21.7668,-2329.86,-642.763,-328.801
-0.95496,-0.264349,-0.134801,-816.255,-311.81,-119.065,-994.818,-405.041,-146.47,-154.203,-42.6765,-21.7668,-2329.86,-642.763,-328.801
-0.580505,0.061733,-0.811913,-188.768,13.4947,-263.113,-196.301,13.7619,-273.582,-159.101,16.9351,-222.526,-2402.97,259.129,-3361.4
-0.580505,0.061733,-0.811913,-198.518,13.8366,-276.664,-237.525,14.854,-330.861,-159.101,16.9351,-222.526,-2402.97,259.129,-3361.4
-0.580505,0.061733,-0.811913,-241.539,14.9267,-336.436,-324.104,15.1176,-451.129,-159.101,16.9351,-222.526,-2402.97,259.129,-3361.4
-0.580505,0.061733,-0.811913,-328.355,15.0599,-457.034,-436.242,11.3815,-606.991,-159.101,16.9351,-222.526,-2402.97,259.129,-3361.4
-0.580505,0.061733,-0.811913,-436.836,11.3494,-607.818,-654.597,-9.17993,-911.732,-159.101,16.9351,-222.526,-2402.97,259.129,-3361.4
-0.580505,0.061733,-0.811913,-655.318,-9.27719,-912.742,-741.974,-22.4045,-1034.49,-159.101,16.9351,-222.526,-2402.97,259.129,-3361.4
-0.244137,0.537065,0.807439,-84.1677,169.503,259.061,-107.72,212.201,325.788,-66.1981,145.663,218.985,-996.961,2201.7,3307.9
-0.244137,0.537065,0.807439,-109.699,215.708,331.299,-151.397,286.99,444.308,-66.1981,145.663,218.985,-996.961,2201.7,3307.9
-0.244137,0.537065,0.807439,-153.591,290.609,450.099,-211.428,381.756,597.795,-66.1981,145.663,218.985,-996.961,2201.7,3307.9
-0.244137,0.537065,0.807439,-211.755,382.249,598.605,-339.692,559.64,897.915,-66.1981,145.663,218.985,-996.961,2201.7,3307.9
-0.244137,0.537065,0.807439,-340.137,560.209,898.903,-404.514,639.298,1038.42,-66.1981,145.663,218.985,-996.961,2201.7,3307.9
0.405764,-0.6691,0.622624,85.9366,-134.963,127.316,129.895,-199.368,189.33,82.9556,-136.815,127.306,1250.97,-2067.97,1923.04
0.405764,-0.6691,0.622624,132.217,-202.689,192.552,180.283,-269.732,258.162,82.9556,-136.815,127.306,1250.97,-2067.97,1923.04
0.405764,-0.6691,0.622624,182.812,-273.173,261.559,247.965,-359.037,347.288,82.9556,-136.815,127.306,1250.97,-2067.97,1923.04
0.405764,-0.6691,0.622624,248.361,-359.543,347.799,387.933,-527.341,521.414,82.9556,-136.815,127.306,1250.97,-2067.97,1923.04
0.405764,-0.6691,0.622624,388.414,-527.884,521.991,538.19,-687.436,696.041,82.9556,-136.815,127.306,1250.97,-2067.97,1923.04
0.405764,-0.6691,0.622624,538.712,-687.959,696.628,685.26,-827.096,857.305,82.9556,-136.815,127.306,1250.97,-2067.97,1923.04
0.233254,0.707613,-0.666991,46.5892,153.067,-143.249,66.7675,228.369,-213.059,50.1019,151.953,-143.234,759.3,2294.53,-2163.63
0.233254,0.707613,-0.666991,67.7752,232.316,-216.706,87.206,312.553,-290.632,50.1019,151.953,-143.234,759.3,2294.53,-2163.63
0.233254,0.707613,-0.666991,88.1467,316.66,-294.405,110.536,422.163,-390.979,50.1019,151.953,-143.234,759.3,2294.53,-2163.63
0.233254,0.707613,-0.666991,110.649,422.742,-391.507,145.891,638.191,-586.993,50.1019,151.953,-143.234,759.3,2294.53,-2163.63
0.233254,0.707613,-0.666991,145.986,638.917,-587.649,167.685,856.812,-783.737,50.1019,151.953,-143.234,759.3,2294.53,-2163.63
0.233254,0.707613,-0.666991,167.734,857.533,-784.384,175.548,1059.65,-965.515,50.1019,151.953,-143.234,759.3,2294.53,-2163.63
0.944045,-0.295164,0.147167,153.514,-45.0926,23.8064,228.866,-65.1218,35.3671,152.707,-47.7549,23.8059,2306.15,-723.244,359.603
0.944045,-0.295164,0.147167,232.79,-66.1277,35.9677,312.923,-85.8709,48.2041,152.707,-47.7549,23.8059,2306.15,-723.244,359.603
0.944045,-0.295164,0.147167,317.021,-86.8399,48.8285,422.147,-110.363,64.7993,152.707,-47.7549,23.8059,2306.15,-723.244,359.603
0.944045,-0.295164,0.147167,422.782,-110.497,64.8955,637.164,-150.558,97.2226,152.707,-47.7549,23.8059,2306.15,-723.244,359.603
0.944045,-0.295164,0.147167,637.83,-150.666,97.3225,854.196,-180.587,129.695,152.707,-47.7549,23.8059,2306.15,-723.244,359.603
0.944045,-0.295164,0.147167,854.902,-180.667,129.8,1055.46,-199.135,159.649,152.707,-47.7549,23.8059,2306.15,-723.244,359.603
-0.649919,0.114239,-0.751368,-167.933,24.7681,-193.296,-235.769,32.1034,-270.974,-157.582,27.7129,-182.182,-2379.86,421.524,-2751.98
-0.649919,0.114239,-0.751368,-239.809,32.4926,-275.594,-322.074,39.2549,-369.575,-157.582,27.7129,-182.182,-2379.86,421.524,-2751.98
-0.649919,0.114239,-0.751368,-326.313,39.5431,-374.412,-434.036,44.9198,-497.227,-157.582,27.7129,-182.182,-2379.86,421.524,-2751.98
-0.649919,0.114239,-0.751368,-434.666,44.9402,-497.945,-653.198,44.2708,-746.889,-157.582,27.7129,-182.182,-2379.86,421.524,-2751.98
-0.649919,0.114239,-0.751368,-653.888,44.2443,-747.675,-872.633,28.0142,-997.602,-157.582,27.7129,-182.182,-2379.86,421.524,-2751.98
-0.649919,0.114239,-0.751368,-873.337,27.9367,-998.409,-941.831,19.5984,-1077.01,-157.582,27.7129,-182.182,-2379.86,421.524,-2751.98
-0.665375,-0.725502,0.175852,-106.079,-119.78,28.5938,-156.268,-179.502,42.5017,-108.152,-117.912,28.5817,-1635.16,-1779.79,431.745
-0.665375,-0.725502,0.175852,-158.82,-182.593,43.2162,-210.711,-246.684,57.9145,-108.152,-117.912,28.5817,-1635.16,-1779.79,431.745
-0.665375,-0.725502,0.175852,-213.371,-250.033,58.6766,-279.341,-335.215,77.8725,-108.152,-117.912,28.5817,-1635.16,-1779.79,431.745
-0.665375,-0.725502,0.175852,-279.724,-335.722,77.9857,-407.01,-512.716,116.83,-108.152,-117.912,28.5817,-1635.16,-1779.79,431.745
-0.665375,-0.725502,0.175852,-407.438,-513.344,116.965,-526.399,-696.554,155.903,-108.152,-117.912,28.5817,-1635.16,-1779.79,431.745
-0.665375,-0.725502,0.175852,-526.765,-697.148,156.027,-628.612,-870.935,191.945,-108.152,-117.912,28.5817,-1635.16,-1779.79,431.745
-0.215891,0.976396,-0.0064636,-37.2107,155.613,-1.0342,-57.281,230.949,-1.61456,-34.5344,156.229,-1.0342,-519.764,2360.35,-15.6222
-0.215891,0.976396,-0.0064636,-58.3591,234.858,-1.64474,-81.0232,314.162,-2.26546,-34.5344,156.229,-1.0342,-519.764,2360.35,-15.6222
-0.215891,0.976396,-0.0064636,-82.2321,318.248,-2.29758,-114.048,421.221,-3.10989,-34.5344,156.229,-1.0342,-519.764,2360.35,-15.6222
-0.215891,0.976396,-0.0064636,-114.231,421.789,-3.1144,-185.853,627.774,-4.75389,-34.5344,156.229,-1.0342,-519.764,2360.35,-15.6222
-0.215891,0.976396,-0.0064636,-186.09,628.409,-4.75897,-267.374,831.124,-6.38614,-34.5344,156.229,-1.0342,-519.764,2360.35,-15.6222
-0.215891,0.976396,-0.0064636,-267.656,831.78,-6.39147,-350.936,1015.13,-7.90273,-34.5344,156.229,-1.0342,-519.764,2360.35,-15.6222
-0.898287,-0.284217,0.335113,-151.644,-51.0301,56.9163,-224.83,-77.9169,84.7148,-152.549,-48.2563,56.9086,-2304.98,-726.973,859.64
-0.898287,-0.284217,0.335113,-228.621,-79.35,86.1598,-305.535,-109.289,115.586,-152.549,-48.2563,56.9086,-2304.98,-726.973,859.64
-0.898287,-0.284217,0.335113,-309.443,-110.854,117.087,-408.925,-152.185,155.496,-152.549,-48.2563,56.9086,-2304.98,-726.973,859.64
-0.898287,-0.284217,0.335113,-409.53,-152.445,155.731,-607.713,-243.55,233.482,-152.549,-48.2563,56.9086,-2304.98,-726.973,859.64
-0.898287,-0.284217,0.335113,-608.328,-243.852,233.726,-802.062,-344.867,311.59,-152.549,-48.2563,56.9086,-2304.98,-726.973,859.64
-0.898287,-0.284217,0.335113,-802.696,-345.218,311.848,-976.713,-446.806,383.657,-152.549,-48.2563,56.9086,-2304.98,-726.973,859.64
-0.252288,-0.891742,0.375694,-40.7062,-154.735,64.8632,-58.4712,-230.682,96.4994,-43.5663,-153.954,64.8627,-660.116,-2325.01,979.792
-0.252288,-0.891742,0.375694,-59.3509,-234.609,98.1319,-76.5766,-315.289,131.595,-43.5663,-153.954,64.8627,-660.116,-2325.01,979.792
-0.252288,-0.891742,0.375694,-77.4219,-319.452,133.317,-97.4899,-425.283,177.004,-43.5663,-153.954,64.8627,-660.116,-2325.01,979.792
-0.252288,-0.891742,0.375694,-97.6066,-425.943,177.276,-130.097,-641.629,265.728,-43.5663,-153.954,64.8627,-660.116,-2325.01,979.792
-0.252288,-0.891742,0.375694,-130.183,-642.324,266.011,-151.736,-859.759,354.613,-43.5663,-153.954,64.8627,-660.116,-2325.01,979.792
-0.252288,-0.891742,0.375694,-151.79,-860.498,354.914,-161.877,-1061.87,436.683,-43.5663,-153.954,64.8627,-660.116,-2325.01,979.792
0.412391,0.764854,0.494907,73.1086,142.321,91.1549,106.694,212.721,135.57,75.9433,140.828,91.1277,1149.14,2126.24,1376.54
0.412391,0.764854,0.494907,108.389,216.369,137.86,142.368,291.568,184.844,75.9433,140.828,91.1277,1149.14,2126.24,1376.54
0.412391,0.764854,0.494907,144.07,295.444,187.254,186.027,394.685,248.595,75.9433,140.828,91.1277,1149.14,2126.24,1376.54
0.412391,0.764854,0.494907,186.274,395.293,248.969,263.087,599.51,373.185,75.9433,140.828,91.1277,1149.14,2126.24,1376.54
0.412391,0.764854,0.494907,263.312,600.162,373.578,329.126,808.635,498.071,75.9433,140.828,91.1277,1149.14,2126.24,1376.54
0.412391,0.764854,0.494907,329.33,809.345,498.491,380.017,1004.65,613.382,75.9433,140.828,91.1277,1149.14,2126.24,1376.54
0.392217,0.684238,-0.614804,76.5346,140.508,-124.737,111.644,210.133,-185.452,79.5794,138.806,-124.726,1204.24,2095.52,-1884.06
0.392217,0.684238,-0.614804,113.428,213.771,-188.607,148.891,288.288,-252.865,79.5794,138.806,-124.726,1204.24,2095.52,-1884.06
0.392217,0.684238,-0.614804,150.667,292.135,-256.165,194.343,390.66,-340.084,79.5794,138.806,-124.726,1204.24,2095.52,-1884.06
0.392217,0.684238,-0.614804,194.599,391.262,-340.593,274.108,594.548,-510.577,79.5794,138.806,-124.726,1204.24,2095.52,-1884.06
0.392217,0.684238,-0.614804,274.341,595.201,-511.117,341.8,803.433,-681.566,79.5794,138.806,-124.726,1204.24,2095.52,-1884.06
0.392217,0.684238,-0.614804,341.988,804.078,-682.089,393.166,999.534,-839.424,79.5794,138.806,-124.726,1204.24,2095.52,-1884.06
-0.768857,0.579702,-0.269823,-129.445,94.0427,-44.8233,-193.783,138.124,-66.7265,-127.75,96.3326,-44.8346,-1928.52,1456.78,-677.254
-0.768857,0.579702,-0.269823,-197.129,140.372,-67.8587,-266.01,185.693,-91.0172,-127.75,96.3326,-44.8346,-1928.52,1456.78,-677.254
-0.768857,0.579702,-0.269823,-269.617,188.017,-92.2223,-360.912,245.219,-122.479,-127.75,96.3326,-44.8346,-1928.52,1456.78,-677.254
-0.768857,0.579702,-0.269823,-361.465,245.556,-122.661,-550.389,354.568,-183.911,-127.75,96.3326,-44.8346,-1928.52,1456.78,-677.254
-0.768857,0.579702,-0.269823,-550.981,354.891,-184.1,-745.289,454.756,-245.459,-127.75,96.3326,-44.8346,-1928.52,1456.78,-677.254
-0.768857,0.579702,-0.269823,-745.93,455.067,-245.659,-929.234,538.67,-302.235,-127.75,96.3326,-44.8346,-1928.52,1456.78,-677.254
-0.0803952,-0.799896,0.594729,-12.6092,-159.502,118.374,-16.2124,-237.426,175.982,-16.0118,-159.197,118.365,-244.276,-2404.52,1787.98
-0.0803952,-0.799896,0.594729,-16.3545,-241.447,178.954,-18.3218,-323.975,239.922,-16.0118,-159.197,118.365,-244.276,-2404.52,1787.98
-0.0803952,-0.799896,0.594729,-18.3736,-328.186,243.032,-18.0925,-435.984,322.647,-16.0118,-159.197,118.365,-244.276,-2404.52,1787.98
-0.0803952,-0.799896,0.594729,-18.0819,-436.609,323.109,-8.01454,-654.592,484.289,-16.0118,-159.197,118.365,-244.276,-2404.52,1787.98
-0.0803952,-0.799896,0.594729,-7.95851,-655.335,484.839,14.8687,-872.944,646.441,-16.0118,-159.197,118.365,-244.276,-2404.52,1787.98
-0.0803952,-0.799896,0.594729,14.9644,-873.655,646.971,47.2559,-1073.08,796.161,-16.0118,-159.197,118.365,-244.276,-2404.52,1787.98
-0.774552,0.628593,0.0702815,-125.945,98.6807,11.2693,-188.514,145.154,16.7461,-124.23,100.831,11.2729,-1875.34,1524.63,170.285
-0.774552,0.628593,0.0702815,-191.809,147.557,17.0327,-258.874,195.512,22.8264,-124.23,100.831,11.2729,-1875.34,1524.63,170.285
-0.774552,0.628593,0.0702815,-262.39,197.977,23.1282,-351.375,258.784,30.7042,-124.23,100.831,11.2729,-1875.34,1524.63,170.285
-0.774552,0.628593,0.0702815,-351.872,259.115,30.7462,-536.1,375.74,46.0784,-124.23,100.831,11.2729,-1875.34,1524.63,170.285
-0.774552,0.628593,0.0702815,-536.719,376.112,46.1292,-726.502,484.115,61.481,-124.23,100.831,11.2729,-1875.34,1524.63,170.285
-0.774552,0.628593,0.0702815,-727.173,484.476,61.5346,-906.568,576.112,75.7172,-124.23,100.831,11.2729,-1875.34,1524.63,170.285
0.680232,0.12604,-0.722079,156.555,33.023,-167.038,232.265,51.9181,-248.508,157.325,29.1372,-167,2377,437.37,-2522.65
0.680232,0.12604,-0.722079,236.139,52.9374,-252.691,315.708,75.0151,-338.909,157.325,29.1372,-167,2377,437.37,-2522.65
0.680232,0.12604,-0.722079,319.747,76.1945,-343.303,422.759,108.23,-455.956,157.325,29.1372,-167,2377,437.37,-2522.65
0.680232,0.12604,-0.722079,423.321,108.415,-456.573,628.341,183.8,-684.758,157.325,29.1372,-167,2377,437.37,-2522.65
0.680232,0.12604,-0.722079,629.004,184.07,-685.506,829.117,273.518,-914.498,157.325,29.1372,-167,2377,437.37,-2522.65
0.680232,0.12604,-0.722079,829.766,273.835,-915.252,986.539,355.857,-1100.12,157.325,29.1372,-167,2377,437.37,-2522.65
-0.145645,0.895128,-0.421347,-28.6703,157.41,-74.3409,-44.782,233.698,-110.569,-25.6855,157.925,-74.3363,-385.878,2385.9,-1122.9
-0.145645,0.895128,-0.421347,-45.6575,237.654,-112.451,-64.3003,317.999,-150.776,-25.6855,157.925,-74.3363,-385.878,2385.9,-1122.9
-0.145645,0.895128,-0.421347,-65.3076,322.147,-152.759,-92.1309,426.547,-202.851,-25.6855,157.925,-74.3363,-385.878,2385.9,-1122.9
-0.145645,0.895128,-0.421347,-92.2879,427.127,-203.13,-154.687,636.125,-304.512,-25.6855,157.925,-74.3363,-385.878,2385.9,-1122.9
-0.145645,0.895128,-0.421347,-154.912,636.812,-304.848,-228.208,842.755,-406.47,-25.6855,157.925,-74.3363,-385.878,2385.9,-1122.9
-0.145645,0.895128,-0.421347,-228.453,843.39,-406.786,-305.428,1029.76,-500.521,-25.6855,157.925,-74.3363,-385.878,2385.9,-1122.9
0.221138,-0.873599,-0.433501,42.1966,-154.336,-76.9883,64.9499,-228.938,-114.621,39.2533,-155.11,-76.9683,590.853,-2343.57,-1162.65
0.221138,-0.873599,-0.433501,66.1634,-232.78,-116.565,91.795,-311.173,-156.358,39.2533,-155.11,-76.9683,590.853,-2343.57,-1162.65
0.221138,-0.873599,-0.433501,93.1648,-315.221,-158.419,129.058,-416.796,-210.398,39.2533,-155.11,-76.9683,590.853,-2343.57,-1162.65
0.221138,-0.873599,-0.433501,129.287,-417.42,-210.719,209.893,-620.069,-315.954,39.2533,-155.11,-76.9683,590.853,-2343.57,-1162.65
0.221138,-0.873599,-0.433501,210.19,-620.764,-316.319,301.451,-819.386,-421.785,39.2533,-155.11,-76.9683,590.853,-2343.57,-1162.65
0.221138,-0.873599,-0.433501,301.764,-820.022,-422.127,394.98,-998.806,-519.421,39.2533,-155.11,-76.9683,590.853,-2343.57,-1162.65
-0.3326,0.941084,0.0611446,-55.8793,149.925,9.80417,-84.9348,222.252,14.622,-53.3072,150.859,9.80148,-803.401,2279.46,148.058
-0.3326,0.941084,0.0611446,-86.4861,226.018,14.8738,-118.624,302.016,19.9753,-53.3072,150.859,9.80148,-803.401,2279.46,148.058
-0.3326,0.941084,0.0611446,-120.306,305.892,20.2363,-164.396,404.248,26.8867,-53.3072,150.859,9.80148,-803.401,2279.46,148.058
-0.3326,0.941084,0.0611446,-164.643,404.78,26.9229,-260.742,600.509,40.3663,-53.3072,150.859,9.80148,-803.401,2279.46,148.058
-0.3326,0.941084,0.0611446,-261.071,601.14,40.4101,-366.39,792.437,53.8622,-53.3072,150.859,9.80148,-803.401,2279.46,148.058
-0.3326,0.941084,0.0611446,-366.766,793.082,53.9083,-471.805,964.983,66.3117,-53.3072,150.859,9.80148,-803.401,2279.46,148.058
0.286109,-0.949137,0.131453,48.8154,-152.371,21.2179,74.4969,-226,31.5919,46.1694,-153.194,21.2166,695.539,-2314.66,320.49
0.286109,-0.949137,0.131453,75.861,-229.802,32.1295,104.433,-307.165,43.1027,46.1694,-153.194,21.2166,695.539,-2314.66,320.49
0.286109,-0.949137,0.131453,105.95,-311.156,43.6707,145.443,-411.421,58.0038,46.1694,-153.194,21.2166,695.539,-2314.66,320.49
0.286109,-0.949137,0.131453,145.675,-411.987,58.0851,232.666,-611.898,87.0833,46.1694,-153.194,21.2166,695.539,-2314.66,320.49
0.286109,-0.949137,0.131453,232.98,-612.575,87.1825,329.487,-808.558,116.237,46.1694,-153.194,21.2166,695.539,-2314.66,320.49
0.286109,-0.949137,0.131453,329.798,-809.154,116.327,426.92,-985.635,143.127,46.1694,-153.194,21.2166,695.539,-2314.66,320.49
0.0589459,-0.976828,-0.205747,12.4224,-159.517,-33.6402,20.4282,-237.056,-50.0464,9.62823,-159.71,-33.6392,143.456,-2412.64,-508.141
0.0589459,-0.976828,-0.205747,20.8822,-241.097,-50.9023,30.8636,-322.97,-68.2631,9.62823,-159.71,-33.6392,143.456,-2412.64,-508.141
0.0589459,-0.976828,-0.205747,31.4193,-327.195,-69.1599,46.7775,-433.824,-91.8364,9.62823,-159.71,-33.6392,143.456,-2412.64,-508.141
0.0589459,-0.976828,-0.205747,46.8771,-434.462,-91.9724,85.6509,-649.086,-137.907,9.62823,-159.71,-33.6392,143.456,-2412.64,-508.141
0.0589459,-0.976828,-0.205747,85.7862,-649.745,-138.049,134.843,-862.602,-184.04,9.62823,-159.71,-33.6392,143.456,-2412.64,-508.141
0.0589459,-0.976828,-0.205747,135.019,-863.289,-184.189,189.231,-1057.28,-226.596,9.62823,-159.71,-33.6392,143.456,-2412.64,-508.141
0.161439,0.969897,-0.182311,23.5207,158.262,-29.6684,33.048,235.676,-44.0895,26.2797,157.827,-29.667,398.922,2383.75,-448.139
0.161439,0.969897,-0.182311,33.5031,239.67,-44.8323,42.0694,321.671,-60.0693,26.2797,157.827,-29.667,398.922,2383.75,-448.139
0.161439,0.969897,-0.182311,42.4751,325.944,-60.8624,51.3607,433.295,-80.7594,26.2797,157.827,-29.667,398.922,2383.75,-448.139
0.161439,0.969897,-0.182311,51.4073,433.949,-80.8805,61.7185,651.75,-121.166,26.2797,157.827,-29.667,398.922,2383.75,-448.139
0.161439,0.969897,-0.182311,61.7354,652.469,-121.299,61.6694,870.888,-161.663,26.2797,157.827,-29.667,398.922,2383.75,-448.139
0.161439,0.969897,-0.182311,61.6521,871.606,-161.795,52.3838,1072.8,-199.014,26.2797,157.827,-29.667,398.922,2383.75,-448.139
-0.667901,0.596088,-0.445633,-121.391,104.232,-79.6873,-182.006,153.244,-118.482,-119.366,106.545,-79.6469,-1801.64,1611.05,-1203.12
-0.667901,0.596088,-0.445633,-185.198,155.774,-120.509,-250.369,206.336,-161.564,-119.366,106.545,-79.6469,-1801.64,1611.05,-1203.12
-0.667901,0.596088,-0.445633,-253.767,208.916,-163.687,-340.441,272.92,-217.305,-119.366,106.545,-79.6469,-1801.64,1611.05,-1203.12
-0.667901,0.596088,-0.445633,-340.971,273.301,-217.63,-521.387,395.972,-326.15,-119.366,106.545,-79.6469,-1801.64,1611.05,-1203.12
-0.667901,0.596088,-0.445633,-521.96,396.34,-326.489,-708.882,509.633,-435.168,-119.366,106.545,-79.6469,-1801.64,1611.05,-1203.12
-0.667901,0.596088,-0.445633,-709.511,509.992,-435.528,-887.066,605.717,-535.82,-119.366,106.545,-79.6469,-1801.64,1611.05,-1203.12
0.381967,0.91183,0.150559,59.2645,148.619,24.3804,86.2457,221.753,36.2977,61.8279,147.571,24.3672,935.763,2228.4,368.081
0.381967,0.91183,0.150559,87.6192,225.581,36.9191,114.761,303.51,49.5279,61.8279,147.571,24.3672,935.763,2228.4,368.081
0.381967,0.91183,0.150559,116.112,307.509,50.1729,149.356,409.964,66.6306,61.8279,147.571,24.3672,935.763,2228.4,368.081
0.381967,0.91183,0.150559,149.553,410.595,66.7315,209.474,620.283,100.043,61.8279,147.571,24.3672,935.763,2228.4,368.081
0.381967,0.91183,0.150559,209.647,620.947,100.148,259.633,833.565,133.511,61.8279,147.571,24.3672,935.763,2228.4,368.081
0.381967,0.91183,0.150559,259.781,834.273,133.622,296.857,1032.23,164.378,61.8279,147.571,24.3672,935.763,2228.4,368.081
-0.638516,0.0805642,-0.76538,-168.947,16.4916,-201.922,-175.56,16.9414,-209.806,-158.74,20.0431,-190.281,-2397.48,305.763,-2874.32
-0.638516,0.0805642,-0.76538,-178.679,17.1485,-213.524,-237.082,20.4342,-283.097,-158.74,20.0431,-190.281,-2397.48,305.763,-2874.32
-0.638516,0.0805642,-0.76538,-241.12,20.6198,-287.906,-323.606,23.2215,-386.064,-158.74,20.0431,-190.281,-2397.48,305.763,-2874.32
-0.638516,0.0805642,-0.76538,-327.874,23.2944,-391.141,-435.746,23.1387,-519.447,-158.74,20.0431,-190.281,-2397.48,305.763,-2874.32
-0.638516,0.0805642,-0.76538,-436.371,23.1265,-520.19,-654.608,10.8956,-780.274,-158.74,20.0431,-190.281,-2397.48,305.763,-2874.32
-0.638516,0.0805642,-0.76538,-655.294,10.832,-781.093,-872.925,-17.4085,-1042.24,-158.74,20.0431,-190.281,-2397.48,305.763,-2874.32
-0.638516,0.0805642,-0.76538,-873.608,-17.5225,-1043.07,-891.938,-20.6457,-1065.19,-158.74,20.0431,-190.281,-2397.48,305.763,-2874.32
-0.638516,0.0805642,-0.76538,-892.077,-20.6703,-1065.36,-895.183,-21.2114,-1069.11,-158.74,20.0431,-190.281,-2397.48,305.763,-2874.32
-0.37175,-0.889692,0.265046,-59.0569,-148.702,43.9823,-85.9336,-221.93,65.4097,-61.6949,-147.627,43.9802,-933.801,-2229.22,664.349
-0.37175,-0.889692,0.265046,-87.2827,-225.712,66.5127,-114.245,-303.654,89.164,-61.6949,-147.627,43.9802,-933.801,-2229.22,664.349
-0.37175,-0.889692,0.265046,-115.601,-307.701,90.3359,-148.574,-410.294,119.927,-61.6949,-147.627,43.9802,-933.801,-2229.22,664.349
-0.37175,-0.889692,0.265046,-148.756,-410.885,120.097,-207.911,-620.745,179.968,-61.6949,-147.627,43.9802,-933.801,-2229.22,664.349
-0.37175,-0.889692,0.265046,-208.096,-621.469,180.173,-257.103,-834.392,240.119,-61.6949,-147.627,43.9802,-933.801,-2229.22,664.349
-0.37175,-0.889692,0.265046,-257.24,-835.06,240.306,-293.209,-1033.31,295.604,-61.6949,-147.627,43.9802,-933.801,-2229.22,664.349
-0.384937,-0.0873389,0.918801,-362.239,-122.994,892.08,-367.613,-125.478,905.862,-156.039,-35.3803,372.436,-2358.15,-529.634,5625.89
-0.384937,-0.0873389,0.918801,-378.601,-130.621,934.102,-390.432,-136.257,964.606,-156.039,-35.3803,372.436,-2358.15,-529.634,5625.89
-0.492426,-0.684095,0.538081,-90.817,-131.728,102.15,-133.142,-197.195,151.99,-93.4822,-129.85,102.14,-1413.98,-1960.12,1542.88
-0.492426,-0.684095,0.538081,-135.315,-200.633,154.591,-178.63,-270.875,207.359,-93.4822,-129.85,102.14,-1413.98,-1960.12,1542.88
-0.492426,-0.684095,0.538081,-180.812,-274.501,210.065,-235.053,-367.651,278.993,-93.4822,-129.85,102.14,-1413.98,-1960.12,1542.88
-0.492426,-0.684095,0.538081,-235.356,-368.187,279.387,-337.183,-561.135,418.95,-93.4822,-129.85,102.14,-1413.98,-1960.12,1542.88
-0.492426,-0.684095,0.538081,-337.509,-561.796,419.422,-428.639,-760.624,559.312,-93.4822,-129.85,102.14,-1413.98,-1960.12,1542.88
-0.492426,-0.684095,0.538081,-428.913,-761.27,559.76,-503.083,-949.052,688.872,-93.4822,-129.85,102.14,-1413.98,-1960.12,1542.88
0.942616,0.184691,-0.278144,156.442,33.5537,-46.3398,232.219,51.8835,-69.02,157.016,30.7553,-46.3312,2372.22,462.59,-699.862
0.942616,0.184691,-0.278144,236.153,52.8732,-70.2002,315.976,73.7683,-94.2046,157.016,30.7553,-46.3312,2372.22,462.59,-699.862
0.942616,0.184691,-0.278144,320.057,74.8798,-95.4353,423.695,104.472,-126.794,157.016,30.7553,-46.3312,2372.22,462.59,-699.862
0.942616,0.184691,-0.278144,424.269,104.643,-126.968,631.633,172.116,-190.407,157.016,30.7553,-46.3312,2372.22,462.59,-699.862
0.942616,0.184691,-0.278144,632.314,172.356,-190.617,836.469,249.99,-254.169,157.016,30.7553,-46.3312,2372.22,462.59,-699.862
0.942616,0.184691,-0.278144,837.173,250.278,-254.391,1021.96,330.678,-313.043,157.016,30.7553,-46.3312,2372.22,462.59,-699.862
0.373136,-0.922699,-0.096936,62.5187,-147.28,-15.5839,94.772,-218.21,-23.1249,59.9758,-148.334,-15.5831,904.16,-2241.41,-235.393
0.373136,-0.922699,-0.096936,96.5017,-221.927,-23.5216,132.012,-296.41,-31.5046,59.9758,-148.334,-15.5831,904.16,-2241.41,-235.393
0.373136,-0.922699,-0.096936,133.866,-300.206,-31.9132,182.295,-396.444,-42.3328,59.9758,-148.334,-15.5831,904.16,-2241.41,-235.393
0.373136,-0.922699,-0.096936,182.588,-397.009,-42.3944,287.381,-588.171,-63.4868,59.9758,-148.334,-15.5831,904.16,-2241.41,-235.393
0.373136,-0.922699,-0.096936,287.762,-588.829,-63.5605,401.628,-775.165,-84.6846,59.9758,-148.334,-15.5831,904.16,-2241.41,-235.393
0.373136,-0.922699,-0.096936,402.036,-775.799,-84.7576,514.747,-942.749,-104.249,59.9758,-148.334,-15.5831,904.16,-2241.41,-235.393
-0.10469,-0.379807,0.919123,-62.6165,-377.391,894.314,-62.9063,-382.315,905.824,-42.539,-154.241,373.275,-647.337,-2328.6,5638.55
-0.10469,-0.379807,0.919123,-63.6136,-395.416,936.436,-64.1818,-407.457,964.561,-42.539,-154.241,373.275,-647.337,-2328.6,5638.55
0.425725,0.894471,0.136676,66.2557,145.637,22.0798,96.7034,217.418,32.8683,68.7697,144.467,22.0753,1040.58,2181.42,333.462
0.425725,0.894471,0.136676,98.2507,221.158,33.4282,129.062,297.634,44.8374,68.7697,144.467,22.0753,1040.58,2181.42,333.462
0.425725,0.894471,0.136676,130.628,301.629,45.4311,168.74,402.414,60.3363,68.7697,144.467,22.0753,1040.58,2181.42,333.462
0.425725,0.894471,0.136676,168.953,403,60.4226,238.816,609.522,90.5862,68.7697,144.467,22.0753,1040.58,2181.42,333.462
0.425725,0.894471,0.136676,239.039,610.236,90.6897,299.205,820.233,120.91,68.7697,144.467,22.0753,1040.58,2181.42,333.462
0.425725,0.894471,0.136676,299.378,820.896,121.005,345.994,1016.86,148.889,68.7697,144.467,22.0753,1040.58,2181.42,333.462
0.849903,0.150821,-0.504895,156.953,31.078,-93.5971,232.989,48.5016,-139.359,157.541,27.9458,-93.5877,2380.14,419.92,-1413.7
0.849903,0.150821,-0.504895,236.896,49.4385,-141.716,316.915,69.5366,-190.117,157.541,27.9458,-93.5877,2380.14,419.92,-1413.7
0.849903,0.150821,-0.504895,321.025,70.6163,-192.61,424.884,99.4423,-255.843,157.541,27.9458,-93.5877,2380.14,419.92,-1413.7
0.849903,0.150821,-0.504895,425.478,99.6158,-256.206,633.137,166.437,-384.188,157.541,27.9458,-93.5877,2380.14,419.92,-1413.7
0.849903,0.150821,-0.504895,633.833,166.682,-384.621,838.046,244.87,-512.916,157.541,27.9458,-93.5877,2380.14,419.92,-1413.7
0.849903,0.150821,-0.504895,838.692,245.138,-513.327,1023.07,327.027,-631.678,157.541,27.9458,-93.5877,2380.14,419.92,-1413.7
-0.0757988,0.994268,-0.075408,-14.8942,159.305,-12.1095,-24.1212,236.693,-18.0597,-12.1533,159.538,-12.0997,-181.638,2410.06,-182.774
-0.0757988,0.994268,-0.075408,-24.6402,240.742,-18.3714,-35.8795,322.412,-24.6644,-12.1533,159.538,-12.0997,-181.638,2410.06,-182.774
-0.0757988,0.994268,-0.075408,-36.5054,326.667,-24.9926,-53.4729,433.104,-33.2195,-12.1533,159.538,-12.0997,-181.638,2410.06,-182.774
-0.0757988,0.994268,-0.075408,-53.5728,433.687,-33.2647,-95.4121,647.665,-49.9254,-12.1533,159.538,-12.0997,-181.638,2410.06,-182.774
-0.0757988,0.994268,-0.075408,-95.5689,648.378,-49.9812,-147.48,860.474,-66.6721,-12.1533,159.538,-12.0997,-181.638,2410.06,-182.774
-0.0757988,0.994268,-0.075408,-147.681,861.213,-66.7305,-204.35,1054.51,-82.1045,-12.1533,159.538,-12.0997,-181.638,2410.06,-182.774
-0.466395,-0.0176785,-0.8844,-254.566,-24.5817,-484.965,-257.747,-25.0806,-491.068,-159.886,-6.04084,-303.182,-2415.33,-87.0855,-4579.75
-0.466395,-0.0176785,-0.8844,-268.169,-26.7493,-511.074,-281.197,-28.9081,-536.104,-159.886,-6.04084,-303.182,-2415.33,-87.0855,-4579.75
-0.466395,-0.0176785,-0.8844,-281.761,-29.0034,-537.189,-322.443,-36.2781,-615.53,-159.886,-6.04084,-303.182,-2415.33,-87.0855,-4579.75
-0.466395,-0.0176785,-0.8844,-326.603,-37.067,-623.558,-432.236,-59.9275,-828.482,-159.886,-6.04084,-303.182,-2415.33,-87.0855,-4579.75
-0.466395,-0.0176785,-0.8844,-432.835,-60.0726,-829.649,-513.611,-81.3222,-988.055,-159.886,-6.04084,-303.182,-2415.33,-87.0855,-4579.75
0.0928606,0.600885,-0.793923,21.8274,178.168,-234.416,22.3317,183.74,-241.72,24.4511,158.121,-208.921,372.511,2388.02,-3155.89
0.0928606,0.600885,-0.793923,22.6996,187.884,-247.151,26.5535,236.486,-310.793,24.4511,158.121,-208.921,372.511,2388.02,-3155.89
0.0928606,0.600885,-0.793923,26.8346,240.508,-316.055,31.3399,322.955,-423.841,24.4511,158.121,-208.921,372.511,2388.02,-3155.89
0.0928606,0.600885,-0.793923,31.5063,327.187,-429.369,33.6232,435.102,-570.285,24.4511,158.121,-208.921,372.511,2388.02,-3155.89
0.0928606,0.600885,-0.793923,33.6235,435.688,-571.05,25.3002,654.187,-856.522,24.4511,158.121,-208.921,372.511,2388.02,-3155.89
0.0928606,0.600885,-0.793923,25.2453,654.897,-857.451,10.512,798.59,-1046,24.4511,158.121,-208.921,372.511,2388.02,-3155.89
0.811921,0.583593,-0.014303,128.301,95.5974,-2.29295,189.65,143.705,-3.41153,129.926,93.377,-2.28872,1963.75,1408.94,-34.5726
0.811921,0.583593,-0.014303,192.819,146.236,-3.46992,256.789,198.296,-4.65666,129.926,93.377,-2.28872,1963.75,1408.94,-34.5726
0.811921,0.583593,-0.014303,260.07,201.016,-4.71801,342.152,270.768,-6.26796,129.926,93.377,-2.28872,1963.75,1408.94,-34.5726
0.811921,0.583593,-0.014303,342.646,271.197,-6.27739,503.781,418.144,-9.41475,129.926,93.377,-2.28872,1963.75,1408.94,-34.5726
0.811921,0.583593,-0.014303,504.272,418.613,-9.42451,658.587,573.164,-12.5608,129.926,93.377,-2.28872,1963.75,1408.94,-34.5726
0.811921,0.583593,-0.014303,659.08,573.682,-12.571,794.801,722.455,-15.4586,129.926,93.377,-2.28872,1963.75,1408.94,-34.5726
0.345099,-0.199471,-0.917125,331.904,-150.906,-839.9,334.886,-151.921,-847.145,138.513,-80.0883,-368.139,2089.88,-1214.01,-5560.97
0.345099,-0.199471,-0.917125,349.006,-156.651,-881.398,359.122,-159.964,-905.884,138.513,-80.0883,-368.139,2089.88,-1214.01,-5560.97
0.345099,-0.199471,-0.917125,366.17,-162.234,-922.914,385.034,-168.16,-968.392,138.513,-80.0883,-368.139,2089.88,-1214.01,-5560.97
-0.836329,0.415464,0.357691,-144.573,68.5459,61.2893,-215.911,100.03,91.1975,-143.289,71.1925,61.2851,-2163.54,1077.27,925.75
-0.836329,0.415464,0.357691,-219.626,101.629,92.7489,-295.739,133.48,124.393,-143.289,71.1925,61.2851,-2163.54,1077.27,925.75
-0.836329,0.415464,0.357691,-299.663,135.077,126.018,-399.985,174.408,167.344,-143.289,71.1925,61.2851,-2163.54,1077.27,925.75
-0.836329,0.415464,0.357691,-400.573,174.63,167.585,-606.423,246.573,251.204,-143.289,71.1925,61.2851,-2163.54,1077.27,925.75
-0.836329,0.415464,0.357691,-607.137,246.803,251.491,-816.784,308.462,335.282,-143.289,71.1925,61.2851,-2163.54,1077.27,925.75
-0.836329,0.415464,0.357691,-817.458,308.642,335.549,-1013.34,356.104,412.828,-143.289,71.1925,61.2851,-2163.54,1077.27,925.75
0.14462,-0.897939,0.415681,28.4114,-157.457,73.1342,44.3676,-233.803,108.831,25.4315,-157.966,73.1262,382.047,-2386.51,1104.62
0.14462,-0.897939,0.415681,45.2291,-237.736,110.674,63.7019,-318.156,148.443,25.4315,-157.966,73.1262,382.047,-2386.51,1104.62
0.14462,-0.897939,0.415681,64.6912,-322.271,150.381,91.2554,-426.691,199.699,25.4315,-157.966,73.1262,382.047,-2386.51,1104.62
0.14462,-0.897939,0.415681,91.4222,-427.313,199.994,153.319,-636.506,299.872,25.4315,-157.966,73.1262,382.047,-2386.51,1104.62
0.14462,-0.897939,0.415681,153.527,-637.147,300.181,226.247,-843.246,400.232,25.4315,-157.966,73.1262,382.047,-2386.51,1104.62
0.14462,-0.897939,0.415681,226.503,-843.916,400.561,302.92,-1030.46,492.855,25.4315,-157.966,73.1262,382.047,-2386.51,1104.62
0.363816,0.674588,0.642315,72.7909,142.483,134.103,105.959,213.09,199.451,75.9596,140.82,134.088,1149.65,2125.96,2025.48
0.363816,0.674588,0.642315,107.627,216.75,202.82,140.953,292.241,271.96,75.9596,140.82,134.088,1149.65,2125.96,2025.48
0.363816,0.674588,0.642315,142.621,296.147,275.518,183.408,395.938,365.846,75.9596,140.82,134.088,1149.65,2125.96,2025.48
0.363816,0.674588,0.642315,183.637,396.525,366.374,256.936,602.193,549.307,75.9596,140.82,134.088,1149.65,2125.96,2025.48
0.363816,0.674588,0.642315,257.142,602.831,549.869,317.887,813.13,733.226,75.9596,140.82,134.088,1149.65,2125.96,2025.48
0.363816,0.674588,0.642315,318.068,813.837,733.837,362.626,1011.03,903.161,75.9596,140.82,134.088,1149.65,2125.96,2025.48
-0.208857,-0.474382,0.855184,-78.8869,-203.762,360.691,-80.5341,-208.677,369.243,-64.4877,-146.429,263.984,-977.56,-2210.38,3987.65
-0.208857,-0.474382,0.855184,-81.9798,-213.02,376.794,-85.0308,-222.274,392.872,-64.4877,-146.429,263.984,-977.56,-2210.38,3987.65
-0.208857,-0.474382,0.855184,-86.279,-226.097,399.507,-110.506,-305.056,535.801,-64.4877,-146.429,263.984,-977.56,-2210.38,3987.65
-0.208857,-0.474382,0.855184,-111.681,-309.146,542.822,-139.088,-413.595,721.018,-64.4877,-146.429,263.984,-977.56,-2210.38,3987.65
-0.208857,-0.474382,0.855184,-139.234,-414.208,722.057,-173.303,-583.591,1007.18,-64.4877,-146.429,263.984,-977.56,-2210.38,3987.65
-0.966681,-0.22464,0.122739,-155.202,-38.8893,19.7898,-230.353,-59.7401,29.4125,-155.849,-36.2072,19.7879,-2354.65,-545.023,298.909
-0.966681,-0.22464,0.122739,-234.225,-60.8512,29.9096,-313.284,-84.3393,40.0873,-155.849,-36.2072,19.7879,-2354.65,-545.023,298.909
-0.966681,-0.22464,0.122739,-317.361,-85.5919,40.6134,-420,-118.493,53.9139,-155.849,-36.2072,19.7879,-2354.65,-545.023,298.909
-0.966681,-0.22464,0.122739,-420.559,-118.679,53.9866,-625.727,-192.509,80.9009,-155.849,-36.2072,19.7879,-2354.65,-545.023,298.909
-0.966681,-0.22464,0.122739,-626.393,-192.767,80.989,-828.151,-276.333,107.928,-155.849,-36.2072,19.7879,-2354.65,-545.023,298.909
-0.966681,-0.22464,0.122739,-828.836,-276.636,108.02,-1011.27,-362.095,132.878,-155.849,-36.2072,19.7879,-2354.65,-545.023,298.909
-0.427871,0.888337,-0.166684,-71.92,142.925,-27.0563,-108.82,211.564,-40.2176,-69.4224,144.155,-27.0478,-1046.89,2178.4,-408.574
-0.427871,0.888337,-0.166684,-110.79,215.15,-40.9086,-151.171,287.077,-54.8409,-69.4224,144.155,-27.0478,-1046.89,2178.4,-408.574
-0.427871,0.888337,-0.166684,-153.289,290.768,-55.5597,-208.064,383.58,-73.7581,-69.4224,144.155,-27.0478,-1046.89,2178.4,-408.574
-0.427871,0.888337,-0.166684,-208.379,384.1,-73.8607,-325.785,567.834,-110.671,-69.4224,144.155,-27.0478,-1046.89,2178.4,-408.574
-0.427871,0.888337,-0.166684,-326.193,568.441,-110.794,-452.369,746.675,-147.656,-69.4224,144.155,-27.0478,-1046.89,2178.4,-408.574
-0.427871,0.888337,-0.166684,-452.828,747.291,-147.786,-576.572,906.2,-181.799,-69.4224,144.155,-27.0478,-1046.89,2178.4,-408.574
0.442976,0.599902,-0.66625,92.0651,130.859,-142.96,134.725,196.118,-212.68,95.0527,128.705,-142.948,1437.93,1942.62,-2159.31
0.442976,0.599902,-0.66625,136.91,199.548,-216.317,180.38,269.687,-290.118,95.0527,128.705,-142.948,1437.93,1942.62,-2159.31
0.442976,0.599902,-0.66625,182.576,273.331,-293.924,236.759,366.568,-390.386,95.0527,128.705,-142.948,1437.93,1942.62,-2159.31
0.442976,0.599902,-0.66625,237.055,367.096,-390.927,337.798,560.78,-586.23,95.0527,128.705,-142.948,1437.93,1942.62,-2159.31
0.442976,0.599902,-0.66625,338.112,561.433,-586.879,426.74,761.677,-782.798,95.0527,128.705,-142.948,1437.93,1942.62,-2159.31
0.442976,0.599902,-0.66625,427.008,762.339,-783.437,497.54,951.919,-964.325,95.0527,128.705,-142.948,1437.93,1942.62,-2159.31
0.718412,-0.497474,-0.486214,133.299,-88.4944,-89.0315,199.491,-129.687,-132.521,131.535,-91.096,-89.0258,1985.65,-1377.89,-1344.79
0.718412,-0.497474,-0.486214,202.961,-131.798,-134.787,273.894,-173.927,-180.805,131.535,-91.096,-89.0258,1985.65,-1377.89,-1344.79
0.718412,-0.497474,-0.486214,277.573,-176.059,-183.177,371.52,-228.813,-243.278,131.535,-91.096,-89.0258,1985.65,-1377.89,-1344.79
0.718412,-0.497474,-0.486214,372.096,-229.127,-243.644,566.448,-328.273,-365.379,131.535,-91.096,-89.0258,1985.65,-1377.89,-1344.79
0.718412,-0.497474,-0.486214,567.071,-328.57,-365.764,766.853,-417.318,-487.767,131.535,-91.096,-89.0258,1985.65,-1377.89,-1344.79
0.718412,-0.497474,-0.486214,767.534,-417.599,-488.178,955.91,-489.871,-600.784,131.535,-91.096,-89.0258,1985.65,-1377.89,-1344.79
0.165236,-0.589762,0.790492,53.8466,-171.233,231.743,56.3949,-178.494,241.674,43.1513,-154.071,206.505,648.769,-2328.2,3119.4
0.165236,-0.589762,0.790492,57.0804,-180.437,244.334,73.7212,-226.273,307.274,43.1513,-154.071,206.505,648.769,-2328.2,3119.4
0.165236,-0.589762,0.790492,75.1293,-230.043,312.468,105.194,-306.962,419.074,43.1513,-154.071,206.505,648.769,-2328.2,3119.4
0.165236,-0.589762,0.790492,106.79,-310.869,424.522,149.528,-409.923,563.789,43.1513,-154.071,206.505,648.769,-2328.2,3119.4
0.165236,-0.589762,0.790492,149.793,-410.508,564.617,247.729,-605.999,846.939,43.1513,-154.071,206.505,648.769,-2328.2,3119.4
0.165236,-0.589762,0.790492,248.07,-606.621,847.855,327.175,-741.599,1049.85,43.1513,-154.071,206.505,648.769,-2328.2,3119.4
-0.8228,-0.1947,0.53394,-154.922,-39.9897,101.048,-229.839,-61.663,150.345,-155.703,-36.833,101.039,-2352.52,-554.146,1526.25
-0.8228,-0.1947,0.53394,-233.703,-62.8245,152.896,-312.429,-87.4349,205.036,-155.703,-36.833,101.039,-2352.52,-554.146,1526.25
-0.8228,-0.1947,0.53394,-316.491,-88.7538,207.735,-418.505,-123.486,275.863,-155.703,-36.833,101.039,-2352.52,-554.146,1526.25
-0.8228,-0.1947,0.53394,-419.109,-123.702,276.268,-622.596,-202.53,414.266,-155.703,-36.833,101.039,-2352.52,-554.146,1526.25
-0.8228,-0.1947,0.53394,-623.22,-202.792,414.694,-822.445,-292.95,552.983,-155.703,-36.833,101.039,-2352.52,-554.146,1526.25
-0.8228,-0.1947,0.53394,-823.099,-293.268,553.442,-1002.3,-386.179,681.097,-155.703,-36.833,101.039,-2352.52,-554.146,1526.25
-0.321565,0.251977,0.912745,-291.157,188.132,775.763,-296.188,190.76,788.451,-125.927,98.7038,357.475,-1899.26,1494.73,5399.89
-0.321565,0.251977,0.912745,-307.163,196.428,816.06,-319.545,202.712,847.096,-125.927,98.7038,357.475,-1899.26,1494.73,5399.89
-0.321565,0.251977,0.912745,-323.256,204.573,856.377,-368.355,226.402,968.38,-125.927,98.7038,357.475,-1899.26,1494.73,5399.89
-0.873913,-0.465596,0.139629,-139.883,-77.6713,22.555,-207.059,-117.25,33.5182,-141.214,-75.2242,22.5616,-2134.05,-1134.57,340.807
-0.873913,-0.465596,0.139629,-210.529,-119.337,34.0876,-280.788,-162.476,45.6791,-141.214,-75.2242,22.5616,-2134.05,-1134.57,340.807
-0.873913,-0.465596,0.139629,-284.427,-164.757,46.283,-375.016,-223.088,61.4252,-141.214,-75.2242,22.5616,-2134.05,-1134.57,340.807
-0.873913,-0.465596,0.139629,-375.541,-223.435,61.5137,-554.561,-347.856,92.1556,-141.214,-75.2242,22.5616,-2134.05,-1134.57,340.807
-0.873913,-0.465596,0.139629,-555.17,-348.301,92.2615,-728.445,-481.316,122.954,-141.214,-75.2242,22.5616,-2134.05,-1134.57,340.807
-0.873913,-0.465596,0.139629,-728.982,-481.749,123.051,-883.006,-611.554,151.345,-141.214,-75.2242,22.5616,-2134.05,-1134.57,340.807
0.884147,-0.0550878,0.46395,159.853,-6.85856,83.8072,237.854,-8.06576,124.673,159.69,-9.95997,83.7964,2412.07,-152.643,1265.8
0.884147,-0.0550878,0.46395,241.865,-8.08818,126.774,324.379,-7.68817,170.001,159.69,-9.95997,83.7964,2412.07,-152.643,1265.8
0.884147,-0.0550878,0.46395,328.612,-7.62342,172.218,436.297,-4.51493,228.654,159.69,-9.95997,83.7964,2412.07,-152.643,1265.8
0.884147,-0.0550878,0.46395,436.96,-4.48708,229.002,654.607,10.4128,343.29,159.69,-9.95997,83.7964,2412.07,-152.643,1265.8
0.884147,-0.0550878,0.46395,655.3,10.4786,343.654,872.289,36.9132,458.157,159.69,-9.95997,83.7964,2412.07,-152.643,1265.8
0.884147,-0.0550878,0.46395,872.999,37.0189,458.533,1071.74,71.5699,564.186,159.69,-9.95997,83.7964,2412.07,-152.643,1265.8
-0.0760022,-0.962991,-0.258595,-9.74873,-159.703,-42.8261,-12.3962,-237.584,-63.6583,-12.598,-159.503,-42.8321,-192.308,-2409.24,-647.006
-0.0760022,-0.962991,-0.258595,-12.498,-241.677,-64.7529,-13.7598,-324.168,-86.8083,-12.598,-159.503,-42.8321,-192.308,-2409.24,-647.006
-0.0760022,-0.962991,-0.258595,-13.7839,-328.411,-87.9427,-13.0661,-436.203,-116.772,-12.598,-159.503,-42.8321,-192.308,-2409.24,-647.006
-0.0760022,-0.962991,-0.258595,-13.0552,-436.788,-116.928,-3.71934,-654.666,-175.253,-12.598,-159.503,-42.8321,-192.308,-2409.24,-647.006
-0.0760022,-0.962991,-0.258595,-3.6719,-655.373,-175.443,16.2325,-872.889,-233.85,-12.598,-159.503,-42.8321,-192.308,-2409.24,-647.006
-0.0760022,-0.962991,-0.258595,16.3186,-873.631,-234.05,44.042,-1073.24,-287.926,-12.598,-159.503,-42.8321,-192.308,-2409.24,-647.006
0.403316,-0.794239,0.454445,75.1696,-141.243,81.6286,113.764,-209,121.397,72.4341,-142.665,81.6269,1092.21,-2156.03,1233.03
0.403316,-0.794239,0.454445,115.801,-212.495,123.46,158.08,-283.345,165.537,72.4341,-142.665,81.6269,1092.21,-2156.03,1233.03
0.403316,-0.794239,0.454445,160.292,-286.967,167.702,217.694,-378.147,222.65,72.4341,-142.665,81.6269,1092.21,-2156.03,1233.03
0.403316,-0.794239,0.454445,218.049,-378.694,222.982,341.425,-558.627,334.252,72.4341,-142.665,81.6269,1092.21,-2156.03,1233.03
0.403316,-0.794239,0.454445,341.826,-559.18,334.6,474.696,-732.732,446.098,72.4341,-142.665,81.6269,1092.21,-2156.03,1233.03
0.403316,-0.794239,0.454445,475.154,-733.298,446.47,605.742,-887.041,549.381,72.4341,-142.665,81.6269,1092.21,-2156.03,1233.03
-0.827613,-0.561057,0.0164618,-130.873,-92.0451,2.64323,-193.465,-138.526,3.95802,-132.441,-89.7738,2.63425,-2001.7,-1354.48,39.7919
-0.827613,-0.561057,0.0164618,-196.699,-140.973,4.02635,-262.017,-191.334,5.41754,-132.441,-89.7738,2.63425,-2001.7,-1354.48,39.7919
-0.827613,-0.561057,0.0164618,-265.368,-193.968,5.48944,-349.241,-261.532,7.30655,-132.441,-89.7738,2.63425,-2001.7,-1354.48,39.7919
-0.827613,-0.561057,0.0164618,-349.759,-261.96,7.31787,-514.701,-404.625,10.9821,-132.441,-89.7738,2.63425,-2001.7,-1354.48,39.7919
-0.827613,-0.561057,0.0164618,-515.205,-405.082,10.9935,-673.525,-555.533,14.6586,-132.441,-89.7738,2.63425,-2001.7,-1354.48,39.7919
-0.827613,-0.561057,0.0164618,-674.032,-556.038,14.6706,-813.619,-701.193,18.0426,-132.441,-89.7738,2.63425,-2001.7,-1354.48,39.7919
0.240776,-0.955089,-0.17272,41.7995,-154.444,-28.0537,64.0767,-229.112,-41.735,39.1029,-155.148,-28.0569,588.759,-2344.09,-423.817
0.240776,-0.955089,-0.17272,65.2829,-233.028,-42.4546,90.3012,-311.612,-56.939,39.1029,-155.148,-28.0569,588.759,-2344.09,-423.817
0.240776,-0.955089,-0.17272,91.6348,-315.669,-57.689,126.528,-417.609,-76.6141,39.1029,-155.148,-28.0569,588.759,-2344.09,-423.817
0.240776,-0.955089,-0.17272,126.738,-418.201,-76.7244,204.618,-621.833,-115.023,39.1029,-155.148,-28.0569,588.759,-2344.09,-423.817
0.240776,-0.955089,-0.17272,204.903,-622.529,-115.155,292.54,-822.629,-153.507,39.1029,-155.148,-28.0569,588.759,-2344.09,-423.817
0.240776,-0.955089,-0.17272,292.831,-823.254,-153.628,381.992,-1003.88,-188.988,39.1029,-155.148,-28.0569,588.759,-2344.09,-423.817
0.723456,0.689363,-0.0372912,113.943,112.325,-5.97979,168.071,168.428,-8.8022,115.84,110.368,-5.97075,1751.17,1665.77,-90.1919
0.723456,0.689363,-0.0372912,170.865,171.375,-8.94922,227.045,231.749,-11.9336,115.84,110.368,-5.97075,1751.17,1665.77,-90.1919
0.723456,0.689363,-0.0372912,229.924,234.901,-12.088,301.602,315.296,-15.9812,115.84,110.368,-5.97075,1751.17,1665.77,-90.1919
0.723456,0.689363,-0.0372912,302.038,315.797,-16.0052,441.38,483.54,-23.8902,115.84,110.368,-5.97075,1751.17,1665.77,-90.1919
0.723456,0.689363,-0.0372912,441.808,484.08,-23.9152,573.356,658.408,-31.8179,115.84,110.368,-5.97075,1751.17,1665.77,-90.1919
0.723456,0.689363,-0.0372912,573.778,658.996,-31.8441,687.722,825.026,-39.1374,115.84,110.368,-5.97075,1751.17,1665.77,-90.1919
-0.101944,0.749789,0.653776,-25.124,158.015,138.242,-39.9543,234.62,205.789,-21.5439,158.543,138.239,-322.887,2395.23,2088.19
-0.101944,0.749789,0.653776,-40.761,238.543,209.255,-58.3868,319.201,280.724,-21.5439,158.543,138.239,-322.887,2395.23,2088.19
-0.101944,0.749789,0.653776,-59.3348,323.3,284.366,-85.2952,427.919,377.669,-21.5439,158.543,138.239,-322.887,2395.23,2088.19
-0.101944,0.749789,0.653776,-85.4613,428.545,378.23,-147.815,637.788,567.278,-21.5439,158.543,138.239,-322.887,2395.23,2088.19
-0.101944,0.749789,0.653776,-148.034,638.446,567.879,-223.503,844.016,757.508,-21.5439,158.543,138.239,-322.887,2395.23,2088.19
-0.101944,0.749789,0.653776,-223.758,844.648,758.099,-304.698,1030.01,933.278,-21.5439,158.543,138.239,-322.887,2395.23,2088.19
-0.579211,0.0241233,-0.814821,-189.246,1.25845,-266.071,-194.613,1.10152,-273.619,-159.861,6.67373,-224.889,-2414.65,104.164,-3397.09
-0.579211,0.0241233,-0.814821,-198.998,0.965445,-279.784,-237.979,-0.558342,-334.618,-159.861,6.67373,-224.889,-2414.65,104.164,-3397.09
-0.579211,0.0241233,-0.814821,-241.999,-0.747547,-340.274,-324.41,-5.94821,-456.35,-159.861,6.67373,-224.889,-2414.65,104.164,-3397.09
-0.579211,0.0241233,-0.814821,-328.64,-6.28314,-462.315,-436.035,-17.0254,-613.998,-159.861,6.67373,-224.889,-2414.65,104.164,-3397.09
-0.579211,0.0241233,-0.814821,-436.649,-17.0991,-614.866,-652.625,-52.0195,-922.391,-159.861,6.67373,-224.889,-2414.65,104.164,-3397.09
-0.579211,0.0241233,-0.814821,-653.305,-52.1578,-923.365,-730.567,-69.0723,-1034.52,-159.861,6.67373,-224.889,-2414.65,104.164,-3397.09
-0.514378,-0.853972,0.0784003,-80.1918,-138.453,12.5852,-117.458,-206.901,18.7472,-82.5625,-137.053,12.5828,-1248.83,-2069.26,190.071
-0.514378,-0.853972,0.0784003,-119.38,-210.505,19.07,-157.529,-283.697,25.595,-82.5625,-137.053,12.5828,-1248.83,-2069.26,190.071
-0.514378,-0.853972,0.0784003,-159.437,-287.443,25.9275,-207.177,-384.005,34.4512,-82.5625,-137.053,12.5828,-1248.83,-2069.26,190.071
-0.514378,-0.853972,0.0784003,-207.46,-384.597,34.5032,-297.176,-583.313,51.76,-82.5625,-137.053,12.5828,-1248.83,-2069.26,190.071
-0.514378,-0.853972,0.0784003,-297.462,-583.989,51.8181,-377.919,-787.089,69.1082,-82.5625,-137.053,12.5828,-1248.83,-2069.26,190.071
-0.514378,-0.853972,0.0784003,-378.151,-787.717,69.1611,-443.797,-978.156,85.0998,-82.5625,-137.053,12.5828,-1248.83,-2069.26,190.071
0.235272,-0.951239,0.199479,41.1303,-154.623,32.5681,63.1063,-229.429,48.3787,38.4066,-155.322,32.5712,578.229,-2346.71,492.008
0.235272,-0.951239,0.199479,64.2832,-233.306,49.2005,88.995,-312.019,65.9326,38.4066,-155.322,32.5712,578.229,-2346.71,492.008
0.235272,-0.951239,0.199479,90.3033,-316.052,66.7926,124.804,-418.137,88.6448,38.4066,-155.322,32.5712,578.229,-2346.71,492.008
0.235272,-0.951239,0.199479,125.009,-418.721,88.7702,202.142,-622.652,132.976,38.4066,-155.322,32.5712,578.229,-2346.71,492.008
0.235272,-0.951239,0.199479,202.422,-623.34,133.127,289.351,-823.68,177.412,38.4066,-155.322,32.5712,578.229,-2346.71,492.008
0.235272,-0.951239,0.199479,289.67,-824.371,177.566,378.293,-1005.29,218.434,38.4066,-155.322,32.5712,578.229,-2346.71,492.008
-0.0242815,0.884267,-0.466351,-7.48446,159.825,-84.3555,-13.3366,237.598,-125.571,-4.38155,159.94,-84.3501,-63.9878,2416.05,-1274.16
-0.0242815,0.884267,-0.466351,-13.6789,241.613,-127.701,-21.5381,323.702,-171.278,-4.38155,159.94,-84.3501,-63.9878,2416.05,-1274.16
-0.0242815,0.884267,-0.466351,-21.9912,327.964,-173.542,-34.8392,434.982,-230.5,-4.38155,159.94,-84.3501,-63.9878,2416.05,-1274.16
-0.0242815,0.884267,-0.466351,-34.9198,435.586,-230.822,-69.4959,650.956,-346.099,-4.38155,159.94,-84.3501,-63.9878,2416.05,-1274.16
-0.0242815,0.884267,-0.466351,-69.6307,651.674,-346.485,-115.692,865.401,-462.041,-4.38155,159.94,-84.3501,-63.9878,2416.05,-1274.16
-0.0242815,0.884267,-0.466351,-115.854,866.069,-462.404,-168.359,1060.81,-569.016,-4.38155,159.94,-84.3501,-63.9878,2416.05,-1274.16
0.270005,0.883365,0.383097,43.9242,153.853,66.3595,63.1923,229.402,98.6758,46.7784,153.009,66.3581,708.63,2310.68,1002.38
0.270005,0.883365,0.383097,64.1573,233.341,100.357,82.989,313.702,134.568,46.7784,153.009,66.3581,708.63,2310.68,1002.38
0.270005,0.883365,0.383097,83.9082,317.81,136.312,106.065,423.263,180.964,46.7784,153.009,66.3581,708.63,2310.68,1002.38
0.270005,0.883365,0.383097,106.187,423.885,181.227,142.918,638.838,271.606,46.7784,153.009,66.3581,708.63,2310.68,1002.38
0.270005,0.883365,0.383097,143.026,639.586,271.92,168.858,856.593,362.515,46.7784,153.009,66.3581,708.63,2310.68,1002.38
0.270005,0.883365,0.383097,168.924,857.299,362.809,182.978,1058.39,446.376,46.7784,153.009,66.3581,708.63,2310.68,1002.38
-0.0655781,-0.753932,0.653671,-10.2581,-159.671,138.213,-12.653,-237.59,205.625,-13.8767,-159.397,138.201,-212.177,-2407.57,2087.61
-0.0655781,-0.753932,0.653671,-12.7309,-241.665,209.149,-13.2996,-324.155,280.484,-13.8767,-159.397,138.201,-212.177,-2407.57,2087.61
-0.0655781,-0.753932,0.653671,-13.2767,-328.432,284.183,-10.9804,-436.203,377.419,-13.8767,-159.397,138.201,-212.177,-2407.57,2087.61
-0.0655781,-0.753932,0.653671,-10.9568,-436.846,377.976,3.8271,-654.688,566.897,-13.8767,-159.397,138.201,-212.177,-2407.57,2087.61
-0.0655781,-0.753932,0.653671,3.89482,-655.372,567.492,32.2075,-872.521,756.952,-13.8767,-159.397,138.201,-212.177,-2407.57,2087.61
-0.0655781,-0.753932,0.653671,32.3153,-873.186,757.535,70.4128,-1071.83,932.549,-13.8767,-159.397,138.201,-212.177,-2407.57,2087.61
-0.549261,-0.823556,-0.141662,-86.4612,-134.627,-22.9077,-126.894,-201.289,-34.0816,-88.7847,-133.106,-22.8968,-1342.78,-2009.56,-345.87
-0.549261,-0.823556,-0.141662,-128.965,-204.773,-34.6628,-170.426,-276.029,-46.4815,-88.7847,-133.106,-22.8968,-1342.78,-2009.56,-345.87
-0.549261,-0.823556,-0.141662,-172.554,-279.766,-47.0981,-224.726,-374.029,-62.5451,-88.7847,-133.106,-22.8968,-1342.78,-2009.56,-345.87
-0.549261,-0.823556,-0.141662,-225.027,-374.589,-62.6363,-323.808,-568.93,-93.8984,-88.7847,-133.106,-22.8968,-1342.78,-2009.56,-345.87
-0.549261,-0.823556,-0.141662,-324.137,-569.616,-94.0075,-413.795,-768.803,-125.34,-88.7847,-133.106,-22.8968,-1342.78,-2009.56,-345.87
-0.549261,-0.823556,-0.141662,-414.066,-769.446,-125.44,-488.314,-956.677,-154.363,-88.7847,-133.106,-22.8968,-1342.78,-2009.56,-345.87
0.831991,-0.0623219,0.551277,159.765,-8.67764,105.727,237.707,-10.481,157.249,159.552,-11.9625,105.72,2409.96,-183.027,1596.96
0.831991,-0.0623219,0.551277,241.771,-10.5323,159.934,324.246,-10.6565,214.434,159.552,-11.9625,105.72,2409.96,-183.027,1596.96
0.831991,-0.0623219,0.551277,328.529,-10.6153,217.264,436.287,-8.03129,288.492,159.552,-11.9625,105.72,2409.96,-183.027,1596.96
0.831991,-0.0623219,0.551277,436.91,-8.00769,288.904,654.612,6.36628,433.078,159.552,-11.9625,105.72,2409.96,-183.027,1596.96
0.831991,-0.0623219,0.551277,655.352,6.43604,433.569,872.458,33.0971,578.101,159.552,-11.9625,105.72,2409.96,-183.027,1596.96
0.831991,-0.0623219,0.551277,873.152,33.2023,578.565,1071.94,68.6268,711.998,159.552,-11.9625,105.72,2409.96,-183.027,1596.96
-0.71388,-0.608664,0.346272,-119.842,-106.009,59.0606,-176.769,-159.226,87.855,-121.759,-103.801,59.0571,-1840.6,-1566.4,892.094
-0.71388,-0.608664,0.346272,-179.733,-162.05,89.3677,-238.888,-219.525,119.845,-121.759,-103.801,59.0571,-1840.6,-1566.4,892.094
-0.71388,-0.608664,0.346272,-241.919,-222.528,121.422,-317.477,-299.341,161.238,-121.759,-103.801,59.0571,-1840.6,-1566.4,892.094
-0.71388,-0.608664,0.346272,-317.919,-299.803,161.475,-464.928,-460.84,242.054,-121.759,-103.801,59.0571,-1840.6,-1566.4,892.094
-0.71388,-0.608664,0.346272,-465.428,-461.416,242.335,-604.518,-629.942,323.098,-121.759,-103.801,59.0571,-1840.6,-1566.4,892.094
-0.71388,-0.608664,0.346272,-604.954,-630.498,323.359,-725.616,-791.937,397.867,-121.759,-103.801,59.0571,-1840.6,-1566.4,892.094
0.338556,-0.636404,-0.693087,78.4792,-139.431,-153.847,119.126,-206.014,-228.836,75.1344,-141.262,-153.837,1132.57,-2135.11,-2323.8
0.338556,-0.636404,-0.693087,121.265,-209.425,-232.705,166.002,-278.748,-312.009,75.1344,-141.262,-153.837,1132.57,-2135.11,-2323.8
0.338556,-0.636404,-0.693087,168.364,-282.307,-316.115,229.469,-371.131,-419.759,75.1344,-141.262,-153.837,1132.57,-2135.11,-2323.8
0.338556,-0.636404,-0.693087,229.842,-371.655,-420.376,362.229,-545.372,-630.445,75.1344,-141.262,-153.837,1132.57,-2135.11,-2323.8
0.338556,-0.636404,-0.693087,362.659,-545.899,-631.1,506.526,-711.087,-841.826,75.1344,-141.262,-153.837,1132.57,-2135.11,-2323.8
0.338556,-0.636404,-0.693087,507.031,-711.63,-842.54,649.304,-855.668,-1037.28,75.1344,-141.262,-153.837,1132.57,-2135.11,-2323.8
0.882475,0.248234,-0.399522,153.187,46.1918,-69.7363,227.194,70.7755,-103.738,154.025,43.3159,-69.7305,2327.22,652.271,-1053.32
0.882475,0.248234,-0.399522,231.015,72.0853,-105.499,308.813,99.6407,-141.486,154.025,43.3159,-69.7305,2327.22,652.271,-1053.32
0.882475,0.248234,-0.399522,312.77,101.087,-143.322,413.523,139.421,-190.326,154.025,43.3159,-69.7305,2327.22,652.271,-1053.32
0.882475,0.248234,-0.399522,414.072,139.638,-190.584,614.824,224.921,-285.687,154.025,43.3159,-69.7305,2327.22,652.271,-1053.32
0.882475,0.248234,-0.399522,615.472,225.215,-285.997,811.951,320.817,-381.264,154.025,43.3159,-69.7305,2327.22,652.271,-1053.32
0.882475,0.248234,-0.399522,812.62,321.164,-381.592,989.365,418.194,-469.492,154.025,43.3159,-69.7305,2327.22,652.271,-1053.32
-0.86989,-0.425921,0.248761,-142.434,-72.8866,41.0957,-210.85,-110.235,61.299,-143.704,-70.3507,41.0935,-2171.62,-1060.89,620.742
-0.86989,-0.425921,0.248761,-214.408,-112.219,62.355,-286.098,-153.101,83.7389,-143.704,-70.3507,41.0935,-2171.62,-1060.89,620.742
-0.86989,-0.425921,0.248761,-289.74,-155.224,84.8309,-382.132,-210.633,112.745,-143.704,-70.3507,41.0935,-2171.62,-1060.89,620.742
-0.86989,-0.425921,0.248761,-382.682,-210.972,112.912,-565.554,-329.845,169.431,-143.704,-70.3507,41.0935,-2171.62,-1060.89,620.742
-0.86989,-0.425921,0.248761,-566.108,-330.225,169.605,-743.257,-458.074,226.198,-143.704,-70.3507,41.0935,-2171.62,-1060.89,620.742
-0.86989,-0.425921,0.248761,-743.823,-458.503,226.382,-901.514,-583.885,278.543,-143.704,-70.3507,41.0935,-2171.62,-1060.89,620.742
0.688919,-0.545868,0.476885,127.317,-96.9045,86.8087,190.65,-142.334,128.973,125.399,-99.3736,86.8083,1892.85,-1502.83,1311.29
0.688919,-0.545868,0.476885,193.989,-144.679,131.18,262.005,-191.384,175.815,125.399,-99.3736,86.8083,1892.85,-1502.83,1311.29
0.688919,-0.545868,0.476885,265.528,-193.749,178.111,355.83,-252.592,236.421,125.399,-99.3736,86.8083,1892.85,-1502.83,1311.29
0.688919,-0.545868,0.476885,356.35,-252.921,236.754,543.69,-364.646,354.77,125.399,-99.3736,86.8083,1892.85,-1502.83,1311.29
0.688919,-0.545868,0.476885,544.333,-365.006,355.168,737.811,-466.826,473.466,125.399,-99.3736,86.8083,1892.85,-1502.83,1311.29
0.688919,-0.545868,0.476885,738.433,-467.133,473.841,921.504,-551.793,582.97,125.399,-99.3736,86.8083,1892.85,-1502.83,1311.29
-0.494557,-0.864179,-0.0927785,-77.0743,-140.213,-14.9097,-112.835,-209.445,-22.1125,-79.4799,-138.863,-14.9089,-1202.29,-2096.64,-225.208
-0.494557,-0.864179,-0.0927785,-114.683,-213.101,-22.4911,-151.221,-287.092,-30.1141,-79.4799,-138.863,-14.9089,-1202.29,-2096.64,-225.208
-0.494557,-0.864179,-0.0927785,-153.054,-290.892,-30.5037,-198.676,-388.465,-40.4491,-79.4799,-138.863,-14.9089,-1202.29,-2096.64,-225.208
-0.494557,-0.864179,-0.0927785,-198.949,-389.068,-40.5102,-284.272,-589.687,-60.6779,-79.4799,-138.863,-14.9089,-1202.29,-2096.64,-225.208
-0.494557,-0.864179,-0.0927785,-284.55,-590.388,-60.7477,-360.47,-795.209,-80.974,-79.4799,-138.863,-14.9089,-1202.29,-2096.64,-225.208
-0.494557,-0.864179,-0.0927785,-360.695,-795.862,-81.038,-422.077,-987.7,-99.6977,-79.4799,-138.863,-14.9089,-1202.29,-2096.64,-225.208
-0.649116,-0.382918,-0.657284,-135.928,-84.4013,-139.554,-200.765,-127.763,-207.518,-137.815,-81.2839,-139.543,-2083.09,-1225.62,-2107.88
-0.649116,-0.382918,-0.657284,-204.09,-130.043,-211.031,-271.563,-177.556,-282.947,-137.815,-81.2839,-139.543,-2083.09,-1225.62,-2107.88
-0.649116,-0.382918,-0.657284,-275.005,-180.044,-286.648,-361.374,-244.578,-380.608,-137.815,-81.2839,-139.543,-2083.09,-1225.62,-2107.88
-0.649116,-0.382918,-0.657284,-361.869,-244.96,-381.153,-530.503,-383.634,-571.442,-137.815,-81.2839,-139.543,-2083.09,-1225.62,-2107.88
-0.649116,-0.382918,-0.657284,-531.033,-384.098,-572.055,-691.153,-533.42,-762.862,-137.815,-81.2839,-139.543,-2083.09,-1225.62,-2107.88
-0.649116,-0.382918,-0.657284,-691.672,-533.935,-763.499,-831.02,-680.491,-939.737,-137.815,-81.2839,-139.543,-2083.09,-1225.62,-2107.88
0.550998,-0.737102,-0.391256,98.1656,-126.347,-68.0316,147.717,-186.496,-101.16,95.7885,-128.158,-68.0237,1445.25,-1937.18,-1027.54
0.550998,-0.737102,-0.391256,150.349,-189.629,-102.899,204.042,-252.263,-137.969,95.7885,-128.158,-68.0237,1445.25,-1937.18,-1027.54
0.550998,-0.737102,-0.391256,206.84,-255.462,-139.775,278.859,-335.647,-185.597,95.7885,-128.158,-68.0237,1445.25,-1937.18,-1027.54
0.550998,-0.737102,-0.391256,279.274,-336.096,-185.857,431.062,-492.702,-278.589,95.7885,-128.158,-68.0237,1445.25,-1937.18,-1027.54
0.550998,-0.737102,-0.391256,431.586,-493.215,-278.9,591.501,-642.215,-371.821,95.7885,-128.158,-68.0237,1445.25,-1937.18,-1027.54
0.550998,-0.737102,-0.391256,592.011,-642.666,-372.111,746.066,-772.706,-457.808,95.7885,-128.158,-68.0237,1445.25,-1937.18,-1027.54
0.263764,-0.605722,-0.750686,72.0181,-153.716,-192.912,103.342,-214.342,-270.467,63.8663,-146.701,-181.803,962.04,-2217.18,-2746.25
0.263764,-0.605722,-0.750686,105.242,-217.918,-275.069,145.015,-290.263,-368.903,63.8663,-146.701,-181.803,962.04,-2217.18,-2746.25
0.263764,-0.605722,-0.750686,147.107,-293.944,-373.716,202.102,-386.753,-496.333,63.8663,-146.701,-181.803,962.04,-2217.18,-2746.25
0.263764,-0.605722,-0.750686,202.422,-387.272,-497.027,323.625,-569.071,-745.376,63.8663,-146.701,-181.803,962.04,-2217.18,-2746.25
0.263764,-0.605722,-0.750686,324.052,-569.665,-746.206,458.37,-743.114,-995.497,63.8663,-146.701,-181.803,962.04,-2217.18,-2746.25
0.263764,-0.605722,-0.750686,458.806,-743.636,-996.27,504.919,-797.708,-1077.02,63.8663,-146.701,-181.803,962.04,-2217.18,-2746.25
0.852504,0.480988,0.204662,137.956,81.0439,33.4554,204.156,122.206,49.7636,139.355,78.6142,33.4541,2106.02,1185.79,505.346
0.852504,0.480988,0.204662,207.588,124.383,50.6138,276.819,169.221,67.8681,139.355,78.6142,33.4541,2106.02,1185.79,505.346
0.852504,0.480988,0.204662,280.371,171.569,68.7587,369.504,232.082,91.2971,139.355,78.6142,33.4541,2106.02,1185.79,505.346
0.852504,0.480988,0.204662,370.03,232.448,91.4312,545.9,361.276,137.046,139.355,78.6142,33.4541,2106.02,1185.79,505.346
0.852504,0.480988,0.204662,546.507,361.743,137.206,716.34,499.128,182.912,139.355,78.6142,33.4541,2106.02,1185.79,505.346
0.852504,0.480988,0.204662,716.877,499.584,183.059,867.483,633.307,225.207,139.355,78.6142,33.4541,2106.02,1185.79,505.346
0.355345,-0.78124,0.513219,69.1361,-144.292,95.6815,104.877,-213.586,142.285,66.2352,-145.646,95.6764,998.46,-2201.02,1445.25
0.355345,-0.78124,0.513219,106.773,-217.171,144.71,146.139,-289.7,194.039,66.2352,-145.646,95.6764,998.46,-2201.02,1445.25
0.355345,-0.78124,0.513219,148.197,-293.396,196.568,201.948,-386.822,260.995,66.2352,-145.646,95.6764,998.46,-2201.02,1445.25
0.355345,-0.78124,0.513219,202.264,-387.355,261.366,318.684,-571.866,391.785,66.2352,-145.646,95.6764,998.46,-2201.02,1445.25
0.355345,-0.78124,0.513219,319.084,-572.462,392.214,445.689,-750.759,522.93,66.2352,-145.646,95.6764,998.46,-2201.02,1445.25
0.355345,-0.78124,0.513219,446.111,-751.32,523.35,571.394,-909.464,643.981,66.2352,-145.646,95.6764,998.46,-2201.02,1445.25
-0.0704547,0.82981,-0.553581,-16.811,159.114,-106.355,-27.3628,236.408,-158.269,-13.5251,159.427,-106.356,-201.978,2408.45,-1606.58
-0.0704547,0.82981,-0.553581,-27.9479,240.381,-160.941,-40.8673,321.862,-215.842,-13.5251,159.427,-106.356,-201.978,2408.45,-1606.58
-0.0704547,0.82981,-0.553581,-41.581,326.059,-218.676,-61.1619,432.013,-290.389,-13.5251,159.427,-106.356,-201.978,2408.45,-1606.58
-0.0704547,0.82981,-0.553581,-61.2915,432.664,-290.83,-109.932,645.391,-436.085,-13.5251,159.427,-106.356,-201.978,2408.45,-1606.58
-0.0704547,0.82981,-0.553581,-110.107,646.068,-436.55,-170.777,856.172,-582.114,-13.5251,159.427,-106.356,-201.978,2408.45,-1606.58
-0.0704547,0.82981,-0.553581,-171.006,856.886,-582.613,-237.454,1047.52,-716.978,-13.5251,159.427,-106.356,-201.978,2408.45,-1606.58
0.829581,-0.528132,0.181309,136.444,-83.5645,29.4998,203.985,-122.58,43.8715,134.965,-85.933,29.4983,2037.67,-1299.74,445.591
0.829581,-0.528132,0.181309,207.483,-124.559,44.6118,279.62,-164.487,59.8022,134.965,-85.933,29.4983,2037.67,-1299.74,445.591
0.829581,-0.528132,0.181309,283.393,-166.529,60.5928,378.744,-216.65,80.4443,134.965,-85.933,29.4983,2037.67,-1299.74,445.591
0.829581,-0.528132,0.181309,379.326,-216.947,80.5648,575.865,-311.477,120.755,134.965,-85.933,29.4983,2037.67,-1299.74,445.591
0.829581,-0.528132,0.181309,576.485,-311.758,120.88,777.607,-396.96,161.133,134.965,-85.933,29.4983,2037.67,-1299.74,445.591
0.829581,-0.528132,0.181309,778.274,-397.224,161.265,967.137,-467.211,198.368,134.965,-85.933,29.4983,2037.67,-1299.74,445.591
-0.297922,0.488548,-0.8201,-104.147,158.016,-271.279,-105.076,159.322,-273.575,-83.2891,136.612,-229.31,-1255.23,2065.38,-3463.87
-0.297922,0.488548,-0.8201,-109.814,165.958,-285.256,-132.753,197.502,-341.134,-83.2891,136.612,-229.31,-1255.23,2065.38,-3463.87
-0.297922,0.488548,-0.8201,-135.151,200.744,-346.912,-185.321,266.328,-465.235,-83.2891,136.612,-229.31,-1255.23,2065.38,-3463.87
-0.297922,0.488548,-0.8201,-187.956,269.659,-471.321,-256.682,352.876,-626,-83.2891,136.612,-229.31,-1255.23,2065.38,-3463.87
-0.297922,0.488548,-0.8201,-257.092,353.353,-626.901,-406.494,513.206,-940.512,-83.2891,136.612,-229.31,-1255.23,2065.38,-3463.87
-0.297922,0.488548,-0.8201,-406.992,513.697,-941.515,-451.744,556.785,-1030.54,-83.2891,136.612,-229.31,-1255.23,2065.38,-3463.87
0.152417,-0.951983,-0.265512,28.0912,-157.515,-44.0702,43.8294,-233.914,-65.5471,25.2852,-157.989,-44.0635,379.956,-2386.85,-665.606
0.152417,-0.951983,-0.265512,44.6758,-237.84,-66.6531,62.8223,-318.291,-89.3614,25.2852,-157.989,-44.0635,379.956,-2386.85,-665.606
0.152417,-0.951983,-0.265512,63.802,-322.448,-90.5373,89.818,-427.019,-120.204,25.2852,-157.989,-44.0635,379.956,-2386.85,-665.606
0.152417,-0.951983,-0.265512,89.9753,-427.62,-120.375,150.249,-637.163,-180.438,25.2852,-157.989,-44.0635,379.956,-2386.85,-665.606
0.152417,-0.951983,-0.265512,150.473,-637.875,-180.644,220.979,-844.671,-240.903,25.2852,-157.989,-44.0635,379.956,-2386.85,-665.606
0.152417,-0.951983,-0.265512,221.216,-845.317,-241.093,295.066,-1032.78,-296.669,25.2852,-157.989,-44.0635,379.956,-2386.85,-665.606
0.152417,-0.951983,-0.265512,221.216,-845.317,-241.093,430.275,-469.512,-223.995,25.2852,-157.989,-44.0635,379.956,-2386.85,-665.606
-0.578791,0.157644,-0.800094,-174.619,41.5746,-239.46,-176.264,41.91,-241.7,-154.372,42.0618,-213.403,-2331.04,638.498,-3223.58
-0.578791,0.157644,-0.800094,-184.181,43.5093,-252.475,-232.054,52.6753,-317.51,-154.372,42.0618,-213.403,-2331.04,638.498,-3223.58
-0.578791,0.157644,-0.800094,-236.035,53.3981,-322.91,-317.473,66.9105,-433.067,-154.372,42.0618,-213.403,-2331.04,638.498,-3223.58
-0.578791,0.157644,-0.800094,-321.686,67.5429,-438.752,-428.724,81.433,-582.788,-154.372,42.0618,-213.403,-2331.04,638.498,-3223.58
-0.578791,0.157644,-0.800094,-429.316,81.4983,-583.583,-647.446,96.9415,-875.428,-154.372,42.0618,-213.403,-2331.04,638.498,-3223.58
-0.578791,0.157644,-0.800094,-648.171,96.9644,-876.396,-772.431,98.1409,-1042.24,-154.372,42.0618,-213.403,-2331.04,638.498,-3223.58
0.834,-0.0979153,0.543007,159.256,-15.4157,103.471,237.084,-20.6842,153.951,158.907,-18.6674,103.463,2400.12,-284.283,1562.88
0.834,-0.0979153,0.543007,241.095,-20.9136,156.551,323.481,-24.7174,209.921,158.907,-18.6674,103.463,2400.12,-284.283,1562.88
0.834,-0.0979153,0.543007,327.758,-24.8675,212.69,435.546,-27.1057,282.472,158.907,-18.6674,103.463,2400.12,-284.283,1562.88
0.834,-0.0979153,0.543007,436.142,-27.1098,282.858,654.282,-22.5393,424.126,158.907,-18.6674,103.463,2400.12,-284.283,1562.88
0.834,-0.0979153,0.543007,654.997,-22.5044,424.589,873.086,-5.73223,566.22,158.907,-18.6674,103.463,2400.12,-284.283,1562.88
0.834,-0.0979153,0.543007,873.765,-5.66083,566.662,1073.88,20.6146,697.35,158.907,-18.6674,103.463,2400.12,-284.283,1562.88
-0.440923,0.22177,-0.869716,-221.605,97.2379,-426.595,-232.005,101.135,-446.163,-142.93,71.9098,-281.944,-2157.27,1089.76,-4258.95
-0.440923,0.22177,-0.869716,-234.503,102.062,-450.857,-299.43,125.039,-572.215,-142.93,71.9098,-281.944,-2157.27,1089.76,-4258.95
-0.440923,0.22177,-0.869716,-303.431,126.384,-579.654,-406.66,158.316,-770.047,-142.93,71.9098,-281.944,-2157.27,1089.76,-4258.95
-0.440923,0.22177,-0.869716,-407.233,158.478,-771.098,-530.832,189.857,-995.85,-142.93,71.9098,-281.944,-2157.27,1089.76,-4258.95
-0.440923,0.22177,-0.869716,-532.425,190.215,-998.727,-532.907,190.323,-999.597,-142.93,71.9098,-281.944,-2157.27,1089.76,-4258.95
-0.485561,0.56223,-0.669423,-107.331,118.66,-144.208,-161.634,174.661,-214.533,-104.57,121.1,-144.179,-1577.61,1831,-2177.91
-0.485561,0.56223,-0.669423,-164.471,177.519,-218.164,-223.354,235.369,-292.576,-104.57,121.1,-144.179,-1577.61,1831,-2177.91
-0.485561,0.56223,-0.669423,-226.406,238.294,-296.387,-305.433,311.597,-393.549,-104.57,121.1,-144.179,-1577.61,1831,-2177.91
-0.485561,0.56223,-0.669423,-305.922,312.036,-394.142,-472.833,452.799,-590.978,-104.57,121.1,-144.179,-1577.61,1831,-2177.91
-0.485561,0.56223,-0.669423,-473.392,453.241,-591.62,-649.409,583.564,-789.046,-104.57,121.1,-144.179,-1577.61,1831,-2177.91
-0.485561,0.56223,-0.669423,-649.987,583.964,-789.679,-819.636,694.197,-972.036,-104.57,121.1,-144.179,-1577.61,1831,-2177.91
0.379229,-0.08523,0.921369,398.042,-44.3039,951.579,403.52,-44.2995,964.571,156.101,-35.1071,379.273,2356.9,-535.196,5729.16
-0.529157,-0.0938031,-0.843323,-203.845,-44.9852,-327.736,-209.766,-46.5605,-337.35,-157.547,-27.9109,-251.079,-2380.47,-418.047,-3792.71
-0.529157,-0.0938031,-0.843323,-213.274,-47.5012,-343.05,-232.073,-52.6354,-373.628,-157.547,-27.9109,-251.079,-2380.47,-418.047,-3792.71
-0.529157,-0.0938031,-0.843323,-235.963,-53.7174,-379.964,-315.156,-77.2283,-509.596,-157.547,-27.9109,-251.079,-2380.47,-418.047,-3792.71
-0.529157,-0.0938031,-0.843323,-319.188,-78.5013,-516.229,-421.421,-113.314,-685.687,-157.547,-27.9109,-251.079,-2380.47,-418.047,-3792.71
-0.529157,-0.0938031,-0.843323,-421.981,-113.519,-686.622,-615.226,-193.372,-1014.79,-157.547,-27.9109,-251.079,-2380.47,-418.047,-3792.71
0.514057,-0.234694,-0.825024,184.176,-75.3659,-290.952,220.893,-88.4643,-347.962,145.542,-66.4653,-233.595,2197.06,-1007.13,-3528.59
0.514057,-0.234694,-0.825024,224.724,-89.7958,-353.893,303.195,-115.632,-474.723,145.542,-66.4653,-233.595,2197.06,-1007.13,-3528.59
0.514057,-0.234694,-0.825024,307.217,-116.883,-480.882,410.976,-146.747,-638.818,145.542,-66.4653,-233.595,2197.06,-1007.13,-3528.59
0.514057,-0.234694,-0.825024,411.552,-146.9,-639.69,625.182,-194.243,-959.831,145.542,-66.4653,-233.595,2197.06,-1007.13,-3528.59
0.514057,-0.234694,-0.825024,625.897,-194.371,-960.893,670.203,-201.874,-1026.62,145.542,-66.4653,-233.595,2197.06,-1007.13,-3528.59
-0.19746,0.346597,-0.916995,-210.324,297.82,-839.544,-212.491,300.325,-847.154,-79.1822,139.033,-367.812,-1191.86,2102.59,-5556.03
-0.19746,0.346597,-0.916995,-222.183,311.415,-880.998,-229.355,319.51,-905.846,-79.1822,139.033,-367.812,-1191.86,2102.59,-5556.03
-0.19746,0.346597,-0.916995,-234.179,324.901,-922.468,-247.605,339.689,-968.363,-79.1822,139.033,-367.812,-1191.86,2102.59,-5556.03
0.0433608,-0.77797,-0.626804,12.4238,-159.517,-128.727,21.0422,-237.05,-191.539,8.89221,-159.753,-128.711,131.83,-2413.3,-1944.26
0.0433608,-0.77797,-0.626804,21.5311,-241.04,-194.776,32.5364,-322.811,-261.198,8.89221,-159.753,-128.711,131.83,-2413.3,-1944.26
0.0433608,-0.77797,-0.626804,33.1544,-327.024,-264.625,50.44,-433.411,-351.391,8.89221,-159.753,-128.711,131.83,-2413.3,-1944.26
0.0433608,-0.77797,-0.626804,50.5535,-434.049,-351.913,95.2213,-647.735,-527.645,8.89221,-159.753,-128.711,131.83,-2413.3,-1944.26
0.0433608,-0.77797,-0.626804,95.3825,-648.405,-528.199,152.98,-859.534,-704.345,8.89221,-159.753,-128.711,131.83,-2413.3,-1944.26
0.0433608,-0.77797,-0.626804,153.198,-860.249,-704.946,217.578,-1051.81,-867.601,8.89221,-159.753,-128.711,131.83,-2413.3,-1944.26
-0.00263815,-0.643533,0.765413,4.10202,-169.7,201.927,4.45614,-176.329,209.823,-0.670097,-159.999,190.301,-13.1451,-2416.86,2874.62
-0.00263815,-0.643533,0.765413,4.62744,-179.44,213.528,8.44323,-237.81,283.099,-0.670097,-159.999,190.301,-13.1451,-2416.86,2874.62
-0.00263815,-0.643533,0.765413,8.74892,-241.842,287.908,16.171,-324.035,386.073,-0.670097,-159.999,190.301,-13.1451,-2416.86,2874.62
-0.00263815,-0.643533,0.765413,16.6162,-328.28,391.149,29.8648,-435.337,519.453,-0.670097,-159.999,190.301,-13.1451,-2416.86,2874.62
-0.00263815,-0.643533,0.765413,29.9531,-435.956,520.196,68.561,-651.102,780.191,-0.670097,-159.999,190.301,-13.1451,-2416.86,2874.62
-0.00263815,-0.643533,0.765413,68.7065,-651.772,781.006,123.071,-864.365,1042.05,-0.670097,-159.999,190.301,-13.1451,-2416.86,2874.62
-0.00263815,-0.643533,0.765413,123.271,-865.044,1042.89,129.579,-886.138,1069.08,-0.670097,-159.999,190.301,-13.1451,-2416.86,2874.62
0.782782,-0.583423,-0.216495,129.952,-93.3405,-35.4894,194.404,-137.147,-52.7741,128.282,-95.6228,-35.4806,1936.59,-1446.04,-535.957
0.782782,-0.583423,-0.216495,197.806,-139.415,-53.6812,266.839,-184.496,-71.97,128.282,-95.6228,-35.4806,1936.59,-1446.04,-535.957
0.782782,-0.583423,-0.216495,270.455,-186.809,-72.9224,361.963,-243.767,-96.8286,128.282,-95.6228,-35.4806,1936.59,-1446.04,-535.957
0.782782,-0.583423,-0.216495,362.468,-244.072,-96.9595,551.578,-352.586,-145.31,128.282,-95.6228,-35.4806,1936.59,-1446.04,-535.957
0.782782,-0.583423,-0.216495,552.232,-352.941,-145.475,746.647,-452.448,-193.905,128.282,-95.6228,-35.4806,1936.59,-1446.04,-535.957
0.782782,-0.583423,-0.216495,747.324,-452.774,-194.071,930.709,-536.199,-238.754,128.282,-95.6228,-35.4806,1936.59,-1446.04,-535.957
-0.793112,0.00613083,-0.609045,-159.985,-2.21488,-122.872,-237.854,-5.74695,-182.699,-159.995,1.24829,-122.863,-2416.81,21.3088,-1855.92
-0.793112,0.00613083,-0.609045,-241.926,-5.97676,-185.829,-324.254,-11.5887,-249.166,-159.995,1.24829,-122.863,-2416.81,21.3088,-1855.92
-0.793112,0.00613083,-0.609045,-328.484,-11.927,-252.423,-435.786,-22.1357,-335.163,-159.995,1.24829,-122.863,-2416.81,21.3088,-1855.92
-0.793112,0.00613083,-0.609045,-436.419,-22.2053,-335.652,-652.605,-52.4366,-503.254,-159.995,1.24829,-122.863,-2416.81,21.3088,-1855.92
-0.793112,0.00613083,-0.609045,-653.273,-52.55,-503.774,-867.826,-95.5601,-671.798,-159.995,1.24829,-122.863,-2416.81,21.3088,-1855.92
-0.793112,0.00613083,-0.609045,-868.524,-95.7218,-672.349,-1064.04,-146.653,-827.488,-159.995,1.24829,-122.863,-2416.81,21.3088,-1855.92
-0.385152,-0.561758,0.732179,-87.1332,-134.193,172.014,-90.016,-138.897,177.945,-90.4871,-131.955,171.996,-1369.22,-1991.64,2598.11
-0.385152,-0.561758,0.732179,-92.2243,-142.512,182.5,-127.152,-201.186,255.907,-90.4871,-131.955,171.996,-1369.22,-1991.64,2598.11
-0.385152,-0.561758,0.732179,-129.161,-204.65,260.21,-169.586,-276.65,348.977,-90.4871,-131.955,171.996,-1369.22,-1991.64,2598.11
-0.385152,-0.561758,0.732179,-171.599,-280.353,353.507,-221.413,-375.984,469.421,-90.4871,-131.955,171.996,-1369.22,-1991.64,2598.11
-0.385152,-0.561758,0.732179,-221.703,-376.566,470.12,-312.537,-575.252,704.991,-90.4871,-131.955,171.996,-1369.22,-1991.64,2598.11
-0.385152,-0.561758,0.732179,-312.812,-575.913,705.761,-390.007,-781.115,941.455,-90.4871,-131.955,171.996,-1369.22,-1991.64,2598.11
-0.385152,-0.561758,0.732179,-390.238,-781.8,942.233,-432.005,-915.274,1092.53,-90.4871,-131.955,171.996,-1369.22,-1991.64,2598.11
-0.724436,0.562041,0.399127,-128.219,95.7067,69.6426,-192.016,140.557,103.641,-126.409,98.085,69.6483,-1908.19,1483.31,1052.08
-0.724436,0.562041,0.399127,-195.342,142.848,105.402,-263.781,188.98,141.383,-126.409,98.085,69.6483,-1908.19,1483.31,1052.08
-0.724436,0.562041,0.399127,-267.298,191.299,143.219,-358.061,249.464,190.212,-126.409,98.085,69.6483,-1908.19,1483.31,1052.08
-0.724436,0.562041,0.399127,-358.562,249.776,190.469,-546.564,360.371,285.548,-126.409,98.085,69.6483,-1908.19,1483.31,1052.08
-0.724436,0.562041,0.399127,-547.185,360.716,285.858,-740.936,461.74,381.099,-126.409,98.085,69.6483,-1908.19,1483.31,1052.08
-0.724436,0.562041,0.399127,-741.612,462.071,381.427,-924.763,546.392,469.313,-126.409,98.085,69.6483,-1908.19,1483.31,1052.08
0.589536,-0.79028,0.167047,97.8748,-126.572,27.1022,147.045,-187.027,40.2632,95.6626,-128.252,27.1084,1443.46,-1938.51,409.489
0.589536,-0.79028,0.167047,149.655,-190.178,40.9542,202.864,-253.205,54.8888,95.6626,-128.252,27.1084,1443.46,-1938.51,409.489
0.589536,-0.79028,0.167047,205.639,-256.43,55.6076,276.914,-337.258,73.8143,95.6626,-128.252,27.1084,1443.46,-1938.51,409.489
0.589536,-0.79028,0.167047,277.321,-337.709,73.9169,427.236,-496.026,110.749,95.6626,-128.252,27.1084,1443.46,-1938.51,409.489
0.589536,-0.79028,0.167047,427.751,-496.544,110.872,585.276,-647.776,147.763,95.6626,-128.252,27.1084,1443.46,-1938.51,409.489
0.589536,-0.79028,0.167047,585.842,-648.295,147.893,737.4,-781.013,181.949,95.6626,-128.252,27.1084,1443.46,-1938.51,409.489
0.73812,0.0151442,-0.6745,159.847,6.99016,-146.192,237.628,13.1357,-217.453,159.967,3.26971,-146.179,2416.45,46.7566,-2208.12
0.73812,0.0151442,-0.6745,241.623,13.4991,-221.116,323.723,22.0075,-296.497,159.967,3.26971,-146.179,2416.45,46.7566,-2208.12
0.73812,0.0151442,-0.6745,327.929,22.4969,-300.365,434.852,36.703,-398.863,159.967,3.26971,-146.179,2416.45,46.7566,-2208.12
0.73812,0.0151442,-0.6745,435.432,36.7893,-399.398,650.312,75.8128,-598.846,159.967,3.26971,-146.179,2416.45,46.7566,-2208.12
0.73812,0.0151442,-0.6745,650.967,75.9534,-599.458,863.518,128.69,-799.423,159.967,3.26971,-146.179,2416.45,46.7566,-2208.12
0.73812,0.0151442,-0.6745,864.225,128.889,-800.093,1057.29,189.544,-984.873,159.967,3.26971,-146.179,2416.45,46.7566,-2208.12
0.596608,-0.311142,-0.739763,143.701,-70.3574,-175.923,145.352,-71.1144,-177.92,141.86,-73.998,-175.907,2141.55,-1120.35,-2657.19
0.596608,-0.311142,-0.739763,152.572,-74.4097,-186.645,214.971,-101.978,-261.638,141.86,-73.998,-175.907,2141.55,-1120.35,-2657.19
0.596608,-0.311142,-0.739763,218.713,-103.58,-266.113,295.033,-135.02,-356.851,141.86,-73.998,-175.907,2141.55,-1120.35,-2657.19
0.596608,-0.311142,-0.739763,298.98,-136.583,-361.518,399.968,-174.498,-480.102,141.86,-73.998,-175.907,2141.55,-1120.35,-2657.19
0.596608,-0.311142,-0.739763,400.541,-174.703,-480.772,608.777,-240.753,-720.994,141.86,-73.998,-175.907,2141.55,-1120.35,-2657.19
0.596608,-0.311142,-0.739763,609.484,-240.95,-721.801,822.646,-292.539,-962.982,141.86,-73.998,-175.907,2141.55,-1120.35,-2657.19
0.596608,-0.311142,-0.739763,823.31,-292.675,-963.727,931.587,-312.919,-1084.84,141.86,-73.998,-175.907,2141.55,-1120.35,-2657.19
0.596608,-0.311142,-0.739763,933.83,-313.296,-1087.34,935.024,-313.494,-1088.67,141.86,-73.998,-175.907,2141.55,-1120.35,-2657.19
0.452412,-0.889873,-0.0587394,74.9524,-141.358,-9.40674,113.207,-209.272,-14.0258,72.5029,-142.63,-9.41456,1093.46,-2155.4,-142.213
0.452412,-0.889873,-0.0587394,115.236,-212.802,-14.2671,156.992,-283.902,-19.1522,72.5029,-142.63,-9.41456,1093.46,-2155.4,-142.213
0.452412,-0.889873,-0.0587394,159.196,-287.576,-19.4056,215.752,-379.336,-25.7806,72.5029,-142.63,-9.41456,1093.46,-2155.4,-142.213
0.452412,-0.889873,-0.0587394,216.065,-379.83,-25.8151,336.899,-561.337,-38.7038,72.5029,-142.63,-9.41456,1093.46,-2155.4,-142.213
0.452412,-0.889873,-0.0587394,337.306,-561.918,-38.7457,466.709,-737.825,-51.6413,72.5029,-142.63,-9.41456,1093.46,-2155.4,-142.213
0.452412,-0.889873,-0.0587394,467.164,-738.414,-51.6853,593.672,-895.065,-63.5594,72.5029,-142.63,-9.41456,1093.46,-2155.4,-142.213
0.0771945,0.524284,-0.848037,21.6619,207.623,-334.146,21.786,209.633,-337.369,23.3238,158.291,-256.042,355.952,2390.54,-3867.67
0.0771945,0.524284,-0.848037,22.248,217.364,-349.765,23.3043,236.846,-380.989,23.3238,158.291,-256.042,355.952,2390.54,-3867.67
0.0771945,0.524284,-0.848037,23.5029,240.856,-387.415,26.1467,323.393,-519.576,23.3238,158.291,-256.042,355.952,2390.54,-3867.67
0.0771945,0.524284,-0.848037,26.2082,327.654,-526.393,25.3205,435.613,-699.175,23.3238,158.291,-256.042,355.952,2390.54,-3867.67
0.0771945,0.524284,-0.848037,25.3013,436.25,-700.194,11.81,629.929,-1010.99,23.3238,158.291,-256.042,355.952,2390.54,-3867.67
0.964634,0.11445,0.237448,158.528,21.6551,39.1156,235.496,34.1679,58.1386,158.887,18.8418,39.1102,2400.32,282.629,590.784
0.964634,0.11445,0.237448,239.477,34.8523,59.124,320.626,49.5998,79.2482,158.887,18.8418,39.1102,2400.32,282.629,590.784
0.964634,0.11445,0.237448,324.813,50.4021,80.2885,430.329,71.9725,106.571,158.887,18.8418,39.1102,2400.32,282.629,590.784
0.964634,0.11445,0.237448,430.992,72.1162,106.736,642.935,123.45,159.993,158.887,18.8418,39.1102,2400.32,282.629,590.784
0.964634,0.11445,0.237448,643.617,123.633,160.165,853.169,185.225,213.514,158.887,18.8418,39.1102,2400.32,282.629,590.784
0.964634,0.11445,0.237448,853.877,185.451,213.695,1044.36,251.172,263.044,158.887,18.8418,39.1102,2400.32,282.629,590.784
-0.666902,-0.427537,0.61029,-132.8,-89.2423,123.274,-196.195,-134.709,183.371,-134.704,-86.342,123.263,-2036.11,-1302.18,1861.97
-0.666902,-0.427537,0.61029,-199.429,-137.084,186.461,-265.357,-186.677,250.014,-134.704,-86.342,123.263,-2036.11,-1302.18,1861.97
-0.666902,-0.427537,0.61029,-268.733,-189.279,253.297,-353.085,-256.338,336.324,-134.704,-86.342,123.263,-2036.11,-1302.18,1861.97
-0.666902,-0.427537,0.61029,-353.597,-256.757,336.832,-518.275,-400.006,504.996,-134.704,-86.342,123.263,-2036.11,-1302.18,1861.97
-0.666902,-0.427537,0.61029,-518.789,-400.481,505.536,-675.115,-553.667,674.154,-134.704,-86.342,123.263,-2036.11,-1302.18,1861.97
-0.666902,-0.427537,0.61029,-675.582,-554.153,674.674,-811.592,-703.533,830.262,-134.704,-86.342,123.263,-2036.11,-1302.18,1861.97
0.738014,-0.644109,0.201144,122.373,-103.077,32.8508,183.327,-151.687,48.8534,120.54,-105.215,32.8546,1819.52,-1590.83,496.289
0.738014,-0.644109,0.201144,186.521,-154.188,49.6861,251.953,-204.429,66.6173,120.54,-105.215,32.8546,1819.52,-1590.83,496.289
0.738014,-0.644109,0.201144,255.346,-206.983,67.4889,342.214,-270.734,89.6034,120.54,-105.215,32.8546,1819.52,-1590.83,496.289
0.738014,-0.644109,0.201144,342.724,-271.099,89.7321,522.993,-393.731,134.465,120.54,-105.215,32.8546,1819.52,-1590.83,496.289
0.738014,-0.644109,0.201144,523.624,-394.139,134.619,709.922,-508.24,179.435,120.54,-105.215,32.8546,1819.52,-1590.83,496.289
0.738014,-0.644109,0.201144,710.519,-508.586,179.576,886.967,-605.793,220.895,120.54,-105.215,32.8546,1819.52,-1590.83,496.289
0.160207,-0.986917,-0.0181304,28.3377,-157.471,-2.9047,44.1717,-233.809,-4.30638,25.6283,-157.934,-2.90134,385.21,-2386,-43.8266
0.160207,-0.986917,-0.0181304,45.0303,-237.774,-4.3792,63.2353,-318.218,-5.86085,25.6283,-157.934,-2.90134,385.21,-2386,-43.8266
0.160207,-0.986917,-0.0181304,64.2146,-322.367,-5.93742,90.2139,-426.9,-7.8712,25.6283,-157.934,-2.90134,385.21,-2386,-43.8266
0.160207,-0.986917,-0.0181304,90.3795,-427.535,-7.88298,150.384,-637.199,-11.808,25.6283,-157.934,-2.90134,385.21,-2386,-43.8266
0.160207,-0.986917,-0.0181304,150.586,-637.849,-11.8202,220.454,-844.779,-15.7627,25.6283,-157.934,-2.90134,385.21,-2386,-43.8266
0.160207,-0.986917,-0.0181304,220.7,-845.452,-15.7757,293.687,-1033.15,-19.3919,25.6283,-157.934,-2.90134,385.21,-2386,-43.8266
-0.276622,0.681547,-0.677476,-63.6027,146.815,-147.359,-97.0573,217.26,-219.181,-60.1609,148.259,-147.368,-906.316,2240.53,-2226.09
-0.276622,0.681547,-0.677476,-98.8373,220.896,-222.909,-136.068,294.586,-298.932,-60.1609,148.259,-147.368,-906.316,2240.53,-2226.09
-0.276622,0.681547,-0.677476,-138.015,298.321,-302.811,-189.393,393.124,-402.089,-60.1609,148.259,-147.368,-906.316,2240.53,-2226.09
-0.276622,0.681547,-0.677476,-189.696,393.662,-402.657,-302.722,580.48,-603.677,-60.1609,148.259,-147.368,-906.316,2240.53,-2226.09
-0.276622,0.681547,-0.677476,-303.11,581.078,-604.334,-428.17,760.855,-806.008,-60.1609,148.259,-147.368,-906.316,2240.53,-2226.09
-0.276622,0.681547,-0.677476,-428.606,761.442,-806.681,-554.104,920.116,-993.004,-60.1609,148.259,-147.368,-906.316,2240.53,-2226.09
-0.845341,0.405909,0.347328,-145.473,66.6162,59.2604,-217.147,97.1973,88.0682,-144.23,69.2658,59.2618,-2177.78,1048.17,895.187
-0.845341,0.405909,0.347328,-220.927,98.7685,89.5816,-297.395,129.671,120.07,-144.23,69.2658,59.2618,-2177.78,1048.17,895.187
-0.845341,0.405909,0.347328,-301.367,131.231,121.648,-402.15,169.326,161.482,-144.23,69.2658,59.2618,-2177.78,1048.17,895.187
-0.845341,0.405909,0.347328,-402.752,169.545,161.719,-609.527,239.019,242.369,-144.23,69.2658,59.2618,-2177.78,1048.17,895.187
-0.845341,0.405909,0.347328,-610.166,239.216,242.616,-820.504,298.393,323.413,-144.23,69.2658,59.2618,-2177.78,1048.17,895.187
-0.845341,0.405909,0.347328,-821.191,298.568,323.675,-1017.64,343.773,398.216,-144.23,69.2658,59.2618,-2177.78,1048.17,895.187
-0.635863,0.201718,0.744976,-163.142,46.9029,189.576,-229.426,63.2515,265.79,-152.506,48.3944,178.68,-2302.81,733.807,2699.08
-0.635863,0.201718,0.744976,-233.338,64.1685,270.275,-313.973,81.8936,362.439,-152.506,48.3944,178.68,-2302.81,733.807,2699.08
-0.635863,0.201718,0.744976,-318.115,82.7438,367.159,-424.14,102.531,487.565,-152.506,48.3944,178.68,-2302.81,733.807,2699.08
-0.635863,0.201718,0.744976,-424.759,102.636,488.266,-641.378,131.419,732.227,-152.506,48.3944,178.68,-2302.81,733.807,2699.08
-0.635863,0.201718,0.744976,-642.058,131.485,732.99,-860.967,145.036,977.834,-152.506,48.3944,178.68,-2302.81,733.807,2699.08
-0.635863,0.201718,0.744976,-861.659,145.054,978.607,-953.335,146.138,1080.91,-152.506,48.3944,178.68,-2302.81,733.807,2699.08
-0.635863,0.201718,0.744976,-955.338,146.132,1083.15,-956.874,146.123,1084.86,-152.506,48.3944,178.68,-2302.81,733.807,2699.08
0.898111,0.00441816,0.439746,159.954,3.83883,78.3327,237.814,7.96577,116.483,159.998,0.776927,78.3405,2416.88,9.57,1183.38
0.898111,0.00441816,0.439746,241.86,8.21989,118.467,324.171,14.2435,158.845,159.998,0.776927,78.3405,2416.88,9.57,1183.38
0.898111,0.00441816,0.439746,328.376,14.595,160.91,435.614,24.9989,213.618,159.998,0.776927,78.3405,2416.88,9.57,1183.38
0.898111,0.00441816,0.439746,436.264,25.0703,213.938,652.396,54.5621,320.642,159.998,0.776927,78.3405,2416.88,9.57,1183.38
0.898111,0.00441816,0.439746,653.099,54.6766,320.99,867.801,95.4348,427.855,159.998,0.776927,78.3405,2416.88,9.57,1183.38
0.898111,0.00441816,0.439746,868.538,95.5948,428.224,1064.54,143.09,526.836,159.998,0.776927,78.3405,2416.88,9.57,1183.38
0.326784,-0.836042,-0.440734,61.19,-147.837,-78.5638,93.093,-218.976,-116.794,58.2383,-149.024,-78.5589,877.707,-2251.9,-1186.68
0.326784,-0.836042,-0.440734,94.7899,-222.663,-118.784,130.065,-297.269,-159.248,58.2383,-149.024,-78.5589,877.707,-2251.9,-1186.68
0.326784,-0.836042,-0.440734,131.911,-301.07,-161.32,180.285,-397.402,-214.176,58.2383,-149.024,-78.5589,877.707,-2251.9,-1186.68
0.326784,-0.836042,-0.440734,180.561,-397.935,-214.47,285.98,-588.898,-321.443,58.2383,-149.024,-78.5589,877.707,-2251.9,-1186.68
0.326784,-0.836042,-0.440734,286.345,-589.52,-321.796,401.843,-775.141,-429.055,58.2383,-149.024,-78.5589,877.707,-2251.9,-1186.68
0.326784,-0.836042,-0.440734,402.217,-775.706,-429.387,517.227,-941.365,-528.311,58.2383,-149.024,-78.5589,877.707,-2251.9,-1186.68
-0.580553,0.153296,-0.799662,-174.93,40.245,-239.068,-176.875,40.6263,-241.707,-154.694,40.8629,-213.083,-2335.92,620.392,-3218.75
-0.580553,0.153296,-0.799662,-184.506,42.1083,-252.056,-232.459,50.922,-316.966,-154.694,40.8629,-213.083,-2335.92,620.392,-3218.75
-0.580553,0.153296,-0.799662,-236.432,51.6136,-322.334,-318,64.5198,-432.298,-154.694,40.8629,-213.083,-2335.92,620.392,-3218.75
-0.580553,0.153296,-0.799662,-322.186,65.1157,-437.927,-429.289,78.1909,-581.616,-154.694,40.8629,-213.083,-2335.92,620.392,-3218.75
-0.580553,0.153296,-0.799662,-429.919,78.2555,-582.459,-648.18,92.0487,-873.795,-154.694,40.8629,-213.083,-2335.92,620.392,-3218.75
-0.580553,0.153296,-0.799662,-648.885,92.0655,-874.734,-774.66,92.2362,-1042.23,-154.694,40.8629,-213.083,-2335.92,620.392,-3218.75
0.421399,-0.566198,0.708408,98.5557,-126.043,160.566,148.801,-185.729,238.85,95.5174,-128.361,160.591,1440.64,-1940.61,2425.82
0.421399,-0.566198,0.708408,151.426,-188.77,242.88,206.2,-250.562,325.738,95.5174,-128.361,160.591,1440.64,-1940.61,2425.82
0.421399,-0.566198,0.708408,209.031,-253.672,329.958,282.937,-332.177,438.148,95.5174,-128.361,160.591,1440.64,-1940.61,2425.82
0.421399,-0.566198,0.708408,283.385,-332.637,438.792,440.799,-484.07,657.954,95.5174,-128.361,160.591,1440.64,-1940.61,2425.82
0.421399,-0.566198,0.708408,441.312,-484.532,658.646,608.983,-625.653,878.519,95.5174,-128.361,160.591,1440.64,-1940.61,2425.82
0.421399,-0.566198,0.708408,609.526,-626.079,879.211,772.484,-746.31,1082.38,95.5174,-128.361,160.591,1440.64,-1940.61,2425.82
0.678556,-0.643404,0.354391,118.117,-107.928,60.6522,177.074,-158.981,90.2368,116.098,-110.097,60.6381,1752.3,-1664.59,915.977
0.678556,-0.643404,0.354391,180.146,-161.591,91.7657,243.562,-214.402,123.067,116.098,-110.097,60.6381,1752.3,-1664.59,915.977
0.678556,-0.643404,0.354391,246.83,-217.069,124.667,331.197,-284.142,165.548,116.098,-110.097,60.6381,1752.3,-1664.59,915.977
0.678556,-0.643404,0.354391,331.675,-284.511,165.777,507.337,-413.748,248.531,116.098,-110.097,60.6381,1752.3,-1664.59,915.977
0.678556,-0.643404,0.354391,507.933,-414.163,248.806,690.234,-534.7,331.739,116.098,-110.097,60.6381,1752.3,-1664.59,915.977
0.678556,-0.643404,0.354391,690.805,-535.057,331.994,864.107,-637.989,408.508,116.098,-110.097,60.6381,1752.3,-1664.59,915.977
0.252207,0.79401,-0.553118,45.2865,153.457,-106.222,64.9775,228.951,-158.017,48.4476,152.489,-106.228,734.056,2302.73,-1604.64
0.252207,0.79401,-0.553118,65.9485,232.841,-160.678,85.033,313.092,-215.421,48.4476,152.489,-106.228,734.056,2302.73,-1604.64
0.252207,0.79401,-0.553118,85.9743,317.257,-218.255,108.224,422.716,-289.779,48.4476,152.489,-106.228,734.056,2302.73,-1604.64
0.252207,0.79401,-0.553118,108.346,423.339,-290.2,144.404,638.579,-435.039,48.4476,152.489,-106.228,734.056,2302.73,-1604.64
0.252207,0.79401,-0.553118,144.497,639.256,-435.492,168.45,856.649,-580.629,48.4476,152.489,-106.228,734.056,2302.73,-1604.64
0.252207,0.79401,-0.553118,168.51,857.381,-581.116,179.733,1058.97,-715.098,48.4476,152.489,-106.228,734.056,2302.73,-1604.64
-0.418641,-0.882747,0.213302,-66.0185,-145.745,34.9338,-96.338,-217.545,51.8453,-68.5689,-144.562,34.9323,-1037.57,-2182.85,527.675
-0.418641,-0.882747,0.213302,-97.8912,-221.317,52.7302,-128.567,-297.861,70.612,-68.5689,-144.562,34.9323,-1037.57,-2182.85,527.675
-0.418641,-0.882747,0.213302,-130.121,-301.848,71.5398,-168.006,-402.672,94.8951,-68.5689,-144.562,34.9323,-1037.57,-2182.85,527.675
-0.418641,-0.882747,0.213302,-168.234,-403.301,95.0403,-237.587,-610.058,142.348,-68.5689,-144.562,34.9323,-1037.57,-2182.85,527.675
-0.418641,-0.882747,0.213302,-237.793,-610.723,142.498,-297.245,-820.895,189.874,-68.5689,-144.562,34.9323,-1037.57,-2182.85,527.675
-0.418641,-0.882747,0.213302,-297.428,-821.605,190.033,-343.244,-1017.74,233.725,-68.5689,-144.562,34.9323,-1037.57,-2182.85,527.675
0.659234,0.240309,-0.712504,148.942,58.4492,-162.494,220.496,89.5755,-241.74,150.328,54.7849,-162.471,2271.75,824.955,-2454.22
0.659234,0.240309,-0.712504,224.149,91.2195,-245.809,298.986,126.091,-329.654,150.328,54.7849,-162.471,2271.75,824.955,-2454.22
0.659234,0.240309,-0.712504,302.786,127.924,-333.939,399.121,176.423,-443.461,150.328,54.7849,-162.471,2271.75,824.955,-2454.22
0.659234,0.240309,-0.712504,399.661,176.707,-444.081,589.607,284.495,-665.884,150.328,54.7849,-162.471,2271.75,824.955,-2454.22
0.659234,0.240309,-0.712504,590.231,284.877,-666.627,773.188,405.577,-889.244,150.328,54.7849,-162.471,2271.75,824.955,-2454.22
0.659234,0.240309,-0.712504,773.746,405.973,-889.94,935.306,528.172,-1095.65,150.328,54.7849,-162.471,2271.75,824.955,-2454.22
0.15837,-0.557611,-0.814855,58.0277,-180.134,-266.095,59.8492,-185.133,-273.6,43.6984,-153.917,-224.918,656.862,-2325.93,-3397.52
0.15837,-0.557611,-0.814855,61.3756,-189.299,-279.859,75.0837,-225.799,-334.863,43.6984,-153.917,-224.918,656.862,-2325.93,-3397.52
0.15837,-0.557611,-0.814855,76.5371,-229.578,-340.575,107.421,-306.192,-457.118,43.6984,-153.917,-224.918,656.862,-2325.93,-3397.52
0.15837,-0.557611,-0.814855,109.061,-310.079,-463.071,153.07,-408.639,-615.36,43.6984,-153.917,-224.918,656.862,-2325.93,-3397.52
0.15837,-0.557611,-0.814855,153.334,-409.198,-616.232,254.479,-603.227,-924.975,43.6984,-153.917,-224.918,656.862,-2325.93,-3397.52
0.15837,-0.557611,-0.814855,254.819,-603.817,-925.935,292.628,-667.679,-1030.55,43.6984,-153.917,-224.918,656.862,-2325.93,-3397.52
0.15837,-0.557611,-0.814855,292.905,-668.133,-1031.3,294.084,-670.054,-1034.48,43.6984,-153.917,-224.918,656.862,-2325.93,-3397.52
0.195831,0.841457,-0.503588,33.1727,156.523,-93.2705,47.113,233.212,-138.69,36.2776,155.833,-93.263,550.189,2353.44,-1408.8
0.195831,0.841457,-0.503588,47.8015,237.232,-141.066,60.86,318.719,-189.151,36.2776,155.833,-93.263,550.189,2353.44,-1408.8
0.195831,0.841457,-0.503588,61.4838,322.898,-191.613,75.917,429.742,-254.436,36.2776,155.833,-93.263,550.189,2353.44,-1408.8
0.195831,0.841457,-0.503588,75.9879,430.326,-254.778,96.4186,647.54,-381.903,36.2776,155.833,-93.263,550.189,2353.44,-1408.8
0.195831,0.841457,-0.503588,96.4657,648.245,-382.315,105.106,866.683,-509.696,36.2776,155.833,-93.263,550.189,2353.44,-1408.8
0.195831,0.841457,-0.503588,105.116,867.438,-510.136,102.553,1069.16,-627.692,36.2776,155.833,-93.263,550.189,2353.44,-1408.8
0.929184,0.363725,-0.0657394,147.969,60.8708,-10.5483,219.254,92.393,-15.7167,148.995,58.3137,-10.5411,2251.37,879.049,-159.23
0.929184,0.363725,-0.0657394,222.967,94.074,-15.987,297.759,128.775,-21.4547,148.995,58.3137,-10.5411,2251.37,879.049,-159.23
0.929184,0.363725,-0.0657394,301.634,130.617,-21.7392,398.418,178.048,-28.8862,148.995,58.3137,-10.5411,2251.37,879.049,-159.23
0.929184,0.363725,-0.0657394,398.946,178.315,-28.9255,591.23,281.036,-43.397,148.995,58.3137,-10.5411,2251.37,879.049,-159.23
0.929184,0.363725,-0.0657394,591.892,281.41,-43.4474,779.466,393.218,-57.9605,148.995,58.3137,-10.5411,2251.37,879.049,-159.23
0.929184,0.363725,-0.0657394,780.104,393.618,-58.0106,948.313,504.464,-71.4075,148.995,58.3137,-10.5411,2251.37,879.049,-159.23
-0.852962,0.260062,-0.452575,-153.913,43.7109,-81.2129,-229.507,62.8846,-120.78,-153.042,46.672,-81.2042,-2311.15,707.096,-1226.64
-0.852962,0.260062,-0.452575,-233.428,63.838,-122.827,-313.81,82.5004,-164.696,-153.042,46.672,-81.2042,-2311.15,707.096,-1226.64
-0.852962,0.260062,-0.452575,-317.94,83.414,-166.842,-423.461,105.275,-221.519,-153.042,46.672,-81.2042,-2311.15,707.096,-1226.64
-0.852962,0.260062,-0.452575,-424.083,105.395,-221.841,-639.212,141.247,-332.51,-153.042,46.672,-81.2042,-2311.15,707.096,-1226.64
-0.852962,0.260062,-0.452575,-639.959,141.352,-332.893,-857.166,165.927,-443.839,-153.042,46.672,-81.2042,-2311.15,707.096,-1226.64
-0.852962,0.260062,-0.452575,-857.873,165.988,-444.199,-1059.13,178.512,-546.55,-153.042,46.672,-81.2042,-2311.15,707.096,-1226.64
-0.557056,-0.655674,0.509686,-101.14,-123.979,94.7967,-148.673,-185.809,140.998,-103.603,-121.928,94.7857,-1566.71,-1840.33,1431.8
-0.557056,-0.655674,0.509686,-151.099,-189.032,143.387,-199.983,-255.45,192.243,-103.603,-121.928,94.7857,-1566.71,-1840.33,1431.8
-0.557056,-0.655674,0.509686,-202.485,-258.928,194.781,-264.186,-347.248,258.609,-103.603,-121.928,94.7857,-1566.71,-1840.33,1431.8
-0.557056,-0.655674,0.509686,-264.559,-347.797,259.002,-382.139,-531.588,388.265,-103.603,-121.928,94.7857,-1566.71,-1840.33,1431.8
-0.557056,-0.655674,0.509686,-382.499,-532.186,388.678,-490.131,-722.485,518.177,-103.603,-121.928,94.7857,-1566.71,-1840.33,1431.8
-0.557056,-0.655674,0.509686,-490.478,-723.138,518.615,-580.484,-903.745,638.102,-103.603,-121.928,94.7857,-1566.71,-1840.33,1431.8
0.114752,-0.727272,-0.676689,28.6034,-157.423,-147.067,45.1976,-233.631,-218.761,24.9247,-158.047,-147.053,373.892,-2387.8,-2221.32
0.114752,-0.727272,-0.676689,46.1044,-237.568,-222.475,65.6314,-317.72,-298.314,24.9247,-158.047,-147.053,373.892,-2387.8,-2221.32
0.114752,-0.727272,-0.676689,66.6961,-321.862,-302.245,95.243,-425.857,-401.392,24.9247,-158.047,-147.053,373.892,-2387.8,-2221.32
0.114752,-0.727272,-0.676689,95.4129,-426.44,-401.95,163.162,-634,-602.717,24.9247,-158.047,-147.053,373.892,-2387.8,-2221.32
0.114752,-0.727272,-0.676689,163.41,-634.685,-603.386,244.482,-838.139,-804.81,24.9247,-158.047,-147.053,373.892,-2387.8,-2221.32
0.114752,-0.727272,-0.676689,244.77,-838.8,-805.473,331.046,-1021.8,-991.524,24.9247,-158.047,-147.053,373.892,-2387.8,-2221.32
0.0832836,0.597963,0.797185,19.1014,178.481,237.073,19.3605,181.973,241.697,22.0865,158.468,211.268,336.822,2393.31,3191.33
0.0832836,0.597963,0.797185,19.8126,188.21,249.954,22.8615,236.861,314.321,22.0865,158.468,211.268,336.822,2393.31,3191.33
0.0832836,0.597963,0.797185,23.0766,240.897,319.658,26.2059,323.433,428.724,22.0865,158.468,211.268,336.822,2393.31,3191.33
0.0832836,0.597963,0.797185,26.3008,327.646,434.289,26.5816,435.579,576.813,22.0865,158.468,211.268,336.822,2393.31,3191.33
0.0832836,0.597963,0.797185,26.5717,436.175,577.6,14.4797,654.503,866.403,22.0865,158.468,211.268,336.822,2393.31,3191.33
0.0832836,0.597963,0.797185,14.4116,655.225,867.36,-1.5589,789.581,1046.04,22.0865,158.468,211.268,336.822,2393.31,3191.33
0.40095,-0.149774,0.903774,298.669,-85.8029,656.908,305.214,-87.1286,671.006,149.877,-56.0087,337.851,2262.39,-850.302,5103.45
0.40095,-0.149774,0.903774,316.329,-89.3285,694.931,332.516,-92.417,729.726,149.877,-56.0087,337.851,2262.39,-850.302,5103.45
0.40095,-0.149774,0.903774,334.026,-92.698,732.968,423.007,-107.154,923.309,149.877,-56.0087,337.851,2262.39,-850.302,5103.45
0.40095,-0.149774,0.903774,423.62,-107.239,924.616,447.88,-110.461,976.284,149.877,-56.0087,337.851,2262.39,-850.302,5103.45
0.530097,-0.0603459,-0.845787,208.217,-14.9022,-331.102,212.163,-15.0149,-337.361,158.971,-18.1144,-253.647,2400.95,-277.252,-3831.5
0.530097,-0.0603459,-0.845787,217.973,-15.1695,-346.579,237.489,-15.5889,-377.538,158.971,-18.1144,-253.647,2400.95,-277.252,-3831.5
0.530097,-0.0603459,-0.845787,241.493,-15.6559,-383.89,324.108,-15.6007,-514.912,158.971,-18.1144,-253.647,2400.95,-277.252,-3831.5
0.530097,-0.0603459,-0.845787,328.333,-15.5242,-521.614,436.216,-11.1394,-692.857,158.971,-18.1144,-253.647,2400.95,-277.252,-3831.5
0.530097,-0.0603459,-0.845787,436.842,-11.1003,-693.853,635.743,9.35296,-1011,158.971,-18.1144,-253.647,2400.95,-277.252,-3831.5
0.530097,-0.0603459,-0.845787,636.779,9.50196,-1012.67,638.098,9.69386,-1014.78,158.971,-18.1144,-253.647,2400.95,-277.252,-3831.5
0.304762,-0.808474,-0.503477,59.4147,-148.559,-93.2352,90.5922,-220.007,-138.544,56.427,-149.72,-93.2356,850.258,-2262.4,-1408.38
0.304762,-0.808474,-0.503477,92.2589,-223.724,-140.911,126.84,-298.668,-188.887,56.427,-149.72,-93.2356,850.258,-2262.4,-1408.38
0.304762,-0.808474,-0.503477,128.648,-302.479,-191.339,176.194,-399.188,-253.98,56.427,-149.72,-93.2356,850.258,-2262.4,-1408.38
0.304762,-0.808474,-0.503477,176.485,-399.759,-254.353,280.619,-591.496,-381.218,56.427,-149.72,-93.2356,850.258,-2262.4,-1408.38
0.304762,-0.808474,-0.503477,280.969,-592.101,-381.624,395.549,-778.295,-508.755,56.427,-149.72,-93.2356,850.258,-2262.4,-1408.38
0.304762,-0.808474,-0.503477,395.957,-778.919,-509.189,510.533,-945.023,-626.52,56.427,-149.72,-93.2356,850.258,-2262.4,-1408.38
-0.326288,0.280773,-0.902609,-238.852,176.519,-623.284,-239.944,177.207,-625.991,-121.265,104.378,-335.494,-1828.84,1580.11,-5067.85
-0.326288,0.280773,-0.902609,-250.54,183.835,-652.197,-258.171,188.553,-671.007,-121.265,104.378,-335.494,-1828.84,1580.11,-5067.85
-0.326288,0.280773,-0.902609,-265.878,193.269,-689.95,-359.742,247.015,-916.772,-121.265,104.378,-335.494,-1828.84,1580.11,-5067.85
-0.326288,0.280773,-0.902609,-360.274,247.3,-918.038,-384.831,260.27,-976.28,-121.265,104.378,-335.494,-1828.84,1580.11,-5067.85
-0.383964,-0.35195,0.853641,-154.295,-154.711,358.224,-158.812,-159.683,369.237,-117.959,-108.1,262.224,-1784.37,-1630.16,3961.06
-0.383964,-0.35195,0.853641,-160.853,-161.939,374.223,-167.369,-169.178,390.187,-117.959,-108.1,262.224,-1784.37,-1630.16,3961.06
-0.383964,-0.35195,0.853641,-170.054,-172.179,396.787,-224.045,-234.702,532.196,-117.959,-108.1,262.224,-1784.37,-1630.16,3961.06
-0.383964,-0.35195,0.853641,-226.758,-237.959,539.144,-293.949,-322.515,716.193,-117.959,-108.1,262.224,-1784.37,-1630.16,3961.06
-0.383964,-0.35195,0.853641,-294.319,-323.003,717.197,-396.007,-467.717,1007.18,-117.959,-108.1,262.224,-1784.37,-1630.16,3961.06
0.178141,0.688595,0.702924,36.3353,155.82,158.156,51.2985,232.393,235.269,40.0854,154.897,158.124,608.163,2339.13,2388.56
0.178141,0.688595,0.702924,52.0196,236.343,239.238,65.7829,317.722,320.823,40.0854,154.897,158.124,608.163,2339.13,2388.56
0.178141,0.688595,0.702924,66.4363,321.916,325.019,81.2334,428.704,431.612,40.0854,154.897,158.124,608.163,2339.13,2388.56
0.178141,0.688595,0.702924,81.3124,429.352,432.257,100.599,646.908,648.284,40.0854,154.897,158.124,608.163,2339.13,2388.56
0.178141,0.688595,0.702924,100.638,647.61,648.98,105.501,866.689,865.729,40.0854,154.897,158.124,608.163,2339.13,2388.56
0.178141,0.688595,0.702924,105.493,867.392,866.424,97.0917,1069.71,1066.69,40.0854,154.897,158.124,608.163,2339.13,2388.56
0.851806,-0.36859,-0.372246,147.988,-60.8234,-64.1665,220.946,-88.4529,-95.4158,146.838,-63.5499,-64.1711,2217.25,-961.884,-969.344
0.851806,-0.36859,-0.372246,224.707,-89.8371,-97.0212,302.434,-117.561,-130.078,146.838,-63.5499,-64.1711,2217.25,-961.884,-969.344
0.851806,-0.36859,-0.372246,306.426,-118.94,-131.769,408.694,-152.803,-174.924,146.838,-63.5499,-64.1711,2217.25,-961.884,-969.344
0.851806,-0.36859,-0.372246,409.322,-153.003,-175.188,618.851,-213.722,-262.577,146.838,-63.5499,-64.1711,2217.25,-961.884,-969.344
0.851806,-0.36859,-0.372246,619.498,-213.892,-262.845,832.197,-264.024,-350.41,146.838,-63.5499,-64.1711,2217.25,-961.884,-969.344
0.851806,-0.36859,-0.372246,832.894,-264.169,-350.695,1031.09,-300.811,-431.491,146.838,-63.5499,-64.1711,2217.25,-961.884,-969.344
0.0517004,-0.553994,0.830914,26.0928,-197.282,297.242,27.0294,-202.71,305.468,14.8508,-159.309,238.94,220.848,-2406.79,3609.33
0.0517004,-0.553994,0.830914,27.7596,-206.896,311.813,32.9728,-235.682,355.498,14.8508,-159.309,238.94,220.848,-2406.79,3609.33
0.0517004,-0.553994,0.830914,33.7155,-239.64,361.512,50.3032,-320.545,484.848,14.8508,-159.309,238.94,220.848,-2406.79,3609.33
0.0517004,-0.553994,0.830914,51.2243,-324.684,491.18,76.9479,-429.525,652.38,14.8508,-159.309,238.94,220.848,-2406.79,3609.33
0.0517004,-0.553994,0.830914,77.1087,-430.126,653.309,142.49,-638.989,980.212,14.8508,-159.309,238.94,220.848,-2406.79,3609.33
0.0517004,-0.553994,0.830914,142.729,-639.653,981.265,152.272,-665.716,1022.71,14.8508,-159.309,238.94,220.848,-2406.79,3609.33
-0.135118,0.979156,0.151649,-24.6082,158.096,24.5449,-38.5811,234.786,36.4482,-21.8627,158.499,24.5478,-328.301,2394.5,370.809
-0.135118,0.979156,0.151649,-39.3454,238.78,37.069,-55.6117,319.64,49.6604,-21.8627,158.499,24.5478,-328.301,2394.5,370.809
-0.135118,0.979156,0.151649,-56.4919,323.809,50.3112,-80.0117,428.912,66.7575,-21.8627,158.499,24.5478,-328.301,2394.5,370.809
-0.135118,0.979156,0.151649,-80.1663,429.567,66.8603,-135.287,640.568,100.169,-21.8627,158.499,24.5478,-328.301,2394.5,370.809
-0.135118,0.979156,0.151649,-135.476,641.228,100.274,-200.635,849.698,133.619,-21.8627,158.499,24.5478,-328.301,2394.5,370.809
-0.135118,0.979156,0.151649,-200.867,850.382,133.729,-269.621,1039.68,164.47,-21.8627,158.499,24.5478,-328.301,2394.5,370.809
0.655118,0.507615,0.559595,124.426,100.59,108.042,183.514,151.462,160.635,126.483,97.9905,108.034,1912.04,1478.35,1631.93
0.655118,0.507615,0.559595,186.56,154.141,163.371,247.874,209.298,218.996,126.483,97.9905,108.034,1912.04,1478.35,1631.93
0.655118,0.507615,0.559595,251.028,212.2,221.887,329.267,286.301,294.566,126.483,97.9905,108.034,1912.04,1478.35,1631.93
0.655118,0.507615,0.559595,329.735,286.757,295.006,481.719,443.366,442.191,126.483,97.9905,108.034,1912.04,1478.35,1631.93
0.655118,0.507615,0.559595,482.186,443.874,442.656,625.401,609.194,590.174,126.483,97.9905,108.034,1912.04,1478.35,1631.93
0.655118,0.507615,0.559595,625.858,609.753,590.661,749.568,769.316,726.821,126.483,97.9905,108.034,1912.04,1478.35,1631.93
-0.685488,0.512553,-0.517103,-130.029,93.2328,-96.6701,-194.8,136.733,-143.912,-128.134,95.8215,-96.6635,-1934.18,1449.26,-1460.16
-0.685488,0.512553,-0.517103,-198.147,138.931,-146.337,-267.584,183.47,-196.288,-128.134,95.8215,-96.6635,-1934.18,1449.26,-1460.16
-0.685488,0.512553,-0.517103,-271.196,185.732,-198.869,-363.363,241.665,-264.146,-128.134,95.8215,-96.6635,-1934.18,1449.26,-1460.16
-0.685488,0.512553,-0.517103,-363.877,241.967,-264.507,-554.875,347.426,-396.629,-128.134,95.8215,-96.6635,-1934.18,1449.26,-1460.16
-0.685488,0.512553,-0.517103,-555.512,347.755,-397.064,-752.428,442.817,-529.482,-128.134,95.8215,-96.6635,-1934.18,1449.26,-1460.16
-0.685488,0.512553,-0.517103,-753.091,443.115,-529.923,-939.176,521.165,-652.122,-128.134,95.8215,-96.6635,-1934.18,1449.26,-1460.16
-0.258009,0.956264,0.137808,-44.3411,153.733,22.2627,-67.8755,228.068,33.0833,-41.6702,154.478,22.2617,-627.559,2334,336.277
-0.258009,0.956264,0.137808,-69.1313,231.916,33.6446,-95.4408,310.054,45.0767,-41.6702,154.478,22.2617,-627.559,2334,336.277
-0.258009,0.956264,0.137808,-96.8475,314.109,45.6713,-133.403,415.481,60.606,-41.6702,154.478,22.2617,-627.559,2334,336.277
-0.258009,0.956264,0.137808,-133.617,416.054,60.6908,-214.763,618.406,90.9124,-41.6702,154.478,22.2617,-627.559,2334,336.277
-0.258009,0.956264,0.137808,-215.058,619.094,91.0162,-305.848,817.778,121.316,-41.6702,154.478,22.2617,-627.559,2334,336.277
-0.258009,0.956264,0.137808,-306.148,818.395,121.411,-398.106,997.607,149.343,-41.6702,154.478,22.2617,-627.559,2334,336.277
0.132783,0.522856,0.842016,42.9517,204.283,325.954,44.1515,211.52,337.406,39.3993,155.073,249.739,598.646,2341.59,3772.47
0.132783,0.522856,0.842016,44.5423,213.912,341.189,47.6053,233.137,371.584,39.3993,155.073,249.739,598.646,2341.59,3772.47
0.132783,0.522856,0.842016,48.2247,237.146,377.917,59.4302,318.989,506.869,39.3993,155.073,249.739,598.646,2341.59,3772.47
0.132783,0.522856,0.842016,59.9318,323.19,513.474,70.3501,430.663,682.03,39.3993,155.073,249.739,598.646,2341.59,3772.47
0.132783,0.522856,0.842016,70.3963,431.276,682.99,77.4418,643.661,1014.79,39.3993,155.073,249.739,598.646,2341.59,3772.47
-0.987863,0.0249726,0.153305,-159.995,1.27383,24.8233,-237.932,-0.0613635,36.894,-159.949,4.05264,24.8222,-2416.07,63.1857,374.955
-0.987863,0.0249726,0.153305,-242,-0.167212,37.5241,-324.39,-3.0855,50.2899,-159.949,4.05264,24.8222,-2416.07,63.1857,374.955
-0.987863,0.0249726,0.153305,-328.684,-3.27785,50.9554,-436.217,-9.39386,67.6331,-159.949,4.05264,24.8222,-2416.07,63.1857,374.955
-0.987863,0.0249726,0.153305,-436.881,-9.43947,67.7362,-654.028,-29.5206,101.499,-159.949,4.05264,24.8222,-2416.07,63.1857,374.955
-0.987863,0.0249726,0.153305,-654.715,-29.6006,101.606,-870.996,-59.9847,135.424,-159.949,4.05264,24.8222,-2416.07,63.1857,374.955
-0.987863,0.0249726,0.153305,-871.714,-60.103,135.537,-1069.66,-97.1946,166.735,-159.949,4.05264,24.8222,-2416.07,63.1857,374.955
-0.926938,0.101859,-0.361124,-159.337,14.5539,-61.9647,-237.147,19.4768,-92.1378,-159.042,17.4865,-61.961,-2402.19,266.218,-935.96
-0.926938,0.101859,-0.361124,-241.197,19.695,-93.7075,-323.611,23.325,-125.629,-159.042,17.4865,-61.961,-2402.19,266.218,-935.96
-0.926938,0.101859,-0.361124,-327.861,23.47,-127.274,-435.617,25.7613,-168.983,-159.042,17.4865,-61.961,-2402.19,266.218,-935.96
-0.926938,0.101859,-0.361124,-436.223,25.7666,-169.217,-654.33,22.2141,-253.638,-159.042,17.4865,-61.961,-2402.19,266.218,-935.96
-0.926938,0.101859,-0.361124,-655.008,22.1861,-253.9,-873.034,7.66439,-338.466,-159.042,17.4865,-61.961,-2402.19,266.218,-935.96
-0.926938,0.101859,-0.361124,-873.75,7.59848,-338.744,-1073.95,-15.5111,-416.76,-159.042,17.4865,-61.961,-2402.19,266.218,-935.96
-0.192208,0.530995,-0.825288,-74.7473,184.428,-290.896,-91.0024,219.866,-347.859,-54.4433,150.452,-233.829,-819.159,2273.85,-3532.14
-0.192208,0.530995,-0.825288,-92.7204,223.533,-353.775,-128.975,297.714,-474.408,-54.4433,150.452,-233.829,-819.159,2273.85,-3532.14
-0.192208,0.530995,-0.825288,-130.907,301.508,-480.628,-181.905,396.624,-638.347,-54.4433,150.452,-233.829,-819.159,2273.85,-3532.14
-0.192208,0.530995,-0.825288,-182.217,397.179,-639.277,-297.385,583.233,-959.128,-54.4433,150.452,-233.829,-819.159,2273.85,-3532.14
-0.192208,0.530995,-0.825288,-297.786,583.824,-960.171,-323.618,621.215,-1026.59,-54.4433,150.452,-233.829,-819.159,2273.85,-3532.14
0.805757,0.0736529,-0.587649,158.991,17.9372,-116.229,236.177,28.8366,-173.258,159.337,14.5534,-116.206,2407.1,217.443,-1755.36
0.805757,0.0736529,-0.587649,240.201,29.4495,-176.236,321.623,42.8076,-236.597,159.337,14.5534,-116.206,2407.1,217.443,-1755.36
0.805757,0.0736529,-0.587649,325.803,43.5429,-239.702,431.652,63.7849,-318.544,159.337,14.5534,-116.206,2407.1,217.443,-1755.36
0.805757,0.0736529,-0.587649,432.284,63.9151,-319.015,644.675,114.147,-478.705,159.337,14.5534,-116.206,2407.1,217.443,-1755.36
0.805757,0.0736529,-0.587649,645.335,114.323,-479.205,854.916,176.989,-639.323,159.337,14.5534,-116.206,2407.1,217.443,-1755.36
0.805757,0.0736529,-0.587649,855.622,177.223,-639.868,1045.58,245.852,-787.795,159.337,14.5534,-116.206,2407.1,217.443,-1755.36
0.394002,0.573576,0.718174,87.3252,134.068,165.152,127.494,200.954,245.675,90.6036,131.875,165.13,1370.93,1990.47,2494.39
0.394002,0.573576,0.718174,129.518,204.423,249.821,170.157,276.241,334.99,90.6036,131.875,165.13,1370.93,1990.47,2494.39
0.394002,0.573576,0.718174,172.207,279.979,339.39,222.43,375.42,450.685,90.6036,131.875,165.13,1370.93,1990.47,2494.39
0.394002,0.573576,0.718174,222.709,375.972,451.324,314.571,574.194,676.801,90.6036,131.875,165.13,1370.93,1990.47,2494.39
0.394002,0.573576,0.718174,314.832,574.811,677.493,393.385,779.472,903.741,90.6036,131.875,165.13,1370.93,1990.47,2494.39
0.394002,0.573576,0.718174,393.605,780.11,904.438,451.249,964.588,1103.91,90.6036,131.875,165.13,1370.93,1990.47,2494.39
0.792035,-0.606789,0.0669833,128.659,-95.115,10.7382,192.497,-139.834,15.9377,127.005,-97.3121,10.7415,1917.31,-1471.51,162.256
0.792035,-0.606789,0.0669833,195.855,-142.143,16.2096,264.226,-188.222,21.71,127.005,-97.3121,10.7415,1917.31,-1471.51,162.256
0.792035,-0.606789,0.0669833,267.807,-190.587,21.9962,358.447,-248.903,29.1888,127.005,-97.3121,10.7415,1917.31,-1471.51,162.256
0.792035,-0.606789,0.0669833,358.95,-249.218,29.2284,546.328,-360.676,43.7746,127.005,-97.3121,10.7415,1917.31,-1471.51,162.256
0.792035,-0.606789,0.0669833,546.972,-361.039,43.8237,739.674,-463.76,58.1945,127.005,-97.3121,10.7415,1917.31,-1471.51,162.256
0.792035,-0.606789,0.0669833,740.345,-464.098,58.2436,922.2,-550.756,71.4151,127.005,-97.3121,10.7415,1917.31,-1471.51,162.256
0.943449,-0.0817258,0.321287,159.626,-10.9314,54.2853,237.483,-14.1722,80.7379,159.402,-13.8178,54.284,2407.69,-210.773,819.994
0.943449,-0.0817258,0.321287,241.577,-14.3045,82.1283,324.069,-16.1637,110.138,159.402,-13.8178,54.284,2407.69,-210.773,819.994
0.943449,-0.0817258,0.321287,328.3,-16.2175,111.574,436.024,-16.2258,148.143,159.402,-13.8178,54.284,2407.69,-210.773,819.994
0.943449,-0.0817258,0.321287,436.682,-16.2178,148.366,654.648,-8.16895,222.404,159.402,-13.8178,54.284,2407.69,-210.773,819.994
0.943449,-0.0817258,0.321287,655.333,-8.12671,222.637,872.996,10.7287,296.805,159.402,-13.8178,54.284,2407.69,-210.773,819.994
0.943449,-0.0817258,0.321287,873.716,10.8092,297.052,1073.4,37.7341,365.429,159.402,-13.8178,54.284,2407.69,-210.773,819.994
0.943449,-0.0817258,0.321287,873.716,10.8092,297.052,1056.13,12.2121,682.018,159.402,-13.8178,54.284,2407.69,-210.773,819.994
-0.270545,-0.576556,0.770966,-67.7014,-155.665,205.517,-69.0282,-158.975,209.835,-67.981,-144.84,193.687,-1029.66,-2186.6,2925.76
-0.270545,-0.576556,0.770966,-71.3208,-164.723,217.326,-92.4112,-219.312,288.175,-67.981,-144.84,193.687,-1029.66,-2186.6,2925.76
-0.270545,-0.576556,0.770966,-93.8195,-223.074,293.038,-121.64,-300.822,392.993,-67.981,-144.84,193.687,-1029.66,-2186.6,2925.76
-0.270545,-0.576556,0.770966,-123.004,-304.817,398.104,-155.946,-407.551,528.668,-67.981,-144.84,193.687,-1029.66,-2186.6,2925.76
-0.270545,-0.576556,0.770966,-156.124,-408.142,529.415,-211.317,-619.67,793.975,-67.981,-144.84,193.687,-1029.66,-2186.6,2925.76
-0.270545,-0.576556,0.770966,-211.464,-620.331,794.794,-251.068,-836.237,1060.45,-67.981,-144.84,193.687,-1029.66,-2186.6,2925.76
-0.270545,-0.576556,0.770966,-251.068,-836.24,1060.46,-251.068,-836.24,1060.46,-67.981,-144.84,193.687,-1029.66,-2186.6,2925.76
-0.270545,-0.576556,0.770966,-251.165,-836.907,1061.27,-251.631,-840.122,1065.2,-67.981,-144.84,193.687,-1029.66,-2186.6,2925.76
0.664246,-0.65279,-0.3642,116.157,-110.034,-62.5772,174.213,-162.059,-92.9796,114.11,-112.156,-62.5692,1722.24,-1695.67,-945.147
0.664246,-0.65279,-0.3642,177.266,-164.744,-94.5653,239.742,-218.589,-126.729,114.11,-112.156,-62.5692,1722.24,-1695.67,-945.147
0.664246,-0.65279,-0.3642,243.003,-221.344,-128.394,326.206,-289.804,-170.413,114.11,-112.156,-62.5692,1722.24,-1695.67,-945.147
0.664246,-0.65279,-0.3642,326.705,-290.204,-170.662,500.233,-422.355,-255.74,114.11,-112.156,-62.5692,1722.24,-1695.67,-945.147
0.664246,-0.65279,-0.3642,500.798,-422.764,-256.012,681.081,-546.231,-341.233,114.11,-112.156,-62.5692,1722.24,-1695.67,-945.147
0.664246,-0.65279,-0.3642,681.688,-546.625,-341.516,853.341,-652.364,-420.181,114.11,-112.156,-62.5692,1722.24,-1695.67,-945.147
-0.367052,0.158393,0.916616,-347.266,111.082,836.994,-351.608,112.011,847.167,-146.896,63.4147,366.858,-2217.03,962.385,5541.62
-0.367052,0.158393,0.916616,-364.921,114.792,878.332,-376.693,117.166,905.847,-146.896,63.4147,366.858,-2217.03,962.385,5541.62
-0.367052,0.158393,0.916616,-382.62,118.332,919.686,-403.508,122.281,968.392,-146.896,63.4147,366.858,-2217.03,962.385,5541.62
-5.75058e-05,-0.470153,0.882585,14.847,-255.319,480.466,15.5157,-260.966,491.146,-0.0389888,-160,300.357,-4.72659,-2416.9,4537.08
-5.75058e-05,-0.470153,0.882585,16.4919,-268.995,506.335,23.93,-323.601,609.84,-0.0389888,-160,300.357,-4.72659,-2416.9,4537.08
-5.75058e-05,-0.470153,0.882585,24.5569,-327.781,617.779,43.3005,-434.211,820.771,-0.0389888,-160,300.357,-4.72659,-2416.9,4537.08
-5.75058e-05,-0.470153,0.882585,43.4234,-434.82,821.939,62.6837,-521.178,988.091,-0.0389888,-160,300.357,-4.72659,-2416.9,4537.08
0.00736429,-0.390045,0.920766,47.3722,-379.606,904.633,47.4878,-380.099,905.83,2.99696,-159.972,377.639,40.2852,-2416.56,5704.48
0.00736429,-0.390045,0.920766,51.5701,-397.166,947.256,53.3241,-404.286,964.567,2.99696,-159.972,377.639,40.2852,-2416.56,5704.48
0.439801,0.705657,0.555538,81.842,137.484,106.892,119.699,205.677,159.031,84.6382,135.781,106.9,1280.5,2049.81,1614.79
0.439801,0.705657,0.555538,121.618,209.22,161.725,160.092,282.209,216.888,84.6382,135.781,106.9,1280.5,2049.81,1614.79
0.439801,0.705657,0.555538,162.031,285.989,219.728,209.846,382.613,291.805,84.6382,135.781,106.9,1280.5,2049.81,1614.79
0.439801,0.705657,0.555538,210.106,383.158,292.208,298.573,582.613,438.055,84.6382,135.781,106.9,1280.5,2049.81,1614.79
0.439801,0.705657,0.555538,298.847,583.282,438.538,376.142,787.922,584.712,84.6382,135.781,106.9,1280.5,2049.81,1614.79
0.439801,0.705657,0.555538,376.367,788.572,585.171,437.348,981,720.042,84.6382,135.781,106.9,1280.5,2049.81,1614.79
-0.936726,0.319294,-0.143511,-152.314,48.9951,-23.2022,-227.112,70.9796,-34.5342,-151.441,51.6301,-23.2019,-2286.97,781.765,-350.479
-0.936726,0.319294,-0.143511,-231.013,72.0889,-35.1238,-310.61,93.9168,-47.118,-151.441,51.6301,-23.2019,-2286.97,781.765,-350.479
-0.936726,0.319294,-0.143511,-314.675,94.9909,-47.7286,-419.167,121.249,-63.375,-151.441,51.6301,-23.2019,-2286.97,781.765,-350.479
-0.936726,0.319294,-0.143511,-419.783,121.396,-63.467,-633.002,167.036,-95.1413,-151.441,51.6301,-23.2019,-2286.97,781.765,-350.479
-0.936726,0.319294,-0.143511,-633.705,167.17,-95.2451,-849.219,202.738,-126.971,-151.441,51.6301,-23.2019,-2286.97,781.765,-350.479
-0.936726,0.319294,-0.143511,-849.915,202.836,-127.073,-1049.93,226.542,-156.317,-151.441,51.6301,-23.2019,-2286.97,781.765,-350.479
0.606994,0.243296,0.756549,155.755,67.4934,196.374,217.297,97.0574,275.35,148.519,59.5147,185.106,2244.58,896.245,2796.14
0.606994,0.243296,0.756549,220.896,98.8389,279.995,294.351,136.494,375.49,148.519,59.5147,185.106,2244.58,896.245,2796.14
0.606994,0.243296,0.756549,298.103,138.485,380.405,392.471,190.791,505.244,148.519,59.5147,185.106,2244.58,896.245,2796.14
0.606994,0.243296,0.756549,392.988,191.089,505.934,578.171,307.095,758.812,148.519,59.5147,185.106,2244.58,896.245,2796.14
0.606994,0.243296,0.756549,578.767,307.499,759.645,755.805,437.019,1013.45,148.519,59.5147,185.106,2244.58,896.245,2796.14
0.606994,0.243296,0.756549,756.382,437.474,1014.3,796.016,469.265,1073.07,148.519,59.5147,185.106,2244.58,896.245,2796.14
-0.247994,0.968158,-0.0341796,-42.3494,154.294,-5.47226,-64.8493,228.934,-8.11233,-39.6934,154.998,-5.47193,-597.708,2341.83,-82.6569
-0.247994,0.968158,-0.0341796,-66.0551,232.81,-8.24987,-91.2805,311.329,-11.0496,-39.6934,154.998,-5.47193,-597.708,2341.83,-82.6569
-0.247994,0.968158,-0.0341796,-92.6237,315.38,-11.1946,-127.753,417.238,-14.8535,-39.6934,154.998,-5.47193,-597.708,2341.83,-82.6569
-0.247994,0.968158,-0.0341796,-127.964,417.827,-14.8748,-206.239,621.364,-22.294,-39.6934,154.998,-5.47193,-597.708,2341.83,-82.6569
-0.247994,0.968158,-0.0341796,-206.501,622.001,-22.3174,-294.364,821.942,-29.7576,-39.6934,154.998,-5.47193,-597.708,2341.83,-82.6569
-0.247994,0.968158,-0.0341796,-294.67,822.598,-29.7823,-383.911,1003.12,-36.6476,-39.6934,154.998,-5.47193,-597.708,2341.83,-82.6569
-0.329791,0.492793,0.805228,-110.544,153.609,257.066,-140.694,191.918,323.286,-88.975,132.979,217.275,-1341.29,2010.56,3282.08
-0.329791,0.492793,0.805228,-143.222,195.068,328.772,-195.925,258.674,440.99,-88.975,132.979,217.275,-1341.29,2010.56,3282.08
-0.329791,0.492793,0.805228,-198.662,261.872,446.71,-270.473,342.42,593.328,-88.975,132.979,217.275,-1341.29,2010.56,3282.08
-0.329791,0.492793,0.805228,-270.901,342.881,594.182,-425.827,497.278,891.468,-88.975,132.979,217.275,-1341.29,2010.56,3282.08
-0.329791,0.492793,0.805228,-426.343,497.754,892.422,-506.762,569.021,1038.47,-88.975,132.979,217.275,-1341.29,2010.56,3282.08
0.383653,-0.922008,0.0520722,63.9904,-146.647,8.34312,96.9492,-217.286,12.4463,61.4594,-147.725,8.34287,926.584,-2232.23,126.024
0.383653,-0.922008,0.0520722,98.7014,-220.957,12.6604,134.908,-295.043,16.9992,61.4594,-147.725,8.34287,926.584,-2232.23,126.024
0.383653,-0.922008,0.0520722,136.822,-298.87,17.2243,186.149,-394.604,22.8852,61.4594,-147.725,8.34287,926.584,-2232.23,126.024
0.383653,-0.922008,0.0520722,186.467,-395.202,22.9208,293.069,-585.423,34.3769,61.4594,-147.725,8.34287,926.584,-2232.23,126.024
0.383653,-0.922008,0.0520722,293.428,-586.027,34.4138,409.005,-771.316,45.8867,61.4594,-147.725,8.34287,926.584,-2232.23,126.024
0.383653,-0.922008,0.0520722,409.41,-771.933,45.9254,523.586,-937.794,56.4925,61.4594,-147.725,8.34287,926.584,-2232.23,126.024
0.489453,-0.822642,0.289304,84.2421,-136.027,48.3715,126.998,-201.182,71.975,81.8027,-137.508,48.3565,1233.93,-2078.18,730.455
0.489453,-0.822642,0.289304,129.273,-204.579,73.2134,175.804,-272.665,98.1944,81.8027,-137.508,48.3565,1233.93,-2078.18,730.455
0.489453,-0.822642,0.289304,178.251,-276.171,99.4894,240.991,-363.737,132.116,81.8027,-137.508,48.3565,1233.93,-2078.18,730.455
0.489453,-0.822642,0.289304,241.38,-364.266,132.315,374.809,-536.798,198.383,81.8027,-137.508,48.3565,1233.93,-2078.18,730.455
0.489453,-0.822642,0.289304,375.24,-537.329,198.59,517.182,-703.396,264.703,81.8027,-137.508,48.3565,1233.93,-2078.18,730.455
0.489453,-0.822642,0.289304,517.664,-703.933,264.921,655.654,-850.727,325.874,81.8027,-137.508,48.3565,1233.93,-2078.18,730.455
-0.421603,-0.706842,-0.568,-79.0867,-139.087,-110.429,-115.606,-208,-164.072,-81.9709,-137.407,-110.422,-1240.25,-2074.41,-1667.99
-0.421603,-0.706842,-0.568,-117.457,-211.584,-166.847,-154.508,-285.353,-223.627,-81.9709,-137.407,-110.422,-1240.25,-2074.41,-1667.99
-0.421603,-0.706842,-0.568,-156.353,-289.132,-226.519,-202.24,-386.692,-300.667,-81.9709,-137.407,-110.422,-1240.25,-2074.41,-1667.99
-0.421603,-0.706842,-0.568,-202.487,-387.238,-301.079,-286.842,-588.482,-451.159,-81.9709,-137.407,-110.422,-1240.25,-2074.41,-1667.99
-0.421603,-0.706842,-0.568,-287.101,-589.152,-451.653,-360.056,-795.376,-602.091,-81.9709,-137.407,-110.422,-1240.25,-2074.41,-1667.99
-0.421603,-0.706842,-0.568,-360.274,-796.053,-602.581,-417.08,-989.788,-741.368,-81.9709,-137.407,-110.422,-1240.25,-2074.41,-1667.99
0.239524,-0.91005,-0.338285,43.5461,-153.96,-57.512,66.8699,-228.346,-85.6111,40.7154,-154.733,-57.5167,613.032,-2337.86,-868.825
0.239524,-0.91005,-0.338285,68.1224,-232.214,-87.0765,94.3187,-310.465,-116.826,40.7154,-154.733,-57.5167,613.032,-2337.86,-868.825
0.239524,-0.91005,-0.338285,95.7002,-314.46,-118.35,132.217,-415.885,-157.217,40.7154,-154.733,-57.5167,613.032,-2337.86,-868.825
0.239524,-0.91005,-0.338285,132.423,-416.436,-157.429,213.87,-618.756,-236.08,40.7154,-154.733,-57.5167,613.032,-2337.86,-868.825
0.239524,-0.91005,-0.338285,214.152,-619.408,-236.336,305.762,-817.739,-315.162,40.7154,-154.733,-57.5167,613.032,-2337.86,-868.825
0.239524,-0.91005,-0.338285,306.095,-818.415,-315.434,399.353,-997.126,-388.22,40.7154,-154.733,-57.5167,613.032,-2337.86,-868.825
0.663977,-0.0661199,0.744824,169.31,-12.2169,189.547,237.54,-14.5413,265.762,159.211,-15.8683,178.599,2404.69,-242.601,2697.85
0.663977,-0.0661199,0.744824,241.557,-14.6316,270.249,324.115,-15.3416,362.421,159.211,-15.8683,178.599,2404.69,-242.601,2697.85
0.663977,-0.0661199,0.744824,328.343,-15.3191,367.141,436.17,-12.8098,487.538,159.211,-15.8683,178.599,2404.69,-242.601,2697.85
0.663977,-0.0661199,0.744824,436.796,-12.7843,488.237,654.694,3.77592,732.16,159.211,-15.8683,178.599,2404.69,-242.601,2697.85
0.663977,-0.0661199,0.744824,655.372,3.85144,732.92,872.365,35.7935,977.675,159.211,-15.8683,178.599,2404.69,-242.601,2697.85
0.663977,-0.0661199,0.744824,873.045,35.9181,978.446,963.169,53.8273,1080.94,159.211,-15.8683,178.599,2404.69,-242.601,2697.85
0.663977,-0.0661199,0.744824,964.929,54.2044,1082.95,966.628,54.5711,1084.88,159.211,-15.8683,178.599,2404.69,-242.601,2697.85
0.631805,-0.525256,-0.570025,125.139,-99.7002,-110.992,187.612,-146.354,-165.008,123.028,-102.295,-111.004,1856.9,-1547.04,-1676.79
0.631805,-0.525256,-0.570025,190.889,-148.747,-167.819,258.076,-196.659,-224.99,123.028,-102.295,-111.004,1856.9,-1547.04,-1676.79
0.631805,-0.525256,-0.570025,261.554,-199.081,-227.927,350.891,-259.364,-302.59,123.028,-102.295,-111.004,1856.9,-1547.04,-1676.79
0.631805,-0.525256,-0.570025,351.429,-259.716,-303.036,537.418,-373.923,-454.3,123.028,-102.295,-111.004,1856.9,-1547.04,-1676.79
0.631805,-0.525256,-0.570025,538.009,-374.263,-454.773,730.653,-477.879,-606.394,123.028,-102.295,-111.004,1856.9,-1547.04,-1676.79
0.631805,-0.525256,-0.570025,731.31,-478.208,-606.903,914.153,-563.942,-746.854,123.028,-102.295,-111.004,1856.9,-1547.04,-1676.79
0.436339,0.731256,0.524284,79.2072,139.019,98.5142,115.778,207.894,146.426,81.9947,137.393,98.5099,1240.54,2074.24,1488.05
0.436339,0.731256,0.524284,117.637,211.484,148.909,154.786,285.155,199.601,81.9947,137.393,98.5099,1240.54,2074.24,1488.05
0.436339,0.731256,0.524284,156.657,288.968,202.21,202.759,386.343,268.413,81.9947,137.393,98.5099,1240.54,2074.24,1488.05
0.436339,0.731256,0.524284,203.036,386.951,268.824,288.247,587.812,402.93,81.9947,137.393,98.5099,1240.54,2074.24,1488.05
0.436339,0.731256,0.524284,288.504,588.467,403.363,362.716,794.12,537.768,81.9947,137.393,98.5099,1240.54,2074.24,1488.05
0.436339,0.731256,0.524284,362.952,794.835,538.231,421.329,988.013,662.307,81.9947,137.393,98.5099,1240.54,2074.24,1488.05
-0.326464,0.88534,0.331051,-58.0622,149.093,56.138,-88.278,220.984,83.5374,-55.3465,150.123,56.1334,-834.109,2268.41,847.93
-0.326464,0.88534,0.331051,-89.8768,224.691,84.9558,-123.303,300.143,113.948,-55.3465,150.123,56.1334,-834.109,2268.41,847.93
-0.326464,0.88534,0.331051,-125.05,303.984,115.43,-170.923,401.486,153.279,-55.3465,150.123,56.1334,-834.109,2268.41,847.93
-0.326464,0.88534,0.331051,-171.198,402.052,153.5,-271.309,595.765,230.124,-55.3465,150.123,56.1334,-834.109,2268.41,847.93
-0.326464,0.88534,0.331051,-271.671,596.424,230.389,-381.536,785.316,307.204,-55.3465,150.123,56.1334,-834.109,2268.41,847.93
-0.326464,0.88534,0.331051,-381.9,785.907,307.448,-491.436,955.067,378.317,-55.3465,150.123,56.1334,-834.109,2268.41,847.93
0.64686,-0.543516,-0.534942,124.557,-100.426,-101.311,186.757,-147.466,-150.743,122.492,-102.936,-101.304,1848.83,-1556.68,-1530.26
0.64686,-0.543516,-0.534942,190.007,-149.872,-153.306,256.835,-198.204,-205.585,122.492,-102.936,-101.304,1848.83,-1556.68,-1530.26
0.64686,-0.543516,-0.534942,260.333,-200.675,-208.3,349.231,-261.615,-276.623,122.492,-102.936,-101.304,1848.83,-1556.68,-1530.26
0.64686,-0.543516,-0.534942,349.756,-261.964,-277.022,534.703,-377.781,-415.375,122.492,-102.936,-101.304,1848.83,-1556.68,-1530.26
0.64686,-0.543516,-0.534942,535.298,-378.131,-415.813,726.846,-483.753,-554.493,122.492,-102.936,-101.304,1848.83,-1556.68,-1530.26
0.64686,-0.543516,-0.534942,727.448,-484.063,-554.922,909.165,-571.953,-682.908,122.492,-102.936,-101.304,1848.83,-1556.68,-1530.26
-0.396315,-0.913667,0.0902579,-61.1514,-147.853,14.4984,-89.0879,-220.598,21.5201,-63.6787,-146.782,14.5004,-963.698,-2216.46,219.038
-0.396315,-0.913667,0.0902579,-90.5217,-224.432,21.8888,-118.709,-301.993,29.3219,-63.6787,-146.782,14.5004,-963.698,-2216.46,219.038
-0.396315,-0.913667,0.0902579,-120.112,-305.969,29.7017,-154.749,-407.997,39.4059,-63.6787,-146.782,14.5004,-963.698,-2216.46,219.038
-0.396315,-0.913667,0.0902579,-154.943,-408.592,39.4623,-217.729,-617.366,59.0996,-63.6787,-146.782,14.5004,-963.698,-2216.46,219.038
-0.396315,-0.913667,0.0902579,-217.928,-618.09,59.1671,-270.932,-830,78.8461,-63.6787,-146.782,14.5004,-963.698,-2216.46,219.038
-0.396315,-0.913667,0.0902579,-271.083,-830.669,78.908,-311.083,-1028.1,97.0592,-63.6787,-146.782,14.5004,-963.698,-2216.46,219.038
0.547935,0.658889,-0.515396,99.8278,125.038,-96.2351,146.637,187.374,-143.08,102.312,123.013,-96.2287,1547.23,1856.74,-1453.6
0.547935,0.658889,-0.515396,149.048,190.654,-145.526,197.189,257.655,-195.115,102.312,123.013,-96.2287,1547.23,1856.74,-1453.6
0.547935,0.658889,-0.515396,199.632,261.134,-197.67,260.318,350.18,-262.436,102.312,123.013,-96.2287,1547.23,1856.74,-1453.6
0.547935,0.658889,-0.515396,260.674,350.718,-262.824,376.09,535.907,-393.98,102.312,123.013,-96.2287,1547.23,1856.74,-1453.6
0.547935,0.658889,-0.515396,376.434,536.493,-394.388,481.734,728.123,-525.824,102.312,123.013,-96.2287,1547.23,1856.74,-1453.6
0.547935,0.658889,-0.515396,482.068,728.771,-526.262,569.806,910.53,-647.587,102.312,123.013,-96.2287,1547.23,1856.74,-1453.6
0.145213,0.479897,-0.865224,55.3704,221.432,-394.097,56.1678,225.465,-401.192,46.3573,153.137,-276.106,703.968,2312.11,-4170.76
0.145213,0.479897,-0.865224,58.0137,234.943,-417.861,72.2066,316.316,-560.454,46.3573,153.137,-276.106,703.968,2312.11,-4170.76
0.145213,0.479897,-0.865224,72.8603,320.523,-567.804,86.8859,427.639,-754.267,46.3573,153.137,-276.106,703.968,2312.11,-4170.76
0.145213,0.479897,-0.865224,86.951,428.245,-755.319,97.7814,569.373,-999.604,46.3573,153.137,-276.106,703.968,2312.11,-4170.76
-0.296363,-0.76187,0.575954,-54.8724,-150.296,112.734,-79.3479,-224.354,167.712,-58.0154,-149.111,112.728,-878.576,-2251.56,1702.82
-0.296363,-0.76187,0.575954,-80.5715,-228.193,170.553,-104.735,-307.101,228.727,-58.0154,-149.111,112.728,-878.576,-2251.56,1702.82
-0.296363,-0.76187,0.575954,-105.929,-311.163,231.712,-134.795,-414.977,307.678,-58.0154,-149.111,112.728,-878.576,-2251.56,1702.82
-0.296363,-0.76187,0.575954,-134.963,-415.619,308.146,-184.367,-628.189,462.027,-58.0154,-149.111,112.728,-878.576,-2251.56,1702.82
-0.296363,-0.76187,0.575954,-184.506,-628.876,462.522,-221.736,-844.489,616.816,-58.0154,-149.111,112.728,-878.576,-2251.56,1702.82
-0.296363,-0.76187,0.575954,-221.831,-845.156,617.291,-245.158,-1045.73,759.691,-58.0154,-149.111,112.728,-878.576,-2251.56,1702.82
0.291276,-0.956601,-0.00850587,49.2223,-152.24,-1.35013,75.0937,-225.786,-2.02241,46.5971,-153.064,-1.36099,702.017,-2312.7,-20.5586
0.291276,-0.956601,-0.00850587,76.4725,-229.6,-2.05736,105.235,-306.901,-2.76437,46.5971,-153.064,-1.36099,702.017,-2312.7,-20.5586
0.291276,-0.956601,-0.00850587,106.758,-310.88,-2.80093,146.459,-411.016,-3.72638,46.5971,-153.064,-1.36099,702.017,-2312.7,-20.5586
0.291276,-0.956601,-0.00850587,146.707,-411.621,-3.73199,234.128,-611.412,-5.60719,46.5971,-153.064,-1.36099,702.017,-2312.7,-20.5586
0.291276,-0.956601,-0.00850587,234.414,-612.027,-5.61302,331.231,-807.827,-7.48346,46.5971,-153.064,-1.36099,702.017,-2312.7,-20.5586
0.291276,-0.956601,-0.00850587,331.55,-808.438,-7.48935,428.849,-984.754,-9.20371,46.5971,-153.064,-1.36099,702.017,-2312.7,-20.5586
-0.216168,-0.948494,0.231584,-32.8021,-156.601,38.0841,-46.763,-233.334,56.6872,-35.5626,-155.998,38.0889,-539.144,-2356,575.357
-0.216168,-0.948494,0.231584,-47.4481,-237.303,57.648,-60.7052,-318.727,77.328,-35.5626,-155.998,38.0889,-539.144,-2356,575.357
-0.216168,-0.948494,0.231584,-61.3475,-322.924,78.3409,-76.3367,-429.598,104.04,-35.5626,-155.998,38.0889,-539.144,-2356,575.357
-0.216168,-0.948494,0.231584,-76.4203,-430.249,104.197,-98.9875,-647.176,156.253,-35.5626,-155.998,38.0889,-539.144,-2356,575.357
-0.216168,-0.948494,0.231584,-99.0419,-647.856,156.416,-111.156,-865.961,208.558,-35.5626,-155.998,38.0889,-539.144,-2356,575.357
-0.216168,-0.948494,0.231584,-111.179,-866.681,208.73,-113.027,-1068.11,256.834,-35.5626,-155.998,38.0889,-539.144,-2356,575.357
0.84842,-0.384744,0.363532,146.907,-63.3906,62.4308,219.304,-92.2916,92.8969,145.713,-66.0891,62.437,2200.22,-1000.22,943.15
0.84842,-0.384744,0.363532,223.097,-93.7636,94.487,300.271,-122.855,126.722,145.713,-66.0891,62.437,2200.22,-1000.22,943.15
0.84842,-0.384744,0.363532,304.282,-124.322,128.391,405.912,-160.01,170.49,145.713,-66.0891,62.437,2200.22,-1000.22,943.15
0.84842,-0.384744,0.363532,406.549,-160.225,170.753,614.912,-224.706,256.016,145.713,-66.0891,62.437,2200.22,-1000.22,943.15
0.84842,-0.384744,0.363532,615.589,-224.895,256.29,827.297,-278.898,341.717,145.713,-66.0891,62.437,2200.22,-1000.22,943.15
0.84842,-0.384744,0.363532,828.022,-279.063,342.008,1025.55,-319.391,420.84,145.713,-66.0891,62.437,2200.22,-1000.22,943.15
0.187193,-0.949912,-0.250252,33.7064,-156.409,-41.3509,52.0517,-232.166,-61.4602,30.926,-156.983,-41.3562,465.185,-2371.71,-624.711
0.187193,-0.949912,-0.250252,53.0458,-236.115,-62.5106,73.963,-315.95,-83.7999,30.926,-156.983,-41.3562,465.185,-2371.71,-624.711
0.187193,-0.949912,-0.250252,75.0692,-320.013,-84.8862,104.659,-423.607,-112.678,30.926,-156.983,-41.3562,465.185,-2371.71,-624.711
0.187193,-0.949912,-0.250252,104.842,-424.22,-112.843,172.29,-631.542,-169.075,30.926,-156.983,-41.3562,465.185,-2371.71,-624.711
0.187193,-0.949912,-0.250252,172.544,-632.263,-169.273,250.1,-836.494,-225.635,30.926,-156.983,-41.3562,465.185,-2371.71,-624.711
0.187193,-0.949912,-0.250252,250.366,-837.146,-225.816,330.551,-1021.96,-277.781,30.926,-156.983,-41.3562,465.185,-2371.71,-624.711
0.828408,0.513575,0.223566,134.487,86.6796,36.7013,198.895,130.697,54.5978,135.992,84.2979,36.6994,2055.3,1271.68,554.367
0.828408,0.513575,0.223566,202.183,132.988,55.5173,269.444,180.804,74.4479,135.992,84.2979,36.6994,2055.3,1271.68,554.367
0.828408,0.513575,0.223566,272.859,183.281,75.4156,359.303,247.619,100.134,135.992,84.2979,36.6994,2055.3,1271.68,554.367
0.828408,0.513575,0.223566,359.795,247.995,100.276,529.92,384.37,150.292,135.992,84.2979,36.6994,2055.3,1271.68,554.367
0.828408,0.513575,0.223566,530.489,384.848,150.462,694.192,529.534,200.578,135.992,84.2979,36.6994,2055.3,1271.68,554.367
0.828408,0.513575,0.223566,694.693,529.999,200.735,839.301,670.284,246.95,135.992,84.2979,36.6994,2055.3,1271.68,554.367
0.804909,0.179387,-0.565635,155.413,38.0371,-109.753,230.575,58.8686,-163.346,156.171,34.7939,-109.745,2359.57,523.281,-1657.76
0.804909,0.179387,-0.565635,234.447,59.9865,-166.116,313.424,83.7456,-222.79,156.171,34.7939,-109.745,2359.57,523.281,-1657.76
0.804909,0.179387,-0.565635,317.513,85.0258,-225.734,419.925,118.737,-299.833,156.171,34.7939,-109.745,2359.57,523.281,-1657.76
0.804909,0.179387,-0.565635,420.488,118.931,-300.243,624.67,195.91,-450.235,156.171,34.7939,-109.745,2359.57,523.281,-1657.76
0.804909,0.179387,-0.565635,625.332,196.181,-450.727,825.319,284.884,-601.098,156.171,34.7939,-109.745,2359.57,523.281,-1657.76
0.804909,0.179387,-0.565635,825.936,285.179,-601.568,1005.74,377.009,-740.307,156.171,34.7939,-109.745,2359.57,523.281,-1657.76
0.837113,-0.50074,0.220232,138.725,-79.72,36.1201,207.261,-116.799,53.6582,137.304,-82.143,36.1241,2073.05,-1242.53,545.677
0.837113,-0.50074,0.220232,210.881,-118.715,54.5801,284.187,-156.642,73.1581,137.304,-82.143,36.1241,2073.05,-1242.53,545.677
0.837113,-0.50074,0.220232,287.939,-158.539,74.1045,384.714,-205.971,98.3621,137.304,-82.143,36.1241,2073.05,-1242.53,545.677
0.837113,-0.50074,0.220232,385.258,-206.229,98.4977,584.363,-295.125,147.573,137.304,-82.143,36.1241,2073.05,-1242.53,545.677
0.837113,-0.50074,0.220232,585.033,-295.404,147.737,788.485,-374.782,196.893,137.304,-82.143,36.1241,2073.05,-1242.53,545.677
0.837113,-0.50074,0.220232,789.202,-375.043,197.065,980.079,-439.535,242.409,137.304,-82.143,36.1241,2073.05,-1242.53,545.677
-0.571924,0.206857,0.793797,-170.646,55.6783,234.37,-176.017,57.2388,241.675,-150.456,54.4337,208.831,-2271.64,825.262,3154.53
-0.571924,0.206857,0.793797,-180.016,58.3932,247.11,-226.98,71.4787,310.783,-150.456,54.4337,208.831,-2271.64,825.262,3154.53
-0.571924,0.206857,0.793797,-230.877,72.5255,316.053,-310.935,92.724,423.902,-150.456,54.4337,208.831,-2271.64,825.262,3154.53
-0.571924,0.206857,0.793797,-315.062,93.6987,429.441,-420.571,116.435,570.455,-150.456,54.4337,208.831,-2271.64,825.262,3154.53
-0.571924,0.206857,0.793797,-421.154,116.549,571.231,-637.196,150.205,857.022,-150.456,54.4337,208.831,-2271.64,825.262,3154.53
-0.571924,0.206857,0.793797,-637.919,150.29,857.972,-781.212,163.291,1046.02,-150.456,54.4337,208.831,-2271.64,825.262,3154.53
-0.643076,0.703841,-0.301763,-110.026,116.165,-50.6456,-165.119,171.364,-75.3401,-107.916,118.128,-50.6429,-1628.63,1785.77,-764.993
-0.643076,0.703841,-0.301763,-167.993,174.191,-76.6164,-227.373,231.478,-102.743,-107.916,118.128,-50.6429,-1628.63,1785.77,-764.993
-0.643076,0.703841,-0.301763,-230.448,234.387,-104.083,-309.643,307.449,-138.202,-107.916,118.128,-50.6429,-1628.63,1785.77,-764.993
-0.643076,0.703841,-0.301763,-310.112,307.872,-138.402,-475.688,449.736,-207.45,-107.916,118.128,-50.6429,-1628.63,1785.77,-764.993
-0.643076,0.703841,-0.301763,-476.272,450.213,-207.689,-648.985,584.039,-276.893,-107.916,118.128,-50.6429,-1628.63,1785.77,-764.993
-0.643076,0.703841,-0.301763,-649.547,584.453,-277.114,-814.471,700.217,-340.934,-107.916,118.128,-50.6429,-1628.63,1785.77,-764.993
0.624647,-0.185102,-0.758652,164.038,-43.6664,-197.744,230.611,-58.6236,-277.259,153.402,-45.4724,-186.316,2316.39,-689.751,-2814.42
0.624647,-0.185102,-0.758652,234.58,-59.466,-281.986,315.573,-75.4463,-378.18,153.402,-45.4724,-186.316,2316.39,-689.751,-2814.42
0.624647,-0.185102,-0.758652,319.744,-76.2073,-383.119,426.219,-93.6306,-508.814,153.402,-45.4724,-186.316,2316.39,-689.751,-2814.42
0.624647,-0.185102,-0.758652,426.816,-93.7174,-509.516,644.056,-117.364,-764.14,153.402,-45.4724,-186.316,2316.39,-689.751,-2814.42
0.624647,-0.185102,-0.758652,644.78,-117.416,-764.985,864.062,-125.375,-1020.64,153.402,-45.4724,-186.316,2316.39,-689.751,-2814.42
0.624647,-0.185102,-0.758652,864.742,-125.375,-1021.44,909.051,-125.051,-1073.05,153.402,-45.4724,-186.316,2316.39,-689.751,-2814.42
0.390322,-0.178388,0.903231,278.494,-103.198,625.508,278.742,-103.27,626.05,145.513,-66.527,336.748,2196.18,-1009.05,5086.8
0.390322,-0.178388,0.903231,291.756,-106.977,654.522,299.282,-109.079,670.96,145.513,-66.527,336.748,2196.18,-1009.05,5086.8
0.390322,-0.178388,0.903231,309.111,-111.776,692.403,326.242,-116.352,729.703,145.513,-66.527,336.748,2196.18,-1009.05,5086.8
0.390322,-0.178388,0.903231,326.515,-116.423,730.297,414.205,-137.328,919.975,145.513,-66.527,336.748,2196.18,-1009.05,5086.8
0.390322,-0.178388,0.903231,414.801,-137.456,921.258,440.39,-142.773,976.25,145.513,-66.527,336.748,2196.18,-1009.05,5086.8
-0.827052,0.402848,-0.392044,-145.125,67.3707,-68.1911,-216.783,98.222,-101.473,-143.839,70.0736,-68.1854,-2171.85,1060.41,-1029.98
-0.827052,0.402848,-0.392044,-220.476,99.7707,-103.182,-296.867,130.9,-138.372,-143.839,70.0736,-68.1854,-2171.85,1060.41,-1029.98
-0.827052,0.402848,-0.392044,-300.826,132.466,-140.189,-401.541,170.818,-186.163,-143.839,70.0736,-68.1854,-2171.85,1060.41,-1029.98
-0.827052,0.402848,-0.392044,-402.123,171.031,-186.427,-608.735,240.831,-279.474,-143.839,70.0736,-68.1854,-2171.85,1060.41,-1029.98
-0.827052,0.402848,-0.392044,-609.444,241.051,-279.791,-819.802,300.365,-373.049,-143.839,70.0736,-68.1854,-2171.85,1060.41,-1029.98
-0.827052,0.402848,-0.392044,-820.473,300.536,-373.345,-1016.96,345.671,-459.386,-143.839,70.0736,-68.1854,-2171.85,1060.41,-1029.98
-0.753975,0.151748,0.639135,-157.516,28.0867,133.002,-234.686,39.2738,197.588,-156.852,31.5807,132.964,-2368.85,479.526,2008.5
-0.753975,0.151748,0.639135,-238.703,39.8094,200.944,-320.613,49.7261,269.27,-156.852,31.5807,132.964,-2368.85,479.526,2008.5
-0.753975,0.151748,0.639135,-324.846,50.1869,272.796,-432.191,60.188,362.085,-156.852,31.5807,132.964,-2368.85,479.526,2008.5
-0.753975,0.151748,0.639135,-432.812,60.2365,362.601,-650.824,70.6156,543.433,-156.852,31.5807,132.964,-2368.85,479.526,2008.5
-0.753975,0.151748,0.639135,-651.567,70.6283,544.048,-870.433,67.7147,725.417,-156.852,31.5807,132.964,-2368.85,479.526,2008.5
-0.753975,0.151748,0.639135,-871.158,67.6829,726.018,-1072.77,53.1369,893.492,-156.852,31.5807,132.964,-2368.85,479.526,2008.5
-0.907387,0.147804,0.39345,-158.37,22.7805,68.479,-235.863,31.7489,101.888,-157.917,25.7331,68.4748,-2385.1,390.803,1034.36
-0.907387,0.147804,0.39345,-239.852,32.172,103.605,-321.957,40.0462,138.928,-157.917,25.7331,68.4748,-2385.1,390.803,1034.36
-0.907387,0.147804,0.39345,-326.206,40.4106,140.755,-433.682,48.2134,186.903,-157.917,25.7331,68.4748,-2385.1,390.803,1034.36
-0.907387,0.147804,0.39345,-434.311,48.2511,187.174,-652.258,55.733,280.536,-157.917,25.7331,68.4748,-2385.1,390.803,1034.36
-0.907387,0.147804,0.39345,-653.009,55.7396,280.857,-871.532,52.0817,374.381,-157.917,25.7331,68.4748,-2385.1,390.803,1034.36
-0.907387,0.147804,0.39345,-872.232,52.0522,374.68,-1073.38,38.7969,460.938,-157.917,25.7331,68.4748,-2385.1,390.803,1034.36
0.471663,0.116067,0.874107,231.564,70.2994,435.71,236.995,72.2796,446.112,155.37,38.214,287.93,2347.91,573.357,4349.36
0.471663,0.116067,0.874107,244.494,75.0394,460.49,308.696,99.9101,584.397,155.37,38.214,287.93,2347.91,573.357,4349.36
0.471663,0.116067,0.874107,312.634,101.508,592.045,411.732,144.613,786.556,155.37,38.214,287.93,2347.91,573.357,4349.36
0.471663,0.116067,0.874107,412.273,144.864,787.63,515.911,196.155,995.803,155.37,38.214,287.93,2347.91,573.357,4349.36
-0.714119,0.51156,-0.477851,-131.864,90.6199,-87.0284,-197.391,132.816,-129.307,-130.064,93.1844,-87.0361,-1963.41,1409.41,-1314.73
-0.714119,0.51156,-0.477851,-200.849,134.995,-131.523,-271.115,178.229,-176.277,-130.064,93.1844,-87.0361,-1963.41,1409.41,-1314.73
-0.714119,0.51156,-0.477851,-274.759,180.419,-178.582,-367.889,234.655,-237.033,-130.064,93.1844,-87.0361,-1963.41,1409.41,-1314.73
-0.714119,0.51156,-0.477851,-368.437,234.965,-237.375,-561.143,337.151,-355.692,-130.064,93.1844,-87.0361,-1963.41,1409.41,-1314.73
-0.714119,0.51156,-0.477851,-561.812,337.483,-356.097,-760.142,429.488,-474.663,-130.064,93.1844,-87.0361,-1963.41,1409.41,-1314.73
-0.714119,0.51156,-0.477851,-760.788,429.767,-475.044,-947.869,505.141,-584.443,-130.064,93.1844,-87.0361,-1963.41,1409.41,-1314.73
0.215458,0.839151,0.499403,36.7137,155.731,92.2294,52.3894,232.106,137.257,39.8006,154.971,92.2291,603.388,2340.37,1393.18
0.215458,0.839151,0.499403,53.1648,236.088,139.6,68.0559,317.203,187.225,39.8006,154.971,92.2291,603.388,2340.37,1393.18
0.215458,0.839151,0.499403,68.7837,321.423,189.697,85.6283,427.867,251.925,39.8006,154.971,92.2291,603.388,2340.37,1393.18
0.215458,0.839151,0.499403,85.7188,428.494,252.291,111.063,645.143,378.256,39.8006,154.971,92.2291,603.388,2340.37,1393.18
0.215458,0.839151,0.499403,111.13,645.893,378.691,124.729,864.119,504.942,39.8006,154.971,92.2291,603.388,2340.37,1393.18
0.215458,0.839151,0.499403,124.754,864.832,505.353,126.801,1066.61,621.851,39.8006,154.971,92.2291,603.388,2340.37,1393.18
-0.506175,-0.593226,0.625995,-101.159,-123.963,128.455,-148.545,-185.935,191.192,-103.863,-121.707,128.438,-1570.81,-1836.84,1940.13
-0.506175,-0.593226,0.625995,-150.948,-189.152,194.421,-199.526,-255.827,260.759,-103.863,-121.707,128.438,-1570.81,-1836.84,1940.13
-0.506175,-0.593226,0.625995,-201.999,-259.307,264.192,-263.075,-348.114,350.919,-103.863,-121.707,128.438,-1570.81,-1836.84,1940.13
-0.506175,-0.593226,0.625995,-263.433,-348.651,351.438,-378.945,-533.888,527.079,-103.863,-121.707,128.438,-1570.81,-1836.84,1940.13
-0.506175,-0.593226,0.625995,-379.289,-534.478,527.629,-483.714,-726.795,703.662,-103.863,-121.707,128.438,-1570.81,-1836.84,1940.13
-0.506175,-0.593226,0.625995,-484.048,-727.458,704.259,-570.031,-910.343,866.816,-103.863,-121.707,128.438,-1570.81,-1836.84,1940.13
-0.452452,-0.634178,0.626981,-90.0413,-132.259,128.785,-131.71,-198.213,191.569,-92.9353,-130.242,128.771,-1405.88,-1965.94,1945.17
-0.452452,-0.634178,0.626981,-133.819,-201.635,194.804,-176.255,-272.383,261.193,-92.9353,-130.242,128.771,-1405.88,-1965.94,1945.17
-0.452452,-0.634178,0.626981,-178.407,-276.07,264.629,-231.297,-369.99,351.36,-92.9353,-130.242,128.771,-1405.88,-1965.94,1945.17
-0.452452,-0.634178,0.626981,-231.606,-370.558,351.88,-330.075,-565.406,527.527,-92.9353,-130.242,128.771,-1405.88,-1965.94,1945.17
-0.452452,-0.634178,0.626981,-330.365,-566.027,528.078,-417.149,-766.939,704.12,-92.9353,-130.242,128.771,-1405.88,-1965.94,1945.17
-0.452452,-0.634178,0.626981,-417.423,-767.63,704.717,-486.695,-957.491,867.257,-92.9353,-130.242,128.771,-1405.88,-1965.94,1945.17
0.855892,0.455754,-0.244414,139.878,77.6797,-40.3304,207.042,117.263,-59.9836,141.23,75.193,-40.3293,2134.31,1134.07,-609.199
0.855892,0.455754,-0.244414,210.52,119.355,-61.0064,280.763,162.532,-81.7898,141.23,75.193,-40.3293,2134.31,1134.07,-609.199
0.855892,0.455754,-0.244414,284.395,164.812,-82.8709,374.938,223.247,-110.036,141.23,75.193,-40.3293,2134.31,1134.07,-609.199
0.855892,0.455754,-0.244414,375.451,223.587,-110.191,554.31,348.376,-165.168,141.23,75.193,-40.3293,2134.31,1134.07,-609.199
0.855892,0.455754,-0.244414,554.866,348.785,-165.342,727.809,482.297,-220.424,141.23,75.193,-40.3293,2134.31,1134.07,-609.199
0.855892,0.455754,-0.244414,728.337,482.725,-220.596,881.928,613.12,-271.408,141.23,75.193,-40.3293,2134.31,1134.07,-609.199
-0.757661,0.20692,0.618978,-155.227,38.7908,126.08,-231.474,55.2831,187.567,-154.344,42.1641,126.096,-2330.81,639.303,1904.75
-0.757661,0.20692,0.618978,-235.41,56.0887,190.734,-316.465,71.6822,255.786,-154.344,42.1641,126.096,-2330.81,639.303,1904.75
-0.757661,0.20692,0.618978,-320.62,72.4309,259.114,-426.961,89.9186,344.056,-154.344,42.1641,126.096,-2330.81,639.303,1904.75
-0.757661,0.20692,0.618978,-427.611,90.0158,344.575,-644.362,115.817,516.647,-154.344,42.1641,126.096,-2330.81,639.303,1904.75
-0.757661,0.20692,0.618978,-645.058,115.879,517.197,-863.549,128.802,689.646,-154.344,42.1641,126.096,-2330.81,639.303,1904.75
-0.757661,0.20692,0.618978,-864.235,128.822,690.187,-1066.29,129.144,849.354,-154.344,42.1641,126.096,-2330.81,639.303,1904.75
0.667114,-0.721682,0.184752,110.637,-115.583,30.0797,166.022,-170.5,44.667,108.601,-117.498,30.0782,1639.03,-1776.23,454.35
0.667114,-0.721682,0.184752,168.905,-173.307,45.4194,228.504,-230.271,60.8311,108.601,-117.498,30.0782,1639.03,-1776.23,454.35
0.667114,-0.721682,0.184752,231.639,-233.211,61.6344,311.095,-305.934,81.7694,108.601,-117.498,30.0782,1639.03,-1776.23,454.35
0.667114,-0.721682,0.184752,311.589,-306.376,81.8934,477.602,-447.798,122.678,108.601,-117.498,30.0782,1639.03,-1776.23,454.35
0.667114,-0.721682,0.184752,478.137,-448.232,122.807,650.958,-581.797,163.672,108.601,-117.498,30.0782,1639.03,-1776.23,454.35
0.667114,-0.721682,0.184752,651.543,-582.227,163.807,816.375,-697.963,201.494,108.601,-117.498,30.0782,1639.03,-1776.23,454.35
-0.829106,-0.456448,-0.32286,-138.745,-79.6853,-54.594,-205.322,-120.343,-81.31,-140.168,-77.1556,-54.5805,-2118.31,-1163.68,-824.473
-0.829106,-0.456448,-0.32286,-208.725,-122.465,-82.6834,-278.299,-166.802,-110.94,-140.168,-77.1556,-54.5805,-2118.31,-1163.68,-824.473
-0.829106,-0.456448,-0.32286,-281.856,-169.118,-112.394,-371.364,-229.03,-149.292,-140.168,-77.1556,-54.5805,-2118.31,-1163.68,-824.473
-0.829106,-0.456448,-0.32286,-371.92,-229.412,-149.524,-548.547,-357.352,-224.242,-140.168,-77.1556,-54.5805,-2118.31,-1163.68,-824.473
-0.829106,-0.456448,-0.32286,-549.109,-357.781,-224.484,-719.475,-494.532,-299.325,-140.168,-77.1556,-54.5805,-2118.31,-1163.68,-824.473
-0.829106,-0.456448,-0.32286,-720.042,-495.011,-299.579,-871.038,-628.541,-368.637,-140.168,-77.1556,-54.5805,-2118.31,-1163.68,-824.473
0.997293,-0.0726621,-0.0112539,159.753,-8.89488,-1.80087,237.681,-11.2339,-2.64711,159.576,-11.6358,-1.80074,2410.36,-177.706,-27.2013
0.997293,-0.0726621,-0.0112539,241.735,-11.3199,-2.69112,324.208,-12.3088,-3.58272,159.576,-11.6358,-1.80074,2410.36,-177.706,-27.2013
0.997293,-0.0726621,-0.0112539,328.469,-12.3204,-3.62863,436.183,-11.3188,-4.79455,159.576,-11.6358,-1.80074,2410.36,-177.706,-27.2013
0.997293,-0.0726621,-0.0112539,436.837,-11.3045,-4.80166,654.704,-1.64701,-7.14875,159.576,-11.6358,-1.80074,2410.36,-177.706,-27.2013
0.997293,-0.0726621,-0.0112539,655.381,-1.60107,-7.15604,872.872,18.296,-9.4998,159.576,-11.6358,-1.80074,2410.36,-177.706,-27.2013
0.997293,-0.0726621,-0.0112539,873.59,18.3788,-9.50755,1073.11,45.7489,-11.6445,159.576,-11.6358,-1.80074,2410.36,-177.706,-27.2013
0.902572,0.137217,-0.408088,157.704,27.0064,-71.5226,234.139,42.2769,-106.338,158.184,24.0385,-71.5204,2389.79,361.009,-1080.36
0.902572,0.137217,-0.408088,238.129,43.1139,-108.159,318.675,60.8684,-145.007,158.184,24.0385,-71.5204,2389.79,361.009,-1080.36
0.902572,0.137217,-0.408088,322.833,61.8292,-146.913,427.467,87.4619,-195.043,158.184,24.0385,-71.5204,2389.79,361.009,-1080.36
0.902572,0.137217,-0.408088,428.107,87.6274,-195.339,637.837,147.608,-292.814,158.184,24.0385,-71.5204,2389.79,361.009,-1080.36
0.902572,0.137217,-0.408088,638.497,147.815,-293.123,845.244,218.595,-390.79,158.184,24.0385,-71.5204,2389.79,361.009,-1080.36
0.902572,0.137217,-0.408088,845.933,218.85,-391.119,1033.26,293.51,-481.231,158.184,24.0385,-71.5204,2389.79,361.009,-1080.36
-0.704219,0.385085,-0.596477,-142.002,73.7261,-118.968,-212.352,107.389,-176.848,-140.377,76.7746,-118.904,-2119.32,1161.85,-1796.13
-0.704219,0.385085,-0.596477,-216.016,109.093,-179.846,-291.241,143.033,-241.098,-140.377,76.7746,-118.904,-2119.32,1161.85,-1796.13
-0.704219,0.385085,-0.596477,-295.122,144.73,-244.241,-394.49,186.442,-324.222,-140.377,76.7746,-118.904,-2119.32,1161.85,-1796.13
-0.704219,0.385085,-0.596477,-395.098,186.687,-324.709,-599.837,262.331,-486.687,-140.377,76.7746,-118.904,-2119.32,1161.85,-1796.13
-0.704219,0.385085,-0.596477,-600.494,262.552,-487.202,-809.77,326.301,-649.543,-140.377,76.7746,-118.904,-2119.32,1161.85,-1796.13
-0.704219,0.385085,-0.596477,-810.491,326.498,-650.098,-1006.73,374.383,-799.972,-140.377,76.7746,-118.904,-2119.32,1161.85,-1796.13
-0.135369,-0.702092,-0.699101,-26.5157,-157.788,-156.446,-36.6966,-235.122,-232.72,-30.304,-157.104,-156.437,-460.432,-2372.64,-2363.08
-0.135369,-0.702092,-0.699101,-37.1735,-239.128,-236.663,-45.8641,-321.207,-317.343,-30.304,-157.104,-156.437,-460.432,-2372.64,-2363.08
-0.135369,-0.702092,-0.699101,-46.2557,-325.429,-321.487,-54.4141,-432.957,-426.89,-30.304,-157.104,-156.437,-460.432,-2372.64,-2363.08
-0.135369,-0.702092,-0.699101,-54.4511,-433.578,-427.497,-60.29,-651.935,-641.027,-30.304,-157.104,-156.437,-460.432,-2372.64,-2363.08
-0.135369,-0.702092,-0.699101,-60.2859,-652.605,-641.682,-51.7696,-871.514,-855.807,-30.304,-157.104,-156.437,-460.432,-2372.64,-2363.08
-0.135369,-0.702092,-0.699101,-51.7166,-872.252,-856.529,-31.0851,-1073.68,-1054.44,-30.304,-157.104,-156.437,-460.432,-2372.64,-2363.08
-0.973138,-0.150506,0.174216,-157.672,-27.1954,28.3068,-234.186,-42.408,42.1397,-158.121,-24.4457,28.3074,-2388.82,-367.316,427.602
-0.973138,-0.150506,0.174216,-238.109,-43.2243,42.8501,-318.683,-60.7863,57.4728,-158.121,-24.4457,28.3074,-2388.82,-367.316,427.602
-0.973138,-0.150506,0.174216,-322.85,-61.736,58.2306,-427.6,-86.9528,77.3346,-158.121,-24.4457,28.3074,-2388.82,-367.316,427.602
-0.973138,-0.150506,0.174216,-428.213,-87.1081,77.4468,-638.226,-145.622,116.108,-158.121,-24.4457,28.3074,-2388.82,-367.316,427.602
-0.973138,-0.150506,0.174216,-638.95,-145.842,116.242,-846.349,-214.435,154.981,-158.121,-24.4457,28.3074,-2388.82,-367.316,427.602
-0.973138,-0.150506,0.174216,-847.003,-214.669,155.104,-1035.19,-286.607,190.835,-158.121,-24.4457,28.3074,-2388.82,-367.316,427.602
0.342344,0.17931,-0.922306,332.036,223.948,-957.92,334.155,225.75,-964.561,141.746,74.2158,-381.848,2143.5,1116.61,-5768.06
0.768523,0.637946,-0.0489655,121.343,104.288,-7.83077,179.161,156.572,-11.6018,123.117,102.187,-7.84389,1861.01,1542.1,-118.487
0.768523,0.637946,-0.0489655,182.153,159.325,-11.7986,242.292,215.717,-15.7869,123.117,102.187,-7.84389,1861.01,1542.1,-118.487
0.768523,0.637946,-0.0489655,245.398,218.685,-15.9946,322.378,294.005,-21.2006,123.117,102.187,-7.84389,1861.01,1542.1,-118.487
0.768523,0.637946,-0.0489655,322.854,294.482,-21.2332,473.28,452.349,-31.7743,123.117,102.187,-7.84389,1861.01,1542.1,-118.487
0.768523,0.637946,-0.0489655,473.75,452.867,-31.8081,616.852,617.83,-42.342,123.117,102.187,-7.84389,1861.01,1542.1,-118.487
0.768523,0.637946,-0.0489655,617.32,618.396,-42.3774,742.275,776.297,-52.086,123.117,102.187,-7.84389,1861.01,1542.1,-118.487
-0.784002,0.586597,0.203089,-129.775,93.5867,33.2062,-194.15,137.555,49.3952,-128.105,95.8605,33.1858,-1933.91,1449.62,501.292
-0.784002,0.586597,0.203089,-197.524,139.816,50.2386,-266.485,185.077,67.3621,-128.105,95.8605,33.1858,-1933.91,1449.62,501.292
-0.784002,0.586597,0.203089,-270.062,187.377,68.2449,-361.426,244.543,90.6142,-128.105,95.8605,33.1858,-1933.91,1449.62,501.292
-0.784002,0.586597,0.203089,-361.939,244.856,90.7391,-550.765,353.826,135.996,-128.105,95.8605,33.1858,-1933.91,1449.62,501.292
-0.784002,0.586597,0.203089,-551.432,354.189,136.153,-745.632,454.22,181.525,-128.105,95.8605,33.1858,-1933.91,1449.62,501.292
-0.784002,0.586597,0.203089,-746.26,454.525,181.67,-929.397,538.423,223.498,-128.105,95.8605,33.1858,-1933.91,1449.62,501.292
0.587032,0.456105,0.668851,124.047,101.056,143.972,182.855,152.313,214.184,126.354,98.1569,143.956,1910.25,1480.65,2174.54
0.587032,0.456105,0.668851,185.854,154.991,217.803,246.745,210.733,292.1,126.354,98.1569,143.956,1910.25,1480.65,2174.54
0.587032,0.456105,0.668851,249.82,213.62,295.895,327.211,288.647,392.903,126.354,98.1569,143.956,1910.25,1480.65,2174.54
0.587032,0.456105,0.668851,327.674,289.109,393.492,477.1,448.318,590.025,126.354,98.1569,143.956,1910.25,1480.65,2174.54
0.587032,0.456105,0.668851,477.563,448.844,590.655,617.079,617.666,787.818,126.354,98.1569,143.956,1910.25,1480.65,2174.54
0.587032,0.456105,0.668851,617.502,618.214,788.441,736.667,781.702,970.588,126.354,98.1569,143.956,1910.25,1480.65,2174.54
-0.42256,0.493367,-0.760284,-113.989,125.784,-198.703,-120.562,132.62,-209.803,-104.07,121.53,-187.265,-1569.76,1837.73,-2828.75
-0.42256,0.493367,-0.760284,-120.75,132.814,-210.12,-161.787,174.535,-278.62,-104.07,121.53,-187.265,-1569.76,1837.73,-2828.75
-0.42256,0.493367,-0.760284,-164.633,177.37,-283.322,-223.929,234.766,-379.916,-104.07,121.53,-187.265,-1569.76,1837.73,-2828.75
-0.42256,0.493367,-0.760284,-227.038,237.692,-384.914,-306.987,310.166,-511.223,-104.07,121.53,-187.265,-1569.76,1837.73,-2828.75
-0.42256,0.493367,-0.760284,-307.428,310.552,-511.909,-477.016,448.394,-767.761,-104.07,121.53,-187.265,-1569.76,1837.73,-2828.75
-0.42256,0.493367,-0.760284,-477.583,448.822,-768.593,-657.372,574.535,-1025.47,-104.07,121.53,-187.265,-1569.76,1837.73,-2828.75
-0.42256,0.493367,-0.760284,-657.988,574.934,-1026.33,-688.783,594.579,-1069.1,-104.07,121.53,-187.265,-1569.76,1837.73,-2828.75
-0.42256,0.493367,-0.760284,-689.584,595.082,-1070.2,-691.617,596.363,-1073.02,-104.07,121.53,-187.265,-1569.76,1837.73,-2828.75
-0.227368,0.665946,0.710506,-55.3602,150.117,161.567,-84.956,222.272,240.314,-51.6849,151.422,161.55,-778.116,2288.22,2440.31
-0.227368,0.665946,0.710506,-86.5385,225.998,244.401,-119.809,301.54,327.756,-51.6849,151.422,161.55,-778.116,2288.22,2440.31
-0.227368,0.665946,0.710506,-121.567,305.393,332.033,-167.995,402.72,440.929,-51.6849,151.422,161.55,-778.116,2288.22,2440.31
-0.227368,0.665946,0.710506,-168.275,403.284,441.565,-272.018,595.526,662.149,-51.6849,151.422,161.55,-778.116,2288.22,2440.31
-0.227368,0.665946,0.710506,-272.359,596.111,662.831,-389.092,781.623,884.078,-51.6849,151.422,161.55,-778.116,2288.22,2440.31
-0.227368,0.665946,0.710506,-389.472,782.182,884.76,-508.173,946.305,1089.19,-51.6849,151.422,161.55,-778.116,2288.22,2440.31
-0.429684,0.813596,0.391705,-77.3378,140.067,68.1198,-116.858,207.232,101.259,-74.7115,141.486,68.1159,-1126.69,2138.22,1028.93
-0.429684,0.813596,0.391705,-118.967,210.739,102.999,-162.192,281.004,138.079,-74.7115,141.486,68.1159,-1126.69,2138.22,1028.93
-0.429684,0.813596,0.391705,-164.456,284.602,139.886,-223.033,375.07,185.718,-74.7115,141.486,68.1159,-1126.69,2138.22,1028.93
-0.429684,0.813596,0.391705,-223.372,375.579,185.978,-348.792,553.999,278.727,-74.7115,141.486,68.1159,-1126.69,2138.22,1028.93
-0.429684,0.813596,0.391705,-349.228,554.587,279.038,-483.843,726.75,372.011,-74.7115,141.486,68.1159,-1126.69,2138.22,1028.93
-0.429684,0.813596,0.391705,-484.292,727.295,372.312,-616.078,879.846,458.107,-74.7115,141.486,68.1159,-1126.69,2138.22,1028.93
-0.942939,0.18159,-0.27909,-157.627,27.4515,-46.5048,-234.751,38.8361,-69.2818,-157.111,30.266,-46.5022,-2372.88,459.176,-702.446
-0.942939,0.18159,-0.27909,-238.772,39.3923,-70.4679,-320.629,49.9113,-94.5801,-157.111,30.266,-46.5022,-2372.88,459.176,-702.446
-0.942939,0.18159,-0.27909,-324.812,50.408,-95.811,-431.984,61.7768,-127.301,-157.111,30.266,-46.5022,-2372.88,459.176,-702.446
-0.942939,0.18159,-0.27909,-432.586,61.8333,-127.478,-650.095,76.9151,-191.187,-157.111,30.266,-46.5022,-2372.88,459.176,-702.446
-0.942939,0.18159,-0.27909,-650.85,76.949,-191.408,-869.312,81.416,-255.269,-157.111,30.266,-46.5022,-2372.88,459.176,-702.446
-0.942939,0.18159,-0.27909,-869.982,81.4133,-255.465,-1071.42,76.0586,-314.366,-157.111,30.266,-46.5022,-2372.88,459.176,-702.446
-0.635131,0.328025,-0.699291,-143.876,69.9979,-156.535,-215.19,101.59,-232.861,-142.154,73.4322,-156.521,-2146.07,1111.66,-2364.34
-0.635131,0.328025,-0.699291,-218.901,103.18,-236.812,-295.179,134.693,-317.571,-142.154,73.4322,-156.521,-2146.07,1111.66,-2364.34
-0.635131,0.328025,-0.699291,-299.125,136.263,-321.727,-399.961,174.456,-427.245,-142.154,73.4322,-156.521,-2146.07,1111.66,-2364.34
-0.635131,0.328025,-0.699291,-400.556,174.67,-427.864,-608.31,241.921,-641.582,-142.154,73.4322,-156.521,-2146.07,1111.66,-2364.34
-0.635131,0.328025,-0.699291,-609.018,242.125,-642.303,-821.488,295.763,-856.78,-142.154,73.4322,-156.521,-2146.07,1111.66,-2364.34
-0.635131,0.328025,-0.699291,-822.153,295.908,-857.446,-1021.21,332.952,-1055.63,-142.154,73.4322,-156.521,-2146.07,1111.66,-2364.34
-0.585004,0.306777,-0.750772,-152.434,74.6913,-192.942,-214.822,102.344,-270.475,-141.692,74.3193,-181.851,-2138.98,1125.25,-2746.97
-0.585004,0.306777,-0.750772,-218.541,103.941,-275.074,-294.856,135.438,-368.874,-141.692,74.3193,-181.851,-2138.98,1125.25,-2746.97
-0.585004,0.306777,-0.750772,-298.79,136.998,-373.682,-399.787,174.917,-496.256,-141.692,74.3193,-181.851,-2138.98,1125.25,-2746.97
-0.585004,0.306777,-0.750772,-400.359,175.12,-496.946,-608.696,240.963,-745.257,-141.692,74.3193,-181.851,-2138.98,1125.25,-2746.97
-0.585004,0.306777,-0.750772,-609.401,241.159,-746.089,-822.711,292.238,-995.409,-141.692,74.3193,-181.851,-2138.98,1125.25,-2746.97
-0.585004,0.306777,-0.750772,-823.414,292.38,-996.224,-893.252,305.654,-1077,-141.692,74.3193,-181.851,-2138.98,1125.25,-2746.97
0.950619,-0.00399789,-0.310333,159.985,2.20456,-52.2291,237.885,5.29964,-77.6451,159.999,-0.682488,-52.2321,2416.87,-12.3557,-788.999
0.950619,-0.00399789,-0.310333,241.938,5.49808,-78.9676,324.268,10.329,-105.856,159.999,-0.682488,-52.2321,2416.87,-12.3557,-788.999
0.950619,-0.00399789,-0.310333,328.528,10.6204,-107.249,435.97,19.3299,-142.395,159.999,-0.682488,-52.2321,2416.87,-12.3557,-788.999
0.950619,-0.00399789,-0.310333,436.553,19.3843,-142.586,653.13,44.9925,-213.683,159.999,-0.682488,-52.2321,2416.87,-12.3557,-788.999
0.950619,-0.00399789,-0.310333,653.83,45.0929,-213.914,869.239,81.4114,-285.128,159.999,-0.682488,-52.2321,2416.87,-12.3557,-788.999
0.950619,-0.00399789,-0.310333,869.969,81.5531,-285.37,1066.9,124.437,-351.083,159.999,-0.682488,-52.2321,2416.87,-12.3557,-788.999
0.274441,0.461517,0.843614,99.1857,183.681,328.072,101.767,188.994,337.351,81.7922,137.514,251.38,1238.64,2075.38,3797.25
0.274441,0.461517,0.843614,103.444,192.462,343.403,111.852,210.056,374.036,81.7922,137.514,251.38,1238.64,2075.38,3797.25
0.274441,0.461517,0.843614,113.57,213.696,380.36,147.539,288.985,510.126,81.7922,137.514,251.38,1238.64,2075.38,3797.25
0.274441,0.461517,0.843614,149.216,292.879,516.788,189.689,392.988,686.446,81.7922,137.514,251.38,1238.64,2075.38,3797.25
0.274441,0.461517,0.843614,189.906,393.561,687.409,255.62,591.255,1014.8,81.7922,137.514,251.38,1238.64,2075.38,3797.25
-0.983839,-0.152381,-0.0940242,-157.671,-27.2024,-15.1116,-234.095,-42.4026,-22.4676,-158.116,-24.4804,-15.1108,-2388.74,-367.861,-228.258
-0.983839,-0.152381,-0.0940242,-238.106,-43.2373,-22.8545,-318.734,-60.7971,-30.6459,-158.116,-24.4804,-15.1108,-2388.74,-367.861,-228.258
-0.983839,-0.152381,-0.0940242,-322.851,-61.7338,-31.0444,-427.611,-86.8986,-41.2163,-158.116,-24.4804,-15.1108,-2388.74,-367.861,-228.258
-0.983839,-0.152381,-0.0940242,-428.224,-87.0535,-41.276,-638.28,-145.385,-61.8731,-158.116,-24.4804,-15.1108,-2388.74,-367.861,-228.258
-0.983839,-0.152381,-0.0940242,-639.004,-145.605,-61.9447,-846.492,-213.875,-82.5837,-158.116,-24.4804,-15.1108,-2388.74,-367.861,-228.258
-0.983839,-0.152381,-0.0940242,-847.145,-214.107,-82.6492,-1035.42,-285.641,-101.68,-158.116,-24.4804,-15.1108,-2388.74,-367.861,-228.258
-0.384335,-0.103846,-0.917335,-340.984,-129.085,-841.705,-343.087,-130.129,-847.118,-154.467,-41.7125,-368.669,-2334.59,-625.375,-5568.98
-0.384335,-0.103846,-0.917335,-357.109,-137.176,-883.305,-365.83,-141.636,-905.891,-154.467,-41.7125,-368.669,-2334.59,-625.375,-5568.98
-0.384335,-0.103846,-0.917335,-373.162,-145.432,-924.93,-388.363,-153.432,-964.541,-154.467,-41.7125,-368.669,-2334.59,-625.375,-5568.98
-0.384335,-0.103846,-0.917335,-389.142,-153.847,-966.577,-389.844,-154.221,-968.412,-154.467,-41.7125,-368.669,-2334.59,-625.375,-5568.98
-0.541462,-0.324889,0.775413,-142.979,-91.4998,208.478,-143.865,-92.1043,209.796,-137.205,-82.3091,196.477,-2074.15,-1240.69,2967.91
-0.541462,-0.324889,0.775413,-151.03,-97.0056,220.458,-198.935,-130.587,292.305,-137.205,-82.3091,196.477,-2074.15,-1240.69,2967.91
-0.541462,-0.324889,0.775413,-202.216,-132.939,297.262,-268.618,-182.046,398.695,-137.205,-82.3091,196.477,-2074.15,-1240.69,2967.91
-0.541462,-0.324889,0.775413,-271.968,-184.6,403.868,-356.538,-251.644,536.408,-137.205,-82.3091,196.477,-2074.15,-1240.69,2967.91
-0.541462,-0.324889,0.775413,-356.99,-252.017,537.128,-520.514,-397.072,805.593,-137.205,-82.3091,196.477,-2074.15,-1240.69,2967.91
-0.541462,-0.324889,0.775413,-521.029,-397.563,806.466,-665.845,-546.06,1061.26,-137.205,-82.3091,196.477,-2074.15,-1240.69,2967.91
0.457338,-0.878251,0.139701,76.3395,-140.614,22.5745,115.397,-208.099,33.4598,73.8906,-141.916,22.5735,1114.42,-2144.64,340.986
0.457338,-0.878251,0.139701,117.456,-211.585,34.025,160.049,-282.18,45.5329,73.8906,-141.916,22.5735,1114.42,-2144.64,340.986
0.457338,-0.878251,0.139701,162.302,-285.835,46.132,219.931,-376.879,61.1614,73.8906,-141.916,22.5735,1114.42,-2144.64,340.986
0.457338,-0.878251,0.139701,220.273,-377.405,61.2489,343.323,-557.382,91.6518,73.8906,-141.916,22.5735,1114.42,-2144.64,340.986
0.457338,-0.878251,0.139701,343.762,-557.992,91.7566,475.453,-732.287,122.218,73.8906,-141.916,22.5735,1114.42,-2144.64,340.986
0.457338,-0.878251,0.139701,475.882,-732.826,122.314,604.514,-887.843,150.424,73.8906,-141.916,22.5735,1114.42,-2144.64,340.986
0.317808,-0.697364,-0.642403,69.6191,-144.06,-134.144,105.932,-213.1,-199.534,66.3403,-145.599,-134.119,999.801,-2200.41,-2025.95
0.317808,-0.697364,-0.642403,107.847,-216.64,-202.908,147.971,-288.747,-272.081,66.3403,-145.599,-134.119,999.801,-2200.41,-2025.95
0.317808,-0.697364,-0.642403,150.082,-292.436,-275.644,205.084,-385.139,-366.007,66.3403,-145.599,-134.119,999.801,-2200.41,-2025.95
0.317808,-0.697364,-0.642403,205.422,-385.689,-366.548,325.291,-568.183,-549.586,66.3403,-145.599,-134.119,999.801,-2200.41,-2025.95
0.317808,-0.697364,-0.642403,325.679,-568.736,-550.151,456.831,-743.996,-733.61,66.3403,-145.599,-134.119,999.801,-2200.41,-2025.95
0.317808,-0.697364,-0.642403,457.289,-744.57,-734.225,587.71,-899.034,-903.644,66.3403,-145.599,-134.119,999.801,-2200.41,-2025.95
-0.974795,0.0676874,-0.212586,-159.785,8.2862,-34.8134,-237.697,10.3254,-51.7344,-159.615,11.0926,-34.8094,-2410.95,169.547,-525.818
-0.974795,0.0676874,-0.212586,-241.777,10.3955,-52.6201,-324.237,11.0309,-70.5235,-159.615,11.0926,-34.8094,-2410.95,169.547,-525.818
-0.974795,0.0676874,-0.212586,-328.515,11.0235,-71.4526,-436.21,9.52129,-94.8378,-159.615,11.0926,-34.8094,-2410.95,169.547,-525.818
-0.974795,0.0676874,-0.212586,-436.88,9.50395,-94.9833,-654.687,-1.33322,-142.337,-159.615,11.0926,-34.8094,-2410.95,169.547,-525.818
-0.974795,0.0676874,-0.212586,-655.382,-1.38525,-142.488,-872.759,-22.6731,-189.937,-159.615,11.0926,-34.8094,-2410.95,169.547,-525.818
-0.974795,0.0676874,-0.212586,-873.487,-22.7624,-190.096,-1072.82,-51.6136,-233.844,-159.615,11.0926,-34.8094,-2410.95,169.547,-525.818
0.140892,-0.949135,-0.281587,26.305,-157.823,-46.9546,41.082,-234.362,-69.9246,23.484,-158.267,-46.9539,352.734,-2391.02,-709.268
0.140892,-0.949135,-0.281587,41.8891,-238.347,-71.1226,59.0446,-319.041,-95.4266,23.484,-158.267,-46.9539,352.734,-2391.02,-709.268
0.140892,-0.949135,-0.281587,59.9673,-323.184,-96.6768,84.7088,-428.067,-128.425,23.484,-158.267,-46.9539,352.734,-2391.02,-709.268
0.140892,-0.949135,-0.281587,84.8575,-428.665,-128.607,142.639,-638.917,-192.862,23.484,-158.267,-46.9539,352.734,-2391.02,-709.268
0.140892,-0.949135,-0.281587,142.852,-639.625,-193.08,210.96,-847.211,-257.466,23.484,-158.267,-46.9539,352.734,-2391.02,-709.268
0.140892,-0.949135,-0.281587,211.197,-847.876,-257.674,282.929,-1036.17,-317.039,23.484,-158.267,-46.9539,352.734,-2391.02,-709.268
-0.327731,-0.552858,0.76612,-82.4011,-148.409,202.362,-85.2651,-153.946,209.793,-81.6011,-137.627,190.726,-1235.24,-2077.4,2881.04
-0.327731,-0.552858,0.76612,-86.8772,-157.075,213.99,-113.125,-209.337,283.704,-81.6011,-137.627,190.726,-1235.24,-2077.4,2881.04
-0.327731,-0.552858,0.76612,-114.907,-212.98,288.539,-150.13,-287.664,386.969,-81.6011,-137.627,190.726,-1235.24,-2077.4,2881.04
-0.327731,-0.552858,0.76612,-151.876,-291.509,392.004,-194.662,-390.576,520.676,-81.6011,-137.627,190.726,-1235.24,-2077.4,2881.04
-0.327731,-0.552858,0.76612,-194.885,-391.119,521.376,-270.482,-596.189,782.005,-81.6011,-137.627,190.726,-1235.24,-2077.4,2881.04
-0.327731,-0.552858,0.76612,-270.704,-596.864,782.852,-331.361,-807.732,1044.48,-81.6011,-137.627,190.726,-1235.24,-2077.4,2881.04
-0.327731,-0.552858,0.76612,-331.538,-808.443,1045.36,-335.504,-824.61,1065.2,-81.6011,-137.627,190.726,-1235.24,-2077.4,2881.04
-0.327731,-0.552858,0.76612,-335.995,-826.642,1067.69,-336.281,-827.83,1069.14,-81.6011,-137.627,190.726,-1235.24,-2077.4,2881.04
0.494038,0.414616,0.764212,126.9,112.745,201.152,132.206,117.743,209.787,122.568,102.845,189.582,1853.4,1551.23,2863.76
0.494038,0.414616,0.764212,133.997,119.436,212.707,176.118,160.055,282.038,122.568,102.845,189.582,1853.4,1551.23,2863.76
0.494038,0.414616,0.764212,178.984,162.877,286.803,236.973,221.639,384.632,122.568,102.845,189.582,1853.4,1551.23,2863.76
0.494038,0.414616,0.764212,239.905,224.698,389.653,313.126,303.965,517.542,122.568,102.845,189.582,1853.4,1551.23,2863.76
0.494038,0.414616,0.764212,313.517,304.404,518.239,452.873,472.76,777.336,122.568,102.845,189.582,1853.4,1551.23,2863.76
0.494038,0.414616,0.764212,453.308,473.327,778.184,580.572,652.119,1038.44,122.568,102.845,189.582,1853.4,1551.23,2863.76
0.494038,0.414616,0.764212,580.945,652.686,1039.25,594.696,673.782,1069.12,122.568,102.845,189.582,1853.4,1551.23,2863.76
0.23161,-0.780523,0.580638,48.7377,-152.396,114.116,74.7777,-225.886,169.598,45.5055,-153.392,114.108,685.098,-2317.77,1723.67
0.23161,-0.780523,0.580638,76.1752,-229.698,172.487,105.439,-306.815,231.18,45.5055,-153.392,114.108,685.098,-2317.77,1723.67
0.23161,-0.780523,0.580638,107.002,-310.796,234.224,147.872,-410.573,310.949,45.5055,-153.392,114.108,685.098,-2317.77,1723.67
0.23161,-0.780523,0.580638,148.104,-411.12,311.372,239.401,-609.372,466.686,45.5055,-153.392,114.108,685.098,-2317.77,1723.67
0.23161,-0.780523,0.580638,239.7,-609.976,467.166,342.492,-803.078,622.826,45.5055,-153.392,114.108,685.098,-2317.77,1723.67
0.23161,-0.780523,0.580638,342.853,-803.71,623.343,447.514,-976.445,767.048,45.5055,-153.392,114.108,685.098,-2317.77,1723.67
0.858549,-0.496462,-0.128139,139.867,-77.6994,-20.6761,208.999,-113.789,-30.6793,138.505,-80.1021,-20.6726,2091.22,-1211.69,-312.273
0.858549,-0.496462,-0.128139,212.591,-115.624,-31.1968,286.378,-152.454,-41.7772,138.505,-80.1021,-20.6726,2091.22,-1211.69,-312.273
0.858549,-0.496462,-0.128139,290.219,-154.326,-42.3253,387.659,-200.378,-56.1516,138.505,-80.1021,-20.6726,2091.22,-1211.69,-312.273
0.858549,-0.496462,-0.128139,388.205,-200.628,-56.2286,588.501,-286.786,-84.1943,138.505,-80.1021,-20.6726,2091.22,-1211.69,-312.273
0.858549,-0.496462,-0.128139,589.174,-287.057,-84.2873,793.62,-363.787,-112.299,138.505,-80.1021,-20.6726,2091.22,-1211.69,-312.273
0.858549,-0.496462,-0.128139,794.339,-364.038,-112.397,985.962,-426.192,-138.234,138.505,-80.1021,-20.6726,2091.22,-1211.69,-312.273
-0.050581,0.973748,-0.22194,-11.1113,159.614,-36.4237,-18.6025,237.267,-54.1038,-8.2906,159.785,-36.4186,-123.242,2413.76,-550.126
-0.050581,0.973748,-0.22194,-19.0225,241.251,-55.0111,-28.4504,323.244,-73.7032,-8.2906,159.785,-36.4186,-123.242,2413.76,-550.126
-0.050581,0.973748,-0.22194,-28.9707,327.421,-74.6566,-43.5957,434.192,-99.0678,-8.2906,159.785,-36.4186,-123.242,2413.76,-550.126
-0.050581,0.973748,-0.22194,-43.6859,434.794,-99.2057,-80.9947,649.623,-148.625,-8.2906,159.785,-36.4186,-123.242,2413.76,-550.126
-0.050581,0.973748,-0.22194,-81.1374,650.341,-148.791,-128.803,863.561,-198.325,-8.2906,159.785,-36.4186,-123.242,2413.76,-550.126
-0.050581,0.973748,-0.22194,-128.966,864.214,-198.477,-181.942,1058.6,-244.155,-8.2906,159.785,-36.4186,-123.242,2413.76,-550.126
-0.111615,0.509303,-0.853319,-56.307,211.12,-357.731,-58.4333,217.829,-369.252,-34.2344,156.295,-261.86,-513.487,2361.72,-3955.56
-0.111615,0.509303,-0.853319,-59.2612,220.423,-373.709,-62.2487,229.702,-389.667,-34.2344,156.295,-261.86,-513.487,2361.72,-3955.56
-0.111615,0.509303,-0.853319,-63.491,233.523,-396.245,-90.4302,311.627,-531.501,-34.2344,156.295,-261.86,-513.487,2361.72,-3955.56
-0.111615,0.509303,-0.853319,-91.8796,315.598,-538.422,-131.239,416.172,-715.248,-34.2344,156.295,-261.86,-513.487,2361.72,-3955.56
-0.111615,0.509303,-0.853319,-131.475,416.736,-716.249,-205.853,578.131,-1007.23,-34.2344,156.295,-261.86,-513.487,2361.72,-3955.56
0.478272,0.0947125,0.87309,234.549,59.5875,433.53,241.25,61.6868,446.102,156.956,31.063,286.517,2371.69,465.311,4328.03
0.478272,0.0947125,0.87309,247.684,63.7238,458.185,312.975,85.5917,581.464,156.956,31.063,286.517,2371.69,465.311,4328.03
0.478272,0.0947125,0.87309,316.976,87.0035,589.06,417.941,125.456,782.505,156.956,31.063,286.517,2371.69,465.311,4328.03
0.478272,0.0947125,0.87309,418.516,125.692,783.618,527.036,173.358,995.82,156.956,31.063,286.517,2371.69,465.311,4328.03
0.643338,-0.750728,0.150078,106.198,-119.675,24.294,159.392,-176.655,36.2211,104.106,-121.499,24.2876,1571.09,-1836.59,366.879
0.643338,-0.750728,0.150078,162.193,-179.603,36.8436,219.592,-238.889,49.4723,104.106,-121.499,24.2876,1571.09,-1836.59,366.879
0.643338,-0.750728,0.150078,222.556,-241.893,50.1184,299.123,-317.652,66.6082,104.106,-121.499,24.2876,1571.09,-1836.59,366.879
0.643338,-0.750728,0.150078,299.599,-318.112,66.7095,459.954,-465.909,100.103,104.106,-121.499,24.2876,1571.09,-1836.59,366.879
0.643338,-0.750728,0.150078,460.47,-466.363,100.208,627.913,-606.601,133.65,104.106,-121.499,24.2876,1571.09,-1836.59,366.879
0.643338,-0.750728,0.150078,628.478,-607.053,133.761,788.607,-729.196,164.585,104.106,-121.499,24.2876,1571.09,-1836.59,366.879
0.729692,-0.683666,-0.0122802,118.615,-107.38,-1.9646,177.71,-158.233,-2.93948,116.753,-109.401,-1.96499,1762.3,-1654,-29.6824
0.729692,-0.683666,-0.0122802,180.806,-160.851,-2.9902,244.284,-213.512,-4.03553,116.753,-109.401,-1.96499,1762.3,-1654,-29.6824
0.729692,-0.683666,-0.0122802,247.589,-216.202,-4.08976,331.938,-283.197,-5.45963,116.753,-109.401,-1.96499,1762.3,-1654,-29.6824
0.729692,-0.683666,-0.0122802,332.455,-283.598,-5.46796,507.876,-413.161,-8.24773,116.753,-109.401,-1.96499,1762.3,-1654,-29.6824
0.729692,-0.683666,-0.0122802,508.431,-413.552,-8.25637,689.994,-534.942,-11.0491,116.753,-109.401,-1.96499,1762.3,-1654,-29.6824
0.729692,-0.683666,-0.0122802,690.597,-535.325,-11.0583,862.911,-639.625,-13.661,116.753,-109.401,-1.96499,1762.3,-1654,-29.6824
0.940711,-0.193221,0.278799,157.278,-29.3874,46.4127,234.273,-41.6568,68.99,156.726,-32.2011,46.4495,2367.04,-488.402,701.649
0.940711,-0.193221,0.278799,238.282,-42.2581,70.1638,320,-53.7123,94.0616,156.726,-32.2011,46.4495,2367.04,-488.402,701.649
0.940711,-0.193221,0.278799,324.191,-54.2584,95.2854,431.24,-66.8559,126.5,156.726,-32.2011,46.4495,2367.04,-488.402,701.649
0.940711,-0.193221,0.278799,431.829,-66.918,126.672,649.194,-84.4992,189.806,156.726,-32.2011,46.4495,2367.04,-488.402,701.649
0.940711,-0.193221,0.278799,649.908,-84.5394,190.013,868.299,-91.4995,253.231,156.726,-32.2011,46.4495,2367.04,-488.402,701.649
0.940711,-0.193221,0.278799,868.979,-91.5046,253.427,1070.48,-88.4783,311.691,156.726,-32.2011,46.4495,2367.04,-488.402,701.649
-0.662606,-0.558782,-0.498714,-120.253,-105.543,-92.0568,-177.358,-158.64,-136.906,-122.32,-103.14,-92.0598,-1849.17,-1556.28,-1390.62
-0.662606,-0.558782,-0.498714,-180.294,-161.425,-139.233,-239.519,-218.836,-186.669,-122.32,-103.14,-92.0598,-1849.17,-1556.28,-1390.62
-0.662606,-0.558782,-0.498714,-242.551,-221.839,-189.123,-318.082,-298.733,-251.12,-122.32,-103.14,-92.0598,-1849.17,-1556.28,-1390.62
-0.662606,-0.558782,-0.498714,-318.508,-299.177,-251.474,-464.973,-460.832,-376.972,-122.32,-103.14,-92.0598,-1849.17,-1556.28,-1390.62
-0.662606,-0.558782,-0.498714,-465.453,-461.391,-377.396,-603.275,-631.129,-503.177,-122.32,-103.14,-92.0598,-1849.17,-1556.28,-1390.62
-0.662606,-0.558782,-0.498714,-603.707,-631.692,-503.585,-722.53,-794.721,-619.648,-122.32,-103.14,-92.0598,-1849.17,-1556.28,-1390.62
0.095421,-0.954579,-0.282264,18.7467,-158.898,-47.0827,29.9104,-236.053,-69.8995,15.905,-159.208,-47.0765,238.237,-2405.13,-711.12
0.095421,-0.954579,-0.282264,30.5288,-240.067,-71.0883,43.8764,-321.485,-95.2363,15.905,-159.208,-47.0765,238.237,-2405.13,-711.12
0.095421,-0.954579,-0.282264,44.6024,-325.66,-96.4764,64.386,-431.601,-128.019,15.905,-159.208,-47.0765,238.237,-2405.13,-711.12
0.095421,-0.954579,-0.282264,64.5053,-432.196,-128.197,112.321,-644.947,-192.014,15.905,-159.208,-47.0765,238.237,-2405.13,-711.12
0.095421,-0.954579,-0.282264,112.499,-645.656,-192.227,170.756,-856.255,-256.166,15.905,-159.208,-47.0765,238.237,-2405.13,-711.12
0.095421,-0.954579,-0.282264,170.95,-856.897,-256.363,233.72,-1048.38,-315.295,15.905,-159.208,-47.0765,238.237,-2405.13,-711.12
0.412522,0.853762,0.317672,67.0016,145.296,53.6112,97.757,216.904,79.7897,69.6179,144.06,53.6041,1053.47,2175.23,809.724
0.412522,0.853762,0.317672,99.3346,220.673,81.162,130.44,297.065,108.865,69.6179,144.06,53.6041,1053.47,2175.23,809.724
0.412522,0.853762,0.317672,132.008,301.027,110.296,170.394,401.701,146.473,69.6179,144.06,53.6041,1053.47,2175.23,809.724
0.412522,0.853762,0.317672,170.614,402.3,146.687,240.741,608.845,219.934,69.6179,144.06,53.6041,1053.47,2175.23,809.724
0.412522,0.853762,0.317672,240.941,609.487,220.159,300.882,819.598,293.53,69.6179,144.06,53.6041,1053.47,2175.23,809.724
0.412522,0.853762,0.317672,301.058,820.281,293.767,347.06,1016.46,361.435,69.6179,144.06,53.6041,1053.47,2175.23,809.724
0.689651,0.493042,0.530369,128.255,95.6588,100.105,189.368,144.155,148.943,130.165,93.0435,100.097,1967.56,1403.61,1512.03
0.689651,0.493042,0.530369,192.482,146.679,151.452,256.03,199.355,203.119,130.165,93.0435,100.097,1967.56,1403.61,1512.03
0.689651,0.493042,0.530369,259.244,202.079,205.757,340.494,272.952,273.245,130.165,93.0435,100.097,1967.56,1403.61,1512.03
0.689651,0.493042,0.530369,340.934,273.347,273.615,499.3,423.439,410.2,130.165,93.0435,100.097,1967.56,1403.61,1512.03
0.689651,0.493042,0.530369,499.801,423.941,410.645,650.004,582.941,547.574,130.165,93.0435,100.097,1967.56,1403.61,1512.03
0.689651,0.493042,0.530369,650.454,583.444,547.996,781.058,737.325,674.348,130.165,93.0435,100.097,1967.56,1403.61,1512.03
0.549746,-0.02232,0.835033,199,-0.398055,302.202,201.143,-0.318501,305.459,159.868,-6.50732,242.831,2414.75,-101.83,3668.11
0.549746,-0.02232,0.835033,208.75,-0.0217399,317.018,237.971,1.32782,361.439,159.868,-6.50732,242.831,2414.75,-101.83,3668.11
0.549746,-0.02232,0.835033,241.995,1.53971,367.557,324.393,7.26315,492.972,159.868,-6.50732,242.831,2414.75,-101.83,3668.11
0.549746,-0.02232,0.835033,328.611,7.62753,499.401,435.948,19.2536,663.354,159.868,-6.50732,242.831,2414.75,-101.83,3668.11
0.549746,-0.02232,0.835033,436.555,19.3324,664.284,652.23,56.7196,996.775,159.868,-6.50732,242.831,2414.75,-101.83,3668.11
0.549746,-0.02232,0.835033,652.911,56.868,997.834,666.338,59.8327,1018.71,159.868,-6.50732,242.831,2414.75,-101.83,3668.11
-0.0311591,0.90415,0.426078,-8.53041,159.772,75.3603,-14.7915,237.468,112.038,-5.50061,159.905,75.3549,-80.9411,2415.54,1138.28
-0.0311591,0.90415,0.426078,-15.1582,241.525,113.955,-23.4287,323.647,152.792,-5.50061,159.905,75.3549,-80.9411,2415.54,1138.28
-0.0311591,0.90415,0.426078,-23.8935,327.83,154.773,-37.2067,434.753,205.484,-5.50061,159.905,75.3549,-80.9411,2415.54,1138.28
-0.0311591,0.90415,0.426078,-37.2941,435.389,205.786,-72.6009,650.678,308.436,-5.50061,159.905,75.3549,-80.9411,2415.54,1138.28
-0.0311591,0.90415,0.426078,-72.7264,651.336,308.751,-119.213,864.897,411.55,-5.50061,159.905,75.3549,-80.9411,2415.54,1138.28
-0.0311591,0.90415,0.426078,-119.383,865.589,411.885,-172.02,1060.2,506.716,-5.50061,159.905,75.3549,-80.9411,2415.54,1138.28
0.623377,-0.749175,-0.223913,104.482,-121.175,-36.7633,156.95,-178.906,-54.7006,102.332,-122.997,-36.7595,1544.25,-1859.22,-555.275
0.623377,-0.749175,-0.223913,159.672,-181.848,-55.6224,216.29,-241.884,-74.5969,102.332,-122.997,-36.7595,1544.25,-1859.22,-555.275
0.623377,-0.749175,-0.223913,219.214,-244.926,-75.5672,294.798,-321.646,-100.326,102.332,-122.997,-36.7595,1544.25,-1859.22,-555.275
0.623377,-0.749175,-0.223913,295.28,-322.124,-100.482,453.769,-471.855,-150.608,102.332,-122.997,-36.7595,1544.25,-1859.22,-555.275
0.623377,-0.749175,-0.223913,454.323,-472.354,-150.78,620.131,-614.584,-201.026,102.332,-122.997,-36.7595,1544.25,-1859.22,-555.275
0.623377,-0.749175,-0.223913,620.675,-615.028,-201.187,779.472,-739.005,-247.521,102.332,-122.997,-36.7595,1544.25,-1859.22,-555.275
-0.901819,-0.362123,0.235774,-147.405,-62.2238,38.8269,-218.474,-94.313,57.8517,-148.48,-59.6118,38.8182,-2243.63,-898.616,586.373
-0.901819,-0.362123,0.235774,-222.14,-96.0084,58.8373,-296.666,-131.341,78.9617,-148.48,-59.6118,38.8182,-2243.63,-898.616,586.373
-0.901819,-0.362123,0.235774,-300.5,-133.204,80.0019,-396.783,-181.456,106.282,-148.48,-59.6118,38.8182,-2243.63,-898.616,586.373
-0.901819,-0.362123,0.235774,-397.385,-181.767,106.447,-588.709,-286.407,159.646,-148.48,-59.6118,38.8182,-2243.63,-898.616,586.373
-0.901819,-0.362123,0.235774,-589.318,-286.76,159.818,-775.673,-400.674,213.093,-148.48,-59.6118,38.8182,-2243.63,-898.616,586.373
-0.901819,-0.362123,0.235774,-776.296,-401.076,213.273,-943.17,-514.024,262.411,-148.48,-59.6118,38.8182,-2243.63,-898.616,586.373
-0.666337,-0.720368,-0.19252,-106.59,-119.326,-31.397,-156.977,-178.841,-46.6725,-108.653,-117.45,-31.3905,-1642.73,-1772.81,-474.173
-0.666337,-0.720368,-0.19252,-159.56,-181.947,-47.4637,-211.716,-245.894,-63.6283,-108.653,-117.45,-31.3905,-1642.73,-1772.81,-474.173
-0.666337,-0.720368,-0.19252,-214.353,-249.191,-64.4552,-280.652,-334.171,-85.5621,-108.653,-117.45,-31.3905,-1642.73,-1772.81,-474.173
-0.666337,-0.720368,-0.19252,-281.013,-334.644,-85.6785,-408.928,-511.239,-128.382,-108.653,-117.45,-31.3905,-1642.73,-1772.81,-474.173
-0.666337,-0.720368,-0.19252,-409.336,-511.831,-128.523,-528.849,-694.624,-171.297,-108.653,-117.45,-31.3905,-1642.73,-1772.81,-474.173
-0.666337,-0.720368,-0.19252,-529.247,-695.266,-171.445,-631.636,-868.793,-210.904,-108.653,-117.45,-31.3905,-1642.73,-1772.81,-474.173
0.382146,0.923018,-0.0447555,58.6526,148.862,-7.16691,85.3765,222.092,-10.6799,61.2131,147.827,-7.16806,926.46,2232.28,-108.278
0.382146,0.923018,-0.0447555,86.7364,225.922,-10.863,113.605,303.887,-14.5787,61.2131,147.827,-7.16806,926.46,2232.28,-108.278
0.382146,0.923018,-0.0447555,114.961,307.941,-14.7713,147.878,410.489,-19.6261,61.2131,147.827,-7.16806,926.46,2232.28,-108.278
0.382146,0.923018,-0.0447555,148.076,411.13,-19.6563,207.406,620.967,-29.4923,61.2131,147.827,-7.16806,926.46,2232.28,-108.278
0.382146,0.923018,-0.0447555,207.58,621.641,-29.5238,257.089,834.344,-39.3839,61.2131,147.827,-7.16806,926.46,2232.28,-108.278
0.382146,0.923018,-0.0447555,257.239,835.06,-39.4169,293.996,1033.04,-48.5144,61.2131,147.827,-7.16806,926.46,2232.28,-108.278
0.28381,0.849635,0.444491,47.7926,152.695,79.3833,68.9934,227.702,117.977,50.7022,151.754,79.3925,767.948,2291.65,1199.27
0.28381,0.849635,0.444491,70.0637,231.636,119.995,90.902,311.457,160.841,50.7022,151.754,79.3925,767.948,2291.65,1199.27
0.28381,0.849635,0.444491,91.9333,315.582,162.946,116.677,420.462,216.301,50.7022,151.754,79.3925,767.948,2291.65,1199.27
0.28381,0.849635,0.444491,116.814,421.081,216.615,158.584,635.133,324.607,50.7022,151.754,79.3925,767.948,2291.65,1199.27
0.28381,0.849635,0.444491,158.709,635.876,324.98,189.301,852.309,433.221,50.7022,151.754,79.3925,767.948,2291.65,1199.27
0.28381,0.849635,0.444491,189.382,853.013,433.573,207.555,1053.82,533.416,50.7022,151.754,79.3925,767.948,2291.65,1199.27
-0.757612,-0.600345,0.256145,-123.626,-101.571,42.3972,-182.532,-152.628,63.1234,-125.407,-99.363,42.3977,-1895.61,-1499.36,640.444
-0.757612,-0.600345,0.256145,-185.58,-155.319,64.2044,-246.895,-210.497,86.1351,-125.407,-99.363,42.3977,-1895.61,-1499.36,640.444
-0.757612,-0.600345,0.256145,-250.031,-213.373,87.2664,-328.489,-287.16,115.902,-125.407,-99.363,42.3977,-1895.61,-1499.36,640.444
-0.757612,-0.600345,0.256145,-328.975,-287.628,116.081,-482.334,-442.678,174.068,-125.407,-99.363,42.3977,-1895.61,-1499.36,640.444
-0.757612,-0.600345,0.256145,-482.815,-443.189,174.254,-628.721,-605.74,232.331,-125.407,-99.363,42.3977,-1895.61,-1499.36,640.444
-0.757612,-0.600345,0.256145,-629.201,-606.303,232.528,-756.67,-762.392,286.109,-125.407,-99.363,42.3977,-1895.61,-1499.36,640.444
-0.495431,0.0126621,0.868555,-228.186,-5.40462,400.291,-228.68,-5.44083,401.16,-159.947,4.10631,280.409,-2416,65.9523,4235.76
-0.495431,0.0126621,0.868555,-241.914,-6.45039,424.438,-254.255,-7.45974,446.157,-159.947,4.10631,280.409,-2416,65.9523,4235.76
-0.495431,0.0126621,0.868555,-255.638,-7.57704,448.591,-324.165,-14.4416,569.396,-159.947,4.10631,280.409,-2416,65.9523,4235.76
-0.495431,0.0126621,0.868555,-328.361,-14.9291,576.805,-435.365,-29.9766,766.367,-159.947,4.10631,280.409,-2416,65.9523,4235.76
-0.495431,0.0126621,0.868555,-435.947,-30.0734,767.403,-565.834,-55.2881,999.57,-159.947,4.10631,280.409,-2416,65.9523,4235.76
-0.797613,-0.115389,-0.592029,-157.83,-26.2617,-117.554,-234.352,-41.4918,-174.876,-158.353,-22.8972,-117.537,-2392.37,-343.487,-1775.46
-0.797613,-0.115389,-0.592029,-238.272,-42.3164,-177.819,-318.799,-60.2243,-238.432,-158.353,-22.8972,-117.537,-2392.37,-343.487,-1775.46
-0.797613,-0.115389,-0.592029,-322.953,-61.1984,-241.567,-427.557,-87.3683,-320.794,-158.353,-22.8972,-117.537,-2392.37,-343.487,-1775.46
-0.797613,-0.115389,-0.592029,-428.129,-87.5203,-321.23,-637.348,-149.622,-481.592,-158.353,-22.8972,-117.537,-2392.37,-343.487,-1775.46
-0.797613,-0.115389,-0.592029,-638.023,-149.844,-482.114,-843.819,-224.229,-642.878,-158.353,-22.8972,-117.537,-2392.37,-343.487,-1775.46
-0.797613,-0.115389,-0.592029,-844.456,-224.481,-643.38,-1030.25,-303.657,-791.77,-158.353,-22.8972,-117.537,-2392.37,-343.487,-1775.46
-0.887639,-0.46014,0.0191781,-140.767,-76.0575,3.07414,-208.382,-114.87,4.51342,-142.053,-73.6278,3.06907,-2146.69,-1110.47,46.3602
-0.887639,-0.46014,0.0191781,-211.881,-116.92,4.58832,-282.661,-159.261,6.11148,-142.053,-73.6278,3.06907,-2146.69,-1110.47,46.3602
-0.887639,-0.46014,0.0191781,-286.298,-161.484,6.19028,-377.542,-218.733,8.18175,-142.053,-73.6278,3.06907,-2146.69,-1110.47,46.3602
-0.887639,-0.46014,0.0191781,-378.093,-219.088,8.19388,-558.651,-341.389,12.2327,-142.053,-73.6278,3.06907,-2146.69,-1110.47,46.3602
-0.887639,-0.46014,0.0191781,-559.206,-341.784,12.2454,-734.099,-472.6,16.3,-142.053,-73.6278,3.06907,-2146.69,-1110.47,46.3602
-0.887639,-0.46014,0.0191781,-734.662,-473.043,16.3133,-890.326,-600.804,20.0529,-142.053,-73.6278,3.06907,-2146.69,-1110.47,46.3602
-0.873119,0.427565,0.234202,-144.912,67.8281,38.5465,-216.383,99.0337,57.3326,-143.691,70.3759,38.5444,-2169.67,1064.87,582.237
-0.873119,0.427565,0.234202,-220.093,100.614,58.3041,-296.317,132.226,78.1835,-143.691,70.3759,38.5444,-2169.67,1064.87,582.237
-0.873119,0.427565,0.234202,-300.232,133.807,79.2008,-400.603,172.89,105.147,-143.691,70.3759,38.5444,-2169.67,1064.87,582.237
-0.873119,0.427565,0.234202,-401.226,173.125,105.307,-607.165,244.894,157.847,-143.691,70.3759,38.5444,-2169.67,1064.87,582.237
-0.873119,0.427565,0.234202,-607.825,245.105,158.014,-817.315,306.961,210.656,-143.691,70.3759,38.5444,-2169.67,1064.87,582.237
-0.873119,0.427565,0.234202,-818.019,307.151,210.832,-1013.63,355.191,259.393,-143.691,70.3759,38.5444,-2169.67,1064.87,582.237
0.798998,0.0798515,-0.596008,158.832,19.2998,-118.737,235.925,31.0794,-176.595,159.208,15.8997,-118.759,2405.18,237.765,-1793.93
0.798998,0.0798515,-0.596008,239.91,31.7329,-179.592,321.18,46.0263,-240.816,159.208,15.8997,-118.759,2405.18,237.765,-1793.93
0.798998,0.0798515,-0.596008,325.35,46.8095,-243.964,430.956,68.2798,-323.917,159.208,15.8997,-118.759,2405.18,237.765,-1793.93
0.798998,0.0798515,-0.596008,431.594,68.4192,-324.401,643.383,121.177,-486.328,159.208,15.8997,-118.759,2405.18,237.765,-1793.93
0.798998,0.0798515,-0.596008,644.048,121.364,-486.841,852.876,186.562,-649.14,159.208,15.8997,-118.759,2405.18,237.765,-1793.93
0.798998,0.0798515,-0.596008,853.581,186.806,-649.694,1042.7,257.782,-799.535,159.208,15.8997,-118.759,2405.18,237.765,-1793.93
0.515663,-0.69533,0.500607,97.8271,-126.609,92.5194,147.278,-186.88,137.655,95.3,-128.522,92.5257,1437.76,-1942.74,1397.66
0.515663,-0.69533,0.500607,149.887,-189.995,140.007,203.565,-252.708,187.8,95.3,-128.522,92.5257,1437.76,-1942.74,1397.66
0.515663,-0.69533,0.500607,206.332,-255.873,190.233,278.391,-335.991,252.623,95.3,-128.522,92.5257,1437.76,-1942.74,1397.66
0.515663,-0.69533,0.500607,278.829,-336.465,252.996,431.18,-492.669,379.372,95.3,-128.522,92.5257,1437.76,-1942.74,1397.66
0.515663,-0.69533,0.500607,431.668,-493.143,379.766,592.568,-641.17,506.398,95.3,-128.522,92.5257,1437.76,-1942.74,1397.66
0.515663,-0.69533,0.500607,593.115,-641.647,506.818,748.538,-770.354,623.683,95.3,-128.522,92.5257,1437.76,-1942.74,1397.66
-0.199418,0.975187,-0.0961365,-34.744,156.182,-15.4518,-53.5116,231.806,-22.9621,-32.0464,156.758,-15.4534,-482.166,2368.32,-233.433
-0.199418,0.975187,-0.0961365,-54.5341,235.775,-23.3571,-75.8627,315.486,-31.3112,-32.0464,156.758,-15.4534,-482.166,2368.32,-233.433
-0.199418,0.975187,-0.0961365,-76.9926,319.556,-31.7183,-107.057,423.012,-42.0966,-32.0464,156.758,-15.4534,-482.166,2368.32,-233.433
-0.199418,0.975187,-0.0961365,-107.241,423.62,-42.1578,-175.413,630.731,-63.1674,-32.0464,156.758,-15.4534,-482.166,2368.32,-233.433
-0.199418,0.975187,-0.0961365,-175.653,631.406,-63.2364,-253.657,835.43,-84.2763,-32.0464,156.758,-15.4534,-482.166,2368.32,-233.433
-0.199418,0.975187,-0.0961365,-253.921,836.075,-84.3434,-334.306,1020.75,-103.731,-32.0464,156.758,-15.4534,-482.166,2368.32,-233.433
-0.199418,0.975187,-0.0961365,-42.6443,154.212,29.061,31.3501,226.087,108.222,-32.0464,156.758,-15.4534,-482.166,2368.32,-233.433
-0.199418,0.975187,-0.0961365,43.6471,238.031,121.378,101.105,293.843,182.847,-32.0464,156.758,-15.4534,-482.166,2368.32,-233.433
-0.199418,0.975187,-0.0961365,115.436,307.763,198.179,185,375.334,272.6,-32.0464,156.758,-15.4534,-482.166,2368.32,-233.433
-0.199418,0.975187,-0.0961365,199.073,389.004,287.657,347.813,533.483,446.783,-32.0464,156.758,-15.4534,-482.166,2368.32,-233.433
-0.199418,0.975187,-0.0961365,361.433,546.712,461.353,507.387,688.484,617.499,-32.0464,156.758,-15.4534,-482.166,2368.32,-233.433
-0.199418,0.975187,-0.0961365,520.86,701.571,631.912,653.128,830.049,773.416,-32.0464,156.758,-15.4534,-482.166,2368.32,-233.433
-0.199418,0.975187,-0.0961365,-42.5896,154.228,29.6245,-120.588,193.795,68.7147,-32.0464,156.758,-15.4534,-482.166,2368.32,-233.433
-0.199418,0.975187,-0.0961365,-134.779,200.994,75.8267,-202.765,235.482,109.899,-32.0464,156.758,-15.4534,-482.166,2368.32,-233.433
-0.199418,0.975187,-0.0961365,-219.997,244.223,118.535,-304.455,287.067,160.862,-32.0464,156.758,-15.4534,-482.166,2368.32,-233.433
-0.199418,0.975187,-0.0961365,-321.654,295.792,169.482,-504.564,388.579,261.149,-32.0464,156.758,-15.4534,-482.166,2368.32,-233.433
-0.199418,0.975187,-0.0961365,-521.376,397.108,269.575,-701.888,488.678,360.041,-32.0464,156.758,-15.4534,-482.166,2368.32,-233.433
-0.199418,0.975187,-0.0961365,-718.573,497.142,368.403,-882.502,580.3,450.558,-32.0464,156.758,-15.4534,-482.166,2368.32,-233.433
-0.199418,0.975187,-0.0961365,145.357,-66.869,64.5081,193.706,-120.732,78.9906,-32.0464,156.758,-15.4534,-482.166,2368.32,-233.433
-0.199418,0.975187,-0.0961365,203.245,-131.359,81.8482,250.454,-183.952,95.9891,-32.0464,156.758,-15.4534,-482.166,2368.32,-233.433
-0.199418,0.975187,-0.0961365,262.689,-197.581,99.6538,323.54,-265.372,117.881,-32.0464,156.758,-15.4534,-482.166,2368.32,-233.433
-0.199418,0.975187,-0.0961365,336.059,-279.319,121.631,470.547,-429.143,161.916,-32.0464,156.758,-15.4534,-482.166,2368.32,-233.433
-0.199418,0.975187,-0.0961365,482.987,-443.002,165.642,616.979,-592.275,205.778,-32.0464,156.758,-15.4534,-482.166,2368.32,-233.433
-0.199418,0.975187,-0.0961365,629.393,-606.104,209.497,751.513,-742.15,246.076,-32.0464,156.758,-15.4534,-482.166,2368.32,-233.433
-0.205937,0.602547,0.771056,-59.457,158.997,205.56,-60.7788,162.24,209.8,-51.732,151.406,193.742,-778.552,2288.07,2926.6
-0.205937,0.602547,0.771056,-63.1474,168.026,217.369,-85.9156,221.937,288.22,-51.732,151.406,193.742,-778.552,2288.07,2926.6
-0.205937,0.602547,0.771056,-87.5174,225.621,293.083,-121.543,300.865,393.055,-51.732,151.406,193.742,-778.552,2288.07,2926.6
-0.205937,0.602547,0.771056,-123.336,304.683,398.161,-171.003,401.45,528.676,-51.732,151.406,193.742,-778.552,2288.07,2926.6
-0.205937,0.602547,0.771056,-171.292,402.012,529.439,-278.436,592.498,793.641,-51.732,151.406,193.742,-778.552,2288.07,2926.6
-0.205937,0.602547,0.771056,-278.816,593.118,794.52,-400.24,775.941,1059.77,-51.732,151.406,193.742,-778.552,2288.07,2926.6
-0.205937,0.602547,0.771056,-400.653,776.514,1060.62,-402.851,779.567,1065.16,-51.732,151.406,193.742,-778.552,2288.07,2926.6
0.33001,-0.672627,-0.662319,73.7268,-142.001,-141.442,112.01,-209.975,-210.426,70.4644,-143.648,-141.441,1062.08,-2171.04,-2136.56
0.33001,-0.672627,-0.662319,114.023,-213.454,-213.98,156.228,-284.354,-286.947,70.4644,-143.648,-141.441,1062.08,-2171.04,-2136.56
0.33001,-0.672627,-0.662319,158.452,-287.987,-290.714,216.229,-379.059,-386.092,70.4644,-143.648,-141.441,1062.08,-2171.04,-2136.56
0.33001,-0.672627,-0.662319,216.553,-379.552,-386.613,341.994,-558.25,-579.713,70.4644,-143.648,-141.441,1062.08,-2171.04,-2136.56
0.33001,-0.672627,-0.662319,342.419,-558.817,-580.34,479.21,-729.826,-774.028,70.4644,-143.648,-141.441,1062.08,-2171.04,-2136.56
0.33001,-0.672627,-0.662319,479.663,-730.357,-774.645,615.322,-880.402,-953.545,70.4644,-143.648,-141.441,1062.08,-2171.04,-2136.56
-0.990377,-0.121196,0.066822,-158.459,-22.1525,10.7048,-235.351,-34.905,15.9274,-158.816,-19.4258,10.7155,-2399.26,-291.503,161.864
-0.990377,-0.121196,0.066822,-239.366,-35.6072,16.2005,-320.447,-50.5641,21.7248,-158.816,-19.4258,10.7155,-2399.26,-291.503,161.864
-0.990377,-0.121196,0.066822,-324.659,-51.3817,22.0124,-430.175,-73.1785,29.2307,-158.816,-19.4258,10.7155,-2399.26,-291.503,161.864
-0.990377,-0.121196,0.066822,-430.79,-73.313,29.2728,-642.649,-124.869,43.8695,-158.816,-19.4258,10.7155,-2399.26,-291.503,161.864
-0.990377,-0.121196,0.066822,-643.342,-125.055,43.9175,-852.86,-186.593,58.5055,-158.816,-19.4258,10.7155,-2399.26,-291.503,161.864
-0.990377,-0.121196,0.066822,-853.577,-186.823,58.5558,-1044.1,-252.266,72.0119,-158.816,-19.4258,10.7155,-2399.26,-291.503,161.864
0.60575,-0.351144,-0.713978,140.342,-76.839,-163.17,210.078,-111.803,-242.708,138.417,-80.2536,-163.156,2089.49,-1214.68,-2464.57
0.60575,-0.351144,-0.713978,213.7,-113.562,-246.814,288.395,-148.662,-330.978,138.417,-80.2536,-163.156,2089.49,-1214.68,-2464.57
0.60575,-0.351144,-0.713978,292.264,-150.418,-335.31,391.189,-193.291,-445.253,138.417,-80.2536,-163.156,2089.49,-1214.68,-2464.57
0.60575,-0.351144,-0.713978,391.787,-193.538,-445.913,596.28,-270.254,-668.656,138.417,-80.2536,-163.156,2089.49,-1214.68,-2464.57
0.60575,-0.351144,-0.713978,596.964,-270.485,-669.391,806.861,-333.556,-892.894,138.417,-80.2536,-163.156,2089.49,-1214.68,-2464.57
0.60575,-0.351144,-0.713978,807.539,-333.735,-893.609,1004.89,-379.311,-1100.13,138.417,-80.2536,-163.156,2089.49,-1214.68,-2464.57
0.994627,0.0908962,0.0495427,159.063,17.2943,7.92513,236.321,27.6641,11.8192,159.337,14.5522,7.93657,2407.06,217.88,119.887
0.994627,0.0908962,0.0495427,240.347,28.2404,12.0224,321.893,40.6891,16.1449,159.337,14.5522,7.93657,2407.06,217.88,119.887
0.994627,0.0908962,0.0495427,326.086,41.3692,16.3572,432.179,59.8921,21.7358,159.337,14.5522,7.93657,2407.06,217.88,119.887
0.994627,0.0908962,0.0495427,432.842,60.0163,21.7695,646.203,105.041,32.656,159.337,14.5522,7.93657,2407.06,217.88,119.887
0.994627,0.0908962,0.0495427,646.885,105.203,32.6909,858.214,160.274,43.5579,159.337,14.5522,7.93657,2407.06,217.88,119.887
0.994627,0.0908962,0.0495427,858.921,160.477,43.5945,1051.29,219.976,53.5931,159.337,14.5522,7.93657,2407.06,217.88,119.887
0.94332,-0.0216169,-0.33118,159.998,-0.76721,-56.1567,237.967,0.944936,-83.4451,159.958,-3.67523,-56.1579,2416.21,-57.5778,-848.3
0.94332,-0.0216169,-0.33118,241.998,1.07103,-84.8562,324.397,4.45695,-113.715,159.958,-3.67523,-56.1579,2416.21,-57.5778,-848.3
0.94332,-0.0216169,-0.33118,328.667,4.67449,-115.211,436.211,11.5243,-152.917,159.958,-3.67523,-56.1579,2416.21,-57.5778,-848.3
0.94332,-0.0216169,-0.33118,436.83,11.5713,-153.135,653.786,33.4777,-229.416,159.958,-3.67523,-56.1579,2416.21,-57.5778,-848.3
0.94332,-0.0216169,-0.33118,654.523,33.5714,-229.676,870.581,66.2551,-306.114,159.958,-3.67523,-56.1579,2416.21,-57.5778,-848.3
0.94332,-0.0216169,-0.33118,871.259,66.3749,-306.355,1068.86,105.975,-376.852,159.958,-3.67523,-56.1579,2416.21,-57.5778,-848.3
0.956896,0.287764,-0.0392545,152.409,48.6965,-6.28598,226.042,74.3004,-9.25598,153.224,46.069,-6.28557,2315.11,694.037,-94.9474
0.956896,0.287764,-0.0392545,229.866,75.6678,-9.41067,307.26,104.152,-12.5512,153.224,46.069,-6.28557,2315.11,694.037,-94.9474
0.956896,0.287764,-0.0392545,311.253,105.665,-12.7137,411.513,145.019,-16.8061,153.224,46.069,-6.28557,2315.11,694.037,-94.9474
0.956896,0.287764,-0.0392545,412.13,145.269,-16.8314,612.218,231.978,-25.1295,153.224,46.069,-6.28557,2315.11,694.037,-94.9474
0.956896,0.287764,-0.0392545,612.845,232.268,-25.1558,808.95,328.381,-33.48,153.224,46.069,-6.28557,2315.11,694.037,-94.9474
0.956896,0.287764,-0.0392545,809.594,328.716,-33.5077,986.242,425.386,-41.1786,153.224,46.069,-6.28557,2315.11,694.037,-94.9474
0.235346,-0.555298,-0.797657,75.2771,-162.953,-237.425,76.7383,-165.864,-241.731,62.4213,-147.321,-211.611,939.942,-2226.64,-3196.52
0.235346,-0.555298,-0.797657,79.6627,-171.667,-250.322,102.025,-214.973,-314.757,62.4213,-147.321,-211.611,939.942,-2226.64,-3196.52
0.235346,-0.555298,-0.797657,103.916,-218.553,-320.11,143.606,-290.974,-429.297,62.4213,-147.321,-211.611,939.942,-2226.64,-3196.52
0.235346,-0.555298,-0.797657,145.693,-294.647,-434.884,200.857,-387.401,-577.577,62.4213,-147.321,-211.611,939.942,-2226.64,-3196.52
0.235346,-0.555298,-0.797657,201.179,-387.919,-578.384,323.718,-569.078,-867.6,62.4213,-147.321,-211.611,939.942,-2226.64,-3196.52
0.235346,-0.555298,-0.797657,324.12,-569.626,-868.498,406.199,-675.894,-1046.03,62.4213,-147.321,-211.611,939.942,-2226.64,-3196.52
0.575515,-0.797812,-0.179664,95.8498,-128.113,-29.2191,144.199,-189.328,-43.3694,93.598,-129.767,-29.2218,1412.25,-1961.36,-441.413
0.575515,-0.797812,-0.179664,146.714,-192.455,-44.0974,198.998,-256.217,-59.059,93.598,-129.767,-29.2218,1412.25,-1961.36,-441.413
0.575515,-0.797812,-0.179664,201.745,-259.504,-59.8363,271.832,-341.319,-79.3836,93.598,-129.767,-29.2218,1412.25,-1961.36,-441.413
0.575515,-0.797812,-0.179664,272.258,-341.804,-79.5008,419.956,-502.281,-119.094,93.598,-129.767,-29.2218,1412.25,-1961.36,-441.413
0.575515,-0.797812,-0.179664,420.423,-502.765,-119.216,575.823,-656.272,-158.881,93.598,-129.767,-29.2218,1412.25,-1961.36,-441.413
0.575515,-0.797812,-0.179664,576.339,-656.757,-159.009,725.968,-791.598,-195.594,93.598,-129.767,-29.2218,1412.25,-1961.36,-441.413
-0.0699718,0.984783,-0.159079,-14.1016,159.377,-25.7798,-23.0605,236.801,-38.3675,-11.3307,159.598,-25.7809,-169.191,2410.97,-389.436
-0.0699718,0.984783,-0.159079,-23.5657,240.85,-39.0263,-34.5482,322.619,-52.3455,-11.3307,159.598,-25.7809,-169.191,2410.97,-389.436
-0.0699718,0.984783,-0.159079,-35.1518,326.815,-53.0296,-51.7949,433.313,-70.4302,-11.3307,159.598,-25.7809,-169.191,2410.97,-389.436
-0.0699718,0.984783,-0.159079,-51.8922,433.891,-70.5249,-93.1628,648.012,-105.719,-11.3307,159.598,-25.7809,-169.191,2410.97,-389.436
-0.0699718,0.984783,-0.159079,-93.3138,648.706,-105.834,-144.795,860.949,-141.075,-11.3307,159.598,-25.7809,-169.191,2410.97,-389.436
-0.0699718,0.984783,-0.159079,-144.988,861.67,-141.195,-201.331,1055.02,-173.641,-11.3307,159.598,-25.7809,-169.191,2410.97,-389.436
0.537809,0.674647,-0.505582,97.2337,127.065,-93.7664,142.849,190.355,-139.528,99.7436,125.105,-93.7589,1508.45,1888.38,-1416.29
0.537809,0.674647,-0.505582,145.16,193.63,-141.879,191.99,261.553,-190.276,99.7436,125.105,-93.7589,1508.45,1888.38,-1416.29
0.537809,0.674647,-0.505582,194.365,265.077,-192.769,253.341,355.293,-256.009,99.7436,125.105,-93.7589,1508.45,1888.38,-1416.29
0.537809,0.674647,-0.505582,253.673,355.815,-256.372,365.528,543.093,-384.393,99.7436,125.105,-93.7589,1508.45,1888.38,-1416.29
0.537809,0.674647,-0.505582,365.89,543.738,-384.827,467.642,737.285,-513.172,99.7436,125.105,-93.7589,1508.45,1888.38,-1416.29
0.537809,0.674647,-0.505582,467.951,737.915,-513.584,552.358,921.151,-632.007,99.7436,125.105,-93.7589,1508.45,1888.38,-1416.29
-0.186748,0.44625,0.875206,-105.183,217.946,438.021,-107.355,221.888,446.162,-61.7495,147.604,289.474,-929.054,2231.2,4372.69
-0.186748,0.44625,0.875206,-111.852,229.994,462.933,-146.319,289.639,587.602,-61.7495,147.604,289.474,-929.054,2231.2,4372.69
-0.186748,0.44625,0.875206,-148.485,293.251,595.223,-206.345,384.48,790.792,-61.7495,147.604,289.474,-929.054,2231.2,4372.69
-0.186748,0.44625,0.875206,-206.698,385.007,791.941,-270.262,475.306,991.986,-61.7495,147.604,289.474,-929.054,2231.2,4372.69
-0.186748,0.44625,0.875206,-270.71,475.91,993.348,-271.517,476.997,995.8,-61.7495,147.604,289.474,-929.054,2231.2,4372.69
-0.88196,0.471324,0.000795257,-142.383,72.9866,0.127229,-212.638,106.788,0.112012,-141.109,75.4199,0.127241,-2130.63,1140.98,1.92206
-0.88196,0.471324,0.000795257,-216.307,108.513,0.111254,-291.264,142.927,0.0971402,-141.109,75.4199,0.127241,-2130.63,1140.98,1.92206
-0.88196,0.471324,0.000795257,-295.152,144.668,0.0963539,-393.979,187.525,0.0773143,-141.109,75.4199,0.127241,-2130.63,1140.98,1.92206
-0.88196,0.471324,0.000795257,-394.581,187.778,0.0772001,-597.551,267.5,0.0345249,-141.109,75.4199,0.127241,-2130.63,1140.98,1.92206
-0.88196,0.471324,0.000795257,-598.201,267.737,0.0343846,-804.999,337.985,-0.0179899,-141.109,75.4199,0.127241,-2130.63,1140.98,1.92206
-0.88196,0.471324,0.000795257,-805.679,338.199,-0.0181939,-999.083,394.319,-0.0746671,-141.109,75.4199,0.127241,-2130.63,1140.98,1.92206
-0.975924,0.0520283,-0.211814,-159.899,5.6977,-34.6709,-237.836,6.46039,-51.5031,-159.773,8.52712,-34.677,-2413.36,130.795,-523.818
-0.975924,0.0520283,-0.211814,-241.914,6.4637,-52.3835,-324.43,5.74529,-70.2061,-159.773,8.52712,-34.677,-2413.36,130.795,-523.818
-0.975924,0.0520283,-0.211814,-328.651,5.66849,-71.1179,-436.319,2.39027,-94.3871,-159.773,8.52712,-34.677,-2413.36,130.795,-523.818
-0.975924,0.0520283,-0.211814,-436.977,2.3624,-94.5295,-654.581,-12.0756,-141.633,-159.773,8.52712,-34.677,-2413.36,130.795,-523.818
-0.975924,0.0520283,-0.211814,-655.271,-12.138,-141.782,-872.272,-37.0236,-188.951,-159.773,8.52712,-34.677,-2413.36,130.795,-523.818
-0.975924,0.0520283,-0.211814,-872.994,-37.1249,-189.108,-1071.83,-69.2766,-232.602,-159.773,8.52712,-34.677,-2413.36,130.795,-523.818
-0.466155,-0.418072,0.779689,-129.894,-123.886,223.544,-170.535,-165.942,296.38,-119.123,-106.816,199.228,-1801.5,-1611.21,3009.47
-0.466155,-0.418072,0.779689,-173.322,-168.889,301.432,-229.149,-229.679,404.235,-119.123,-106.816,199.228,-1801.5,-1611.21,3009.47
-0.466155,-0.418072,0.779689,-231.988,-232.863,409.548,-302.219,-314.758,543.912,-119.123,-106.816,199.228,-1801.5,-1611.21,3009.47
-0.466155,-0.418072,0.779689,-302.618,-315.241,544.692,-435.444,-488.843,816.984,-119.123,-106.816,199.228,-1801.5,-1611.21,3009.47
-0.466155,-0.418072,0.779689,-435.865,-489.437,817.891,-541.719,-649.982,1057.47,-119.123,-106.816,199.228,-1801.5,-1611.21,3009.47
-0.377444,0.72431,0.576984,-76.8958,140.311,113.038,-116.532,207.481,168.112,-73.9303,141.895,113.029,-1114.65,2144.52,1707.38
-0.377444,0.72431,0.576984,-118.62,210.934,170.962,-162.117,281.057,229.233,-73.9303,141.895,113.029,-1114.65,2144.52,1707.38
-0.377444,0.72431,0.576984,-164.395,284.637,232.228,-223.6,374.756,308.372,-73.9303,141.895,113.029,-1114.65,2144.52,1707.38
-0.377444,0.72431,0.576984,-223.932,375.245,308.789,-351.464,552.333,462.918,-73.9303,141.895,113.029,-1114.65,2144.52,1707.38
-0.377444,0.72431,0.576984,-351.897,552.898,463.421,-489.752,722.808,617.98,-73.9303,141.895,113.029,-1114.65,2144.52,1707.38
-0.377444,0.72431,0.576984,-490.199,723.327,618.464,-625.924,872.842,761.118,-73.9303,141.895,113.029,-1114.65,2144.52,1707.38
0.171577,-0.881871,-0.439163,33.5607,-156.441,-78.2126,52.0196,-232.195,-116.285,30.5467,-157.057,-78.2118,459.302,-2372.86,-1181.44
0.171577,-0.881871,-0.439163,53.017,-236.121,-118.263,74.1608,-315.9,-158.567,30.5467,-157.057,-78.2118,459.302,-2372.86,-1181.44
0.171577,-0.881871,-0.439163,75.2824,-319.963,-160.626,105.347,-423.492,-213.278,30.5467,-157.057,-78.2118,459.302,-2372.86,-1181.44
0.171577,-0.881871,-0.439163,105.517,-424.053,-213.564,174.45,-631.009,-320.085,30.5467,-157.057,-78.2118,459.302,-2372.86,-1181.44
0.171577,-0.881871,-0.439163,174.69,-631.673,-320.43,254.436,-835.139,-427.144,30.5467,-157.057,-78.2118,459.302,-2372.86,-1181.44
0.171577,-0.881871,-0.439163,254.727,-835.83,-427.51,337.63,-1019.67,-525.982,30.5467,-157.057,-78.2118,459.302,-2372.86,-1181.44
-0.840632,0.531171,0.105808,-136.71,83.1282,17.0235,-204.357,121.98,25.2351,-135.255,85.4749,17.0248,-2042.07,1292.8,257.171
-0.840632,0.531171,0.105808,-207.85,123.945,25.6572,-280.125,163.733,34.3453,-135.255,85.4749,17.0248,-2042.07,1292.8,257.171
-0.840632,0.531171,0.105808,-283.855,165.741,34.7915,-379.305,215.669,46.1415,-135.255,85.4749,17.0248,-2042.07,1292.8,257.171
-0.840632,0.531171,0.105808,-379.887,215.964,46.2102,-576.561,310.194,69.1889,-135.255,85.4749,17.0248,-2042.07,1292.8,257.171
-0.840632,0.531171,0.105808,-577.178,310.472,69.2601,-778.377,395.481,92.2534,-135.255,85.4749,17.0248,-2042.07,1292.8,257.171
-0.840632,0.531171,0.105808,-779.03,395.739,92.3274,-967.899,465.645,113.53,-135.255,85.4749,17.0248,-2042.07,1292.8,257.171
0.864773,0.497521,-0.0681184,137.299,82.1523,-10.93,203.14,123.863,-16.27,138.69,79.7808,-10.9243,2095.98,1203.45,-165.019
0.864773,0.497521,-0.0681184,206.565,126.075,-16.5495,275.402,171.451,-22.1994,138.69,79.7808,-10.9243,2095.98,1203.45,-165.019
0.864773,0.497521,-0.0681184,278.964,173.847,-22.4935,367.65,235.058,-29.8742,138.69,79.7808,-10.9243,2095.98,1203.45,-165.019
0.864773,0.497521,-0.0681184,368.151,235.413,-29.9162,543.146,365.484,-44.8502,138.69,79.7808,-10.9243,2095.98,1203.45,-165.019
0.864773,0.497521,-0.0681184,543.714,365.927,-44.8995,712.665,504.274,-59.8522,138.69,79.7808,-10.9243,2095.98,1203.45,-165.019
0.864773,0.497521,-0.0681184,713.238,504.766,-59.9039,863.177,639.298,-73.6914,138.69,79.7808,-10.9243,2095.98,1203.45,-165.019
-0.0640449,0.994349,-0.0846668,-13.0224,159.469,-13.5956,-21.3048,236.99,-20.1137,-10.275,159.67,-13.5955,-153.261,2412.04,-205.369
-0.0640449,0.994349,-0.0846668,-21.771,241.019,-20.4528,-32.0221,322.91,-27.3491,-10.275,159.67,-13.5955,-153.261,2412.04,-205.369
-0.0640449,0.994349,-0.0846668,-32.5835,327.081,-27.7007,-48.2382,433.683,-36.6997,-10.275,159.67,-13.5955,-153.261,2412.04,-205.369
-0.0640449,0.994349,-0.0846668,-48.3364,434.302,-36.7521,-87.5781,648.822,-54.9579,-10.275,159.67,-13.5955,-153.261,2412.04,-205.369
-0.0640449,0.994349,-0.0846668,-87.7161,649.487,-55.0147,-137.113,862.277,-73.2618,-10.275,159.67,-13.5955,-153.261,2412.04,-205.369
-0.0640449,0.994349,-0.0846668,-137.281,862.932,-73.3182,-191.657,1056.88,-90.1348,-10.275,159.67,-13.5955,-153.261,2412.04,-205.369
0.232032,-0.968328,0.0922027,39.9503,-154.932,14.8159,61.295,-229.874,22.0234,37.275,-155.597,14.8156,561.162,-2350.85,223.798
0.232032,-0.968328,0.0922027,62.4515,-233.803,22.4022,86.4917,-312.744,30.0329,37.275,-155.597,14.8156,561.162,-2350.85,223.798
0.232032,-0.968328,0.0922027,87.7583,-316.768,30.4231,121.347,-419.176,40.3916,37.275,-155.597,14.8156,561.162,-2350.85,223.798
0.232032,-0.968328,0.0922027,121.54,-419.741,40.4468,196.704,-624.379,60.6048,37.275,-155.597,14.8156,561.162,-2350.85,223.798
0.232032,-0.968328,0.0922027,196.98,-625.081,60.6746,281.845,-826.354,80.8764,37.275,-155.597,14.8156,561.162,-2350.85,223.798
0.232032,-0.968328,0.0922027,282.128,-826.983,80.9402,368.65,-1008.86,99.5751,37.275,-155.597,14.8156,561.162,-2350.85,223.798
-0.823676,0.0963483,0.558816,-159.266,15.3071,107.824,-237.058,20.5008,160.463,-158.915,18.6,107.815,-2400.24,283.294,1628.62
-0.823676,0.0963483,0.558816,-241.111,20.7286,163.204,-323.575,24.4444,218.935,-158.915,18.6,107.815,-2400.24,283.294,1628.62
-0.823676,0.0963483,0.558816,-327.779,24.5867,221.774,-435.51,26.6755,294.514,-158.915,18.6,107.815,-2400.24,283.294,1628.62
-0.823676,0.0963483,0.558816,-436.168,26.6791,294.958,-654.333,21.7084,442.275,-158.915,18.6,107.815,-2400.24,283.294,1628.62
-0.823676,0.0963483,0.558816,-655.025,21.673,442.743,-873.033,4.33695,590.343,-158.915,18.6,107.815,-2400.24,283.294,1628.62
-0.823676,0.0963483,0.558816,-873.773,4.25697,590.845,-1073.86,-22.6703,727.101,-158.915,18.6,107.815,-2400.24,283.294,1628.62
-0.0580582,-0.574791,0.816238,-12.4446,-188.84,267.465,-12.5759,-193.17,273.587,-16.0951,-159.188,226.059,-246.477,-2404.3,3414.77
-0.0580582,-0.574791,0.816238,-12.7307,-198.592,281.254,-13.5211,-237.56,336.341,-16.0951,-159.188,226.059,-246.477,-2404.3,3414.77
-0.0580582,-0.574791,0.816238,-13.571,-241.619,342.078,-13.2599,-324.202,458.8,-16.0951,-159.188,226.059,-246.477,-2404.3,3414.77
-0.0580582,-0.574791,0.816238,-13.1761,-328.436,464.785,-8.80901,-436.303,617.372,-16.0951,-159.188,226.059,-246.477,-2404.3,3414.77
-0.0580582,-0.574791,0.816238,-8.77316,-436.895,618.21,13.3069,-654.55,927.501,-16.0951,-159.188,226.059,-246.477,-2404.3,3414.77
-0.0580582,-0.574791,0.816238,13.4063,-655.246,928.495,24.5792,-726.596,1030.56,-16.0951,-159.188,226.059,-246.477,-2404.3,3414.77
0.0426654,0.967142,-0.25063,4.23087,159.944,-41.4275,4.30886,237.889,-61.583,7.06095,159.844,-41.4229,108.667,2414.46,-625.719
0.0426654,0.967142,-0.25063,4.27602,241.962,-62.6362,2.82508,324.477,-83.9765,7.06095,159.844,-41.4229,108.667,2414.46,-625.719
0.0426654,0.967142,-0.25063,2.71072,328.689,-85.0658,-1.5488,436.338,-112.918,7.06095,159.844,-41.4229,108.667,2414.46,-625.719
0.0426654,0.967142,-0.25063,-1.58194,436.98,-113.085,-18.0894,654.466,-169.489,7.06095,159.844,-41.4229,108.667,2414.46,-625.719
0.0426654,0.967142,-0.25063,-18.1562,655.132,-169.662,-45.1992,871.887,-226.148,7.06095,159.844,-41.4229,108.667,2414.46,-625.719
0.0426654,0.967142,-0.25063,-45.307,872.608,-226.336,-79.5223,1071.14,-278.412,7.06095,159.844,-41.4229,108.667,2414.46,-625.719
-0.373271,-0.360128,0.854972,-150.239,-158.652,360.367,-153.756,-162.727,369.243,-115.158,-111.079,263.74,-1742.14,-1675.22,3983.97
-0.373271,-0.360128,0.854972,-156.61,-166.046,376.462,-162.942,-173.457,392.538,-115.158,-111.079,263.74,-1742.14,-1675.22,3983.97
-0.373271,-0.360128,0.854972,-165.544,-176.519,399.165,-217.913,-240.431,535.436,-115.158,-111.079,263.74,-1742.14,-1675.22,3983.97
-0.373271,-0.360128,0.854972,-220.53,-243.742,542.396,-285.517,-330.001,720.52,-115.158,-111.079,263.74,-1742.14,-1675.22,3983.97
-0.373271,-0.360128,0.854972,-285.875,-330.499,721.532,-381.841,-474.673,1007.22,-115.158,-111.079,263.74,-1742.14,-1675.22,3983.97
-0.300056,-0.75386,-0.584518,-56.0255,-149.87,-115.268,-80.9799,-223.779,-171.475,-59.1798,-148.653,-115.264,-896.176,-2244.61,-1741.13
-0.300056,-0.75386,-0.584518,-82.2251,-227.603,-174.373,-106.874,-306.341,-233.832,-59.1798,-148.653,-115.264,-896.176,-2244.61,-1741.13
-0.300056,-0.75386,-0.584518,-108.099,-310.416,-236.899,-137.596,-414.088,-314.584,-59.1798,-148.653,-115.264,-896.176,-2244.61,-1741.13
-0.300056,-0.75386,-0.584518,-137.761,-414.7,-315.041,-188.379,-627.027,-472.361,-59.1798,-148.653,-115.264,-896.176,-2244.61,-1741.13
-0.300056,-0.75386,-0.584518,-188.516,-627.685,-472.846,-226.896,-843.062,-630.56,-59.1798,-148.653,-115.264,-896.176,-2244.61,-1741.13
-0.300056,-0.75386,-0.584518,-227.003,-843.781,-631.084,-251.291,-1044.3,-776.692,-59.1798,-148.653,-115.264,-896.176,-2244.61,-1741.13
0.478135,0.868921,-0.127918,74.7067,141.488,-20.6287,109.334,211.364,-30.6098,77.1433,140.175,-20.6364,1167.02,2116.48,-311.725
0.478135,0.868921,-0.127918,111.093,214.994,-31.126,146.36,289.541,-41.6761,77.1433,140.175,-20.6364,1167.02,2116.48,-311.725
0.478135,0.868921,-0.127918,148.151,293.42,-42.2228,192.14,391.808,-56.0111,77.1433,140.175,-20.6364,1167.02,2116.48,-311.725
0.478135,0.868921,-0.127918,192.378,392.359,-56.0878,274.305,594.422,-84.0022,77.1433,140.175,-20.6364,1167.02,2116.48,-311.725
0.478135,0.868921,-0.127918,274.561,595.1,-84.095,346.96,801.12,-112.053,77.1433,140.175,-20.6364,1167.02,2116.48,-311.725
0.478135,0.868921,-0.127918,347.195,801.843,-112.15,405.276,994.743,-137.936,77.1433,140.175,-20.6364,1167.02,2116.48,-311.725
0.307061,0.621976,0.720319,67.2768,145.168,166.163,97.4584,217.081,247.147,70.8405,143.463,166.153,1072.6,2165.85,2509.85
0.307061,0.621976,0.720319,98.9776,220.834,251.351,128.938,297.748,337.079,70.8405,143.463,166.153,1072.6,2165.85,2509.85
0.307061,0.621976,0.720319,130.424,301.717,341.481,166.47,403.378,453.498,70.8405,143.463,166.153,1072.6,2165.85,2509.85
0.307061,0.621976,0.720319,166.663,403.953,454.127,229.138,613.248,680.947,70.8405,143.463,166.153,1072.6,2165.85,2509.85
0.307061,0.621976,0.720319,229.323,613.953,681.704,277.686,827.718,909.323,70.8405,143.463,166.153,1072.6,2165.85,2509.85
0.307061,0.621976,0.720319,277.824,828.439,910.085,307.059,1009.06,1100.11,70.8405,143.463,166.153,1072.6,2165.85,2509.85
0.307061,0.621976,0.720319,307.252,1010.52,1101.64,307.541,1012.72,1103.95,70.8405,143.463,166.153,1072.6,2165.85,2509.85
0.854157,-0.48785,-0.180052,140.294,-76.9261,-29.2867,209.657,-112.609,-43.5702,138.931,-79.3609,-29.2869,2097.66,-1200.51,-442.398
0.854157,-0.48785,-0.180052,213.245,-114.414,-44.3056,287.288,-150.805,-59.4126,138.931,-79.3609,-29.2869,2097.66,-1200.51,-442.398
0.854157,-0.48785,-0.180052,291.11,-152.639,-60.1888,388.791,-198.061,-79.9169,138.931,-79.3609,-29.2869,2097.66,-1200.51,-442.398
0.854157,-0.48785,-0.180052,389.384,-198.328,-80.0362,590.288,-283.2,-119.99,138.931,-79.3609,-29.2869,2097.66,-1200.51,-442.398
0.854157,-0.48785,-0.180052,590.918,-283.449,-120.114,795.938,-358.773,-160.158,138.931,-79.3609,-29.2869,2097.66,-1200.51,-442.398
0.854157,-0.48785,-0.180052,796.625,-359.007,-160.291,988.67,-419.733,-197.234,138.931,-79.3609,-29.2869,2097.66,-1200.51,-442.398
0.0155212,0.932763,-0.360157,-0.288501,160,-61.7668,-2.60429,237.936,-91.8226,2.67182,159.978,-61.7704,42.4445,2416.53,-933.08
0.0155212,0.932763,-0.360157,-2.76279,241.984,-93.3842,-6.80784,324.385,-125.188,2.67182,159.978,-61.7704,42.4445,2416.53,-933.08
0.0155212,0.932763,-0.360157,-7.05824,328.624,-126.825,-14.7926,436.093,-168.361,2.67182,159.978,-61.7704,42.4445,2416.53,-933.08
0.0155212,0.932763,-0.360157,-14.8465,436.731,-168.608,-38.6448,653.574,-252.713,2.67182,159.978,-61.7704,42.4445,2416.53,-933.08
0.0155212,0.932763,-0.360157,-38.7346,654.238,-252.971,-73.4629,869.98,-337.23,2.67182,159.978,-61.7704,42.4445,2416.53,-933.08
0.0155212,0.932763,-0.360157,-73.5934,870.679,-337.504,-115.189,1067.88,-415.213,2.67182,159.978,-61.7704,42.4445,2416.53,-933.08
-0.962415,0.271472,-0.00774486,-154.711,40.7991,-1.23988,-230.568,58.7984,-1.79526,-153.989,43.4456,-1.23921,-2325.56,658.145,-18.7191
-0.962415,0.271472,-0.00774486,-234.521,59.6998,-1.82411,-315.101,77.2915,-2.41183,-153.989,43.4456,-1.23921,-2325.56,658.145,-18.7191
-0.962415,0.271472,-0.00774486,-319.272,78.1615,-2.44226,-424.976,98.8923,-3.21609,-153.989,43.4456,-1.23921,-2325.56,658.145,-18.7191
-0.962415,0.271472,-0.00774486,-425.619,99.0105,-3.22077,-640.961,133.454,-4.77955,-153.989,43.4456,-1.23921,-2325.56,658.145,-18.7191
-0.962415,0.271472,-0.00774486,-641.633,133.546,-4.78439,-858.673,157.917,-6.33822,-153.989,43.4456,-1.23921,-2325.56,658.145,-18.7191
-0.962415,0.271472,-0.00774486,-859.383,157.98,-6.34331,-1060.32,171.416,-7.78837,-153.989,43.4456,-1.23921,-2325.56,658.145,-18.7191
0.350765,-0.369927,0.860301,157.451,-151.497,368.781,157.681,-151.699,369.297,110.077,-116.117,270.011,1660.01,-1756.64,4078.69
0.350765,-0.369927,0.860301,164.803,-157.918,385.242,171.936,-164.095,401.155,110.077,-116.117,270.011,1660.01,-1756.64,4078.69
0.350765,-0.369927,0.860301,175.218,-166.921,408.459,238.814,-219.687,547.821,110.077,-116.117,270.011,1660.01,-1756.64,4078.69
0.350765,-0.369927,0.860301,242.109,-222.321,554.937,328.057,-287.764,737.126,110.077,-116.117,270.011,1660.01,-1756.64,4078.69
0.350765,-0.369927,0.860301,328.546,-288.118,738.144,458.771,-376.241,1003.42,110.077,-116.117,270.011,1660.01,-1756.64,4078.69
-0.651094,-0.401986,-0.643804,-134.229,-87.0778,-134.621,-198.243,-131.621,-200.311,-136.149,-84.0445,-134.618,-2057.95,-1267.38,-2033.5
-0.651094,-0.401986,-0.643804,-201.535,-133.969,-203.717,-268.115,-182.668,-273.203,-136.149,-84.0445,-134.618,-2057.95,-1267.38,-2033.5
-0.651094,-0.401986,-0.643804,-271.536,-185.234,-276.806,-356.778,-251.292,-367.645,-136.149,-84.0445,-134.618,-2057.95,-1267.38,-2033.5
-0.651094,-0.401986,-0.643804,-357.24,-251.662,-368.143,-523.493,-393.123,-552.025,-136.149,-84.0445,-134.618,-2057.95,-1267.38,-2033.5
-0.651094,-0.401986,-0.643804,-524.025,-393.605,-552.63,-681.745,-545.453,-737.004,-136.149,-84.0445,-134.618,-2057.95,-1267.38,-2033.5
-0.651094,-0.401986,-0.643804,-682.23,-545.949,-737.588,-819.369,-694.538,-907.871,-136.149,-84.0445,-134.618,-2057.95,-1267.38,-2033.5
0.873417,0.263825,0.409316,152.27,49.1324,71.7911,225.721,75.1921,106.8,153.168,46.2555,71.779,2314.31,696.677,1084.27
0.873417,0.263825,0.409316,229.559,76.5956,108.635,306.721,105.702,145.677,153.168,46.2555,71.779,2314.31,696.677,1084.27
0.873417,0.263825,0.409316,310.71,107.253,147.599,410.664,147.64,196.021,153.168,46.2555,71.779,2314.31,696.677,1084.27
0.873417,0.263825,0.409316,411.205,147.867,196.285,610.169,237.267,294.28,153.168,46.2555,71.779,2314.31,696.677,1084.27
0.873417,0.263825,0.409316,610.808,237.574,294.598,805.263,337.261,392.77,153.168,46.2555,71.779,2314.31,696.677,1084.27
0.873417,0.263825,0.409316,805.922,337.62,393.107,980.578,438.354,483.69,153.168,46.2555,71.779,2314.31,696.677,1084.27
0.31933,-0.561256,0.763557,88.0634,-145.12,200.745,92.2409,-151.569,209.832,79.1105,-139.074,189.193,1192.39,-2102.28,2857.87
0.31933,-0.561256,0.763557,93.3693,-153.305,212.281,125.759,-202.052,281.497,79.1105,-139.074,189.193,1192.39,-2102.28,2857.87
0.31933,-0.561256,0.763557,128.014,-205.369,286.24,175.398,-272.994,383.899,79.1105,-139.074,189.193,1192.39,-2102.28,2857.87
0.31933,-0.561256,0.763557,177.871,-276.416,388.892,242.649,-362.67,516.442,79.1105,-139.074,189.193,1192.39,-2102.28,2857.87
0.31933,-0.561256,0.763557,243.035,-363.165,517.185,383.582,-530.561,775.685,79.1105,-139.074,189.193,1192.39,-2102.28,2857.87
0.31933,-0.561256,0.763557,384.044,-531.072,776.498,536.995,-688.407,1036.01,79.1105,-139.074,189.193,1192.39,-2102.28,2857.87
0.31933,-0.561256,0.763557,537.509,-688.898,1036.85,557.326,-707.677,1069.14,79.1105,-139.074,189.193,1192.39,-2102.28,2857.87
0.0565678,0.81355,-0.578737,7.74447,159.812,-113.538,8.96151,237.784,-168.836,11.1095,159.614,-113.545,170.195,2410.9,-1715.17
0.0565678,0.81355,-0.578737,8.98113,241.833,-171.707,8.44327,324.309,-230.192,11.1095,159.614,-113.545,170.195,2410.9,-1715.17
0.0565678,0.81355,-0.578737,8.3666,328.594,-233.231,4.85735,436.333,-309.674,11.1095,159.614,-113.545,170.195,2410.9,-1715.17
0.0565678,0.81355,-0.578737,4.82814,436.957,-310.117,-11.6298,654.548,-464.858,11.1095,159.614,-113.545,170.195,2410.9,-1715.17
0.0565678,0.81355,-0.578737,-11.7061,655.279,-465.379,-40.723,872.156,-620.51,11.1095,159.614,-113.545,170.195,2410.9,-1715.17
0.0565678,0.81355,-0.578737,-40.8328,872.829,-620.994,-78.6581,1071.25,-764.217,11.1095,159.614,-113.545,170.195,2410.9,-1715.17
-0.550678,-0.809833,0.202296,-87.6454,-133.859,33.0496,-128.617,-200.186,49.1127,-89.9764,-132.304,33.0506,-1360.79,-1997.41,499.25
-0.550678,-0.809833,0.202296,-130.719,-203.658,49.9488,-172.774,-274.626,66.9432,-89.9764,-132.304,33.0506,-1360.79,-1997.41,499.25
-0.550678,-0.809833,0.202296,-174.905,-278.302,67.8182,-227.802,-372.17,90.0176,-89.9764,-132.304,33.0506,-1360.79,-1997.41,499.25
-0.550678,-0.809833,0.202296,-228.105,-372.723,90.1476,-328.291,-566.361,135.082,-89.9764,-132.304,33.0506,-1360.79,-1997.41,499.25
-0.550678,-0.809833,0.202296,-328.622,-567.04,135.238,-419.627,-765.64,180.263,-89.9764,-132.304,33.0506,-1360.79,-1997.41,499.25
-0.550678,-0.809833,0.202296,-419.9,-766.277,180.406,-495.308,-953.079,221.921,-89.9764,-132.304,33.0506,-1360.79,-1997.41,499.25
0.754315,-0.0389691,0.655356,159.933,-4.63332,138.836,237.951,-4.28769,206.503,159.786,-8.26692,138.824,2413.54,-127.449,2097.03
0.754315,-0.0389691,0.655356,241.963,-4.22353,209.983,324.48,-1.89337,281.578,159.786,-8.26692,138.824,2413.54,-127.449,2097.03
0.754315,-0.0389691,0.655356,328.695,-1.72247,285.237,436.375,4.36049,378.783,159.786,-8.26692,138.824,2413.54,-127.449,2097.03
0.754315,-0.0389691,0.655356,436.961,4.40264,379.293,654.133,26.7846,568.649,159.786,-8.26692,138.824,2413.54,-127.449,2097.03
0.754315,-0.0389691,0.655356,654.832,26.8786,569.26,870.836,62.8079,759.144,159.786,-8.26692,138.824,2413.54,-127.449,2097.03
0.754315,-0.0389691,0.655356,871.513,62.9423,759.743,1068.69,107.975,935.086,159.786,-8.26692,138.824,2413.54,-127.449,2097.03
-0.0283075,-0.724432,-0.688764,-2.48023,-159.981,-152.013,-0.964944,-237.958,-226.1,-6.25988,-159.877,-152.006,-97.2406,-2414.94,-2296.15
-0.0283075,-0.724432,-0.688764,-0.8374,-241.999,-229.94,2.81731,-324.426,-308.314,-6.25988,-159.877,-152.006,-97.2406,-2414.94,-2296.15
-0.0283075,-0.724432,-0.688764,3.06076,-328.686,-312.366,10.9929,-436.256,-414.838,-6.25988,-159.877,-152.006,-97.2406,-2414.94,-2296.15
-0.0283075,-0.724432,-0.688764,11.0457,-436.844,-415.398,37.6,-653.596,-622.89,-6.25988,-159.877,-152.006,-97.2406,-2414.94,-2296.15
-0.0283075,-0.724432,-0.688764,37.709,-654.298,-623.565,78.3449,-869.56,-831.735,-6.25988,-159.877,-152.006,-97.2406,-2414.94,-2296.15
-0.0283075,-0.724432,-0.688764,78.4986,-870.25,-832.407,128.382,-1066.4,-1024.75,-6.25988,-159.877,-152.006,-97.2406,-2414.94,-2296.15
0.871285,0.117499,0.476505,158.119,24.465,86.7243,234.842,38.6326,129.14,158.566,21.3734,86.7189,2395.53,320.665,1309.94
0.871285,0.117499,0.476505,238.771,39.3991,131.317,319.568,56.0431,176.169,158.566,21.3734,86.7189,2395.53,320.665,1309.94
0.871285,0.117499,0.476505,323.73,56.9462,178.484,428.719,81.2366,237.08,158.566,21.3734,86.7189,2395.53,320.665,1309.94
0.871285,0.117499,0.476505,429.337,81.3883,237.426,639.708,138.97,356.03,158.566,21.3734,86.7189,2395.53,320.665,1309.94
0.871285,0.117499,0.476505,640.432,139.189,356.441,847.916,208.076,475.307,158.566,21.3734,86.7189,2395.53,320.665,1309.94
0.871285,0.117499,0.476505,848.587,208.319,475.695,1036.57,281.635,585.4,158.566,21.3734,86.7189,2395.53,320.665,1309.94
-0.711952,0.362928,-0.601172,-144.066,69.6068,-120.363,-215.345,101.332,-179.052,-142.542,72.6757,-120.367,-2152.08,1099.98,-1818.22
-0.711952,0.362928,-0.601172,-219.023,102.922,-182.066,-295.166,134.782,-244.154,-142.542,72.6757,-120.367,-2152.08,1099.98,-1818.22
-0.711952,0.362928,-0.601172,-299.078,136.366,-247.329,-399.555,175.307,-328.391,-142.542,72.6757,-120.367,-2152.08,1099.98,-1818.22
-0.711952,0.362928,-0.601172,-400.176,175.538,-328.889,-606.94,245.428,-493.099,-142.542,72.6757,-120.367,-2152.08,1099.98,-1818.22
-0.711952,0.362928,-0.601172,-607.611,245.634,-493.627,-818.661,303.435,-658.263,-142.542,72.6757,-120.367,-2152.08,1099.98,-1818.22
-0.711952,0.362928,-0.601172,-819.344,303.6,-658.791,-1016.86,345.894,-810.778,-142.542,72.6757,-120.367,-2152.08,1099.98,-1818.22
0.509846,0.854173,0.102201,79.6318,138.776,16.4257,116.656,207.443,24.5541,82.0127,137.382,16.4382,1240.53,2074.24,248.31
0.509846,0.854173,0.102201,118.526,210.987,24.972,156.355,284.31,33.5743,82.0127,137.382,16.4382,1240.53,2074.24,248.31
0.509846,0.854173,0.102201,158.262,288.092,34.0159,205.592,384.862,45.2456,82.0127,137.382,16.4382,1240.53,2074.24,248.31
0.509846,0.854173,0.102201,205.871,385.45,45.3134,294.743,584.612,68.0615,82.0127,137.382,16.4382,1240.53,2074.24,248.31
0.509846,0.854173,0.102201,295.004,585.235,68.132,374.515,788.669,90.9256,82.0127,137.382,16.4382,1240.53,2074.24,248.31
0.509846,0.854173,0.102201,374.758,789.337,90.9999,439.495,980.051,112.02,82.0127,137.382,16.4382,1240.53,2074.24,248.31
-0.259118,-0.317594,0.912136,-193.85,-287.382,772.614,-197.252,-293.598,788.396,-101.164,-123.959,356.052,-1531.82,-1869.47,5378.4
-0.259118,-0.317594,0.912136,-202.459,-303.222,812.766,-209.715,-316.852,847.159,-101.164,-123.959,356.052,-1531.82,-1869.47,5378.4
-0.259118,-0.317594,0.912136,-210.924,-319.148,852.938,-234.405,-365.349,968.376,-101.164,-123.959,356.052,-1531.82,-1869.47,5378.4
0.162702,-0.560453,-0.812047,59.0791,-179.792,-263.333,61.6242,-186.693,-273.563,44.592,-153.661,-222.634,670.388,-2322.06,-3363.03
0.162702,-0.560453,-0.812047,62.4589,-188.944,-276.902,76.3039,-225.426,-331.174,44.592,-153.661,-222.634,670.388,-2322.06,-3363.03
0.162702,-0.560453,-0.812047,77.7575,-229.168,-336.756,108.868,-305.633,-451.582,44.592,-153.661,-222.634,670.388,-2322.06,-3363.03
0.162702,-0.560453,-0.812047,110.537,-309.557,-457.513,154.816,-407.987,-607.661,44.592,-153.661,-222.634,670.388,-2322.06,-3363.03
0.162702,-0.560453,-0.812047,155.078,-408.54,-608.513,256.642,-602.305,-912.892,44.592,-153.661,-222.634,670.388,-2322.06,-3363.03
0.162702,-0.560453,-0.812047,256.984,-602.898,-913.845,301.518,-677.357,-1034.49,44.592,-153.661,-222.634,670.388,-2322.06,-3363.03
-0.416396,0.877495,-0.237944,-71.1299,143.32,-39.1957,-107.679,212.203,-58.2731,-68.585,144.555,-39.1967,-1034.21,2184.45,-592.091
-0.416396,0.877495,-0.237944,-109.605,215.756,-59.2617,-149.607,287.884,-79.4399,-68.585,144.555,-39.1967,-1034.21,2184.45,-592.091
-0.416396,0.877495,-0.237944,-151.711,291.595,-80.4834,-206.045,384.695,-106.859,-68.585,144.555,-39.1967,-1034.21,2184.45,-592.091
-0.416396,0.877495,-0.237944,-206.346,385.196,-107.002,-322.981,569.46,-160.374,-68.585,144.555,-39.1967,-1034.21,2184.45,-592.091
-0.416396,0.877495,-0.237944,-323.374,570.05,-160.547,-449.011,748.79,-214.013,-68.585,144.555,-39.1967,-1034.21,2184.45,-592.091
-0.416396,0.877495,-0.237944,-449.422,749.345,-214.182,-572.795,908.673,-263.502,-68.585,144.555,-39.1967,-1034.21,2184.45,-592.091
-0.933384,0.148857,-0.326552,-158.434,22.3332,-55.2784,-235.933,31.1626,-82.2248,-158.002,25.208,-55.2787,-2386.39,382.815,-835.019
-0.933384,0.148857,-0.326552,-239.931,31.5805,-83.6133,-322.051,39.3548,-112.11,-158.002,25.208,-55.2787,-2386.39,382.815,-835.019
-0.933384,0.148857,-0.326552,-326.292,39.7145,-113.581,-433.799,47.4612,-150.821,-158.002,25.208,-55.2787,-2386.39,382.815,-835.019
-0.933384,0.148857,-0.326552,-434.394,47.4968,-151.027,-652.343,55.1062,-226.371,-158.002,25.208,-55.2787,-2386.39,382.815,-835.019
-0.933384,0.148857,-0.326552,-653.062,55.1135,-226.619,-871.484,51.9011,-302.095,-158.002,25.208,-55.2787,-2386.39,382.815,-835.019
-0.933384,0.148857,-0.326552,-872.242,51.8711,-302.357,-1073.4,39.2864,-372.005,-158.002,25.208,-55.2787,-2386.39,382.815,-835.019
0.517297,-0.0521986,0.854213,218.161,-12.1674,359.024,224.402,-12.227,369.273,159.19,-16.0809,262.873,2404.28,-246.635,3970.87
0.517297,-0.0521986,0.854213,227.921,-12.2536,375.051,237.647,-12.3007,391.022,159.19,-16.0809,262.873,2404.28,-246.635,3970.87
0.517297,-0.0521986,0.854213,241.687,-12.3087,397.655,324.266,-11.0045,533.275,159.19,-16.0809,262.873,2404.28,-246.635,3970.87
0.517297,-0.0521986,0.854213,328.521,-10.8613,540.265,436.357,-4.74711,717.609,159.19,-16.0809,262.873,2404.28,-246.635,3970.87
0.517297,-0.0521986,0.854213,436.958,-4.6997,718.599,611.502,15.4378,1007.18,159.19,-16.0809,262.873,2404.28,-246.635,3970.87
0.79585,-0.108051,-0.595775,158.966,-18.158,-118.687,236.705,-24.4774,-176.469,158.544,-21.5368,-118.687,2394.58,-327.726,-1792.85
0.79585,-0.108051,-0.595775,240.73,-24.7605,-179.458,323.124,-29.6003,-240.61,158.544,-21.5368,-118.687,2394.58,-327.726,-1792.85
0.79585,-0.108051,-0.595775,327.346,-29.7996,-243.743,435.068,-33.2732,-323.606,158.544,-21.5368,-118.687,2394.58,-327.726,-1792.85
0.79585,-0.108051,-0.595775,435.714,-33.2841,-324.084,653.96,-30.7919,-485.795,158.544,-21.5368,-118.687,2394.58,-327.726,-1792.85
0.79585,-0.108051,-0.595775,654.661,-30.7629,-486.314,872.913,-15.5038,-648.386,158.544,-21.5368,-118.687,2394.58,-327.726,-1792.85
0.79585,-0.108051,-0.595775,873.647,-15.4308,-648.933,1074.05,9.95804,-798.562,158.544,-21.5368,-118.687,2394.58,-327.726,-1792.85
0.389592,-0.52786,0.754707,104.533,-133.746,195.283,148.629,-185.862,273.657,95.0022,-128.742,184.057,1432.68,-1946.49,2780.3
0.389592,-0.52786,0.754707,151.264,-188.9,278.259,206.233,-250.515,372.756,95.0022,-128.742,184.057,1432.68,-1946.49,2780.3
0.389592,-0.52786,0.754707,209.088,-253.626,377.588,283.471,-331.758,501.042,95.0022,-128.742,184.057,1432.68,-1946.49,2780.3
0.389592,-0.52786,0.754707,283.903,-332.195,501.745,442.829,-482.24,751.874,95.0022,-128.742,184.057,1432.68,-1946.49,2780.3
0.389592,-0.52786,0.754707,443.333,-482.683,752.642,613.252,-621.475,1003.67,95.0022,-128.742,184.057,1432.68,-1946.49,2780.3
0.389592,-0.52786,0.754707,613.8,-621.89,1004.46,664.69,-659.674,1076.96,95.0022,-128.742,184.057,1432.68,-1946.49,2780.3
-0.474474,-0.547017,0.689672,-101.946,-123.317,152.408,-149.491,-185.126,226.673,-104.848,-120.859,152.388,-1585.82,-1823.89,2301.92
-0.474474,-0.547017,0.689672,-151.924,-188.37,230.534,-200.62,-255.045,309.163,-104.848,-120.859,152.388,-1585.82,-1823.89,2301.92
-0.474474,-0.547017,0.689672,-203.06,-258.477,313.173,-264.086,-347.393,415.863,-104.848,-120.859,152.388,-1585.82,-1823.89,2301.92
-0.474474,-0.547017,0.689672,-264.423,-347.901,416.444,-379.157,-533.681,624.39,-104.848,-120.859,152.388,-1585.82,-1823.89,2301.92
-0.474474,-0.547017,0.689672,-379.52,-534.314,625.085,-482.329,-727.738,833.674,-104.848,-120.859,152.388,-1585.82,-1823.89,2301.92
-0.474474,-0.547017,0.689672,-482.647,-728.388,834.363,-566.299,-912.665,1027.06,-104.848,-120.859,152.388,-1585.82,-1823.89,2301.92
-0.574695,-0.160455,0.802483,-171.249,-53.7952,241.428,-171.475,-53.874,241.749,-154.11,-43.0118,215.188,-2328.81,-646.58,3250.55
-0.574695,-0.160455,0.802483,-180.452,-57.0313,254.548,-226.273,-73.6854,320.112,-154.11,-43.0118,215.188,-2328.81,-646.58,3250.55
-0.574695,-0.160455,0.802483,-230.052,-75.0997,325.538,-306.916,-105.227,436.56,-154.11,-43.0118,215.188,-2328.81,-646.58,3250.55
-0.574695,-0.160455,0.802483,-310.852,-106.841,442.28,-409.849,-149.777,587.383,-154.11,-43.0118,215.188,-2328.81,-646.58,3250.55
-0.574695,-0.160455,0.802483,-410.418,-150.038,588.224,-605.592,-248.765,882.334,-154.11,-43.0118,215.188,-2328.81,-646.58,3250.55
-0.574695,-0.160455,0.802483,-606.197,-249.102,883.266,-708.295,-308.774,1042.23,-154.11,-43.0118,215.188,-2328.81,-646.58,3250.55
0.945018,0.32582,0.0279765,150.347,54.7326,4.47825,222.882,83.3083,6.69653,151.265,52.143,4.47799,2285.59,785.813,67.6428
0.945018,0.32582,0.0279765,226.645,84.829,6.81199,302.821,116.439,9.15994,151.265,52.143,4.47799,2285.59,785.813,67.6428
0.945018,0.32582,0.0279765,306.747,118.111,9.28142,405.334,161.501,12.3482,151.265,52.143,4.47799,2285.59,785.813,67.6428
0.945018,0.32582,0.0279765,405.935,161.774,12.367,602.344,256.541,18.5813,151.265,52.143,4.47799,2285.59,785.813,67.6428
0.945018,0.32582,0.0279765,602.954,256.853,18.6008,794.996,360.868,24.8326,151.265,52.143,4.47799,2285.59,785.813,67.6428
0.945018,0.32582,0.0279765,795.621,361.226,24.8532,968.186,465.03,30.6068,151.265,52.143,4.47799,2285.59,785.813,67.6428
0.826754,-0.228595,0.514026,155.033,-39.5557,95.8874,231.117,-56.5655,142.613,154.211,-42.6499,95.8808,2328.85,-646.439,1448.34
0.826754,-0.228595,0.514026,235.091,-57.4116,145.048,315.977,-73.7222,194.503,154.211,-42.6499,95.8808,2328.85,-646.439,1448.34
0.826754,-0.228595,0.514026,320.142,-74.5155,197.044,426.283,-93.1977,261.637,154.211,-42.6499,95.8808,2328.85,-646.439,1448.34
0.826754,-0.228595,0.514026,426.907,-93.2989,262.016,643.11,-122.293,392.754,154.211,-42.6499,95.8808,2328.85,-646.439,1448.34
0.826754,-0.228595,0.514026,643.857,-122.372,393.205,861.853,-139.524,524.238,154.211,-42.6499,95.8808,2328.85,-646.439,1448.34
0.826754,-0.228595,0.514026,862.566,-139.56,524.666,1064.34,-144.782,645.61,154.211,-42.6499,95.8808,2328.85,-646.439,1448.34
0.25944,0.950737,-0.169675,39.4342,155.064,-27.5512,56.7161,231.046,-40.9588,42.1301,154.354,-27.5475,638.305,2331.09,-416.122
0.25944,0.950737,-0.169675,57.589,235.048,-41.6636,74.4087,315.8,-55.8567,42.1301,154.354,-27.5475,638.305,2331.09,-416.122
0.25944,0.950737,-0.169675,75.237,319.974,-56.5889,94.9285,425.916,-75.1342,42.1301,154.354,-27.5475,638.305,2331.09,-416.122
0.25944,0.950737,-0.169675,95.0341,426.524,-75.2404,127.244,642.159,-112.771,42.1301,154.354,-27.5475,638.305,2331.09,-416.122
0.25944,0.950737,-0.169675,127.336,642.894,-112.899,149.304,860.247,-150.512,42.1301,154.354,-27.5475,638.305,2331.09,-416.122
0.25944,0.950737,-0.169675,149.356,860.924,-150.629,160.433,1062.07,-185.31,42.1301,154.354,-27.5475,638.305,2331.09,-416.122
0.353189,0.66136,-0.66171,72.1206,142.824,-141.223,104.979,213.589,-210.057,75.3819,141.13,-141.21,1140.98,2130.63,-2133.07
0.353189,0.66136,-0.66171,106.625,217.244,-213.594,139.58,292.901,-286.403,75.3819,141.13,-141.21,1140.98,2130.63,-2133.07
0.353189,0.66136,-0.66171,141.227,296.814,-290.149,181.461,396.816,-385.261,75.3819,141.13,-141.21,1140.98,2130.63,-2133.07
0.353189,0.66136,-0.66171,181.693,397.419,-385.832,253.623,603.575,-578.517,75.3819,141.13,-141.21,1140.98,2130.63,-2133.07
0.353189,0.66136,-0.66171,253.83,604.233,-579.126,312.88,815.125,-772.371,75.3819,141.13,-141.21,1140.98,2130.63,-2133.07
0.353189,0.66136,-0.66171,313.042,815.783,-772.969,355.751,1013.52,-951.465,75.3819,141.13,-141.21,1140.98,2130.63,-2133.07
0.846751,0.0603359,-0.528557,159.334,14.5857,-99.6288,236.712,24.0026,-148.119,159.596,11.3614,-99.6224,2410.96,169.335,-1504.86
0.846751,0.0603359,-0.528557,240.753,24.5367,-150.656,322.464,36.2413,-202.014,159.596,11.3614,-99.6224,2410.96,169.335,-1504.86
0.846751,0.0603359,-0.528557,326.624,36.8836,-204.633,432.881,54.8293,-271.678,159.596,11.3614,-99.6224,2410.96,169.335,-1504.86
0.846751,0.0603359,-0.528557,433.515,54.9453,-272.079,647.006,100.12,-407.866,159.596,11.3614,-99.6224,2410.96,169.335,-1504.86
0.846751,0.0603359,-0.528557,647.666,100.278,-408.288,858.774,157.294,-544.331,159.596,11.3614,-99.6224,2410.96,169.335,-1504.86
0.846751,0.0603359,-0.528557,859.471,157.503,-544.784,1051.27,220.405,-670.36,159.596,11.3614,-99.6224,2410.96,169.335,-1504.86
-0.403681,0.63897,0.654797,-88.4955,133.299,138.631,-133.885,196.769,206.181,-85.447,135.273,138.617,-1288.55,2044.76,2093.9
-0.403681,0.63897,0.654797,-136.252,199.999,209.647,-185.869,265.99,281.119,-85.447,135.273,138.617,-1288.55,2044.76,2093.9
-0.403681,0.63897,0.654797,-188.439,269.322,284.762,-255.623,353.619,378.078,-85.447,135.273,138.617,-1288.55,2044.76,2093.9
-0.403681,0.63897,0.654797,-256.035,354.12,378.639,-399.902,518.364,567.671,-85.447,135.273,138.617,-1288.55,2044.76,2093.9
-0.403681,0.63897,0.654797,-400.375,518.871,568.271,-554.639,674.309,757.884,-85.447,135.273,138.617,-1288.55,2044.76,2093.9
-0.403681,0.63897,0.654797,-555.133,674.777,758.474,-705.984,809.535,933.655,-85.447,135.273,138.617,-1288.55,2044.76,2093.9
0.590803,0.750146,0.297041,96.7334,127.447,49.7741,142.261,190.783,74.11,99.0043,125.691,49.773,1497.12,1897.38,751.852
0.590803,0.750146,0.297041,144.576,194.067,75.3634,191.469,261.978,101.111,99.0043,125.691,49.773,1497.12,1897.38,751.852
0.590803,0.750146,0.297041,193.83,265.469,102.426,253.075,355.496,136.051,99.0043,125.691,49.773,1497.12,1897.38,751.852
0.590803,0.750146,0.297041,253.403,356.008,136.24,366.517,542.437,204.286,99.0043,125.691,49.773,1497.12,1897.38,751.852
0.590803,0.750146,0.297041,366.881,543.071,204.514,470.923,735.225,272.71,99.0043,125.691,49.773,1497.12,1897.38,751.852
0.590803,0.750146,0.297041,471.23,735.826,272.92,558.687,917.38,335.816,99.0043,125.691,49.773,1497.12,1897.38,751.852
0.544935,0.837899,0.031149,84.9238,135.602,4.98671,124.565,202.731,7.4299,87.2396,134.124,4.98626,1319.44,2024.96,75.3206
0.544935,0.837899,0.031149,126.599,206.244,7.55708,167.246,278.005,10.142,87.2396,134.124,4.98626,1319.44,2024.96,75.3206
0.544935,0.837899,0.031149,169.315,281.738,10.2757,220.397,376.567,13.6551,87.2396,134.124,4.98626,1319.44,2024.96,75.3206
0.544935,0.837899,0.031149,220.704,377.153,13.6759,317.351,572.641,20.5212,87.2396,134.124,4.98626,1319.44,2024.96,75.3206
0.544935,0.837899,0.031149,317.641,573.264,20.5428,405.15,773.366,27.3874,87.2396,134.124,4.98626,1319.44,2024.96,75.3206
0.544935,0.837899,0.031149,405.423,774.034,27.41,477.721,961.986,33.7192,87.2396,134.124,4.98626,1319.44,2024.96,75.3206
-0.709128,0.670387,-0.218445,-118.174,107.865,-35.816,-177.041,158.924,-53.2462,-116.262,109.923,-35.8161,-1754.84,1661.91,-541.025
-0.709128,0.670387,-0.218445,-180.157,161.578,-54.1616,-243.424,214.437,-72.599,-116.262,109.923,-35.8161,-1754.84,1661.91,-541.025
-0.709128,0.670387,-0.218445,-246.748,217.161,-73.5602,-330.943,284.447,-97.666,-116.262,109.923,-35.8161,-1754.84,1661.91,-541.025
-0.709128,0.670387,-0.218445,-331.414,284.814,-97.7996,-506.519,414.758,-146.584,-116.262,109.923,-35.8161,-1754.84,1661.91,-541.025
-0.709128,0.670387,-0.218445,-507.107,415.174,-146.745,-688.523,536.764,-195.589,-116.262,109.923,-35.8161,-1754.84,1661.91,-541.025
-0.709128,0.670387,-0.218445,-689.162,537.171,-195.758,-861.53,641.501,-240.82,-116.262,109.923,-35.8161,-1754.84,1661.91,-541.025
-0.877432,-0.463241,-0.124581,-140.179,-77.1354,-20.0995,-207.512,-116.484,-29.9071,-141.496,-74.6924,-20.0894,-2138.3,-1126.54,-303.464
-0.877432,-0.463241,-0.124581,-210.975,-118.548,-30.4141,-281.415,-161.44,-40.786,-141.496,-74.6924,-20.0894,-2138.3,-1126.54,-303.464
-0.877432,-0.463241,-0.124581,-285.04,-163.694,-41.3229,-375.875,-221.706,-54.8787,-141.496,-74.6924,-20.0894,-2138.3,-1126.54,-303.464
-0.877432,-0.463241,-0.124581,-376.373,-222.032,-54.9535,-555.886,-345.801,-82.3768,-141.496,-74.6924,-20.0894,-2138.3,-1126.54,-303.464
-0.877432,-0.463241,-0.124581,-556.468,-346.223,-82.4672,-730.201,-478.529,-109.934,-141.496,-74.6924,-20.0894,-2138.3,-1126.54,-303.464
-0.877432,-0.463241,-0.124581,-730.791,-479.001,-110.029,-885.359,-608.204,-135.387,-141.496,-74.6924,-20.0894,-2138.3,-1126.54,-303.464
0.606948,0.527523,-0.594419,118.502,107.505,-118.279,174.485,161.828,-175.906,120.77,104.951,-118.27,1825.89,1583.52,-1786.54
0.606948,0.527523,-0.594419,177.343,164.662,-178.879,235.277,223.472,-239.858,120.77,104.951,-118.27,1825.89,1583.52,-1786.54
0.606948,0.527523,-0.594419,238.199,226.506,-242.969,311.8,305.27,-322.589,120.77,104.951,-118.27,1825.89,1583.52,-1786.54
0.606948,0.527523,-0.594419,312.22,305.733,-323.05,454.13,471.507,-484.241,120.77,104.951,-118.27,1825.89,1583.52,-1786.54
0.606948,0.527523,-0.594419,454.599,472.088,-484.792,586.94,646.333,-646.451,120.77,104.951,-118.27,1825.89,1583.52,-1786.54
0.606948,0.527523,-0.594419,587.36,646.92,-646.985,700.32,814.415,-796.248,120.77,104.951,-118.27,1825.89,1583.52,-1786.54
0.455259,-0.13549,0.87999,248.932,-58.6605,474.1,257.965,-60.2242,491.083,153.347,-45.6579,296.422,2315.23,-693.616,4477.64
0.455259,-0.13549,0.87999,262.507,-60.9958,499.617,316.961,-69.4925,601.728,153.347,-45.6579,296.422,2315.23,-693.616,4477.64
0.455259,-0.13549,0.87999,321.141,-70.0875,609.55,428.48,-82.601,809.774,153.347,-45.6579,296.422,2315.23,-693.616,4477.64
0.455259,-0.13549,0.87999,429.095,-82.6574,810.916,526.591,-89.4262,991.983,153.347,-45.6579,296.422,2315.23,-693.616,4477.64
0.480881,-0.810252,-0.33503,84.1369,-136.092,-56.8744,126.95,-201.255,-84.6452,81.652,-137.597,-56.8928,1231.63,-2079.54,-859.402
0.480881,-0.810252,-0.33503,129.206,-204.621,-86.0884,175.843,-272.72,-115.476,81.652,-137.597,-56.8928,1231.63,-2079.54,-859.402
0.480881,-0.810252,-0.33503,178.255,-276.168,-116.974,241.124,-363.65,-155.324,81.652,-137.597,-56.8928,1231.63,-2079.54,-859.402
0.480881,-0.810252,-0.33503,241.513,-364.178,-155.558,375.303,-536.453,-233.201,81.652,-137.597,-56.8928,1231.63,-2079.54,-859.402
0.480881,-0.810252,-0.33503,375.735,-536.983,-233.444,518.163,-702.672,-311.201,81.652,-137.597,-56.8928,1231.63,-2079.54,-859.402
0.480881,-0.810252,-0.33503,518.647,-703.209,-311.458,657.16,-849.559,-383.154,81.652,-137.597,-56.8928,1231.63,-2079.54,-859.402
0.507327,-0.851554,-0.132195,84.2457,-136.025,-21.3381,127.038,-201.214,-31.6991,81.883,-137.46,-21.3385,1235.21,-2077.42,-322.332
0.507327,-0.851554,-0.132195,129.284,-204.572,-32.2359,175.778,-272.673,-43.1913,81.883,-137.46,-21.3385,1235.21,-2077.42,-322.332
0.507327,-0.851554,-0.132195,178.225,-276.187,-43.7603,240.881,-363.865,-58.0762,81.883,-137.46,-21.3385,1235.21,-2077.42,-322.332
0.507327,-0.851554,-0.132195,241.242,-364.358,-58.1573,374.18,-537.174,-87.1108,81.883,-137.46,-21.3385,1235.21,-2077.42,-322.332
0.507327,-0.851554,-0.132195,374.642,-537.746,-87.2084,515.876,-704.415,-116.222,81.883,-137.46,-21.3385,1235.21,-2077.42,-322.332
0.507327,-0.851554,-0.132195,516.323,-704.917,-116.311,653.405,-852.526,-143.067,81.883,-137.46,-21.3385,1235.21,-2077.42,-322.332
-0.814097,-0.19259,-0.547865,-154.916,-40.0141,-104.796,-229.762,-61.8828,-155.862,-155.705,-36.8237,-104.783,-2352.55,-553.982,-1582.82
-0.814097,-0.19259,-0.547865,-233.64,-63.0599,-158.516,-312.323,-87.9014,-212.565,-155.705,-36.8237,-104.783,-2352.55,-553.982,-1582.82
-0.814097,-0.19259,-0.547865,-316.358,-89.2247,-215.347,-418.256,-124.262,-285.928,-155.705,-36.8237,-104.783,-2352.55,-553.982,-1582.82
-0.814097,-0.19259,-0.547865,-418.877,-124.485,-286.36,-622.09,-204.018,-429.299,-155.705,-36.8237,-104.783,-2352.55,-553.982,-1582.82
-0.814097,-0.19259,-0.547865,-622.73,-204.289,-429.754,-821.591,-295.283,-572.999,-155.705,-36.8237,-104.783,-2352.55,-553.982,-1582.82
-0.814097,-0.19259,-0.547865,-822.26,-295.611,-573.486,-1001.03,-389.394,-705.696,-155.705,-36.8237,-104.783,-2352.55,-553.982,-1582.82
0.194871,-0.728036,0.657259,44.8679,-153.58,139.548,69.234,-227.676,207.521,41.3586,-154.562,139.533,622.254,-2335.42,2107.74
0.194871,-0.728036,0.657259,70.538,-231.492,211.034,98.1859,-309.244,282.948,41.3586,-154.562,139.533,622.254,-2335.42,2107.74
0.194871,-0.728036,0.657259,99.6581,-313.228,286.649,138.627,-413.762,380.614,41.3586,-154.562,139.533,622.254,-2335.42,2107.74
0.194871,-0.728036,0.657259,138.859,-414.334,381.152,227.103,-613.987,571.413,41.3586,-154.562,139.533,622.254,-2335.42,2107.74
0.194871,-0.728036,0.657259,227.425,-614.659,572.062,328.221,-809.012,762.898,41.3586,-154.562,139.533,622.254,-2335.42,2107.74
0.194871,-0.728036,0.657259,328.578,-809.65,763.535,432.273,-983.258,939.805,41.3586,-154.562,139.533,622.254,-2335.42,2107.74
-0.202609,-0.979248,-0.00478172,-29.7323,-157.213,-0.765949,-42.2344,-234.169,-1.1262,-32.4267,-156.68,-0.765084,-491.731,-2366.35,-11.5571
-0.202609,-0.979248,-0.00478172,-42.8495,-238.176,-1.14494,-54.6105,-319.813,-1.52518,-32.4267,-156.68,-0.765084,-491.731,-2366.35,-11.5571
-0.202609,-0.979248,-0.00478172,-55.179,-324.035,-1.54479,-68.2698,-430.957,-2.04125,-32.4267,-156.68,-0.765084,-491.731,-2366.35,-11.5571
-0.202609,-0.979248,-0.00478172,-68.3417,-431.606,-2.04426,-87.2388,-648.869,-3.04683,-32.4267,-156.68,-0.765084,-491.731,-2366.35,-11.5571
-0.202609,-0.979248,-0.00478172,-87.2811,-649.545,-3.04996,-95.9988,-867.779,-4.06294,-32.4267,-156.68,-0.765084,-491.731,-2366.35,-11.5571
-0.202609,-0.979248,-0.00478172,-96.0106,-868.493,-4.06624,-94.9838,-1069.87,-5.00486,-32.4267,-156.68,-0.765084,-491.731,-2366.35,-11.5571
0.889207,0.442016,0.118038,142.027,73.6777,19.0219,210.295,111.4,28.2699,143.279,71.2123,19.0191,2165.19,1073.95,287.295
0.889207,0.442016,0.118038,213.799,113.376,28.7468,285.259,154.571,38.5246,143.279,71.2123,19.0191,2165.19,1073.95,287.295
0.889207,0.442016,0.118038,288.927,156.731,39.0293,381.059,212.5,51.7995,143.279,71.2123,19.0191,2165.19,1073.95,287.295
0.889207,0.442016,0.118038,381.636,212.858,51.88,564.092,332.278,77.736,143.279,71.2123,19.0191,2165.19,1073.95,287.295
0.889207,0.442016,0.118038,564.671,332.677,77.8194,741.554,460.769,103.7,143.279,71.2123,19.0191,2165.19,1073.95,287.295
0.889207,0.442016,0.118038,742.143,461.217,103.787,899.706,586.62,127.653,143.279,71.2123,19.0191,2165.19,1073.95,287.295
-0.678985,0.0112339,-0.734066,-159.994,-1.37641,-172.936,-164.609,-1.53569,-177.927,-159.978,2.66031,-172.956,-2416.52,43.0499,-2612.61
-0.678985,0.0112339,-0.734066,-169.741,-1.72068,-183.478,-237.902,-4.96566,-257.244,-159.978,2.66031,-172.956,-2416.52,43.0499,-2612.61
-0.678985,0.0112339,-0.734066,-241.944,-5.20421,-261.62,-324.29,-11.1946,-350.866,-159.978,2.66031,-172.956,-2416.52,43.0499,-2612.61
-0.678985,0.0112339,-0.734066,-328.497,-11.5587,-355.431,-435.744,-22.7507,-471.995,-159.978,2.66031,-172.956,-2416.52,43.0499,-2612.61
-0.678985,0.0112339,-0.734066,-436.387,-22.829,-472.695,-652.226,-56.6755,-708.932,-159.978,2.66031,-172.956,-2416.52,43.0499,-2612.61
-0.678985,0.0112339,-0.734066,-652.917,-56.8082,-709.692,-866.675,-105.584,-946.698,-159.978,2.66031,-172.956,-2416.52,43.0499,-2612.61
-0.678985,0.0112339,-0.734066,-867.359,-105.765,-947.463,-996.316,-142.873,-1092.48,-159.978,2.66031,-172.956,-2416.52,43.0499,-2612.61
-0.416457,-0.217435,-0.882772,-219.415,-131.396,-480.706,-223.994,-134.525,-491.122,-141.841,-74.0344,-300.645,-2144.51,-1114.66,-4541.43
-0.416457,-0.217435,-0.882772,-230.774,-139.189,-506.576,-275.726,-171.076,-610.061,-141.841,-74.0344,-300.645,-2144.51,-1114.66,-4541.43
-0.416457,-0.217435,-0.882772,-279.139,-173.566,-617.995,-364.77,-239.494,-820.955,-141.841,-74.0344,-300.645,-2144.51,-1114.66,-4541.43
-0.416457,-0.217435,-0.882772,-365.253,-239.885,-822.121,-432.776,-296.902,-988.073,-141.841,-74.0344,-300.645,-2144.51,-1114.66,-4541.43
-0.0497066,-0.952651,0.299975,-5.47011,-159.906,50.3133,-6.02492,-237.903,74.7804,-8.34655,-159.782,50.3131,-128.116,-2413.5,760.011
-0.0497066,-0.952651,0.299975,-6.01662,-241.925,76.0421,-5.04943,-324.442,101.927,-8.34655,-159.782,50.3131,-128.116,-2413.5,760.011
-0.0497066,-0.952651,0.299975,-4.95911,-328.663,103.251,-1.30769,-436.366,137.055,-8.34655,-159.782,50.3131,-128.116,-2413.5,760.011
-0.0497066,-0.952651,0.299975,-1.27933,-436.981,137.249,14.0727,-654.495,205.653,-8.34655,-159.782,50.3131,-128.116,-2413.5,760.011
-0.0497066,-0.952651,0.299975,14.1428,-655.231,205.885,40.2097,-872.177,274.431,-8.34655,-159.782,50.3131,-128.116,-2413.5,760.011
-0.0497066,-0.952651,0.299975,40.3078,-872.853,274.645,73.7791,-1071.57,337.86,-8.34655,-159.782,50.3131,-128.116,-2413.5,760.011
0.713182,0.156138,0.683368,155.459,37.85,149.763,230.55,58.8981,222.755,156.301,34.2062,149.764,2361.59,514.103,2262.28
0.713182,0.156138,0.683368,234.434,60.0372,226.543,313.329,84.2588,303.799,156.301,34.2062,149.764,2361.59,514.103,2262.28
0.713182,0.156138,0.683368,317.37,85.5558,307.772,419.495,120.188,408.723,156.301,34.2062,149.764,2361.59,514.103,2262.28
0.713182,0.156138,0.683368,420.071,120.394,409.295,623.242,200.36,613.745,156.301,34.2062,149.764,2361.59,514.103,2262.28
0.713182,0.156138,0.683368,623.913,200.65,614.429,822.144,293.796,819.562,156.301,34.2062,149.764,2361.59,514.103,2262.28
0.713182,0.156138,0.683368,822.792,294.127,820.243,1000.26,391.325,1009.75,156.301,34.2062,149.764,2361.59,514.103,2262.28
-0.604523,-0.532718,0.592253,-117.77,-108.306,117.613,-173.475,-162.932,175,-120.049,-105.775,117.605,-1815.01,-1595.98,1776.5
-0.604523,-0.532718,0.592253,-176.307,-165.77,177.949,-233.898,-224.829,238.626,-120.049,-105.775,117.605,-1815.01,-1595.98,1776.5
-0.604523,-0.532718,0.592253,-236.845,-227.921,241.768,-310.056,-307.077,321.089,-120.049,-105.775,117.605,-1815.01,-1595.98,1776.5
-0.604523,-0.532718,0.592253,-310.457,-307.523,321.53,-451.547,-474.019,482.091,-120.049,-105.775,117.605,-1815.01,-1595.98,1776.5
-0.604523,-0.532718,0.592253,-451.995,-474.582,482.62,-583.492,-649.429,643.594,-120.049,-105.775,117.605,-1815.01,-1595.98,1776.5
-0.604523,-0.532718,0.592253,-583.917,-650.03,644.135,-696.142,-818.025,792.823,-120.049,-105.775,117.605,-1815.01,-1595.98,1776.5
0.991853,0.112623,0.0595241,158.646,20.7689,9.54454,235.644,32.8929,14.2763,158.979,18.0426,9.54077,2401.7,270.608,144.119
0.991853,0.112623,0.0595241,239.661,33.5616,14.5235,320.868,47.8541,19.5305,158.979,18.0426,9.54077,2401.7,270.608,144.119
0.991853,0.112623,0.0595241,325.082,48.6363,19.7908,430.815,69.5829,26.3374,158.979,18.0426,9.54077,2401.7,270.608,144.119
0.991853,0.112623,0.0595241,431.388,69.7035,26.373,643.669,119.536,39.6227,158.979,18.0426,9.54077,2401.7,270.608,144.119
0.991853,0.112623,0.0595241,644.357,119.714,39.666,854.38,179.539,52.9593,158.979,18.0426,9.54077,2401.7,270.608,144.119
0.991853,0.112623,0.0595241,855.093,179.761,53.0048,1046.15,243.637,65.2761,158.979,18.0426,9.54077,2401.7,270.608,144.119
0.648678,-0.219245,-0.728799,152.802,-47.4494,-170.311,159.722,-49.4033,-177.963,151.572,-51.2436,-170.298,2288.68,-776.758,-2572.46
0.648678,-0.219245,-0.728799,162.19,-50.096,-180.69,228.099,-67.8169,-253.328,151.572,-51.2436,-170.298,2288.68,-776.758,-2572.46
0.648678,-0.219245,-0.728799,232.008,-68.8207,-257.624,312.257,-88.2795,-345.518,151.572,-51.2436,-170.298,2288.68,-776.758,-2572.46
0.648678,-0.219245,-0.728799,316.361,-89.2159,-349.998,421.9,-111.364,-464.784,151.572,-51.2436,-170.298,2288.68,-776.758,-2572.46
0.648678,-0.219245,-0.728799,422.523,-111.484,-465.46,638.359,-145.349,-698.066,151.572,-51.2436,-170.298,2288.68,-776.758,-2572.46
0.648678,-0.219245,-0.728799,639.044,-145.432,-698.8,857.459,-164.488,-932.217,151.572,-51.2436,-170.298,2288.68,-776.758,-2572.46
0.648678,-0.219245,-0.728799,858.154,-164.524,-932.958,1011.56,-168.924,-1096.33,151.572,-51.2436,-170.298,2288.68,-776.758,-2572.46
0.0764954,0.995757,0.0511597,9.5215,159.716,8.19644,12.2168,237.621,12.1713,12.2644,159.529,8.19629,187.204,2409.64,123.81
0.0764954,0.995757,0.0511597,12.3217,241.686,12.3787,13.6872,324.136,16.5829,12.2644,159.529,8.19629,187.204,2409.64,123.81
0.0764954,0.995757,0.0511597,13.7184,328.414,16.801,13.2119,436.147,22.2928,12.2644,159.529,8.19629,187.204,2409.64,123.81
0.0764954,0.995757,0.0511597,13.2015,436.784,22.3253,4.5287,654.668,33.4533,12.2644,159.529,8.19629,187.204,2409.64,123.81
0.0764954,0.995757,0.0511597,4.48356,655.368,33.4891,-14.44,872.931,44.6275,12.2644,159.529,8.19629,187.204,2409.64,123.81
0.0764954,0.995757,0.0511597,-14.521,873.663,44.6651,-40.9848,1073.28,54.9284,12.2644,159.529,8.19629,187.204,2409.64,123.81
-0.935264,-0.347949,0.0649069,-148.98,-58.3522,10.4076,-220.797,-88.6443,15.468,-149.962,-55.781,10.4071,-2265.94,-840.779,157.205
-0.935264,-0.347949,0.0649069,-224.537,-90.261,15.7325,-299.914,-123.674,21.0919,-149.962,-55.781,10.4071,-2265.94,-840.779,157.205
-0.935264,-0.347949,0.0649069,-303.82,-125.448,21.3708,-401.402,-171.217,28.3795,-149.962,-55.781,10.4071,-2265.94,-840.779,157.205
-0.935264,-0.347949,0.0649069,-401.934,-171.474,28.4179,-595.985,-270.913,42.5807,-149.962,-55.781,10.4071,-2265.94,-840.779,157.205
-0.935264,-0.347949,0.0649069,-596.614,-271.254,42.6271,-786.072,-379.844,56.7972,-149.962,-55.781,10.4071,-2265.94,-840.779,157.205
-0.935264,-0.347949,0.0649069,-786.715,-380.233,56.8459,-956.791,-488.198,69.9111,-149.962,-55.781,10.4071,-2265.94,-840.779,157.205
0.452688,-0.866985,-0.208351,76.5241,-140.514,-34.0826,115.567,-207.979,-50.6353,74.047,-141.835,-34.0841,1116.76,-2143.42,-514.862
0.452688,-0.866985,-0.208351,117.638,-211.484,-51.4997,160.259,-282.092,-69.0143,74.047,-141.835,-34.0841,1116.76,-2143.42,-514.862
0.452688,-0.866985,-0.208351,162.498,-285.724,-69.9203,220.158,-376.717,-92.7932,74.047,-141.835,-34.0841,1116.76,-2143.42,-514.862
0.452688,-0.866985,-0.208351,220.514,-377.264,-92.9318,343.771,-557.191,-139.26,74.047,-141.835,-34.0841,1116.76,-2143.42,-514.862
0.452688,-0.866985,-0.208351,344.168,-557.742,-139.404,476.09,-731.841,-185.804,74.047,-141.835,-34.0841,1116.76,-2143.42,-514.862
0.452688,-0.866985,-0.208351,476.536,-732.401,-185.956,605.446,-887.172,-228.736,74.047,-141.835,-34.0841,1116.76,-2143.42,-514.862
-0.935592,0.063478,-0.34733,-159.804,7.90919,-59.2556,-237.805,9.59854,-88.1675,-159.632,10.8405,-59.2623,-2411.2,165.822,-895.195
-0.935592,0.063478,-0.34733,-241.808,9.64763,-89.6512,-324.281,9.84947,-120.218,-159.632,10.8405,-59.2623,-2411.2,165.822,-895.195
-0.935592,0.063478,-0.34733,-328.553,9.81781,-121.801,-436.271,7.63601,-161.734,-159.632,10.8405,-59.2623,-2411.2,165.822,-895.195
-0.935592,0.063478,-0.34733,-436.917,7.61492,-161.974,-654.692,-4.93173,-242.818,-159.632,10.8405,-59.2623,-2411.2,165.822,-895.195
-0.935592,0.063478,-0.34733,-655.364,-4.98728,-243.068,-872.609,-28.4254,-324.058,-159.632,10.8405,-59.2623,-2411.2,165.822,-895.195
-0.935592,0.063478,-0.34733,-873.318,-28.5198,-324.323,-1072.41,-59.7437,-399.025,-159.632,10.8405,-59.2623,-2411.2,165.822,-895.195
0.915526,0.398247,-0.0566762,145.605,66.3274,-9.08438,215.69,100.445,-13.541,146.724,63.8137,-9.08279,2217.13,962.159,-137.201
0.915526,0.398247,-0.0566762,219.333,102.259,-13.7736,292.836,139.703,-18.4893,146.724,63.8137,-9.08279,2217.13,962.159,-137.201
0.915526,0.398247,-0.0566762,296.604,141.667,-18.7324,391.544,192.592,-24.8867,146.724,63.8137,-9.08279,2217.13,962.159,-137.201
0.915526,0.398247,-0.0566762,392.102,192.9,-24.9231,580.533,302.629,-37.3688,146.724,63.8137,-9.08279,2217.13,962.159,-137.201
0.915526,0.398247,-0.0566762,581.136,302.999,-37.4091,764.492,421.614,-49.8871,146.724,63.8137,-9.08279,2217.13,962.159,-137.201
0.915526,0.398247,-0.0566762,765.105,422.032,-49.9296,929.061,538.921,-61.4428,146.724,63.8137,-9.08279,2217.13,962.159,-137.201
0.501091,0.856909,0.120892,78.3699,139.492,19.4802,114.811,208.449,28.8927,80.7749,138.114,19.4856,1221.85,2085.3,294.342
0.501091,0.856909,0.120892,116.661,212.024,29.3785,153.872,285.634,39.332,80.7749,138.114,19.4856,1221.85,2085.3,294.342
0.501091,0.856909,0.120892,155.758,289.453,39.8462,202.28,386.577,52.8454,80.7749,138.114,19.4856,1221.85,2085.3,294.342
0.501091,0.856909,0.120892,202.568,387.196,52.9278,289.797,587.043,79.2527,80.7749,138.114,19.4856,1221.85,2085.3,294.342
0.501091,0.856909,0.120892,290.065,587.699,79.3381,367.9,791.741,105.696,80.7749,138.114,19.4856,1221.85,2085.3,294.342
0.501091,0.856909,0.120892,368.148,792.442,105.786,431.345,983.737,130.096,80.7749,138.114,19.4856,1221.85,2085.3,294.342
-0.264986,-0.628832,-0.730994,-58.4064,-148.959,-171.497,-60.4525,-154.603,-177.93,-62.1441,-147.438,-171.398,-941.352,-2226.04,-2589.07
-0.264986,-0.628832,-0.730994,-61.7246,-158.13,-181.947,-84.1471,-222.555,-255.045,-62.1441,-147.438,-171.398,-941.352,-2226.04,-2589.07
-0.264986,-0.628832,-0.730994,-85.4416,-226.415,-259.407,-110.626,-305.025,-347.86,-62.1441,-147.438,-171.398,-941.352,-2226.04,-2589.07
-0.264986,-0.628832,-0.730994,-111.864,-309.079,-352.403,-141.555,-412.754,-467.972,-62.1441,-147.438,-171.398,-941.352,-2226.04,-2589.07
-0.264986,-0.628832,-0.730994,-141.718,-413.365,-468.649,-191.023,-626.214,-702.847,-62.1441,-147.438,-171.398,-941.352,-2226.04,-2589.07
-0.264986,-0.628832,-0.730994,-191.155,-626.887,-703.581,-225.822,-843.386,-938.582,-62.1441,-147.438,-171.398,-941.352,-2226.04,-2589.07
-0.264986,-0.628832,-0.730994,-225.908,-844.075,-939.326,-240.444,-986.265,-1092.49,-62.1441,-147.438,-171.398,-941.352,-2226.04,-2589.07
0.750504,0.659566,-0.0414363,118.357,107.665,-6.64125,174.638,161.606,-9.81695,120.19,105.614,-6.63551,1816.83,1593.91,-100.233
0.750504,0.659566,-0.0414363,177.546,164.442,-9.98253,236.049,222.567,-13.3444,120.19,105.614,-6.63551,1816.83,1593.91,-100.233
0.750504,0.659566,-0.0414363,239.051,225.606,-13.5186,313.824,303.128,-17.9074,120.19,105.614,-6.63551,1816.83,1593.91,-100.233
0.750504,0.659566,-0.0414363,314.282,303.614,-17.9346,460.09,465.767,-26.8097,120.19,105.614,-6.63551,1816.83,1593.91,-100.233
0.750504,0.659566,-0.0414363,460.541,466.293,-26.8379,598.806,635.345,-35.7209,120.19,105.614,-6.63551,1816.83,1593.91,-100.233
0.750504,0.659566,-0.0414363,599.253,635.919,-35.7505,719.588,797.38,-43.9329,120.19,105.614,-6.63551,1816.83,1593.91,-100.233
0.365503,-0.455246,0.811886,123.528,-143.375,263.241,128.605,-148.858,273.633,100.157,-124.774,222.504,1510.34,-1886.87,3361.07
0.365503,-0.455246,0.811886,130.16,-150.53,276.809,156.943,-178.909,331.078,100.157,-124.774,222.504,1510.34,-1886.87,3361.07
0.365503,-0.455246,0.811886,159.721,-181.806,336.66,217.79,-240.485,451.47,100.157,-124.774,222.504,1510.34,-1886.87,3361.07
0.365503,-0.455246,0.811886,220.835,-243.466,457.397,299.498,-317.372,607.511,100.157,-124.774,222.504,1510.34,-1886.87,3361.07
0.365503,-0.455246,0.811886,299.95,-317.78,608.358,468.109,-457.726,912.665,100.157,-124.774,222.504,1510.34,-1886.87,3361.07
0.365503,-0.455246,0.811886,468.651,-458.142,913.614,538.504,-509.896,1034.52,100.157,-124.774,222.504,1510.34,-1886.87,3361.07
-0.367885,-0.809361,0.457816,-63.383,-146.91,82.3983,-92.2703,-219.32,122.504,-66.2169,-145.655,82.3922,-1002.24,-2199.3,1244.59
-0.367885,-0.809361,0.457816,-93.7382,-223.108,124.594,-122.741,-300.32,167.027,-66.2169,-145.655,82.3922,-1002.24,-2199.3,1244.59
-0.367885,-0.809361,0.457816,-124.2,-304.332,169.223,-159.682,-406.124,224.683,-66.2169,-145.655,82.3922,-1002.24,-2199.3,1244.59
-0.367885,-0.809361,0.457816,-159.871,-406.689,224.989,-223.497,-615.339,337.212,-66.2169,-145.655,82.3922,-1002.24,-2199.3,1244.59
-0.367885,-0.809361,0.457816,-223.688,-616.028,337.58,-276.337,-828.233,450.045,-66.2169,-145.655,82.3922,-1002.24,-2199.3,1244.59
-0.367885,-0.809361,0.457816,-276.482,-828.888,450.39,-315.045,-1026.86,554.132,-66.2169,-145.655,82.3922,-1002.24,-2199.3,1244.59
-0.52798,-0.336625,0.779693,-148.321,-101.1,223.538,-195.268,-135.978,296.363,-134.92,-86.0038,199.231,-2039.72,-1296.52,3009.51
-0.52798,-0.336625,0.779693,-198.497,-138.431,301.411,-263.47,-189.333,404.186,-134.92,-86.0038,199.231,-2039.72,-1296.52,3009.51
-0.52798,-0.336625,0.779693,-266.787,-192.012,409.495,-349.415,-261.402,543.853,-134.92,-86.0038,199.231,-2039.72,-1296.52,3009.51
-0.52798,-0.336625,0.779693,-349.876,-261.804,544.614,-509.218,-411.519,816.887,-134.92,-86.0038,199.231,-2039.72,-1296.52,3009.51
-0.52798,-0.336625,0.779693,-509.691,-411.998,817.725,-640.413,-553.366,1057.46,-134.92,-86.0038,199.231,-2039.72,-1296.52,3009.51
-0.677218,0.323777,-0.660715,-145.886,65.7053,-140.845,-217.988,95.3544,-209.421,-144.345,69.0247,-140.833,-2179.31,1045,-2127.37
-0.677218,0.323777,-0.660715,-221.771,96.858,-213.002,-298.847,126.399,-285.591,-144.345,69.0247,-140.833,-2179.31,1045,-2127.37
-0.677218,0.323777,-0.660715,-302.812,127.862,-289.308,-404.533,163.586,-384.119,-144.345,69.0247,-140.833,-2179.31,1045,-2127.37
-0.677218,0.323777,-0.660715,-405.128,163.785,-384.671,-614.233,226.455,-576.643,-144.345,69.0247,-140.833,-2179.31,1045,-2127.37
-0.677218,0.323777,-0.660715,-614.947,226.645,-577.292,-828.196,276.276,-769.842,-144.345,69.0247,-140.833,-2179.31,1045,-2127.37
-0.677218,0.323777,-0.660715,-828.909,276.419,-770.481,-1028.28,310.334,-948.335,-144.345,69.0247,-140.833,-2179.31,1045,-2127.37
0.236936,-0.87331,-0.425666,44.8073,-153.598,-75.2704,68.7224,-227.786,-111.976,41.8851,-154.42,-75.2658,630.626,-2333.18,-1136.94
0.236936,-0.87331,-0.425666,70.01,-231.652,-113.895,96.8924,-309.689,-152.759,41.8851,-154.42,-75.2658,630.626,-2333.18,-1136.94
0.236936,-0.87331,-0.425666,98.3048,-313.656,-154.742,135.787,-414.675,-205.477,41.8851,-154.42,-75.2658,630.626,-2333.18,-1136.94
0.236936,-0.87331,-0.425666,136.018,-415.275,-205.78,219.767,-616.724,-308.516,41.8851,-154.42,-75.2658,630.626,-2333.18,-1136.94
0.236936,-0.87331,-0.425666,220.042,-617.34,-308.833,314.24,-814.557,-411.765,41.8851,-154.42,-75.2658,630.626,-2333.18,-1136.94
0.236936,-0.87331,-0.425666,314.566,-815.197,-412.103,410.41,-992.557,-507.045,41.8851,-154.42,-75.2658,630.626,-2333.18,-1136.94
0.918974,-0.228645,-0.32126,155.941,-35.8094,-54.2769,232.321,-51.2472,-80.7001,155.264,-38.6403,-54.2788,2344.86,-585.679,-819.915
0.918974,-0.228645,-0.32126,236.342,-52.0215,-82.0888,317.517,-66.8329,-110.062,155.264,-38.6403,-54.2788,2344.86,-585.679,-819.915
0.918974,-0.228645,-0.32126,321.684,-67.5514,-111.495,428.066,-84.5144,-148.001,155.264,-38.6403,-54.2788,2344.86,-585.679,-819.915
0.918974,-0.228645,-0.32126,428.714,-84.6095,-148.222,645.228,-110.979,-222.128,155.264,-38.6403,-54.2788,2344.86,-585.679,-819.915
0.918974,-0.228645,-0.32126,645.907,-111.045,-222.359,863.878,-126.659,-296.402,155.264,-38.6403,-54.2788,2344.86,-585.679,-819.915
0.918974,-0.228645,-0.32126,864.55,-126.69,-296.63,1065.99,-131.492,-364.884,155.264,-38.6403,-54.2788,2344.86,-585.679,-819.915
0.514119,-0.836857,-0.188021,86.1197,-134.846,-30.6319,129.846,-199.421,-45.6499,83.7448,-136.333,-30.6297,1263.33,-2060.44,-462.68
0.514119,-0.836857,-0.188021,132.137,-202.741,-46.4267,179.663,-270.212,-62.3203,83.7448,-136.333,-30.6297,1263.33,-2060.44,-462.68
0.514119,-0.836857,-0.188021,182.122,-273.633,-63.1316,246.036,-360.313,-83.8663,83.7448,-136.333,-30.6297,1263.33,-2060.44,-462.68
0.514119,-0.836857,-0.188021,246.448,-360.857,-83.9976,382.08,-531.616,-125.983,83.7448,-136.333,-30.6297,1263.33,-2060.44,-462.68
0.514119,-0.836857,-0.188021,382.534,-532.161,-126.119,526.431,-696.472,-168.139,83.7448,-136.333,-30.6297,1263.33,-2060.44,-462.68
0.514119,-0.836857,-0.188021,526.935,-697.02,-168.282,666.548,-842.319,-207.047,83.7448,-136.333,-30.6297,1263.33,-2060.44,-462.68
0.514119,-0.836857,-0.188021,95.8554,-128.108,102.908,113.357,-198.112,140.904,83.7448,-136.333,-30.6297,1263.33,-2060.44,-462.68
0.514119,-0.836857,-0.188021,116.815,-211.94,148.409,136.351,-290.083,190.823,83.7448,-136.333,-30.6297,1263.33,-2060.44,-462.68
0.514119,-0.836857,-0.188021,146.11,-294.441,189.747,245.528,-338.846,178.788,83.7448,-136.333,-30.6297,1263.33,-2060.44,-462.68
0.514119,-0.836857,-0.188021,264.933,-347.513,176.649,463.86,-436.362,154.721,83.7448,-136.333,-30.6297,1263.33,-2060.44,-462.68
0.514119,-0.836857,-0.188021,481.746,-444.351,152.75,671.825,-529.249,131.797,83.7448,-136.333,-30.6297,1263.33,-2060.44,-462.68
0.514119,-0.836857,-0.188021,689.265,-537.039,129.874,859.923,-613.262,111.062,83.7448,-136.333,-30.6297,1263.33,-2060.44,-462.68
0.844172,-0.434504,0.313974,143.561,-70.6415,52.9218,214.399,-103.172,78.6953,142.257,-73.232,52.9115,2147.94,-1108.04,799.262
0.844172,-0.434504,0.313974,218.113,-104.836,80.0412,293.684,-137.817,107.304,142.257,-73.232,52.9115,2147.94,-1108.04,799.262
0.844172,-0.434504,0.313974,297.632,-139.495,108.722,397.345,-180.386,144.363,142.257,-73.232,52.9115,2147.94,-1108.04,799.262
0.844172,-0.434504,0.313974,397.912,-180.61,144.565,602.578,-255.869,216.689,142.257,-73.232,52.9115,2147.94,-1108.04,799.262
0.844172,-0.434504,0.313974,603.272,-256.105,216.931,811.842,-321.296,289.2,142.257,-73.232,52.9115,2147.94,-1108.04,799.262
0.844172,-0.434504,0.313974,812.494,-321.483,289.424,1007.43,-372.393,356.049,142.257,-73.232,52.9115,2147.94,-1108.04,799.262
0.957318,-0.184291,0.222664,157.622,-27.4821,36.55,234.797,-38.8998,54.3002,157.113,-30.255,36.5436,2372.92,-458.98,552.015
0.957318,-0.184291,0.222664,238.763,-39.4501,55.2112,320.612,-50.0179,73.9876,157.113,-30.255,36.5436,2372.92,-458.98,552.015
0.957318,-0.184291,0.222664,324.795,-50.5175,74.9458,431.949,-61.9724,99.4691,157.113,-30.255,36.5436,2372.92,-458.98,552.015
0.957318,-0.184291,0.222664,432.558,-62.0302,99.6085,650.057,-77.4059,149.235,157.113,-30.255,36.5436,2372.92,-458.98,552.015
0.957318,-0.184291,0.222664,650.792,-77.4402,149.403,869.218,-82.3605,199.114,157.113,-30.255,36.5436,2372.92,-458.98,552.015
0.957318,-0.184291,0.222664,869.893,-82.3595,199.267,1071.31,-77.5941,245.1,157.113,-30.255,36.5436,2372.92,-458.98,552.015
0.957318,-0.184291,0.222664,1072.18,-65.0857,214.466,890.84,51.3217,362.473,157.113,-30.255,36.5436,2372.92,-458.98,552.015
0.957318,-0.184291,0.222664,870.752,64.2167,378.869,639.476,212.682,567.636,157.113,-30.255,36.5436,2372.92,-458.98,552.015
0.957318,-0.184291,0.222664,613.143,229.586,589.129,148.981,527.551,967.978,157.113,-30.255,36.5436,2372.92,-458.98,552.015
-0.301653,-0.745031,-0.594924,-56.8801,-149.548,-118.427,-82.2873,-223.286,-176.238,-60.0572,-148.301,-118.425,-909.444,-2239.27,-1788.88
-0.301653,-0.745031,-0.594924,-83.5605,-227.116,-179.23,-108.689,-305.73,-240.412,-60.0572,-148.301,-118.425,-909.444,-2239.27,-1788.88
-0.301653,-0.745031,-0.594924,-109.93,-309.773,-243.547,-140.016,-413.261,-323.439,-60.0572,-148.301,-118.425,-909.444,-2239.27,-1788.88
-0.301653,-0.745031,-0.594924,-140.188,-413.886,-323.92,-191.942,-625.929,-485.753,-60.0572,-148.301,-118.425,-909.444,-2239.27,-1788.88
-0.301653,-0.745031,-0.594924,-192.085,-626.602,-486.264,-231.4,-841.816,-648.566,-60.0572,-148.301,-118.425,-909.444,-2239.27,-1788.88
-0.301653,-0.745031,-0.594924,-231.513,-842.555,-649.12,-256.597,-1042.99,-798.982,-60.0572,-148.301,-118.425,-909.444,-2239.27,-1788.88
-0.244054,-0.814819,-0.52584,-42.8135,-154.166,-98.9191,-61.4693,-229.86,-147.211,-45.9183,-153.269,-98.9136,-695.816,-2314.57,-1494.15
-0.244054,-0.814819,-0.52584,-62.4011,-233.816,-149.729,-80.4359,-314.296,-200.825,-45.9183,-153.269,-98.9136,-695.816,-2314.57,-1494.15
-0.244054,-0.814819,-0.52584,-81.3258,-318.48,-203.475,-102.261,-424.209,-270.26,-45.9183,-153.269,-98.9136,-695.816,-2314.57,-1494.15
-0.244054,-0.814819,-0.52584,-102.374,-424.822,-270.647,-135.932,-640.374,-405.832,-45.9183,-153.269,-98.9136,-695.816,-2314.57,-1494.15
-0.244054,-0.814819,-0.52584,-136.026,-641.112,-406.293,-157.698,-858.721,-541.804,-45.9183,-153.269,-98.9136,-695.816,-2314.57,-1494.15
-0.244054,-0.814819,-0.52584,-157.749,-859.426,-542.242,-167.045,-1061.07,-667.314,-45.9183,-153.269,-98.9136,-695.816,-2314.57,-1494.15
0.993677,-0.0102892,0.111805,159.996,1.09361,18.0039,237.956,3.7378,26.7663,159.991,-1.66585,18.0016,2416.75,-27.1212,271.926
0.993677,-0.0102892,0.111805,241.968,3.90939,27.2177,324.352,8.19631,36.4905,159.991,-1.66585,18.0016,2416.75,-27.1212,271.926
0.993677,-0.0102892,0.111805,328.591,8.45658,36.968,436.022,16.3545,49.0765,159.991,-1.66585,18.0016,2416.75,-27.1212,271.926
0.993677,-0.0102892,0.111805,436.675,16.4101,49.1502,653.468,40.0414,73.6557,159.991,-1.66585,18.0016,2416.75,-27.1212,271.926
0.993677,-0.0102892,0.111805,654.153,40.1325,73.7334,869.917,74.0048,98.2683,159.991,-1.66585,18.0016,2416.75,-27.1212,271.926
0.993677,-0.0102892,0.111805,870.633,74.1344,98.3499,1067.96,114.35,120.982,159.991,-1.66585,18.0016,2416.75,-27.1212,271.926
-0.608864,0.357947,0.707925,-139.856,77.7186,160.382,-209.382,113.133,238.584,-137.924,81.0993,160.371,-2082.02,1227.43,2422.51
-0.608864,0.357947,0.707925,-212.979,114.909,242.604,-287.429,150.478,325.303,-137.924,81.0993,160.371,-2082.02,1227.43,2422.51
-0.608864,0.357947,0.707925,-291.304,152.268,329.582,-389.948,195.817,437.659,-137.924,81.0993,160.371,-2082.02,1227.43,2422.51
-0.608864,0.357947,0.707925,-390.53,196.063,438.293,-594.48,274.278,657.266,-137.924,81.0993,160.371,-2082.02,1227.43,2422.51
-0.608864,0.357947,0.707925,-595.127,274.502,657.952,-804.528,339.186,877.658,-137.924,81.0993,160.371,-2082.02,1227.43,2422.51
-0.608864,0.357947,0.707925,-805.189,339.365,878.344,-1002.12,386.622,1081.39,-137.924,81.0993,160.371,-2082.02,1227.43,2422.51
-0.614788,0.447258,-0.649612,-131.47,91.19,-136.742,-196.997,133.515,-203.348,-129.377,94.1363,-136.713,-1952.81,1424.06,-2065.13
-0.614788,0.447258,-0.649612,-200.401,135.659,-206.783,-270.729,178.766,-277.221,-129.377,94.1363,-136.713,-1952.81,1424.06,-2065.13
-0.614788,0.447258,-0.649612,-274.405,180.958,-280.877,-367.862,234.714,-372.956,-129.377,94.1363,-136.713,-1952.81,1424.06,-2065.13
-0.614788,0.447258,-0.649612,-368.405,235.015,-373.486,-562.45,335.025,-559.97,-129.377,94.1363,-136.713,-1952.81,1424.06,-2065.13
-0.614788,0.447258,-0.649612,-563.097,335.334,-560.583,-763.545,423.463,-747.634,-129.377,94.1363,-136.713,-1952.81,1424.06,-2065.13
-0.614788,0.447258,-0.649612,-764.174,423.716,-748.213,-953.775,493.954,-920.924,-129.377,94.1363,-136.713,-1952.81,1424.06,-2065.13
-0.680731,-0.244265,0.690608,-149.275,-57.5922,152.8,-220.98,-88.2085,227.256,-150.602,-54.0269,152.783,-2275.85,-813.577,2307.89
-0.680731,-0.244265,0.690608,-224.702,-89.8509,231.141,-299.787,-124.146,309.975,-150.602,-54.0269,152.783,-2275.85,-813.577,2307.89
-0.680731,-0.244265,0.690608,-303.611,-125.953,314.014,-400.328,-173.605,416.983,-150.602,-54.0269,152.783,-2275.85,-813.577,2307.89
-0.680731,-0.244265,0.690608,-400.893,-173.895,417.589,-591.907,-279.792,626.193,-150.602,-54.0269,152.783,-2275.85,-813.577,2307.89
-0.680731,-0.244265,0.690608,-592.493,-280.142,626.845,-776.828,-398.572,836.086,-150.602,-54.0269,152.783,-2275.85,-813.577,2307.89
-0.680731,-0.244265,0.690608,-777.387,-398.957,836.734,-940.54,-518.782,1030.06,-150.602,-54.0269,152.783,-2275.85,-813.577,2307.89
0.656267,-0.510753,-0.555378,128.261,-95.6516,-106.869,192.106,-140.472,-158.789,126.259,-98.2779,-106.855,1905.79,-1486.39,-1614.11
0.656267,-0.510753,-0.555378,195.417,-142.745,-161.462,263.971,-188.688,-216.393,126.259,-98.2779,-106.855,1905.79,-1486.39,-1614.11
0.656267,-0.510753,-0.555378,267.51,-191.003,-219.208,358.522,-248.674,-290.925,126.259,-98.2779,-106.855,1905.79,-1486.39,-1614.11
0.656267,-0.510753,-0.555378,359.087,-249.021,-291.366,548.158,-357.963,-436.623,126.259,-98.2779,-106.855,1905.79,-1486.39,-1614.11
0.656267,-0.510753,-0.555378,548.773,-358.295,-437.088,744.098,-456.637,-582.635,126.259,-98.2779,-106.855,1905.79,-1486.39,-1614.11
0.656267,-0.510753,-0.555378,744.775,-456.954,-583.133,929.743,-537.831,-717.468,126.259,-98.2779,-106.855,1905.79,-1486.39,-1614.11
0.856961,-0.0284248,0.514596,159.986,-2.10726,96.0304,237.963,-0.7105,142.308,159.912,-5.3148,96.0255,2415.49,-82.5509,1450.53
0.856961,-0.0284248,0.514596,241.999,-0.596922,144.704,324.487,2.61676,193.694,159.912,-5.3148,96.0255,2415.49,-82.5509,1450.53
0.856961,-0.0284248,0.514596,328.688,2.82582,196.19,436.289,9.6835,260.185,159.912,-5.3148,96.0255,2415.49,-82.5509,1450.53
0.856961,-0.0284248,0.514596,436.875,9.72877,260.534,653.874,32.4454,390.032,159.912,-5.3148,96.0255,2415.49,-82.5509,1450.53
0.856961,-0.0284248,0.514596,654.575,32.5381,390.452,870.45,67.1172,520.212,159.912,-5.3148,96.0255,2415.49,-82.5509,1450.53
0.856961,-0.0284248,0.514596,871.191,67.2568,520.659,1068.5,109.578,640.415,159.912,-5.3148,96.0255,2415.49,-82.5509,1450.53
-0.841719,0.537949,0.0460426,-136.273,83.843,7.37544,-203.676,123.021,10.8457,-134.813,86.171,7.37464,-2035.39,1303.31,111.399
-0.841719,0.537949,0.0460426,-207.2,125.028,11.0262,-279.233,165.176,14.6953,-134.813,86.171,7.37464,-2035.39,1303.31,111.399
-0.841719,0.537949,0.0460426,-282.985,167.222,14.8854,-378.155,217.643,19.6791,-134.813,86.171,7.37464,-2035.39,1303.31,111.399
-0.841719,0.537949,0.0460426,-378.751,217.949,19.709,-574.866,313.219,29.4374,-134.813,86.171,7.37464,-2035.39,1303.31,111.399
-0.841719,0.537949,0.0460426,-575.527,313.521,29.4698,-776.216,399.644,39.2198,-134.813,86.171,7.37464,-2035.39,1303.31,111.399
-0.841719,0.537949,0.0460426,-776.894,399.916,39.2524,-965.333,470.901,48.2357,-134.813,86.171,7.37464,-2035.39,1303.31,111.399
0.0187647,0.643928,-0.764856,0.162532,169.75,-201.56,-0.0350241,176.704,-209.821,4.67474,159.932,-189.967,73.6333,2415.78,-2869.57
0.0187647,0.643928,-0.764856,-0.119017,179.5,-213.142,-2.47226,237.957,-282.608,4.67474,159.932,-189.967,73.6333,2415.78,-2869.57
0.0187647,0.643928,-0.764856,-2.6762,241.985,-287.397,-8.0443,324.351,-385.413,4.67474,159.932,-189.967,73.6333,2415.78,-2869.57
0.0187647,0.643928,-0.764856,-8.38274,328.593,-390.467,-18.9678,435.963,-518.599,4.67474,159.932,-189.967,73.6333,2415.78,-2869.57
0.0187647,0.643928,-0.764856,-19.0385,436.568,-519.323,-52.2892,652.562,-778.877,4.67474,159.932,-189.967,73.6333,2415.78,-2869.57
0.0187647,0.643928,-0.764856,-52.4272,653.283,-779.748,-101.526,867.177,-1040.39,4.67474,159.932,-189.967,73.6333,2415.78,-2869.57
0.0187647,0.643928,-0.764856,-101.705,867.844,-1041.21,-107.886,890.519,-1069.12,4.67474,159.932,-189.967,73.6333,2415.78,-2869.57
-0.193814,0.875689,0.442271,-37.5569,155.53,78.8714,-57.996,230.754,117.347,-34.5658,156.222,78.8994,-520.02,2360.29,1191.83
-0.193814,0.875689,0.442271,-59.1017,234.672,119.356,-82.3328,313.84,160.077,-34.5658,156.222,78.8994,-520.02,2360.29,1191.83
-0.193814,0.875689,0.442271,-83.5696,317.899,162.171,-116.369,420.578,215.377,-34.5658,156.222,78.8994,-520.02,2360.29,1191.83
-0.193814,0.875689,0.442271,-116.56,421.151,215.675,-190.99,626.162,323.333,-34.5658,156.222,78.8994,-520.02,2360.29,1191.83
-0.193814,0.875689,0.442271,-191.262,626.854,323.7,-276.474,828.125,431.581,-34.5658,156.222,78.8994,-520.02,2360.29,1191.83
-0.193814,0.875689,0.442271,-276.777,828.789,431.941,-364.619,1010.3,531.464,-34.5658,156.222,78.8994,-520.02,2360.29,1191.83
0.608348,-0.0857186,0.789028,178.44,-19.4817,230.596,187.074,-20.1407,241.723,158.433,-22.3388,205.49,2392.78,-340.577,3104.06
0.608348,-0.0857186,0.789028,188.166,-20.2222,243.131,236.818,-23.4306,305.785,158.433,-22.3388,205.49,2392.78,-340.577,3104.06
0.608348,-0.0857186,0.789028,240.841,-23.6589,310.963,323.322,-27.0938,417.047,158.433,-22.3388,205.49,2392.78,-340.577,3104.06
0.608348,-0.0857186,0.789028,327.572,-27.2064,422.511,435.5,-27.9623,561.192,158.433,-22.3388,205.49,2392.78,-340.577,3104.06
0.608348,-0.0857186,0.789028,436.088,-27.9553,561.948,654.451,-16.9959,842.913,158.433,-22.3388,205.49,2392.78,-340.577,3104.06
0.608348,-0.0857186,0.789028,655.165,-16.9327,843.834,814.417,1.69146,1049.87,158.433,-22.3388,205.49,2392.78,-340.577,3104.06
-0.136017,0.736544,-0.662573,-32.6244,156.639,-141.554,-51.1323,232.418,-210.642,-29.0438,157.342,-141.538,-436.17,2377.22,-2138.02
-0.136017,0.736544,-0.662573,-52.1333,236.318,-214.209,-73.6338,315.985,-287.296,-29.0438,157.342,-141.538,-436.17,2377.22,-2138.02
-0.136017,0.736544,-0.662573,-74.7932,320.078,-291.064,-105.853,423.348,-386.608,-29.0438,157.342,-141.538,-436.17,2377.22,-2138.02
-0.136017,0.736544,-0.662573,-106.035,423.923,-387.143,-178.608,629.815,-580.6,-29.0438,157.342,-141.538,-436.17,2377.22,-2138.02
-0.136017,0.736544,-0.662573,-178.874,630.501,-581.252,-264.459,832.06,-775.287,-29.0438,157.342,-141.538,-436.17,2377.22,-2138.02
-0.136017,0.736544,-0.662573,-264.758,832.707,-775.918,-354.929,1013.77,-955.141,-29.0438,157.342,-141.538,-436.17,2377.22,-2138.02
-0.259384,0.491084,-0.831599,-99.6069,172.277,-298.008,-102.277,176.503,-305.492,-74.7121,141.485,-239.577,-1125.47,2138.86,-3618.97
-0.259384,0.491084,-0.831599,-104.827,180.521,-312.617,-120.644,205.099,-356.383,-74.7121,141.485,-239.577,-1125.47,2138.86,-3618.97
-0.259384,0.491084,-0.831599,-122.86,208.493,-362.453,-169.163,276.918,-486.152,-74.7121,141.485,-239.577,-1125.47,2138.86,-3618.97
-0.259384,0.491084,-0.831599,-171.579,280.364,-492.454,-235.465,367.408,-654.119,-74.7121,141.485,-239.577,-1125.47,2138.86,-3618.97
-0.259384,0.491084,-0.831599,-235.83,367.884,-655.016,-376.224,535.818,-982.746,-74.7121,141.485,-239.577,-1125.47,2138.86,-3618.97
-0.259384,0.491084,-0.831599,-376.68,536.32,-983.761,-394.291,555.474,-1022.7,-74.7121,141.485,-239.577,-1125.47,2138.86,-3618.97
-0.53288,0.661994,0.527071,-102.813,122.595,99.2469,-154.659,180.812,147.598,-100.319,124.644,99.2343,-1513.6,1884.25,1499
-0.53288,0.661994,0.527071,-157.396,183.822,150.121,-213.538,244.235,201.272,-100.319,124.644,99.2343,-1513.6,1884.25,1499
-0.53288,0.661994,0.527071,-216.487,247.34,203.928,-291.806,324.431,270.776,-100.319,124.644,99.2343,-1513.6,1884.25,1499
-0.53288,0.661994,0.527071,-292.252,324.874,271.166,-450.996,474.502,406.494,-100.319,124.644,99.2343,-1513.6,1884.25,1499
-0.53288,0.661994,0.527071,-451.556,475,406.958,-618.736,615.973,542.635,-100.319,124.644,99.2343,-1513.6,1884.25,1499
-0.53288,0.661994,0.527071,-619.295,616.418,543.078,-780.295,738.181,668.308,-100.319,124.644,99.2343,-1513.6,1884.25,1499
0.344068,-0.937406,-0.0537402,57.6953,-149.236,-8.61281,87.5891,-221.225,-12.7325,55.1219,-150.205,-8.61088,830.822,-2269.61,-130.073
0.344068,-0.937406,-0.0537402,89.182,-224.968,-12.9475,122.174,-300.539,-17.305,55.1219,-150.205,-8.61088,830.822,-2269.61,-130.073
0.344068,-0.937406,-0.0537402,123.923,-304.445,-17.5311,169.141,-402.278,-23.2171,55.1219,-150.205,-8.61088,830.822,-2269.61,-130.073
0.344068,-0.937406,-0.0537402,169.397,-402.814,-23.2485,267.755,-597.425,-34.7699,55.1219,-150.205,-8.61088,830.822,-2269.61,-130.073
0.344068,-0.937406,-0.0537402,268.086,-598.044,-34.807,375.6,-788.123,-46.3543,55.1219,-150.205,-8.61088,830.822,-2269.61,-130.073
0.344068,-0.937406,-0.0537402,375.978,-788.757,-46.3934,482.911,-959.373,-57.0599,55.1219,-150.205,-8.61088,830.822,-2269.61,-130.073
0.944969,0.240813,0.221458,154.328,42.2241,36.3421,229.017,64.7663,54.0546,155.047,39.502,36.3355,2342.57,594.769,548.871
0.944969,0.240813,0.221458,232.838,65.9572,54.9634,311.395,91.2569,73.7077,155.047,39.502,36.3355,2342.57,594.769,548.871
0.944969,0.240813,0.221458,315.391,92.5862,74.6645,417.222,127.856,99.155,155.047,39.502,36.3355,2342.57,594.769,548.871
0.944969,0.240813,0.221458,417.797,128.063,99.294,621.134,206.783,148.857,155.047,39.502,36.3355,2342.57,594.769,548.871
0.944969,0.240813,0.221458,621.813,207.065,149.024,821.536,295.64,198.677,155.047,39.502,36.3355,2342.57,594.769,548.871
0.944969,0.240813,0.221458,822.146,295.928,198.83,1002.35,386.024,244.62,155.047,39.502,36.3355,2342.57,594.769,548.871
-0.240633,-0.300453,-0.922943,-213.911,-338.589,-962.123,-214.347,-339.49,-964.523,-100.038,-124.869,-383.624,-1515.08,-1883.07,-5794.89
0.540233,0.0984606,0.835736,194.244,43.2448,302.974,195.837,43.665,305.482,157.41,28.672,243.507,2378.41,429.623,3678.33
0.540233,0.0984606,0.835736,203.675,45.7496,317.833,231.872,53.4656,362.35,157.41,28.672,243.507,2378.41,429.623,3678.33
0.540233,0.0984606,0.835736,235.77,54.5594,368.515,314.883,78.2024,494.243,157.41,28.672,243.507,2378.41,429.623,3678.33
0.540233,0.0984606,0.835736,318.943,79.4912,500.729,421.13,114.409,665.156,157.41,28.672,243.507,2378.41,429.623,3678.33
0.540233,0.0984606,0.835736,421.685,114.612,666.057,623.895,198.493,999.51,157.41,28.672,243.507,2378.41,429.623,3678.33
0.540233,0.0984606,0.835736,624.511,198.78,1000.54,635.344,203.86,1018.77,157.41,28.672,243.507,2378.41,429.623,3678.33
-0.954426,-0.107887,-0.278267,-158.642,-20.799,-46.3467,-235.649,-33.0022,-68.9172,-158.989,-17.9623,-46.3534,-2401.85,-269.319,-700.198
-0.954426,-0.107887,-0.278267,-239.646,-33.673,-70.0904,-320.89,-48.1142,-93.9792,-158.989,-17.9623,-46.3534,-2401.85,-269.319,-700.198
-0.954426,-0.107887,-0.278267,-325.043,-48.8937,-95.2026,-430.725,-70.099,-126.404,-158.989,-17.9623,-46.3534,-2401.85,-269.319,-700.198
-0.954426,-0.107887,-0.278267,-431.304,-70.2224,-126.575,-643.425,-120.831,-189.652,-158.989,-17.9623,-46.3534,-2401.85,-269.319,-700.198
-0.954426,-0.107887,-0.278267,-644.114,-121.013,-189.858,-853.854,-181.998,-253.026,-158.989,-17.9623,-46.3534,-2401.85,-269.319,-700.198
-0.954426,-0.107887,-0.278267,-854.571,-182.225,-253.244,-1045.23,-247.513,-311.534,-158.989,-17.9623,-46.3534,-2401.85,-269.319,-700.198
0.707577,-0.262379,-0.656119,151.238,-52.2226,-139.125,225.783,-75.2222,-206.883,150.014,-55.6401,-139.108,2265.16,-842.895,-2101.32
0.707577,-0.262379,-0.656119,229.636,-76.3621,-210.372,309.068,-98.806,-282.06,150.014,-55.6401,-139.108,2265.16,-842.895,-2101.32
0.707577,-0.262379,-0.656119,313.15,-99.9053,-285.731,417.652,-126.289,-379.352,150.014,-55.6401,-139.108,2265.16,-842.895,-2101.32
0.707577,-0.262379,-0.656119,418.291,-126.44,-379.923,632.206,-170.018,-569.554,150.014,-55.6401,-139.108,2265.16,-842.895,-2101.32
0.707577,-0.262379,-0.656119,632.914,-170.139,-570.178,849.767,-200.431,-760.388,150.014,-55.6401,-139.108,2265.16,-842.895,-2101.32
0.707577,-0.262379,-0.656119,850.467,-200.506,-761,1052.04,-216.437,-936.638,150.014,-55.6401,-139.108,2265.16,-842.895,-2101.32
-0.257136,-0.828155,0.498037,-44.4211,-153.71,91.8976,-63.772,-229.252,136.721,-47.4545,-152.801,91.8935,-718.972,-2307.48,1388.11
-0.257136,-0.828155,0.498037,-64.7363,-233.181,139.046,-83.5423,-313.497,186.461,-47.4545,-152.801,91.8935,-718.972,-2307.48,1388.11
-0.257136,-0.828155,0.498037,-84.4704,-317.661,188.913,-106.46,-423.185,250.879,-47.4545,-152.801,91.8935,-718.972,-2307.48,1388.11
-0.257136,-0.828155,0.498037,-106.577,-423.787,251.231,-142.431,-638.97,376.64,-47.4545,-152.801,91.8935,-718.972,-2307.48,1388.11
-0.257136,-0.828155,0.498037,-142.532,-639.697,377.062,-166.753,-857.022,502.766,-47.4545,-152.801,91.8935,-718.972,-2307.48,1388.11
-0.257136,-0.828155,0.498037,-166.811,-857.713,503.165,-178.675,-1059.11,619.136,-47.4545,-152.801,91.8935,-718.972,-2307.48,1388.11
0.947125,-0.186006,-0.261449,157.524,-28.0393,-43.3501,234.662,-39.6911,-64.4853,156.999,-30.8427,-43.3392,2371.18,-467.876,-654.667
0.947125,-0.186006,-0.261449,238.629,-40.2534,-65.5708,320.398,-51.0472,-87.9211,156.999,-30.8427,-43.3392,2371.18,-467.876,-654.667
0.947125,-0.186006,-0.261449,324.63,-51.5645,-89.0764,431.766,-63.3093,-118.283,156.999,-30.8427,-43.3392,2371.18,-467.876,-654.667
0.947125,-0.186006,-0.261449,432.364,-63.3677,-118.446,649.842,-79.2794,-177.555,156.999,-30.8427,-43.3392,2371.18,-467.876,-654.667
0.947125,-0.186006,-0.261449,650.566,-79.3148,-177.752,868.911,-84.6764,-236.97,156.999,-30.8427,-43.3392,2371.18,-467.876,-654.667
0.947125,-0.186006,-0.261449,869.671,-84.6767,-237.176,1071.12,-80.2382,-291.807,156.999,-30.8427,-43.3392,2371.18,-467.876,-654.667
0.657442,-0.561038,-0.502998,123.737,-101.436,-93.1256,185.401,-149.121,-138.431,121.701,-103.869,-93.1168,1836.91,-1570.72,-1406.59
0.657442,-0.561038,-0.502998,188.647,-151.579,-140.797,254.971,-200.702,-188.771,121.701,-103.869,-93.1168,1836.91,-1570.72,-1406.59
0.657442,-0.561038,-0.502998,258.386,-203.175,-191.223,346.506,-265.161,-253.85,121.701,-103.869,-93.1168,1836.91,-1570.72,-1406.59
0.657442,-0.561038,-0.502998,347.053,-265.535,-254.235,530.431,-383.747,-381.065,121.701,-103.869,-93.1168,1836.91,-1570.72,-1406.59
0.657442,-0.561038,-0.502998,531.026,-384.108,-381.469,720.911,-492.437,-508.551,121.701,-103.869,-93.1168,1836.91,-1570.72,-1406.59
0.657442,-0.561038,-0.502998,721.566,-492.787,-508.983,901.805,-583.495,-626.277,121.701,-103.869,-93.1168,1836.91,-1570.72,-1406.59
-0.947639,-0.297011,0.11732,-151.83,-50.4752,18.9025,-225.195,-76.952,28.1074,-152.679,-47.8435,18.9017,-2306.9,-720.836,285.522
-0.947639,-0.297011,0.11732,-228.965,-78.3506,28.582,-306.03,-107.755,38.3135,-152.679,-47.8435,18.9017,-2306.9,-720.836,285.522
-0.947639,-0.297011,0.11732,-309.992,-109.31,38.8156,-409.768,-149.846,51.5213,-152.679,-47.8435,18.9017,-2306.9,-720.836,285.522
-0.947639,-0.297011,0.11732,-410.392,-150.108,51.6012,-609.401,-239.25,77.3293,-152.679,-47.8435,18.9017,-2306.9,-720.836,285.522
-0.947639,-0.297011,0.11732,-610.035,-239.552,77.4122,-804.951,-338.146,103.188,-152.679,-47.8435,18.9017,-2306.9,-720.836,285.522
-0.947639,-0.297011,0.11732,-805.563,-338.475,103.27,-980.943,-437.435,127.025,-152.679,-47.8435,18.9017,-2306.9,-720.836,285.522
0.861326,0.00525154,0.508025,159.946,4.15696,94.3739,237.827,8.46578,140.406,159.997,0.964909,94.3689,2416.87,12.3171,1425.5
0.861326,0.00525154,0.508025,241.843,8.7289,142.78,324.086,15.005,191.455,159.997,0.964909,94.3689,2416.87,12.3171,1425.5
0.861326,0.00525154,0.508025,328.34,15.3758,193.976,435.55,26.2205,257.568,159.997,0.964909,94.3689,2416.87,12.3171,1425.5
0.861326,0.00525154,0.508025,436.192,26.2941,257.949,652.216,57.0509,386.717,159.997,0.964909,94.3689,2416.87,12.3171,1425.5
0.861326,0.00525154,0.508025,652.886,57.1649,387.118,867.347,99.7195,516.146,159.997,0.964909,94.3689,2416.87,12.3171,1425.5
0.861326,0.00525154,0.508025,868.056,99.8807,516.575,1063.67,149.487,635.672,159.997,0.964909,94.3689,2416.87,12.3171,1425.5
-0.243392,0.699522,-0.671885,-56.0496,149.861,-145.166,-85.8164,221.924,-216.03,-52.5671,151.118,-145.144,-791.578,2283.6,-2192.49
-0.243392,0.699522,-0.671885,-87.4119,225.662,-219.723,-120.75,301.118,-294.698,-52.5671,151.118,-145.144,-791.578,2283.6,-2192.49
-0.243392,0.699522,-0.671885,-122.528,305.009,-298.587,-168.943,402.37,-396.617,-52.5671,151.118,-145.144,-791.578,2283.6,-2192.49
-0.243392,0.699522,-0.671885,-169.204,402.895,-397.149,-272.381,595.308,-595.611,-52.5671,151.118,-145.144,-791.578,2283.6,-2192.49
-0.243392,0.699522,-0.671885,-272.743,595.935,-596.27,-388.265,782.013,-795.32,-52.5671,151.118,-145.144,-791.578,2283.6,-2192.49
-0.243392,0.699522,-0.671885,-388.65,782.591,-795.951,-505.649,947.65,-979.821,-52.5671,151.118,-145.144,-791.578,2283.6,-2192.49
-0.892541,-0.450865,-0.00958492,-141.558,-74.575,-1.53372,-209.601,-112.633,-2.32395,-142.817,-72.1336,-1.53366,-2158.22,-1087.89,-23.1669
-0.892541,-0.450865,-0.00958492,-213.122,-114.643,-2.36493,-284.37,-156.193,-3.19686,-142.817,-72.1336,-1.53366,-2158.22,-1087.89,-23.1669
-0.892541,-0.450865,-0.00958492,-288.03,-158.374,-3.23973,-379.909,-214.601,-4.32539,-142.817,-72.1336,-1.53366,-2158.22,-1087.89,-23.1669
-0.892541,-0.450865,-0.00958492,-380.462,-214.949,-4.33198,-562.383,-335.211,-6.56807,-142.817,-72.1336,-1.53366,-2158.22,-1087.89,-23.1669
-0.892541,-0.450865,-0.00958492,-562.94,-335.598,-6.57512,-739.293,-464.436,-8.86331,-142.817,-72.1336,-1.53366,-2158.22,-1087.89,-23.1669
-0.892541,-0.450865,-0.00958492,-739.859,-464.871,-8.87099,-896.931,-590.903,-11.0301,-142.817,-72.1336,-1.53366,-2158.22,-1087.89,-23.1669
-0.492535,-0.767791,0.409764,-83.8502,-136.269,71.8775,-122.787,-203.781,106.911,-86.3998,-134.667,71.8732,-1306.92,-2033.07,1085.69
-0.492535,-0.767791,0.409764,-124.795,-207.341,108.748,-164.575,-279.581,145.805,-86.3998,-134.667,71.8732,-1306.92,-2033.07,1085.69
-0.492535,-0.767791,0.409764,-166.601,-283.351,147.728,-216.357,-378.91,196.13,-86.3998,-134.667,71.8732,-1306.92,-2033.07,1085.69
-0.492535,-0.767791,0.409764,-216.652,-379.495,196.424,-309.894,-576.687,294.437,-86.3998,-134.667,71.8732,-1306.92,-2033.07,1085.69
-0.492535,-0.767791,0.409764,-310.18,-577.335,294.756,-393.329,-779.412,392.963,-86.3998,-134.667,71.8732,-1306.92,-2033.07,1085.69
-0.492535,-0.767791,0.409764,-393.597,-780.115,393.301,-461.021,-970.149,483.928,-86.3998,-134.667,71.8732,-1306.92,-2033.07,1085.69
0.60138,-0.0554833,0.797034,179.175,-10.7918,236.909,182.799,-10.8921,241.69,159.322,-14.7142,211.158,2406.36,-225.475,3189.67
0.60138,-0.0554833,0.797034,188.927,-11.0511,249.777,237.674,-11.8395,314.085,159.322,-14.7142,211.158,2406.36,-225.475,3189.67
0.60138,-0.0554833,0.797034,241.709,-11.8671,319.407,324.25,-11.1673,428.288,159.322,-14.7142,211.158,2406.36,-225.475,3189.67
0.60138,-0.0554833,0.797034,328.514,-11.0661,433.913,436.296,-6.36223,576.218,159.322,-14.7142,211.158,2406.36,-225.475,3189.67
0.60138,-0.0554833,0.797034,436.938,-6.32188,577.066,654.477,15.8405,865.543,159.322,-14.7142,211.158,2406.36,-225.475,3189.67
0.60138,-0.0554833,0.797034,655.189,15.9413,866.493,789.439,38.2261,1046.01,159.322,-14.7142,211.158,2406.36,-225.475,3189.67
-0.0797829,-0.882041,-0.464369,-11.3365,-159.598,-83.9028,-14.5245,-237.545,-124.784,-14.4238,-159.349,-83.8929,-220.069,-2406.86,-1267.26
-0.0797829,-0.882041,-0.464369,-14.6488,-241.556,-126.887,-16.3437,-324.057,-170.129,-14.4238,-159.349,-83.8929,-220.069,-2406.86,-1267.26
-0.0797829,-0.882041,-0.464369,-16.3864,-328.291,-172.348,-16.0187,-436.023,-228.807,-14.4238,-159.349,-83.8929,-220.069,-2406.86,-1267.26
-0.0797829,-0.882041,-0.464369,-16.0077,-436.69,-229.156,-6.64819,-654.653,-343.512,-14.4238,-159.349,-83.8929,-220.069,-2406.86,-1267.26
-0.0797829,-0.882041,-0.464369,-6.59977,-655.35,-343.878,14.3289,-872.956,-458.45,-14.4238,-159.349,-83.8929,-220.069,-2406.86,-1267.26
-0.0797829,-0.882041,-0.464369,14.416,-873.664,-458.824,43.9144,-1073.22,-564.548,-14.4238,-159.349,-83.8929,-220.069,-2406.86,-1267.26
-0.649209,0.335463,0.682637,-143.829,70.0948,149.468,-215.096,101.789,222.306,-142.139,73.461,149.464,-2145.87,1112.04,2257.74
-0.649209,0.335463,0.682637,-218.805,103.386,226.077,-295.035,135.05,303.165,-142.139,73.461,149.464,-2145.87,1112.04,2257.74
-0.649209,0.335463,0.682637,-298.961,136.623,307.115,-399.73,175.085,407.851,-142.139,73.461,149.464,-2145.87,1112.04,2257.74
-0.649209,0.335463,0.682637,-400.286,175.287,408.403,-607.798,243.27,612.368,-142.139,73.461,149.464,-2145.87,1112.04,2257.74
-0.649209,0.335463,0.682637,-608.481,243.47,613.033,-820.604,298.128,817.677,-142.139,73.461,149.464,-2145.87,1112.04,2257.74
-0.649209,0.335463,0.682637,-821.295,298.283,818.338,-1020.01,336.554,1007.39,-142.139,73.461,149.464,-2145.87,1112.04,2257.74
-0.0921565,-0.884227,0.457875,-13.5266,-159.427,82.4128,-17.9015,-237.259,122.634,-16.596,-159.137,82.4058,-252.869,-2403.64,1244.79
-0.0921565,-0.884227,0.457875,-18.0898,-241.323,124.733,-21.0465,-323.743,167.282,-16.596,-159.137,82.4058,-252.869,-2403.64,1244.79
-0.0921565,-0.884227,0.457875,-21.1552,-328.019,169.489,-22.4373,-435.8,225.102,-16.596,-159.137,82.4058,-252.869,-2403.64,1244.79
-0.0921565,-0.884227,0.457875,-22.4366,-436.407,225.415,-16.462,-654.451,337.994,-16.596,-159.137,82.4058,-252.869,-2403.64,1244.79
-0.0921565,-0.884227,0.457875,-16.4229,-655.178,338.37,1.07427,-873.102,451.222,-16.596,-159.137,82.4058,-252.869,-2403.64,1244.79
-0.0921565,-0.884227,0.457875,1.14699,-873.783,451.575,27.4618,-1073.72,555.665,-16.596,-159.137,82.4058,-252.869,-2403.64,1244.79
0.411805,0.824062,0.389022,68.8466,144.43,67.574,100.365,215.715,100.467,71.5317,143.12,67.5658,1082.42,2160.97,1020.62
0.411805,0.824062,0.389022,101.98,219.463,102.19,133.866,295.566,137.012,71.5317,143.12,67.5658,1082.42,2160.97,1020.62
0.411805,0.824062,0.389022,135.463,299.489,138.799,174.819,399.847,184.289,71.5317,143.12,67.5658,1082.42,2160.97,1020.62
0.411805,0.824062,0.389022,175.028,400.399,184.538,246.895,606.335,276.573,71.5317,143.12,67.5658,1082.42,2160.97,1020.62
0.411805,0.824062,0.389022,247.112,607.011,276.872,308.524,816.702,369.026,71.5317,143.12,67.5658,1082.42,2160.97,1020.62
0.411805,0.824062,0.389022,308.717,817.43,369.343,355.851,1013.46,454.367,71.5317,143.12,67.5658,1082.42,2160.97,1020.62
-0.139142,-0.470578,-0.871318,-56.2747,-235.366,-429.789,-57.9265,-244.444,-446.169,-45.3856,-153.428,-284.096,-689.379,-2316.5,-4291.45
-0.139142,-0.470578,-0.871318,-58.7264,-248.916,-454.233,-69.7645,-316.872,-576.442,-45.3856,-153.428,-284.096,-689.379,-2316.5,-4291.45
-0.139142,-0.470578,-0.871318,-70.379,-321.077,-583.986,-83.3876,-428.343,-775.814,-45.3856,-153.428,-284.096,-689.379,-2316.5,-4291.45
-0.139142,-0.470578,-0.871318,-83.4459,-428.942,-776.882,-92.0429,-551.962,-995.832,-45.3856,-153.428,-284.096,-689.379,-2316.5,-4291.45
-0.088681,-0.858368,-0.505312,-13.2897,-159.447,-93.6851,-17.4519,-237.354,-139.41,-16.4532,-159.152,-93.6916,-250.778,-2403.85,-1415.27
-0.088681,-0.858368,-0.505312,-17.625,-241.357,-141.758,-20.3052,-323.821,-190.114,-16.4532,-159.152,-93.6916,-250.778,-2403.85,-1415.27
-0.088681,-0.858368,-0.505312,-20.3975,-328.067,-192.602,-21.2444,-435.854,-255.764,-16.4532,-159.152,-93.6916,-250.778,-2403.85,-1415.27
-0.088681,-0.858368,-0.505312,-21.241,-436.467,-256.123,-14.11,-654.5,-383.956,-16.4532,-159.152,-93.6916,-250.778,-2403.85,-1415.27
-0.088681,-0.858368,-0.505312,-14.0661,-655.232,-384.386,4.94552,-873.081,-512.523,-16.4532,-159.152,-93.6916,-250.778,-2403.85,-1415.27
-0.088681,-0.858368,-0.505312,5.02442,-873.769,-512.928,33.038,-1073.58,-631.097,-16.4532,-159.152,-93.6916,-250.778,-2403.85,-1415.27
0.794342,-0.477054,0.376086,138.657,-79.8392,64.9339,207.278,-116.919,96.5148,137.16,-82.3848,64.9414,2070.8,-1246.27,980.98
0.794342,-0.477054,0.376086,210.834,-118.798,98.1432,284.161,-156.61,131.544,137.16,-82.3848,64.9414,2070.8,-1246.27,980.98
0.794342,-0.477054,0.376086,287.952,-158.517,133.262,384.798,-205.68,176.87,137.16,-82.3848,64.9414,2070.8,-1246.27,980.98
0.794342,-0.477054,0.376086,385.4,-205.964,177.14,584.954,-294.02,265.451,137.16,-82.3848,64.9414,2070.8,-1246.27,980.98
0.794342,-0.477054,0.376086,585.597,-294.285,265.732,789.696,-372.293,354.198,137.16,-82.3848,64.9414,2070.8,-1246.27,980.98
0.794342,-0.477054,0.376086,790.388,-372.537,354.495,981.996,-435.265,436.132,137.16,-82.3848,64.9414,2070.8,-1246.27,980.98
-0.761762,-0.206126,-0.614191,-153.503,-45.1297,-124.536,-227.568,-69.5314,-185.201,-154.449,-41.7806,-124.526,-2333.69,-628.742,-1881.04
-0.761762,-0.206126,-0.614191,-231.399,-70.841,-188.351,-309.177,-98.4465,-252.545,-154.449,-41.7806,-124.526,-2333.69,-628.742,-1881.04
-0.761762,-0.206126,-0.614191,-313.148,-99.9089,-255.837,-413.713,-138.683,-339.672,-154.449,-41.7806,-124.526,-2333.69,-628.742,-1881.04
-0.761762,-0.206126,-0.614191,-414.312,-138.924,-340.174,-614.307,-226.403,-509.983,-154.449,-41.7806,-124.526,-2333.69,-628.742,-1881.04
-0.761762,-0.206126,-0.614191,-614.928,-226.697,-510.517,-809.843,-326.132,-680.722,-154.449,-41.7806,-124.526,-2333.69,-628.742,-1881.04
-0.761762,-0.206126,-0.614191,-810.495,-326.489,-681.3,-984.932,-428.449,-838.482,-154.449,-41.7806,-124.526,-2333.69,-628.742,-1881.04
-0.50688,0.648807,0.567558,-101.1,124.011,110.289,-152.182,182.94,164.013,-98.4943,126.091,110.295,-1485.95,1906.13,1666.07
-0.50688,0.648807,0.567558,-154.86,185.964,166.795,-210.28,247.136,223.665,-98.4943,126.091,110.295,-1485.95,1906.13,1666.07
-0.50688,0.648807,0.567558,-213.144,250.227,226.568,-287.562,328.222,300.848,-98.4943,126.091,110.295,-1485.95,1906.13,1666.07
-0.50688,0.648807,0.567558,-287.99,328.658,301.269,-445.181,479.985,451.66,-98.4943,126.091,110.295,-1485.95,1906.13,1666.07
-0.50688,0.648807,0.567558,-445.723,480.477,452.165,-611.678,622.996,602.994,-98.4943,126.091,110.295,-1485.95,1906.13,1666.07
-0.50688,0.648807,0.567558,-612.226,623.44,603.481,-772.433,746.403,742.748,-98.4943,126.091,110.295,-1485.95,1906.13,1666.07
0.917826,0.242717,-0.314138,153.919,43.6917,-52.9465,228.311,66.9632,-78.7958,154.685,40.8962,-52.9422,2337.14,615.782,-799.725
0.917826,0.242717,-0.314138,232.187,68.2151,-80.1466,310.395,94.3199,-107.487,154.685,40.8962,-52.9422,2337.14,615.782,-799.725
0.917826,0.242717,-0.314138,314.454,95.719,-108.911,415.887,132.118,-144.653,154.685,40.8962,-52.9422,2337.14,615.782,-799.725
0.917826,0.242717,-0.314138,416.464,132.333,-144.858,618.853,213.501,-217.225,154.685,40.8962,-52.9422,2337.14,615.782,-799.725
0.917826,0.242717,-0.314138,619.532,213.793,-217.47,818.085,305.036,-289.975,154.685,40.8962,-52.9422,2337.14,615.782,-799.725
0.917826,0.242717,-0.314138,818.698,305.337,-290.202,997.603,398.102,-357.066,154.685,40.8962,-52.9422,2337.14,615.782,-799.725
0.070371,-0.915021,-0.397221,15.2386,-159.273,-69.2567,24.7428,-236.683,-103.041,12.2589,-159.53,-69.2533,183.064,-2409.96,-1046.11
0.070371,-0.915021,-0.397221,25.2719,-240.677,-104.786,36.9196,-322.306,-140.506,12.2589,-159.53,-69.2533,183.064,-2409.96,-1046.11
0.070371,-0.915021,-0.397221,37.5685,-326.546,-142.364,55.2524,-432.809,-189.036,12.2589,-159.53,-69.2533,183.064,-2409.96,-1046.11
0.070371,-0.915021,-0.397221,55.3695,-433.461,-189.323,99.3108,-647.118,-283.809,12.2589,-159.53,-69.2533,183.064,-2409.96,-1046.11
0.070371,-0.915021,-0.397221,99.4673,-647.791,-284.108,154.348,-859.303,-378.738,12.2589,-159.53,-69.2533,183.064,-2409.96,-1046.11
0.070371,-0.915021,-0.397221,154.55,-860.007,-379.055,214.714,-1052.46,-466.362,12.2589,-159.53,-69.2533,183.064,-2409.96,-1046.11
-0.789846,0.351406,0.50265,-147.446,62.1262,93.0402,-220.153,90.238,138.352,-146.181,65.0479,93.0307,-2207.23,984.645,1405.29
-0.789846,0.351406,0.50265,-223.966,91.6683,140.719,-301.554,119.82,188.684,-146.181,65.0479,93.0307,-2207.23,984.645,1405.29
-0.789846,0.351406,0.50265,-305.533,121.215,191.135,-407.688,155.457,253.752,-146.181,65.0479,93.0307,-2207.23,984.645,1405.29
-0.789846,0.351406,0.50265,-408.319,155.659,254.137,-617.829,216.577,380.964,-146.181,65.0479,93.0307,-2207.23,984.645,1405.29
-0.789846,0.351406,0.50265,-618.502,216.753,381.368,-831.432,266.317,508.477,-146.181,65.0479,93.0307,-2207.23,984.645,1405.29
-0.789846,0.351406,0.50265,-832.162,266.466,508.91,-1030.78,301.995,626.28,-146.181,65.0479,93.0307,-2207.23,984.645,1405.29
-0.752865,0.332881,-0.56779,-147.649,61.643,-110.352,-220.498,89.48,-164.091,-146.33,64.7121,-110.361,-2209.44,979.677,-1667.07
-0.752865,0.332881,-0.56779,-224.287,90.8816,-166.874,-302.02,118.65,-223.751,-146.33,64.7121,-110.361,-2209.44,979.677,-1667.07
-0.752865,0.332881,-0.56779,-306.004,120.022,-226.654,-408.428,153.654,-300.932,-146.33,64.7121,-110.361,-2209.44,979.677,-1667.07
-0.752865,0.332881,-0.56779,-409.009,153.836,-301.352,-619.025,213.034,-451.696,-146.33,64.7121,-110.361,-2209.44,979.677,-1667.07
-0.752865,0.332881,-0.56779,-619.732,213.212,-452.198,-833.327,260.484,-602.917,-146.33,64.7121,-110.361,-2209.44,979.677,-1667.07
-0.752865,0.332881,-0.56779,-834.013,260.615,-603.398,-1033.3,293.379,-742.546,-146.33,64.7121,-110.361,-2209.44,979.677,-1667.07
-0.285308,-0.59194,-0.753795,-69.4524,-154.892,-194.766,-94.9483,-218.205,-273.075,-69.4822,-144.126,-183.542,-1052.24,-2175.82,-2772.51
-0.285308,-0.59194,-0.753795,-96.4118,-221.966,-277.705,-125.265,-299.309,-372.416,-69.4822,-144.126,-183.542,-1052.24,-2175.82,-2772.51
-0.285308,-0.59194,-0.753795,-126.691,-303.304,-377.283,-161.09,-405.516,-501.049,-69.4822,-144.126,-183.542,-1052.24,-2175.82,-2772.51
-0.285308,-0.59194,-0.753795,-161.285,-406.13,-501.788,-219.824,-616.677,-752.645,-69.4822,-144.126,-183.542,-1052.24,-2175.82,-2772.51
-0.285308,-0.59194,-0.753795,-219.988,-617.359,-753.45,-263.472,-832.369,-1005.22,-69.4822,-144.126,-183.542,-1052.24,-2175.82,-2772.51
-0.285308,-0.59194,-0.753795,-263.589,-833.078,-1006.04,-273.043,-894.211,-1077.02,-69.4822,-144.126,-183.542,-1052.24,-2175.82,-2772.51
-0.728014,0.481923,0.487592,-135.082,85.749,89.4253,-202.07,125.624,132.986,-133.411,88.3264,89.3567,-2014.02,1336.08,1349.79
-0.728014,0.481923,0.487592,-205.584,127.668,135.257,-277.308,168.378,181.34,-133.411,88.3264,89.3567,-2014.02,1336.08,1349.79
-0.728014,0.481923,0.487592,-281.052,170.451,183.731,-376.012,221.341,243.929,-133.411,88.3264,89.3567,-2014.02,1336.08,1349.79
-0.728014,0.481923,0.487592,-376.6,221.646,244.299,-572.868,316.925,366.208,-133.411,88.3264,89.3567,-2014.02,1336.08,1349.79
-0.728014,0.481923,0.487592,-573.501,317.212,366.597,-774.988,401.998,488.74,-133.411,88.3264,89.3567,-2014.02,1336.08,1349.79
-0.728014,0.481923,0.487592,-775.679,402.267,489.155,-965.423,470.836,601.898,-133.411,88.3264,89.3567,-2014.02,1336.08,1349.79
0.732251,-0.648873,-0.206815,121.585,-104.005,-33.822,182.153,-153.075,-50.3406,119.743,-106.121,-33.8216,1807.47,-1604.51,-510.896
0.732251,-0.648873,-0.206815,185.338,-155.608,-51.2026,250.367,-206.34,-68.6776,119.743,-106.121,-33.8216,1807.47,-1604.51,-510.896
0.732251,-0.648873,-0.206815,253.755,-208.931,-69.5812,340.108,-273.337,-92.4065,119.743,-106.121,-33.8216,1807.47,-1604.51,-510.896
0.732251,-0.648873,-0.206815,340.634,-273.72,-92.5444,520.014,-397.779,-138.753,119.743,-106.121,-33.8216,1807.47,-1604.51,-510.896
0.732251,-0.648873,-0.206815,520.58,-398.151,-138.897,705.986,-513.651,-185.191,119.743,-106.121,-33.8216,1807.47,-1604.51,-510.896
0.732251,-0.648873,-0.206815,706.602,-514.015,-185.342,882.289,-612.542,-228.056,119.743,-106.121,-33.8216,1807.47,-1604.51,-510.896
-0.182704,-0.768497,0.613215,-33.6355,-156.425,124.237,-47.7051,-233.133,184.747,-37.0185,-155.659,124.209,-561.583,-2350.75,1876.25
-0.182704,-0.768497,0.613215,-48.3896,-237.113,187.88,-61.4279,-318.618,251.919,-37.0185,-155.659,124.209,-561.583,-2350.75,1876.25
-0.182704,-0.768497,0.613215,-62.0449,-322.791,255.191,-76.1927,-429.653,338.817,-37.0185,-155.659,124.209,-561.583,-2350.75,1876.25
-0.182704,-0.768497,0.613215,-76.266,-430.277,339.304,-95.3219,-647.74,508.677,-37.0185,-155.659,124.209,-561.583,-2350.75,1876.25
-0.182704,-0.768497,0.613215,-95.3606,-648.409,509.197,-101.487,-867.145,678.978,-37.0185,-155.659,124.209,-561.583,-2350.75,1876.25
-0.182704,-0.768497,0.613215,-101.485,-867.87,679.54,-95.5787,-1069.85,836.288,-37.0185,-155.659,124.209,-561.583,-2350.75,1876.25
-0.914617,-0.260302,-0.309384,-153.074,-46.5653,-52.0493,-227.016,-71.2822,-77.4724,-153.892,-43.7879,-52.0555,-2325.19,-659.476,-786.331
-0.914617,-0.260302,-0.309384,-230.852,-72.6041,-78.7954,-308.561,-100.231,-105.689,-153.892,-43.7879,-52.0555,-2325.19,-659.476,-786.331
-0.914617,-0.260302,-0.309384,-312.571,-101.701,-107.081,-413.307,-140.073,-142.234,-153.892,-43.7879,-52.0555,-2325.19,-659.476,-786.331
-0.914617,-0.260302,-0.309384,-413.852,-140.288,-142.425,-614.666,-225.356,-213.575,-153.892,-43.7879,-52.0555,-2325.19,-659.476,-786.331
-0.914617,-0.260302,-0.309384,-615.313,-225.649,-213.807,-812.066,-320.69,-285.113,-153.892,-43.7879,-52.0555,-2325.19,-659.476,-786.331
-0.914617,-0.260302,-0.309384,-812.682,-321.006,-285.339,-989.806,-417.186,-351.13,-153.892,-43.7879,-52.0555,-2325.19,-659.476,-786.331
-0.248694,0.415778,0.874803,-134.914,200.903,436.82,-138.033,205.054,446.176,-82.1153,137.321,288.905,-1236.96,2076.38,4364.1
-0.248694,0.415778,0.874803,-143.206,211.896,461.635,-185.661,266.094,585.695,-82.1153,137.321,288.905,-1236.96,2076.38,4364.1
-0.248694,0.415778,0.874803,-188.334,269.396,593.349,-258.403,351.639,788.062,-82.1153,137.321,288.905,-1236.96,2076.38,4364.1
-0.248694,0.415778,0.874803,-258.811,352.095,789.167,-337.382,435.603,995.774,-82.1153,137.321,288.905,-1236.96,2076.38,4364.1
-0.0704935,0.786683,0.613319,-17.7254,159.015,124.225,-28.9338,236.204,184.627,-14.2686,159.362,124.242,-213.083,2407.49,1876.76
-0.0704935,0.786683,0.613319,-29.5576,240.188,187.75,-43.2808,321.596,251.677,-14.2686,159.362,124.242,-213.083,2407.49,1876.76
-0.0704935,0.786683,0.613319,-44.029,325.738,254.936,-64.8004,431.53,338.413,-14.2686,159.362,124.242,-213.083,2407.49,1876.76
-0.0704935,0.786683,0.613319,-64.9279,432.133,338.89,-116.4,644.22,507.89,-14.2686,159.362,124.242,-213.083,2407.49,1876.76
-0.0704935,0.786683,0.613319,-116.595,644.929,508.459,-180.712,854.169,677.933,-14.2686,159.362,124.242,-213.083,2407.49,1876.76
-0.0704935,0.786683,0.613319,-180.941,854.844,678.485,-251.093,1044.36,834.975,-14.2686,159.362,124.242,-213.083,2407.49,1876.76
0.943138,0.175804,0.282106,156.743,32.1179,47.0498,232.672,49.7631,70.0531,157.292,29.3101,47.0479,2376.37,440.754,710.688
0.943138,0.175804,0.282106,236.625,50.7201,71.2534,316.616,70.8999,95.596,157.292,29.3101,47.0479,2376.37,440.754,710.688
0.943138,0.175804,0.282106,320.722,71.9782,96.8488,424.6,100.645,128.649,157.292,29.3101,47.0479,2376.37,440.754,710.688
0.943138,0.175804,0.282106,425.194,100.817,128.832,633.136,166.423,193.191,157.292,29.3101,47.0479,2376.37,440.754,710.688
0.943138,0.175804,0.282106,633.838,166.663,193.41,838.749,242.502,257.899,157.292,29.3101,47.0479,2376.37,440.754,710.688
0.943138,0.175804,0.282106,839.385,242.756,258.101,1024.86,321.502,317.568,157.292,29.3101,47.0479,2376.37,440.754,710.688
0.963948,-0.188389,-0.187921,157.54,-27.949,-30.6258,234.659,-39.5562,-45.569,157.027,-30.698,-30.6128,2371.62,-465.657,-462.426
0.963948,-0.188389,-0.187921,238.651,-40.1206,-46.3414,320.474,-50.903,-62.1514,157.027,-30.698,-30.6128,2371.62,-465.657,-462.426
0.963948,-0.188389,-0.187921,324.654,-51.4138,-62.958,431.786,-63.1845,-83.6039,157.027,-30.698,-30.6128,2371.62,-465.657,-462.426
0.963948,-0.188389,-0.187921,432.383,-63.2429,-83.7187,649.859,-79.3129,-125.486,157.027,-30.698,-30.6128,2371.62,-465.657,-462.426
0.963948,-0.188389,-0.187921,650.562,-79.348,-125.621,868.897,-85.0037,-167.449,157.027,-30.698,-30.6128,2371.62,-465.657,-462.426
0.963948,-0.188389,-0.187921,869.639,-85.0052,-167.591,1071.09,-80.9762,-206.196,157.027,-30.698,-30.6128,2371.62,-465.657,-462.426
-0.291274,0.582543,-0.758817,-80.1225,149.651,-197.806,-114.668,208.528,-277.352,-71.5423,143.114,-186.412,-1078.02,2163.16,-2815.87
-0.291274,0.582543,-0.758817,-116.747,211.977,-282.044,-160.379,282.092,-378.284,-71.5423,143.114,-186.412,-1078.02,2163.16,-2815.87
-0.291274,0.582543,-0.758817,-162.654,285.635,-383.191,-222.623,375.318,-508.946,-71.5423,143.114,-186.412,-1078.02,2163.16,-2815.87
-0.291274,0.582543,-0.758817,-222.97,375.818,-509.654,-354.07,550.64,-764.431,-71.5423,143.114,-186.412,-1078.02,2163.16,-2815.87
-0.291274,0.582543,-0.758817,-354.532,551.212,-765.288,-498.515,716.791,-1021.14,-71.5423,143.114,-186.412,-1078.02,2163.16,-2815.87
-0.291274,0.582543,-0.758817,-498.986,717.294,-1021.95,-529.171,749.103,-1073.07,-71.5423,143.114,-186.412,-1078.02,2163.16,-2815.87
-0.16891,-0.434465,0.884709,-78.4453,-243.422,485.596,-79.1676,-246.222,491.081,-57.9953,-149.119,303.669,-879.943,-2251.02,4587.11
-0.16891,-0.434465,0.884709,-81.8523,-256.769,511.726,-84.9486,-269.215,536.052,-57.9953,-149.119,303.669,-879.943,-2251.02,4587.11
-0.16891,-0.434465,0.884709,-85.1758,-270.14,537.86,-94.6368,-310.365,616.234,-57.9953,-149.119,303.669,-879.943,-2251.02,4587.11
-0.16891,-0.434465,0.884709,-95.5645,-314.501,624.275,-116.478,-420.534,829.277,-57.9953,-149.119,303.669,-879.943,-2251.02,4587.11
-0.16891,-0.434465,0.884709,-116.582,-421.145,830.453,-129.048,-503.314,988.055,-57.9953,-149.119,303.669,-879.943,-2251.02,4587.11
-0.993027,-0.0540887,0.104748,-159.59,-11.4506,16.866,-237.225,-19.0928,25.1137,-159.764,-8.6929,16.8525,-2413.44,-129.359,254.567
-0.993027,-0.0540887,0.104748,-241.211,-19.5207,25.5375,-323.159,-29.0911,34.2583,-159.764,-8.6929,16.8525,-2413.44,-129.359,254.567
-0.993027,-0.0540887,0.104748,-327.363,-29.6219,34.7063,-434.066,-44.4059,46.0888,-159.764,-8.6929,16.8525,-2413.44,-129.359,254.567
-0.993027,-0.0540887,0.104748,-434.711,-44.503,46.1578,-649.548,-82.0243,69.2087,-159.764,-8.6929,16.8525,-2413.44,-129.359,254.567
-0.993027,-0.0540887,0.104748,-650.213,-82.1568,69.2805,-863.366,-129.826,92.3863,-159.764,-8.6929,16.8525,-2413.44,-129.359,254.567
-0.993027,-0.0540887,0.104748,-864.059,-129.998,92.4618,-1058.41,-182.8,113.775,-159.764,-8.6929,16.8525,-2413.44,-129.359,254.567
-0.390088,0.0958195,-0.915779,-360.852,52.143,-832.753,-367.16,52.4259,-847.149,-155.376,38.1892,-364.776,-2345.89,581.574,-5510.18
-0.390088,0.0958195,-0.915779,-378.875,52.8951,-873.881,-392.877,53.3628,-905.819,-155.376,38.1892,-364.776,-2345.89,581.574,-5510.18
-0.390088,0.0958195,-0.915779,-396.914,53.4782,-915.024,-420.308,53.974,-968.37,-155.376,38.1892,-364.776,-2345.89,581.574,-5510.18
0.761168,0.010398,0.648472,159.896,5.78012,136.31,237.722,11.2306,202.8,159.985,2.1735,136.298,2416.71,30.2769,2058.87
0.761168,0.010398,0.648472,241.724,11.5573,206.221,323.863,19.2687,276.535,159.985,2.1735,136.298,2416.71,30.2769,2058.87
0.761168,0.010398,0.648472,328.108,19.7196,280.173,435.143,32.7933,372.095,159.985,2.1735,136.298,2416.71,30.2769,2058.87
0.761168,0.010398,0.648472,435.745,32.8761,372.613,650.982,69.2843,558.751,159.985,2.1735,136.298,2416.71,30.2769,2058.87
0.761168,0.010398,0.648472,651.696,69.4277,559.371,864.907,119.154,746.065,159.985,2.1735,136.298,2416.71,30.2769,2058.87
0.761168,0.010398,0.648472,865.596,119.337,746.672,1059.45,176.832,919.091,159.985,2.1735,136.298,2416.71,30.2769,2058.87
-0.180887,-0.982879,0.0350586,-26.262,-157.83,5.61301,-37.0589,-235.037,8.33988,-28.9687,-157.356,5.61283,-439.505,-2376.6,84.7854
-0.180887,-0.982879,0.0350586,-37.5859,-239.063,8.48185,-47.5302,-320.933,11.367,-28.9687,-157.356,5.61283,-439.505,-2376.6,84.7854
-0.180887,-0.982879,0.0350586,-48.0056,-325.176,11.5166,-58.7106,-432.352,15.2943,-28.9687,-157.356,5.61283,-439.505,-2376.6,84.7854
-0.180887,-0.982879,0.0350586,-58.7682,-433.014,15.3176,-72.8481,-650.631,22.9573,-28.9687,-157.356,5.61283,-439.505,-2376.6,84.7854
-0.180887,-0.982879,0.0350586,-72.8765,-651.319,22.9814,-76.7464,-869.682,30.6401,-28.9687,-157.356,5.61283,-439.505,-2376.6,84.7854
-0.180887,-0.982879,0.0350586,-76.7422,-870.407,30.6655,-71.2209,-1071.71,37.7168,-28.9687,-157.356,5.61283,-439.505,-2376.6,84.7854
-0.171613,0.882896,-0.437085,-33.5109,156.451,-77.7591,-51.9644,232.214,-115.711,-30.5187,157.062,-77.7541,-458.881,2372.94,-1174.52
-0.171613,0.882896,-0.437085,-52.9598,236.134,-117.679,-74.0985,315.924,-157.85,-30.5187,157.062,-77.7541,-458.881,2372.94,-1174.52
-0.171613,0.882896,-0.437085,-75.2174,319.978,-159.896,-105.256,423.434,-212.328,-30.5187,157.062,-77.7541,-458.881,2372.94,-1174.52
-0.171613,0.882896,-0.437085,-105.449,424.07,-212.651,-174.39,631.038,-318.832,-30.5187,157.062,-77.7541,-458.881,2372.94,-1174.52
-0.171613,0.882896,-0.437085,-174.628,631.69,-319.17,-254.404,835.161,-425.531,-30.5187,157.062,-77.7541,-458.881,2372.94,-1174.52
-0.171613,0.882896,-0.437085,-254.691,835.841,-425.89,-337.627,1019.69,-524.024,-30.5187,157.062,-77.7541,-458.881,2372.94,-1174.52
-0.313868,-0.267554,0.910989,-231.017,-233.826,726.733,-231.888,-234.873,729.739,-121.778,-103.779,353.414,-1842.59,-1564.06,5338.54
-0.313868,-0.267554,0.910989,-242.479,-247.73,766.502,-248.748,-255.451,788.454,-121.778,-103.779,353.414,-1842.59,-1564.06,5338.54
-0.313868,-0.267554,0.910989,-253.812,-261.749,806.291,-297.864,-318.903,965.576,-121.778,-103.779,353.414,-1842.59,-1564.06,5338.54
-0.313868,-0.267554,0.910989,-298.229,-319.396,966.93,-299.678,-321.353,972.304,-121.778,-103.779,353.414,-1842.59,-1564.06,5338.54
0.740636,-0.605025,0.292237,125.703,-98.9889,48.8942,188.171,-145.573,72.6844,123.905,-101.23,48.8923,1870.37,-1530.72,738.549
0.740636,-0.605025,0.292237,191.476,-147.99,73.9345,258.495,-196.029,99.1084,123.905,-101.23,48.8923,1870.37,-1530.72,738.549
0.740636,-0.605025,0.292237,262.002,-198.491,100.416,350.919,-259.28,133.306,123.905,-101.23,48.8923,1870.37,-1530.72,738.549
0.740636,-0.605025,0.292237,351.477,-259.651,133.51,535.906,-376.063,200.079,123.905,-101.23,48.8923,1870.37,-1530.72,738.549
0.740636,-0.605025,0.292237,536.503,-376.42,200.292,726.728,-483.826,266.942,123.905,-101.23,48.8923,1870.37,-1530.72,738.549
0.740636,-0.605025,0.292237,727.376,-484.171,267.166,907.35,-574.901,328.651,123.905,-101.23,48.8923,1870.37,-1530.72,738.549
0.443031,0.712614,0.543971,81.6921,137.573,103.733,119.458,205.815,154.461,84.4863,135.875,103.724,1278.19,2051.25,1566.82
0.443031,0.712614,0.543971,121.374,209.362,157.082,159.759,282.373,210.725,84.4863,135.875,103.724,1278.19,2051.25,1566.82
0.443031,0.712614,0.543971,161.704,286.174,213.502,209.427,382.823,283.599,84.4863,135.875,103.724,1278.19,2051.25,1566.82
0.443031,0.712614,0.543971,209.694,383.384,284.002,298.038,582.868,425.895,84.4863,135.875,103.724,1278.19,2051.25,1566.82
0.443031,0.712614,0.543971,298.319,583.552,426.377,375.596,788.162,568.609,84.4863,135.875,103.724,1278.19,2051.25,1566.82
0.443031,0.712614,0.543971,375.827,788.829,569.068,436.901,981.273,700.368,84.4863,135.875,103.724,1278.19,2051.25,1566.82
0.226192,0.912511,-0.340825,35.6542,155.977,-58.0154,50.929,232.416,-86.2682,38.5049,155.298,-58.005,583.649,2345.37,-876.202
0.226192,0.912511,-0.340825,51.6898,236.415,-87.744,66.3062,317.601,-117.646,38.5049,155.298,-58.005,583.649,2345.37,-876.202
0.226192,0.912511,-0.340825,67.0186,321.795,-119.188,83.7171,428.28,-158.258,38.5049,155.298,-58.005,583.649,2345.37,-876.202
0.226192,0.912511,-0.340825,83.8026,428.872,-158.474,109.566,645.431,-237.535,38.5049,155.298,-58.005,583.649,2345.37,-876.202
0.226192,0.912511,-0.340825,109.633,646.148,-237.797,124.591,864.09,-316.996,38.5049,155.298,-58.005,583.649,2345.37,-876.202
0.226192,0.912511,-0.340825,124.624,864.85,-317.272,128.734,1066.37,-390.365,38.5049,155.298,-58.005,583.649,2345.37,-876.202
-0.90761,-0.09702,-0.408449,-158.747,-19.985,-71.6008,-235.787,-31.8058,-106.47,-159.095,-16.9965,-71.5965,-2403.45,-254.624,-1081.51
-0.90761,-0.09702,-0.408449,-239.813,-32.4638,-108.295,-321.072,-46.5833,-145.19,-159.095,-16.9965,-71.5965,-2403.45,-254.624,-1081.51
-0.90761,-0.09702,-0.408449,-325.271,-47.357,-147.099,-430.946,-68.266,-195.283,-159.095,-16.9965,-71.5965,-2403.45,-254.624,-1081.51
-0.90761,-0.09702,-0.408449,-431.596,-68.4032,-195.58,-643.802,-118.908,-293.137,-159.095,-16.9965,-71.5965,-2403.45,-254.624,-1081.51
-0.90761,-0.09702,-0.408449,-644.473,-119.086,-293.447,-854.19,-180.487,-391.198,-159.095,-16.9965,-71.5965,-2403.45,-254.624,-1081.51
-0.90761,-0.09702,-0.408449,-854.892,-180.712,-391.528,-1045.38,-246.856,-481.731,-159.095,-16.9965,-71.5965,-2403.45,-254.624,-1081.51
0.792717,0.567661,0.222172,128.432,95.4212,36.4549,189.796,143.598,54.2057,130.091,93.1463,36.4588,1966.27,1405.41,550.733
0.792717,0.567661,0.222172,192.923,146.099,55.1168,256.886,198.251,73.895,130.091,93.1463,36.4588,1966.27,1405.41,550.733
0.792717,0.567661,0.222172,260.125,200.944,74.8536,342.122,270.829,99.3635,130.091,93.1463,36.4588,1966.27,1405.41,550.733
0.792717,0.567661,0.222172,342.604,271.25,99.5092,503.371,418.549,149.114,130.091,93.1463,36.4588,1966.27,1405.41,550.733
0.792717,0.567661,0.222172,503.901,419.06,149.282,657.692,574.25,198.977,130.091,93.1463,36.4588,1966.27,1405.41,550.733
0.792717,0.567661,0.222172,658.156,574.742,199.131,793.213,724.25,244.941,130.091,93.1463,36.4588,1966.27,1405.41,550.733
0.524336,-0.261019,-0.810519,172.231,-78.436,-261.94,180.028,-81.6543,-273.611,143.227,-71.3171,-221.411,2162.05,-1080.26,-3344.55
0.524336,-0.261019,-0.810519,181.25,-82.1555,-275.437,217.433,-96.7013,-329.383,143.227,-71.3171,-221.411,2162.05,-1080.26,-3344.55
0.524336,-0.261019,-0.810519,221.19,-98.178,-334.968,298.502,-127.163,-449.185,143.227,-71.3171,-221.411,2162.05,-1080.26,-3344.55
0.524336,-0.261019,-0.810519,302.503,-128.591,-455.06,404.88,-162.795,-604.361,143.227,-71.3171,-221.411,2162.05,-1080.26,-3344.55
0.524336,-0.261019,-0.810519,405.455,-162.975,-605.194,616.732,-219.743,-907.872,143.227,-71.3171,-221.411,2162.05,-1080.26,-3344.55
0.524336,-0.261019,-0.810519,617.394,-219.892,-908.81,706.325,-238.423,-1034.48,143.227,-71.3171,-221.411,2162.05,-1080.26,-3344.55
0.933435,0.0827411,0.349074,159.09,17.0421,59.6012,236.412,27.3881,88.6384,159.376,14.1176,59.6011,2407.66,211.187,900.312
0.933435,0.0827411,0.349074,240.38,27.9569,90.1303,321.891,40.4648,120.827,159.376,14.1176,59.6011,2407.66,211.187,900.312
0.933435,0.0827411,0.349074,326.113,41.1557,122.42,432.198,59.9019,162.52,159.376,14.1176,59.6011,2407.66,211.187,900.312
0.933435,0.0827411,0.349074,432.841,60.0238,162.763,646.064,105.959,243.97,159.376,14.1176,59.6011,2407.66,211.187,900.312
0.933435,0.0827411,0.349074,646.734,106.122,244.227,857.759,162.754,325.573,159.376,14.1176,59.6011,2407.66,211.187,900.312
0.933435,0.0827411,0.349074,858.453,162.959,325.843,1050.35,224.462,400.848,159.376,14.1176,59.6011,2407.66,211.187,900.312
-0.436932,0.0480767,-0.898209,-283.022,11.3583,-579.116,-283.989,11.3297,-581.092,-159.038,17.5202,-326.941,-2401.88,269.052,-4938.66
-0.436932,0.0480767,-0.898209,-296.8,10.9085,-607.272,-305.956,10.558,-625.987,-159.038,17.5202,-326.941,-2401.88,269.052,-4938.66
-0.436932,0.0480767,-0.898209,-310.577,10.3658,-635.433,-324.328,9.7305,-663.544,-159.038,17.5202,-326.941,-2401.88,269.052,-4938.66
-0.436932,0.0480767,-0.898209,-328.562,9.51627,-672.201,-436.383,1.1019,-893.061,-159.038,17.5202,-326.941,-2401.88,269.052,-4938.66
-0.436932,0.0480767,-0.898209,-436.982,1.03913,-894.291,-478.796,-3.78235,-980.241,-159.038,17.5202,-326.941,-2401.88,269.052,-4938.66
0.468486,-0.401785,0.786823,139.824,-112.559,228.885,186.894,-147.348,303.514,121.443,-104.172,203.979,1832.41,-1575.97,3081.23
0.468486,-0.401785,0.786823,190.144,-149.697,308.627,257.814,-197.051,413.933,121.443,-104.172,203.979,1832.41,-1575.97,3081.23
0.468486,-0.401785,0.786823,261.301,-199.413,419.303,351.781,-258.179,556.894,121.443,-104.172,203.979,1832.41,-1575.97,3081.23
0.468486,-0.401785,0.786823,352.315,-258.512,557.697,542.165,-366.989,836.614,121.443,-104.172,203.979,1832.41,-1575.97,3081.23
0.468486,-0.401785,0.786823,542.78,-367.31,837.5,695.276,-441.274,1053.65,121.443,-104.172,203.979,1832.41,-1575.97,3081.23
-0.566909,-0.755776,-0.327745,-93.6751,-129.711,-55.5082,-137.534,-194.212,-82.5299,-96.0161,-127.988,-55.505,-1452.03,-1932.1,-838.438
-0.566909,-0.755776,-0.327745,-139.764,-197.56,-83.9234,-184.835,-266.644,-112.496,-96.0161,-127.988,-55.505,-1452.03,-1932.1,-838.438
-0.566909,-0.755776,-0.327745,-187.128,-270.235,-113.972,-243.978,-361.807,-151.307,-96.0161,-127.988,-55.505,-1452.03,-1932.1,-838.438
-0.566909,-0.755776,-0.327745,-244.289,-362.322,-151.515,-352.391,-551.726,-227.051,-96.0161,-127.988,-55.505,-1452.03,-1932.1,-838.438
-0.566909,-0.755776,-0.327745,-352.734,-552.364,-227.302,-451.493,-747.21,-302.973,-96.0161,-127.988,-55.505,-1452.03,-1932.1,-838.438
-0.566909,-0.755776,-0.327745,-451.822,-747.9,-303.238,-534.262,-931.82,-373.055,-96.0161,-127.988,-55.505,-1452.03,-1932.1,-838.438
-0.0787714,0.874427,-0.478719,-17.4552,159.045,-87.2553,-28.1643,236.309,-129.841,-14.3449,159.356,-87.2413,-214.481,2407.36,-1317.83
-0.0787714,0.874427,-0.478719,-28.7561,240.285,-132.036,-41.7582,321.733,-177.07,-14.3449,159.356,-87.2413,-214.481,2407.36,-1317.83
-0.0787714,0.874427,-0.478719,-42.4761,325.944,-179.403,-62.0314,431.899,-238.231,-14.3449,159.356,-87.2413,-214.481,2407.36,-1317.83
-0.0787714,0.874427,-0.478719,-62.1584,432.54,-238.587,-110.286,645.344,-357.723,-14.3449,159.356,-87.2413,-214.481,2407.36,-1317.83
-0.0787714,0.874427,-0.478719,-110.456,646.008,-358.097,-170.023,856.339,-477.473,-14.3449,159.356,-87.2413,-214.481,2407.36,-1317.83
-0.0787714,0.874427,-0.478719,-170.241,857.039,-477.873,-235.098,1048.08,-588.041,-14.3449,159.356,-87.2413,-214.481,2407.36,-1317.83
-0.322205,0.565238,0.759401,-88.1634,145.06,198.138,-125.858,201.926,277.755,-79.2239,139.009,186.75,-1194.13,2101.3,2820.98
-0.322205,0.565238,0.759401,-128.144,205.288,282.499,-175.538,272.877,378.828,-79.2239,139.009,186.75,-1194.13,2101.3,2820.98
-0.322205,0.565238,0.759401,-178.024,276.317,383.78,-242.806,362.576,509.652,-79.2239,139.009,186.75,-1194.13,2101.3,2820.98
-0.322205,0.565238,0.759401,-243.185,363.064,510.373,-383.661,530.516,765.458,-79.2239,139.009,186.75,-1194.13,2101.3,2820.98
-0.322205,0.565238,0.759401,-384.116,531.02,766.251,-536.903,688.494,1022.37,-79.2239,139.009,186.75,-1194.13,2101.3,2820.98
-0.322205,0.565238,0.759401,-537.408,688.978,1023.18,-568.473,718.335,1073.06,-79.2239,139.009,186.75,-1194.13,2101.3,2820.98
-0.746726,0.101569,-0.657331,-158.989,17.9612,-139.578,-236.744,24.1078,-207.582,-158.539,21.5764,-139.561,-2394.47,328.483,-2108.15
-0.746726,0.101569,-0.657331,-240.769,24.379,-211.098,-323.147,28.9064,-283.026,-158.539,21.5764,-139.561,-2394.47,328.483,-2108.15
-0.746726,0.101569,-0.657331,-327.41,29.088,-286.747,-435.183,31.9593,-380.756,-158.539,21.5764,-139.561,-2394.47,328.483,-2108.15
-0.746726,0.101569,-0.657331,-435.813,31.9665,-381.305,-654.129,27.6358,-571.739,-158.539,21.5764,-139.561,-2394.47,328.483,-2108.15
-0.746726,0.101569,-0.657331,-654.802,27.6016,-572.327,-873.001,9.64907,-763.271,-158.539,21.5764,-139.561,-2394.47,328.483,-2108.15
-0.746726,0.101569,-0.657331,-873.731,9.56598,-763.912,-1073.91,-19.0708,-940.238,-158.539,21.5764,-139.561,-2394.47,328.483,-2108.15
0.309589,-0.942342,0.127071,52.5461,-151.125,20.4963,80.0485,-224.099,30.5369,49.9303,-152.01,20.4975,752.365,-2296.81,309.628
0.309589,-0.942342,0.127071,81.5048,-227.862,31.0563,111.987,-304.488,41.6744,49.9303,-152.01,20.4975,752.365,-2296.81,309.628
0.309589,-0.942342,0.127071,113.603,-308.444,42.2246,155.576,-407.708,56.1015,49.9303,-152.01,20.4975,752.365,-2296.81,309.628
0.309589,-0.942342,0.127071,155.816,-408.259,56.179,247.772,-605.96,84.2794,49.9303,-152.01,20.4975,752.365,-2296.81,309.628
0.309589,-0.942342,0.127071,248.094,-606.611,84.3729,349.426,-800.046,112.514,49.9303,-152.01,20.4975,752.365,-2296.81,309.628
0.309589,-0.942342,0.127071,349.795,-800.713,112.612,451.275,-974.736,138.574,49.9303,-152.01,20.4975,752.365,-2296.81,309.628
-0.737514,0.645127,-0.19971,-122.249,103.224,-32.6122,-183.149,151.906,-48.4989,-120.422,105.35,-32.6105,-1817.74,1592.86,-492.602
-0.737514,0.645127,-0.19971,-186.338,154.409,-49.3248,-251.716,204.726,-66.1348,-120.422,105.35,-32.6105,-1817.74,1592.86,-492.602
-0.737514,0.645127,-0.19971,-255.103,207.282,-66.9995,-341.902,271.135,-88.9636,-120.422,105.35,-32.6105,-1817.74,1592.86,-492.602
-0.737514,0.645127,-0.19971,-342.408,271.498,-89.0905,-522.532,394.35,-133.546,-120.422,105.35,-32.6105,-1817.74,1592.86,-492.602
-0.737514,0.645127,-0.19971,-523.159,394.756,-133.698,-709.325,509.08,-178.244,-120.422,105.35,-32.6105,-1817.74,1592.86,-492.602
-0.737514,0.645127,-0.19971,-709.918,509.425,-178.384,-886.25,606.85,-219.456,-120.422,105.35,-32.6105,-1817.74,1592.86,-492.602
-0.830132,-0.505062,-0.236207,-135.203,-85.5586,-38.9035,-200,-128.944,-57.8701,-136.694,-83.1551,-38.8938,-2065.89,-1254.4,-587.515
-0.830132,-0.505062,-0.236207,-203.335,-131.22,-58.8523,-271.009,-178.374,-78.915,-136.694,-83.1551,-38.8938,-2065.89,-1254.4,-587.515
-0.830132,-0.505062,-0.236207,-274.481,-180.843,-79.9512,-361.479,-244.333,-106.142,-136.694,-83.1551,-38.8938,-2065.89,-1254.4,-587.515
-0.830132,-0.505062,-0.236207,-362.02,-244.737,-106.306,-533.431,-379.555,-159.35,-136.694,-83.1551,-38.8938,-2065.89,-1254.4,-587.515
-0.830132,-0.505062,-0.236207,-533.972,-380.002,-159.521,-698.949,-523.147,-212.674,-136.694,-83.1551,-38.8938,-2065.89,-1254.4,-587.515
-0.830132,-0.505062,-0.236207,-699.495,-523.645,-212.854,-845.422,-662.613,-261.887,-136.694,-83.1551,-38.8938,-2065.89,-1254.4,-587.515
-0.130792,0.984829,-0.114038,-23.7929,158.221,-18.3667,-37.345,235.035,-27.301,-21.0549,158.609,-18.3658,-316.107,2396.14,-277.428
-0.130792,0.984829,-0.114038,-38.0779,238.986,-27.7613,-53.8784,319.948,-37.2118,-21.0549,158.609,-18.3658,-316.107,2396.14,-277.428
-0.130792,0.984829,-0.114038,-54.7312,324.111,-37.6987,-77.6135,429.356,-50.0406,-21.0549,158.609,-18.3658,-316.107,2396.14,-277.428
-0.130792,0.984829,-0.114038,-77.7634,430.008,-50.1174,-131.569,641.333,-75.0978,-21.0549,158.609,-18.3658,-316.107,2396.14,-277.428
-0.130792,0.984829,-0.114038,-131.757,642.003,-75.1775,-195.568,850.87,-100.194,-21.0549,158.609,-18.3658,-316.107,2396.14,-277.428
-0.130792,0.984829,-0.114038,-195.798,851.564,-100.278,-263.316,1041.29,-123.334,-21.0549,158.609,-18.3658,-316.107,2396.14,-277.428
-0.702572,-0.486748,-0.519104,-129.668,-93.7347,-97.1728,-191.518,-141.286,-144.482,-131.526,-91.1093,-97.1751,-1988.08,-1374.39,-1467.89
-0.702572,-0.486748,-0.519104,-194.671,-143.761,-146.913,-258.98,-195.393,-196.923,-131.526,-91.1093,-97.1751,-1988.08,-1374.39,-1467.89
-0.702572,-0.486748,-0.519104,-262.29,-198.11,-199.52,-344.651,-267.663,-264.897,-131.526,-91.1093,-97.1751,-1988.08,-1374.39,-1467.89
-0.702572,-0.486748,-0.519104,-345.107,-268.059,-265.263,-505.914,-415.494,-397.565,-131.526,-91.1093,-97.1751,-1988.08,-1374.39,-1467.89
-0.702572,-0.486748,-0.519104,-506.433,-415.997,-398.003,-659.3,-572.391,-530.613,-131.526,-91.1093,-97.1751,-1988.08,-1374.39,-1467.89
-0.702572,-0.486748,-0.519104,-659.765,-572.894,-531.028,-793.003,-724.431,-653.369,-131.526,-91.1093,-97.1751,-1988.08,-1374.39,-1467.89
-0.749009,0.0634842,0.659511,-159.695,9.8759,140.386,-237.646,11.9272,208.739,-159.427,13.5249,140.378,-2408.03,206.88,2120.5
-0.749009,0.0634842,0.659511,-241.703,11.9866,212.295,-324.267,12.1805,284.676,-159.427,13.5249,140.378,-2408.03,206.88,2120.5
-0.749009,0.0634842,0.659511,-328.476,12.1386,288.366,-436.288,9.34312,382.913,-159.427,13.5249,140.378,-2408.03,206.88,2120.5
-0.749009,0.0634842,0.659511,-436.884,9.31808,383.435,-654.622,-6.47261,574.82,-159.427,13.5249,140.378,-2408.03,206.88,2120.5
-0.749009,0.0634842,0.659511,-655.351,-6.54842,575.463,-872.338,-36.0276,767.491,-159.427,13.5249,140.378,-2408.03,206.88,2120.5
-0.749009,0.0634842,0.659511,-873.035,-36.1446,768.111,-1071.46,-75.3715,945.493,-159.427,13.5249,140.378,-2408.03,206.88,2120.5
-0.216604,0.365873,0.905108,-178.838,254.131,662.339,-181.447,257.27,671.028,-81.4914,137.692,340.6,-1227.04,2082.25,5144.99
-0.216604,0.365873,0.905108,-190.398,267.941,700.676,-199.242,278.336,729.73,-81.4914,137.692,340.6,-1227.04,2082.25,5144.99
-0.216604,0.365873,0.905108,-202.088,281.65,739.03,-262.434,348.64,930.979,-81.4914,137.692,340.6,-1227.04,2082.25,5144.99
-0.216604,0.365873,0.905108,-262.855,349.087,932.286,-277.1,364.036,976.243,-81.4914,137.692,340.6,-1227.04,2082.25,5144.99
-0.991646,0.0884227,-0.0939093,-159.588,11.4698,-15.093,-237.427,15.0685,-22.4277,-159.367,14.2196,-15.0922,-2407.16,216.742,-227.977
-0.991646,0.0884227,-0.0939093,-241.521,15.2217,-22.8133,-324.007,17.5441,-30.5845,-159.367,14.2196,-15.0922,-2407.16,216.742,-227.977
-0.991646,0.0884227,-0.0939093,-328.227,17.6236,-30.982,-435.965,18.36,-41.1327,-159.367,14.2196,-15.0922,-2407.16,216.742,-227.977
-0.991646,0.0884227,-0.0939093,-436.598,18.357,-41.1923,-654.515,12.1937,-61.7337,-159.367,14.2196,-15.0922,-2407.16,216.742,-227.977
-0.991646,0.0884227,-0.0939093,-655.271,12.1544,-61.805,-873.083,-4.28243,-82.3954,-159.367,14.2196,-15.0922,-2407.16,216.742,-227.977
-0.991646,0.0884227,-0.0939093,-873.773,-4.35085,-82.4607,-1073.72,-28.5932,-101.445,-159.367,14.2196,-15.0922,-2407.16,216.742,-227.977
0.328927,0.897419,-0.294018,52.3676,151.187,-49.2183,75.9924,225.539,-73.1766,55.0711,150.224,-49.2183,833.793,2268.52,-743.474
0.328927,0.897419,-0.294018,77.1696,229.366,-74.4064,100.646,308.404,-99.7328,55.0711,150.224,-49.2183,833.793,2268.52,-743.474
0.328927,0.897419,-0.294018,101.828,312.53,-101.051,130.195,416.428,-134.13,55.0711,150.224,-49.2183,833.793,2268.52,-743.474
0.328927,0.897419,-0.294018,130.366,417.084,-134.339,180.064,629.431,-201.307,55.0711,150.224,-49.2183,833.793,2268.52,-743.474
0.328927,0.897419,-0.294018,180.208,630.121,-201.523,219.509,844.998,-268.57,55.0711,150.224,-49.2183,833.793,2268.52,-743.474
0.328927,0.897419,-0.294018,219.625,845.732,-268.798,246.498,1045.47,-330.625,55.0711,150.224,-49.2183,833.793,2268.52,-743.474
0.0804263,0.993209,0.084065,10.1733,159.676,13.4991,13.1564,237.549,20.025,12.9231,159.477,13.4982,197.157,2408.85,203.899
0.0804263,0.993209,0.084065,13.2769,241.636,20.3674,14.9428,324.15,27.2784,12.9231,159.477,13.4982,197.157,2408.85,203.899
0.0804263,0.993209,0.084065,14.9886,328.358,27.6307,14.8607,436.115,36.6523,12.9231,159.477,13.4982,197.157,2408.85,203.899
0.0804263,0.993209,0.084065,14.8528,436.731,36.7039,6.92945,654.608,54.963,12.9231,159.477,13.4982,197.157,2408.85,203.899
0.0804263,0.993209,0.084065,6.88431,655.347,55.0251,-11.3017,873.004,73.3326,12.9231,159.477,13.4982,197.157,2408.85,203.899
0.0804263,0.993209,0.084065,-11.3784,873.709,73.3921,-37.1911,1073.47,90.272,12.9231,159.477,13.4982,197.157,2408.85,203.899
-0.611874,0.707218,0.354193,-106.882,119.064,60.6028,-160.561,175.647,90.1096,-104.679,121.005,60.5995,-1579.67,1829.22,915.393
-0.611874,0.707218,0.354193,-163.36,178.543,91.6332,-221.31,237.32,122.856,-104.679,121.005,60.5995,-1579.67,1829.22,915.393
-0.611874,0.707218,0.354193,-224.292,240.285,124.446,-301.69,315.304,165.221,-104.679,121.005,60.5995,-1579.67,1829.22,915.393
-0.611874,0.707218,0.354193,-302.125,315.714,165.447,-464.286,461.548,247.937,-104.679,121.005,60.5995,-1579.67,1829.22,915.393
-0.611874,0.707218,0.354193,-464.833,462.015,248.209,-634.382,599.781,330.831,-104.679,121.005,60.5995,-1579.67,1829.22,915.393
-0.611874,0.707218,0.354193,-634.983,600.245,331.118,-797.365,719.68,407.35,-104.679,121.005,60.5995,-1579.67,1829.22,915.393
-0.521168,0.676836,0.519881,-100.129,124.796,97.382,-150.676,184.212,144.83,-97.607,126.779,97.3745,-1472.61,1916.46,1470.9
-0.521168,0.676836,0.519881,-153.309,187.244,147.273,-208.107,248.974,197.482,-97.607,126.779,97.3745,-1472.61,1916.46,1470.9
-0.521168,0.676836,0.519881,-210.935,252.091,200.042,-284.466,330.898,265.623,-97.607,126.779,97.3745,-1472.61,1916.46,1470.9
-0.521168,0.676836,0.519881,-284.895,331.345,266,-440.12,484.619,398.769,-97.607,126.779,97.3745,-1472.61,1916.46,1470.9
-0.521168,0.676836,0.519881,-440.66,485.124,399.219,-604.457,630.003,532.36,-97.607,126.779,97.3745,-1472.61,1916.46,1470.9
-0.521168,0.676836,0.519881,-604.999,630.455,532.79,-763.004,755.982,655.676,-97.607,126.779,97.3745,-1472.61,1916.46,1470.9
-0.806448,-0.556698,0.19932,-130.064,-93.1851,32.5432,-192.236,-140.235,48.423,-131.679,-90.8879,32.5442,-1990.22,-1371.28,491.6
-0.806448,-0.556698,0.19932,-195.444,-142.708,49.248,-260.302,-193.694,66.0505,-131.679,-90.8879,32.5442,-1990.22,-1371.28,491.6
-0.806448,-0.556698,0.19932,-263.612,-196.348,66.9147,-346.851,-264.764,88.8584,-131.679,-90.8879,32.5442,-1990.22,-1371.28,491.6
-0.806448,-0.556698,0.19932,-347.332,-265.169,88.9864,-510.711,-409.546,133.375,-131.679,-90.8879,32.5442,-1990.22,-1371.28,491.6
-0.806448,-0.556698,0.19932,-511.257,-410.054,133.527,-667.87,-562.369,177.985,-131.679,-90.8879,32.5442,-1990.22,-1371.28,491.6
-0.806448,-0.556698,0.19932,-668.348,-562.857,178.124,-806.167,-709.79,219.137,-131.679,-90.8879,32.5442,-1990.22,-1371.28,491.6
-0.955937,0.220656,-0.193638,-156.505,33.2613,-31.5781,-233.169,47.508,-46.9676,-155.899,35.9952,-31.5797,-2354.5,545.662,-477.032
-0.955937,0.220656,-0.193638,-237.149,48.2111,-47.7653,-318.538,61.7955,-64.0519,-155.899,35.9952,-31.5797,-2354.5,545.662,-477.032
-0.955937,0.220656,-0.193638,-322.713,62.4517,-64.8859,-429.377,77.8886,-86.159,-155.899,35.9952,-31.5797,-2354.5,545.662,-477.032
-0.955937,0.220656,-0.193638,-429.972,77.9675,-86.2774,-646.749,101.475,-129.329,-155.899,35.9952,-31.5797,-2354.5,545.662,-477.032
-0.955937,0.220656,-0.193638,-647.47,101.536,-129.472,-865.458,114.702,-172.604,-155.899,35.9952,-31.5797,-2354.5,545.662,-477.032
-0.955937,0.220656,-0.193638,-866.219,114.729,-172.755,-1067.67,117.643,-212.556,-155.899,35.9952,-31.5797,-2354.5,545.662,-477.032
-0.908725,-0.406373,-0.095289,-144.915,-67.8206,-15.3168,-214.609,-102.667,-22.7865,-146.064,-65.3085,-15.3159,-2207.19,-984.741,-231.357
-0.908725,-0.406373,-0.095289,-218.259,-104.532,-23.1793,-291.382,-142.769,-31.0892,-146.064,-65.3085,-15.3159,-2207.19,-984.741,-231.357
-0.908725,-0.406373,-0.095289,-295.106,-144.761,-31.494,-389.493,-196.713,-41.8098,-146.064,-65.3085,-15.3159,-2207.19,-984.741,-231.357
-0.908725,-0.406373,-0.095289,-390.045,-197.026,-41.8706,-577.219,-308.793,-62.7464,-146.064,-65.3085,-15.3159,-2207.19,-984.741,-231.357
-0.908725,-0.406373,-0.095289,-577.862,-309.197,-62.8191,-759.93,-429.876,-83.725,-146.064,-65.3085,-15.3159,-2207.19,-984.741,-231.357
-0.908725,-0.406373,-0.095289,-760.501,-430.274,-83.7915,-923.177,-549.029,-103.059,-146.064,-65.3085,-15.3159,-2207.19,-984.741,-231.357
-0.434159,-0.817262,-0.378931,-72.4352,-142.664,-65.5161,-105.794,-213.178,-97.4621,-75.072,-141.295,-65.5147,-1135.87,-2133.36,-989.641
-0.434159,-0.817262,-0.378931,-107.477,-216.824,-99.1069,-141.293,-292.054,-132.885,-75.072,-141.295,-65.5147,-1135.87,-2133.36,-989.641
-0.434159,-0.817262,-0.378931,-143.003,-295.963,-134.632,-184.919,-395.263,-178.777,-75.072,-141.295,-65.5147,-1135.87,-2133.36,-989.641
-0.434159,-0.817262,-0.378931,-185.147,-395.822,-179.024,-262.322,-599.805,-268.352,-75.072,-141.295,-65.5147,-1135.87,-2133.36,-989.641
-0.434159,-0.817262,-0.378931,-262.561,-600.491,-268.649,-329.451,-808.571,-358.192,-75.072,-141.295,-65.5147,-1135.87,-2133.36,-989.641
-0.434159,-0.817262,-0.378931,-329.641,-809.218,-358.468,-381.924,-1003.91,-441.053,-75.072,-141.295,-65.5147,-1135.87,-2133.36,-989.641
0.823323,0.476007,-0.309121,137.053,82.5616,-52.0063,202.758,124.534,-77.325,138.521,80.0751,-52.0064,2093.46,1207.81,-785.59
0.823323,0.476007,-0.309121,206.153,126.747,-78.6412,274.805,172.458,-105.423,138.521,80.0751,-52.0064,2093.46,1207.81,-785.59
0.823323,0.476007,-0.309121,278.333,174.856,-106.808,366.627,236.54,-141.786,138.521,80.0751,-52.0064,2093.46,1207.81,-785.59
0.823323,0.476007,-0.309121,367.175,236.932,-142.004,541.247,368.322,-212.847,138.521,80.0751,-52.0064,2093.46,1207.81,-785.59
0.823323,0.476007,-0.309121,541.797,368.759,-213.075,709.476,508.775,-284.07,138.521,80.0751,-52.0064,2093.46,1207.81,-785.59
0.823323,0.476007,-0.309121,710.033,509.264,-284.311,858.418,645.601,-349.804,138.521,80.0751,-52.0064,2093.46,1207.81,-785.59
0.66253,-0.50523,0.552989,129.188,-94.3949,106.195,193.58,-138.436,158.09,127.221,-97.0297,106.192,1920.34,-1467.55,1604.1
0.66253,-0.50523,0.552989,196.918,-140.668,160.762,266.03,-185.776,215.67,127.221,-97.0297,106.192,1920.34,-1467.55,1604.1
0.66253,-0.50523,0.552989,269.596,-188.047,218.482,361.298,-244.626,290.172,127.221,-97.0297,106.192,1920.34,-1467.55,1604.1
0.66253,-0.50523,0.552989,361.865,-244.965,290.612,552.234,-351.645,435.821,127.221,-97.0297,106.192,1920.34,-1467.55,1604.1
0.66253,-0.50523,0.552989,552.852,-351.969,436.285,749.347,-447.974,581.776,127.221,-97.0297,106.192,1920.34,-1467.55,1604.1
0.66253,-0.50523,0.552989,750.027,-448.283,582.273,935.949,-526.959,716.569,127.221,-97.0297,106.192,1920.34,-1467.55,1604.1
-0.383761,-0.249941,0.888964,-216.135,-160.984,523.391,-221.125,-165.226,536.103,-134.083,-87.3032,310.57,-2027.72,-1315.21,4691.36
-0.383761,-0.249941,0.888964,-226.618,-169.926,550.136,-257.728,-197.167,630.404,-134.083,-87.3032,310.57,-2027.72,-1315.21,4691.36
-0.383761,-0.249941,0.888964,-260.869,-199.977,638.586,-339.501,-274.136,848.37,-134.083,-87.3032,310.57,-2027.72,-1315.21,4691.36
-0.383761,-0.249941,0.888964,-339.945,-274.576,849.584,-388.363,-324.228,984.157,-134.083,-87.3032,310.57,-2027.72,-1315.21,4691.36
0.296751,0.871067,-0.391384,48.772,152.385,-68.0542,70.4435,227.283,-101.273,51.6055,151.449,-68.0499,781.534,2287.05,-1027.94
0.296751,0.871067,-0.391384,71.5327,231.186,-103,92.904,310.862,-138.149,51.6055,151.449,-68.0499,781.534,2287.05,-1027.94
0.296751,0.871067,-0.391384,93.9647,314.983,-139.962,119.468,419.695,-185.884,51.6055,151.449,-68.0499,781.534,2287.05,-1027.94
0.296751,0.871067,-0.391384,119.606,420.296,-186.147,163.118,633.999,-279.095,51.6055,151.449,-68.0499,781.534,2287.05,-1027.94
0.296751,0.871067,-0.391384,163.247,634.726,-279.41,195.906,850.836,-372.549,51.6055,151.449,-68.0499,781.534,2287.05,-1027.94
0.296751,0.871067,-0.391384,195.991,851.519,-372.842,216.326,1052.08,-458.768,51.6055,151.449,-68.0499,781.534,2287.05,-1027.94
-0.321349,-0.884211,0.338977,-51.9156,-151.343,57.6612,-75.2097,-225.734,85.8345,-54.6605,-150.374,57.6494,-827.625,-2270.78,870.831
-0.321349,-0.884211,0.338977,-76.3892,-229.627,87.3047,-99.5334,-308.829,117.124,-54.6605,-150.374,57.6494,-827.625,-2270.78,870.831
-0.321349,-0.884211,0.338977,-100.68,-312.901,118.653,-128.564,-417.024,157.608,-54.6605,-150.374,57.6494,-827.625,-2270.78,870.831
-0.321349,-0.884211,0.338977,-128.71,-417.598,157.822,-177.243,-630.221,236.635,-54.6605,-150.374,57.6494,-827.625,-2270.78,870.831
-0.321349,-0.884211,0.338977,-177.385,-630.922,236.893,-215.349,-846.056,315.85,-54.6605,-150.374,57.6494,-827.625,-2270.78,870.831
-0.321349,-0.884211,0.338977,-215.461,-846.802,316.123,-240.937,-1046.75,388.972,-54.6605,-150.374,57.6494,-827.625,-2270.78,870.831
-0.768626,0.304146,0.562769,-149.961,55.7831,108.94,-223.852,80.835,162.062,-148.772,58.881,108.93,-2246.42,891.622,1645.45
-0.768626,0.304146,0.562769,-227.655,82.0797,164.787,-306.321,106.851,220.947,-148.772,58.881,108.93,-2246.42,891.622,1645.45
-0.768626,0.304146,0.562769,-310.419,108.091,223.862,-414.031,137.801,297.251,-148.772,58.881,108.93,-2246.42,891.622,1645.45
-0.768626,0.304146,0.562769,-414.633,137.964,297.676,-626.717,189.165,446.237,-148.772,58.881,108.93,-2246.42,891.622,1645.45
-0.768626,0.304146,0.562769,-627.444,189.319,446.742,-842.636,228.527,595.676,-148.772,58.881,108.93,-2246.42,891.622,1645.45
-0.768626,0.304146,0.562769,-843.341,228.635,596.161,-1043.69,253.907,733.656,-148.772,58.881,108.93,-2246.42,891.622,1645.45
-0.937634,-0.0967857,-0.333879,-158.828,-19.3286,-56.6817,-235.952,-30.8084,-84.3222,-159.155,-16.4188,-56.6727,-2404.35,-245.963,-856.077
-0.937634,-0.0967857,-0.333879,-239.949,-31.4418,-85.7567,-321.251,-45.1435,-114.987,-159.155,-16.4188,-56.6727,-2404.35,-245.963,-856.077
-0.937634,-0.0967857,-0.333879,-325.48,-45.8989,-116.51,-431.287,-66.1881,-154.712,-159.155,-16.4188,-56.6727,-2404.35,-245.963,-856.077
-0.937634,-0.0967857,-0.333879,-431.922,-66.3187,-154.941,-644.474,-115.314,-232.312,-159.155,-16.4188,-56.6727,-2404.35,-245.963,-856.077
-0.937634,-0.0967857,-0.333879,-645.129,-115.482,-232.552,-855.338,-175.071,-310.041,-159.155,-16.4188,-56.6727,-2404.35,-245.963,-856.077
-0.937634,-0.0967857,-0.333879,-856.022,-175.283,-310.294,-1047.04,-239.444,-381.75,-159.155,-16.4188,-56.6727,-2404.35,-245.963,-856.077
0.888411,0.167079,0.427563,156.655,32.5455,75.6812,232.481,50.5718,112.572,157.245,29.5621,75.676,2375.69,444.439,1143.13
0.888411,0.167079,0.427563,236.445,51.5548,114.505,316.336,72.2392,153.563,157.245,29.5621,75.676,2375.69,444.439,1143.13
0.888411,0.167079,0.427563,320.414,73.3399,155.562,424.04,102.794,206.576,157.245,29.5621,75.676,2375.69,444.439,1143.13
0.888411,0.167079,0.427563,424.675,102.983,206.89,632.046,170.705,310.201,157.245,29.5621,75.676,2375.69,444.439,1143.13
0.888411,0.167079,0.427563,632.699,170.937,310.529,836.662,249.43,414.014,157.245,29.5621,75.676,2375.69,444.439,1143.13
0.888411,0.167079,0.427563,837.342,249.712,414.362,1021.72,331.441,509.868,157.245,29.5621,75.676,2375.69,444.439,1143.13
0.791216,0.461148,-0.401646,136.707,83.1328,-70.1697,202.151,125.529,-104.349,138.24,80.5592,-70.1722,2089.27,1215.06,-1060
0.791216,0.461148,-0.401646,205.526,127.762,-106.123,273.892,173.98,-142.303,138.24,80.5592,-70.1722,2089.27,1215.06,-1060
0.791216,0.461148,-0.401646,277.368,176.382,-144.156,365.237,238.804,-191.419,138.24,80.5592,-70.1722,2089.27,1215.06,-1060
0.791216,0.461148,-0.401646,365.727,239.161,-191.685,538.578,372.169,-287.325,138.24,80.5592,-70.1722,2089.27,1215.06,-1060
0.791216,0.461148,-0.401646,539.144,372.627,-287.645,705.333,514.609,-383.517,138.24,80.5592,-70.1722,2089.27,1215.06,-1060
0.791216,0.461148,-0.401646,705.838,515.063,-383.814,852.495,653.409,-472.251,138.24,80.5592,-70.1722,2089.27,1215.06,-1060
-0.547254,-0.284123,0.787266,-156.659,-87.6249,229.2,-206.515,-118.275,303.909,-142.009,-73.7114,204.281,-2146.59,-1110.66,3085.79
-0.547254,-0.284123,0.787266,-209.914,-120.416,309.038,-279.12,-165.469,414.453,-142.009,-73.7114,204.281,-2146.59,-1110.66,3085.79
-0.547254,-0.284123,0.787266,-282.627,-167.827,419.847,-370.949,-229.77,557.567,-142.009,-73.7114,204.281,-2146.59,-1110.66,3085.79
-0.547254,-0.284123,0.787266,-371.466,-230.147,558.383,-543.058,-365.646,837.529,-142.009,-73.7114,204.281,-2146.59,-1110.66,3085.79
-0.547254,-0.284123,0.787266,-543.594,-366.104,838.43,-668.542,-479.239,1053.65,-142.009,-73.7114,204.281,-2146.59,-1110.66,3085.79
0.460771,-0.0954665,-0.88237,253.02,-37.271,-479.792,259.023,-37.7936,-491.084,156.669,-32.4797,-300.025,2365.74,-494.674,-4532.07
0.460771,-0.0954665,-0.88237,266.744,-38.4416,-505.605,321.696,-42.2641,-608.84,156.669,-32.4797,-300.025,2365.74,-494.674,-4532.07
0.460771,-0.0954665,-0.88237,325.941,-42.5019,-616.807,433.987,-45.7938,-819.414,156.669,-32.4797,-300.025,2365.74,-494.674,-4532.07
0.460771,-0.0954665,-0.88237,434.577,-45.7972,-820.52,523.96,-44.4829,-988.044,156.669,-32.4797,-300.025,2365.74,-494.674,-4532.07
0.18712,-0.636826,0.747957,52.2774,-161.5,191.305,75.7532,-225.554,268.163,45.0931,-153.514,180.299,678.347,-2319.75,2723.53
0.18712,-0.636826,0.747957,77.1973,-229.357,272.746,107.581,-306.12,365.758,45.0931,-153.514,180.299,678.347,-2319.75,2723.53
0.18712,-0.636826,0.747957,109.194,-310.033,370.527,152.092,-409.035,492.103,45.0931,-153.514,180.299,678.347,-2319.75,2723.53
0.18712,-0.636826,0.747957,152.336,-409.571,492.767,249.679,-605.194,739.023,45.0931,-153.514,180.299,678.347,-2319.75,2723.53
0.18712,-0.636826,0.747957,250.018,-605.82,739.826,361.345,-794.777,986.991,45.0931,-153.514,180.299,678.347,-2319.75,2723.53
0.18712,-0.636826,0.747957,361.736,-795.389,987.81,407.107,-864.461,1080.93,45.0931,-153.514,180.299,678.347,-2319.75,2723.53
0.464554,0.293454,0.835508,163.987,112.735,302.557,165.529,113.886,305.481,135.28,85.4355,243.288,2045.38,1287.56,3675.02
0.464554,0.293454,0.835508,171.797,118.584,317.387,195.074,136.293,361.835,135.28,85.4355,243.288,2045.38,1287.56,3675.02
0.464554,0.293454,0.835508,198.269,138.757,367.966,262.811,190.285,493.482,135.28,85.4355,243.288,2045.38,1287.56,3675.02
0.464554,0.293454,0.835508,266.082,192.988,499.929,347.771,263.562,664.001,135.28,85.4355,243.288,2045.38,1287.56,3675.02
0.464554,0.293454,0.835508,348.236,263.981,664.953,504.371,417.386,997.812,135.28,85.4355,243.288,2045.38,1287.56,3675.02
0.464554,0.293454,0.835508,504.857,417.907,998.895,513.751,427.477,1018.76,135.28,85.4355,243.288,2045.38,1287.56,3675.02
0.56813,-0.813691,0.123026,93.8449,-129.588,19.8411,141.177,-191.572,29.5234,91.5891,-131.192,19.8348,1381.9,-1982.86,299.617
0.56813,-0.813691,0.123026,143.651,-194.752,30.0236,194.888,-259.38,40.2631,91.5891,-131.192,19.8348,1381.9,-1982.86,299.617
0.56813,-0.813691,0.123026,197.569,-262.698,40.7925,266.319,-345.707,54.1698,91.5891,-131.192,19.8348,1381.9,-1982.86,299.617
0.56813,-0.813691,0.123026,266.701,-346.157,54.2431,411.614,-509.084,81.3061,91.5891,-131.192,19.8348,1381.9,-1982.86,299.617
0.56813,-0.813691,0.123026,412.102,-509.607,81.3949,564.781,-665.742,108.508,91.5891,-131.192,19.8348,1381.9,-1982.86,299.617
0.56813,-0.813691,0.123026,565.319,-666.267,108.601,712.58,-803.747,133.626,91.5891,-131.192,19.8348,1381.9,-1982.86,299.617
0.338347,0.936945,-0.0874898,51.7513,151.399,-14.0529,75.0493,225.763,-20.8381,54.3526,150.485,-14.0523,822.866,2272.51,-212.268
0.338347,0.936945,-0.0874898,76.2381,229.677,-21.1947,99.4849,308.863,-28.3879,54.3526,150.485,-14.0523,822.866,2272.51,-212.268
0.338347,0.936945,-0.0874898,100.634,312.916,-28.7551,128.776,416.929,-38.1477,54.3526,150.485,-14.0523,822.866,2272.51,-212.268
0.338347,0.936945,-0.0874898,128.931,417.53,-38.2019,178.45,629.848,-57.2181,54.3526,150.485,-14.0523,822.866,2272.51,-212.268
0.338347,0.936945,-0.0874898,178.602,630.578,-57.2832,218.157,845.411,-76.3448,54.3526,150.485,-14.0523,822.866,2272.51,-212.268
0.338347,0.936945,-0.0874898,218.265,846.084,-76.4043,245.745,1045.62,-93.972,54.3526,150.485,-14.0523,822.866,2272.51,-212.268
-0.783875,-0.320885,0.531576,-146.818,-63.5956,100.417,-217.428,-96.7563,149.405,-148.078,-60.6051,100.414,-2237.68,-913.352,1516.82
-0.783875,-0.320885,0.531576,-221.046,-98.5016,151.928,-294.966,-135.16,203.741,-148.078,-60.6051,100.414,-2237.68,-913.352,1516.82
-0.783875,-0.320885,0.531576,-298.748,-137.088,206.407,-394.092,-187.393,274.108,-148.078,-60.6051,100.414,-2237.68,-913.352,1516.82
-0.783875,-0.320885,0.531576,-394.625,-187.684,274.49,-583.223,-297.371,411.527,-148.078,-60.6051,100.414,-2237.68,-913.352,1516.82
-0.783875,-0.320885,0.531576,-583.841,-297.753,411.984,-766.527,-418.013,549.339,-148.078,-60.6051,100.414,-2237.68,-913.352,1516.82
-0.783875,-0.320885,0.531576,-767.093,-418.409,549.772,-929.504,-538.198,676.501,-148.078,-60.6051,100.414,-2237.68,-913.352,1516.82
0.541069,-0.347011,0.766047,145.412,-87.5809,202.348,150.9,-90.6721,209.855,134.674,-86.3889,190.682,2032.69,-1307.5,2880.37
0.541069,-0.347011,0.766047,153.914,-92.3627,213.973,205.209,-120.454,283.672,134.674,-86.3889,190.682,2032.69,-1307.5,2880.37
0.541069,-0.347011,0.766047,208.785,-122.364,288.503,282.17,-160.224,386.911,134.674,-86.3889,190.682,2032.69,-1307.5,2880.37
0.541069,-0.347011,0.766047,285.947,-162.105,391.939,383.372,-208.368,520.472,134.674,-86.3889,190.682,2032.69,-1307.5,2880.37
0.541069,-0.347011,0.766047,383.961,-208.635,521.242,586.208,-291.497,781.721,134.674,-86.3889,190.682,2032.69,-1307.5,2880.37
0.541069,-0.347011,0.766047,586.869,-291.74,782.56,795.471,-359.892,1044.06,134.674,-86.3889,190.682,2032.69,-1307.5,2880.37
0.541069,-0.347011,0.766047,796.139,-360.083,1044.89,812.528,-364.73,1065.18,134.674,-86.3889,190.682,2032.69,-1307.5,2880.37
0.541069,-0.347011,0.766047,814.166,-365.189,1067.21,815.711,-365.626,1069.13,134.674,-86.3889,190.682,2032.69,-1307.5,2880.37
-0.22747,-0.675587,0.701313,-47.4022,-152.817,157.425,-67.8171,-228.072,234.106,-51.0678,-151.631,157.41,-773.997,-2289.61,2377.77
-0.22747,-0.675587,0.701313,-68.8322,-232.005,238.101,-88.4274,-312.214,319.304,-51.0678,-151.631,157.41,-773.997,-2289.61,2377.77
-0.22747,-0.675587,0.701313,-89.373,-316.317,323.445,-111.825,-421.809,429.521,-51.0678,-151.631,157.41,-773.997,-2289.61,2377.77
-0.22747,-0.675587,0.701313,-111.941,-422.402,430.115,-146.853,-637.978,644.919,-51.0678,-151.631,157.41,-773.997,-2289.61,2377.77
-0.22747,-0.675587,0.701313,-146.945,-638.697,645.632,-167.652,-856.82,861.106,-51.0678,-151.631,157.41,-773.997,-2289.61,2377.77
-0.22747,-0.675587,0.701313,-167.697,-857.54,861.815,-174,-1059.96,1060.96,-51.0678,-151.631,157.41,-773.997,-2289.61,2377.77
-0.921639,-0.283272,0.265213,-152.08,-49.716,44.0006,-225.557,-75.9082,65.3918,-152.942,-46.9978,44.0101,-2310.87,-708.002,664.801
-0.921639,-0.283272,0.265213,-229.326,-77.2903,66.4926,-306.482,-106.432,89.1086,-152.942,-46.9978,44.0101,-2310.87,-708.002,664.801
-0.921639,-0.283272,0.265213,-310.459,-107.978,90.2787,-410.434,-148.28,119.836,-152.942,-46.9978,44.0101,-2310.87,-708.002,664.801
-0.921639,-0.283272,0.265213,-410.975,-148.506,119.996,-610.112,-237.329,179.778,-152.942,-46.9978,44.0101,-2310.87,-708.002,664.801
-0.921639,-0.283272,0.265213,-610.779,-237.647,179.981,-805.739,-336.238,239.866,-152.942,-46.9978,44.0101,-2310.87,-708.002,664.801
-0.921639,-0.283272,0.265213,-806.36,-336.572,240.059,-981.67,-435.935,295.121,-152.942,-46.9978,44.0101,-2310.87,-708.002,664.801
-0.506373,0.0450598,-0.861137,-228.061,9.29598,-386.793,-236.55,9.21965,-401.174,-159.369,14.1995,-271.025,-2407.02,218.304,-4094
-0.506373,0.0450598,-0.861137,-241.827,9.157,-410.111,-324.429,6.64182,-550.092,-159.369,14.1995,-271.025,-2407.02,218.304,-4094
-0.506373,0.0450598,-0.861137,-328.637,6.43716,-557.227,-436.377,-1.35314,-740.167,-159.369,14.1995,-271.025,-2407.02,218.304,-4094
-0.506373,0.0450598,-0.861137,-436.981,-1.41071,-741.194,-590.565,-21.1202,-1003.38,-159.369,14.1995,-271.025,-2407.02,218.304,-4094
0.449291,0.835076,0.317467,73.2497,142.248,53.5738,107.009,212.494,79.7127,75.8166,140.897,53.5658,1147.06,2127.36,809.145
0.449291,0.835076,0.317467,108.745,216.191,81.0826,143.078,291.241,108.761,75.8166,140.897,53.5658,1147.06,2127.36,809.145
0.449291,0.835076,0.317467,144.794,295.091,110.174,187.414,394.051,146.305,75.8166,140.897,53.5658,1147.06,2127.36,809.145
0.449291,0.835076,0.317467,187.658,394.638,146.518,266.463,597.941,219.64,75.8166,140.897,53.5658,1147.06,2127.36,809.145
0.449291,0.835076,0.317467,266.72,598.655,219.894,335.559,806.024,293.173,75.8166,140.897,53.5658,1147.06,2127.36,809.145
0.449291,0.835076,0.317467,335.764,806.697,293.409,390.135,1000.72,361.006,75.8166,140.897,53.5658,1147.06,2127.36,809.145
0.950169,-0.000876288,0.311733,159.977,2.72202,52.4958,237.858,6.13331,78.0961,160,-0.157168,52.493,2416.9,-4.42145,792.939
0.950169,-0.000876288,0.311733,241.917,6.34851,79.4308,324.218,11.5169,106.514,160,-0.157168,52.493,2416.9,-4.42145,792.939
0.950169,-0.000876288,0.311733,328.487,11.827,107.92,435.88,20.992,143.32,160,-0.157168,52.493,2416.9,-4.42145,792.939
0.950169,-0.000876288,0.311733,436.476,21.0502,143.517,652.933,47.5771,215.155,160,-0.157168,52.493,2416.9,-4.42145,792.939
0.950169,-0.000876288,0.311733,653.646,47.6825,215.392,868.887,84.9099,287.155,160,-0.157168,52.493,2416.9,-4.42145,792.939
0.950169,-0.000876288,0.311733,869.634,85.058,287.404,1066.37,128.779,353.617,160,-0.157168,52.493,2416.9,-4.42145,792.939
-0.766666,0.351444,0.537317,-146.769,63.7082,101.956,-219.172,92.6359,151.631,-145.442,66.6833,101.936,-2196.03,1009.39,1539.81
-0.766666,0.351444,0.537317,-222.955,94.1023,154.216,-300.235,123.087,206.802,-145.442,66.6833,101.936,-2196.03,1009.39,1539.81
-0.766666,0.351444,0.537317,-304.2,124.524,209.489,-406.066,159.828,278.174,-145.442,66.6833,101.936,-2196.03,1009.39,1539.81
-0.766666,0.351444,0.537317,-406.632,160.016,278.554,-615.569,222.862,417.561,-145.442,66.6833,101.936,-2196.03,1009.39,1539.81
-0.766666,0.351444,0.537317,-616.26,223.049,418.017,-828.901,274.304,557.31,-145.442,66.6833,101.936,-2196.03,1009.39,1539.81
-0.766666,0.351444,0.537317,-829.565,274.444,557.742,-1028.02,311.187,686.243,-145.442,66.6833,101.936,-2196.03,1009.39,1539.81
-0.0880974,-0.987688,0.129275,-11.4632,-159.589,20.8601,-15.044,-237.488,31.0429,-14.224,-159.366,20.8591,-216.817,-2407.16,315.09
-0.0880974,-0.987688,0.129275,-15.1928,-241.523,31.57,-17.483,-323.954,42.3372,-14.224,-159.366,20.8591,-216.817,-2407.16,315.09
-0.0880974,-0.987688,0.129275,-17.5618,-328.231,42.8956,-18.2487,-435.997,56.9701,-14.224,-159.366,20.8591,-216.817,-2407.16,315.09
-0.0880974,-0.987688,0.129275,-18.2446,-436.602,57.0492,-11.9711,-654.546,85.5269,-14.224,-159.366,20.8591,-216.817,-2407.16,315.09
-0.0880974,-0.987688,0.129275,-11.9328,-655.275,85.6223,4.6467,-873.009,114.148,-14.224,-159.366,20.8591,-216.817,-2407.16,315.09
-0.0880974,-0.987688,0.129275,4.72279,-873.771,114.248,29.098,-1073.73,140.545,-14.224,-159.366,20.8591,-216.817,-2407.16,315.09
0.0494002,0.898156,-0.436894,5.74407,159.897,-77.726,6.38251,237.877,-115.574,8.79714,159.758,-77.712,135.046,2413.12,-1173.89
0.0494002,0.898156,-0.436894,6.37595,241.916,-117.535,5.39504,324.37,-157.561,8.79714,159.758,-77.712,135.046,2413.12,-1173.89
0.0494002,0.898156,-0.436894,5.29974,328.657,-159.643,1.47645,436.327,-211.944,8.79714,159.758,-77.712,135.046,2413.12,-1173.89
0.0494002,0.898156,-0.436894,1.44478,436.981,-212.262,-14.771,654.533,-318.177,8.79714,159.758,-77.712,135.046,2413.12,-1173.89
0.0494002,0.898156,-0.436894,-14.8398,655.215,-318.51,-42.4146,872.026,-424.63,8.79714,159.758,-77.712,135.046,2413.12,-1173.89
0.0494002,0.898156,-0.436894,-42.5256,872.748,-424.985,-77.966,1071.24,-522.901,8.79714,159.758,-77.712,135.046,2413.12,-1173.89
-0.0637704,-0.970747,0.23148,-7.67795,-159.816,38.075,-9.35971,-237.789,56.7198,-10.4975,-159.655,38.0709,-160.567,-2411.56,575.084
-0.0637704,-0.970747,0.23148,-9.41027,-241.817,57.683,-9.66504,-324.311,77.407,-10.4975,-159.655,38.0709,-160.567,-2411.56,575.084
-0.0637704,-0.970747,0.23148,-9.63777,-328.559,78.4226,-7.6203,-436.259,104.177,-10.4975,-159.655,38.0709,-160.567,-2411.56,575.084
-0.0637704,-0.970747,0.23148,-7.59946,-436.917,104.335,4.34121,-654.686,156.485,-10.4975,-159.655,38.0709,-160.567,-2411.56,575.084
-0.0637704,-0.970747,0.23148,4.39522,-655.369,156.649,26.8735,-872.65,208.898,-10.4975,-159.655,38.0709,-160.567,-2411.56,575.084
-0.0637704,-0.970747,0.23148,26.9653,-873.367,209.071,56.9618,-1072.56,257.254,-10.4975,-159.655,38.0709,-160.567,-2411.56,575.084
-0.752457,-0.36213,0.550155,-142.722,-72.3226,105.43,-211.145,-109.663,156.918,-144.177,-69.375,105.411,-2178.9,-1045.85,1592.3
-0.752457,-0.36213,0.550155,-214.703,-111.653,159.612,-286.229,-152.721,214.084,-144.177,-69.375,105.411,-2178.9,-1045.85,1592.3
-0.752457,-0.36213,0.550155,-289.917,-154.893,216.911,-381.996,-210.932,288.097,-144.177,-69.375,105.411,-2178.9,-1045.85,1592.3
-0.752457,-0.36213,0.550155,-382.522,-211.262,288.507,-563.971,-332.413,432.607,-144.177,-69.375,105.411,-2178.9,-1045.85,1592.3
-0.752457,-0.36213,0.550155,-564.575,-332.841,433.096,-739.372,-464.328,577.534,-144.177,-69.375,105.411,-2178.9,-1045.85,1592.3
-0.752457,-0.36213,0.550155,-739.924,-464.768,578,-894.488,-594.7,711.321,-144.177,-69.375,105.411,-2178.9,-1045.85,1592.3
0.625073,0.371574,-0.686452,135.597,84.9325,-151.049,200.237,128.622,-224.704,137.541,81.7464,-151.04,2079.01,1232.53,-2281.55
0.625073,0.371574,-0.686452,203.535,130.91,-228.494,270.754,178.823,-306.432,137.541,81.7464,-151.04,2079.01,1232.53,-2281.55
0.625073,0.371574,-0.686452,274.165,181.321,-310.423,360.111,246.458,-412.252,137.541,81.7464,-151.04,2079.01,1232.53,-2281.55
0.625073,0.371574,-0.686452,360.593,246.835,-412.829,528.057,386.949,-619.039,137.541,81.7464,-151.04,2079.01,1232.53,-2281.55
0.625073,0.371574,-0.686452,528.603,387.436,-619.73,687.18,538.536,-826.606,137.541,81.7464,-151.04,2079.01,1232.53,-2281.55
0.625073,0.371574,-0.686452,687.69,539.054,-827.292,825.248,687.471,-1018.41,137.541,81.7464,-151.04,2079.01,1232.53,-2281.55
0.0294038,0.853667,-0.519989,2.30416,159.983,-97.4089,0.985449,237.977,-144.973,5.51847,159.905,-97.4022,85.636,2415.38,-1471.32
0.0294038,0.853667,-0.519989,0.876044,241.998,-147.427,-2.26235,324.477,-197.757,5.51847,159.905,-97.4022,85.636,2415.38,-1471.32
0.0294038,0.853667,-0.519989,-2.46863,328.691,-200.33,-9.24908,436.274,-266.058,5.51847,159.905,-97.4022,85.636,2415.38,-1471.32
0.0294038,0.853667,-0.519989,-9.29582,436.884,-266.431,-31.9351,653.889,-399.487,5.51847,159.905,-97.4022,85.636,2415.38,-1471.32
0.0294038,0.853667,-0.519989,-32.0291,654.6,-399.925,-66.631,870.527,-533.3,5.51847,159.905,-97.4022,85.636,2415.38,-1471.32
0.0294038,0.853667,-0.519989,-66.7634,871.229,-533.736,-109.19,1068.57,-656.85,5.51847,159.905,-97.4022,85.636,2415.38,-1471.32
0.500826,0.848188,-0.172484,78.9489,139.166,-28.0287,115.657,208.006,-41.7041,81.3595,137.77,-28.0173,1230.69,2080.1,-423.219
0.500826,0.848188,-0.172484,117.509,211.555,-42.4057,154.976,285.025,-56.8591,81.3595,137.77,-28.0173,1230.69,2080.1,-423.219
0.500826,0.848188,-0.172484,156.88,288.847,-57.6073,203.747,385.869,-76.4895,81.3595,137.77,-28.0173,1230.69,2080.1,-423.219
0.500826,0.848188,-0.172484,204.013,386.436,-76.5993,291.81,585.998,-114.81,81.3595,137.77,-28.0173,1230.69,2080.1,-423.219
0.500826,0.848188,-0.172484,292.095,586.692,-114.942,370.473,790.601,-153.219,81.3595,137.77,-28.0173,1230.69,2080.1,-423.219
0.500826,0.848188,-0.172484,370.705,791.249,-153.339,434.311,982.382,-188.64,81.3595,137.77,-28.0173,1230.69,2080.1,-423.219
0.0902916,-0.964322,0.248858,17.7406,-159.013,41.1078,28.368,-236.236,61.0943,14.9065,-159.304,41.1107,223.173,-2406.57,621.002
0.0902916,-0.964322,0.248858,28.959,-240.261,62.1372,41.7317,-321.802,83.3,14.9065,-159.304,41.1107,223.173,-2406.57,621.002
0.0902916,-0.964322,0.248858,42.4224,-325.951,84.3786,61.427,-432.005,112.013,14.9065,-159.304,41.1107,223.173,-2406.57,621.002
0.0902916,-0.964322,0.248858,61.5463,-432.627,112.176,107.719,-645.705,168.101,14.9065,-159.304,41.1107,223.173,-2406.57,621.002
0.0902916,-0.964322,0.248858,107.897,-646.441,168.295,164.449,-857.461,224.325,14.9065,-159.304,41.1107,223.173,-2406.57,621.002
0.0902916,-0.964322,0.248858,164.646,-858.131,224.504,225.791,-1050.09,276.174,14.9065,-159.304,41.1107,223.173,-2406.57,621.002
0.889805,0.363384,0.276041,147.027,63.1126,46.0027,217.862,95.6929,68.49,148.128,60.483,45.9519,2238.33,911.759,694.132
0.889805,0.363384,0.276041,221.526,97.4189,69.6581,295.834,133.305,93.4609,148.128,60.483,45.9519,2238.33,911.759,694.132
0.889805,0.363384,0.276041,299.618,135.177,94.6785,395.548,184.151,125.748,148.128,60.483,45.9519,2238.33,911.759,694.132
0.889805,0.363384,0.276041,396.141,184.463,125.941,586.626,290.637,188.841,148.128,60.483,45.9519,2238.33,911.759,694.132
0.889805,0.363384,0.276041,587.237,290.997,189.046,772.684,406.555,252.035,148.128,60.483,45.9519,2238.33,911.759,694.132
0.889805,0.363384,0.276041,773.246,406.924,252.229,939.082,521.436,310.324,148.128,60.483,45.9519,2238.33,911.759,694.132
-0.902777,-0.399528,-0.15928,-145.168,-67.2769,-25.8157,-215.001,-101.886,-38.4313,-146.316,-64.7427,-25.8143,-2210.99,-976.177,-389.941
-0.902777,-0.399528,-0.15928,-218.641,-103.731,-39.0918,-291.88,-141.712,-52.4434,-146.316,-64.7427,-25.8143,-2210.99,-976.177,-389.941
-0.902777,-0.399528,-0.15928,-295.625,-143.699,-53.1296,-390.223,-195.367,-70.5737,-146.316,-64.7427,-25.8143,-2210.99,-976.177,-389.941
-0.902777,-0.399528,-0.15928,-390.735,-195.655,-70.6687,-578.29,-306.884,-105.957,-146.316,-64.7427,-25.8143,-2210.99,-976.177,-389.941
-0.902777,-0.399528,-0.15928,-578.894,-307.261,-106.072,-761.24,-427.448,-141.4,-146.316,-64.7427,-25.8143,-2210.99,-976.177,-389.941
-0.902777,-0.399528,-0.15928,-761.854,-427.874,-141.521,-924.831,-546.328,-174.095,-146.316,-64.7427,-25.8143,-2210.99,-976.177,-389.941
0.680758,0.262858,0.683721,147.86,61.1338,149.951,218.836,93.4355,223.035,149.264,57.6212,149.909,2255.69,867.917,2264.48
0.680758,0.262858,0.683721,222.506,95.159,226.834,296.747,131.191,304.173,149.264,57.6212,149.909,2255.69,867.917,2264.48
0.680758,0.262858,0.683721,300.548,133.096,308.158,396.144,182.986,409.215,149.264,57.6212,149.909,2255.69,867.917,2264.48
0.680758,0.262858,0.683721,396.689,183.281,409.796,585.271,293.437,614.644,149.264,57.6212,149.909,2255.69,867.917,2264.48
0.680758,0.262858,0.683721,585.843,293.796,615.276,767.46,416.193,820.753,149.264,57.6212,149.909,2255.69,867.917,2264.48
0.680758,0.262858,0.683721,768.062,416.627,821.45,928.571,539.935,1011.34,149.264,57.6212,149.909,2255.69,867.917,2264.48
0.526059,-0.605821,0.59686,107.456,-118.546,119.032,161.623,-174.639,177.088,104.896,-120.818,119.023,1582.68,-1826.61,1797.92
0.526059,-0.605821,0.59686,164.468,-177.522,180.103,223.105,-235.573,241.532,104.896,-120.818,119.023,1582.68,-1826.61,1797.92
0.526059,-0.605821,0.59686,226.16,-238.528,244.695,304.767,-312.333,324.97,104.896,-120.818,119.023,1582.68,-1826.61,1797.92
0.526059,-0.605821,0.59686,305.207,-312.735,325.413,470.658,-455.057,487.882,104.896,-120.818,119.023,1582.68,-1826.61,1797.92
0.526059,-0.605821,0.59686,471.213,-455.506,488.413,645.169,-588.269,651.302,104.896,-120.818,119.023,1582.68,-1826.61,1797.92
0.526059,-0.605821,0.59686,645.728,-588.67,651.814,812.991,-702.023,802.211,104.896,-120.818,119.023,1582.68,-1826.61,1797.92
-0.137114,-0.447611,0.883654,-60.4221,-248.51,483.124,-61.1723,-252.656,491.077,-46.8812,-152.978,302.013,-712.142,-2309.6,4562.1
-0.137114,-0.447611,0.883654,-62.8449,-262.07,509.123,-71.6792,-316.459,613.144,-46.8812,-152.978,302.013,-712.142,-2309.6,4562.1
-0.137114,-0.447611,0.883654,-72.3018,-320.65,621.142,-85.451,-427.934,825.23,-46.8812,-152.978,302.013,-712.142,-2309.6,4562.1
-0.137114,-0.447611,0.883654,-85.5096,-428.535,826.371,-92.1441,-513.886,988.056,-46.8812,-152.978,302.013,-712.142,-2309.6,4562.1
0.207326,0.689581,0.693898,42.4146,154.276,154.198,60.4403,230.162,229.348,46.0799,153.221,154.184,698.652,2313.72,2329.04
0.207326,0.689581,0.693898,61.3252,234.101,233.238,78.3853,314.879,312.791,46.0799,153.221,154.184,698.652,2313.72,2329.04
0.207326,0.689581,0.693898,79.2033,319.015,316.854,98.3579,425.115,420.739,46.0799,153.221,154.184,698.652,2313.72,2329.04
0.207326,0.689581,0.693898,98.4614,425.746,421.356,126.751,642.312,631.826,46.0799,153.221,154.184,698.652,2313.72,2329.04
0.207326,0.689581,0.693898,126.818,642.996,632.489,140.992,861.648,843.613,46.0799,153.221,154.184,698.652,2313.72,2329.04
0.207326,0.689581,0.693898,141.014,862.33,844.271,141.4,1064.77,1039.3,46.0799,153.221,154.184,698.652,2313.72,2329.04
0.878783,-0.303349,0.368402,152.18,-49.4088,63.4027,227.071,-71.0045,94.2947,151.239,-52.217,63.4038,2283.88,-790.748,957.754
0.878783,-0.303349,0.368402,231.01,-72.1001,95.9151,310.758,-93.4294,128.624,151.239,-52.217,63.4038,2283.88,-790.748,957.754
0.878783,-0.303349,0.368402,314.83,-94.4753,130.29,419.561,-119.945,172.998,151.239,-52.217,63.4038,2283.88,-790.748,957.754
0.878783,-0.303349,0.368402,420.16,-120.083,173.241,633.869,-163.629,259.684,151.239,-52.217,63.4038,2283.88,-790.748,957.754
0.878783,-0.303349,0.368402,634.595,-163.758,259.977,850.693,-196.54,346.62,151.239,-52.217,63.4038,2283.88,-790.748,957.754
0.878783,-0.303349,0.368402,851.373,-196.626,346.891,1051.91,-217.191,426.764,151.239,-52.217,63.4038,2283.88,-790.748,957.754
0.554852,0.46076,-0.692705,120.627,105.115,-153.702,177.604,158.402,-228.641,123.1,102.208,-153.674,1861.22,1541.84,-2321.34
0.554852,0.46076,-0.692705,180.508,161.185,-232.505,239.341,219.035,-311.759,123.1,102.208,-153.674,1861.22,1541.84,-2321.34
0.554852,0.46076,-0.692705,242.345,222.065,-315.856,316.978,299.907,-419.444,123.1,102.208,-153.674,1861.22,1541.84,-2321.34
0.554852,0.46076,-0.692705,317.396,300.357,-420.034,460.658,465.146,-629.85,123.1,102.208,-153.674,1861.22,1541.84,-2321.34
0.554852,0.46076,-0.692705,461.123,465.717,-630.558,593.789,640.034,-841.079,123.1,102.208,-153.674,1861.22,1541.84,-2321.34
0.554852,0.46076,-0.692705,594.213,640.631,-841.782,706.506,809.098,-1036.29,123.1,102.208,-153.674,1861.22,1541.84,-2321.34
-0.743453,0.402036,-0.534457,-142.254,73.2376,-101.182,-212.661,106.796,-150.42,-140.734,76.1171,-101.176,-2124.79,1151.82,-1528.32
-0.743453,0.402036,-0.534457,-216.318,108.493,-152.965,-291.521,142.393,-205.038,-140.734,76.1171,-101.176,-2124.79,1151.82,-1528.32
-0.743453,0.402036,-0.534457,-295.428,144.103,-207.731,-394.763,185.913,-275.766,-140.734,76.1171,-101.176,-2124.79,1151.82,-1528.32
-0.743453,0.402036,-0.534457,-395.351,186.151,-276.166,-599.749,262.384,-413.893,-140.734,76.1171,-101.176,-2124.79,1151.82,-1528.32
-0.743453,0.402036,-0.534457,-600.461,262.628,-414.368,-809.282,327.58,-552.452,-140.734,76.1171,-101.176,-2124.79,1151.82,-1528.32
-0.743453,0.402036,-0.534457,-809.976,327.775,-552.907,-1005.66,377.356,-680.409,-140.734,76.1171,-101.176,-2124.79,1151.82,-1528.32
0.752785,-0.644465,-0.13409,123.325,-101.936,-21.6533,184.642,-150.106,-32.1557,121.537,-104.061,-21.65,1834.62,-1573.4,-327.036
0.752785,-0.644465,-0.13409,187.843,-152.575,-32.7,253.6,-202.323,-43.8052,121.537,-104.061,-21.65,1834.62,-1573.4,-327.036
0.752785,-0.644465,-0.13409,257.04,-204.875,-44.3822,344.352,-268.03,-58.8991,121.537,-104.061,-21.65,1834.62,-1573.4,-327.036
0.752785,-0.644465,-0.13409,344.854,-268.384,-58.9819,525.885,-389.836,-88.3569,121.537,-104.061,-21.65,1834.62,-1573.4,-327.036
0.752785,-0.644465,-0.13409,526.53,-390.247,-88.46,713.487,-503.248,-117.887,121.537,-104.061,-21.65,1834.62,-1573.4,-327.036
0.752785,-0.644465,-0.13409,714.073,-503.584,-117.978,891.018,-599.847,-145.11,121.537,-104.061,-21.65,1834.62,-1573.4,-327.036
0.985913,-0.117104,0.119428,159.186,-16.1189,19.2471,236.963,-21.9374,28.6572,158.882,-18.8809,19.2463,2399.78,-287.153,290.727
0.985913,-0.117104,0.119428,240.979,-22.2017,29.1428,323.329,-26.861,39.0976,158.882,-18.8809,19.2463,2399.78,-287.153,290.727
0.985913,-0.117104,0.119428,327.584,-27.0618,39.6119,435.21,-30.8384,52.611,158.882,-18.8809,19.2463,2399.78,-287.153,290.727
0.985913,-0.117104,0.119428,435.893,-30.8544,52.6935,653.951,-30.8125,79.0137,158.882,-18.8809,19.2463,2399.78,-287.153,290.727
0.985913,-0.117104,0.119428,654.659,-30.7956,79.0992,872.81,-20.4382,105.454,158.882,-18.8809,19.2463,2399.78,-287.153,290.727
0.985913,-0.117104,0.119428,873.545,-20.3858,105.543,1074.15,-1.70807,129.859,158.882,-18.8809,19.2463,2399.78,-287.153,290.727
0.26452,0.856994,0.442256,44.2618,153.756,78.9031,63.7822,229.232,117.201,47.1986,152.88,78.8961,715.037,2308.71,1191.77
0.26452,0.856994,0.442256,64.7606,233.174,119.196,83.8127,313.461,159.736,47.1986,152.88,78.8961,715.037,2308.71,1191.77
0.26452,0.856994,0.442256,84.747,317.587,161.815,107.153,423.017,214.782,47.1986,152.88,78.8961,715.037,2308.71,1191.77
0.26452,0.856994,0.442256,107.271,423.612,215.081,144.27,638.563,322.273,47.1986,152.88,78.8961,715.037,2308.71,1191.77
0.26452,0.856994,0.442256,144.375,639.283,322.631,170.154,856.309,430.029,47.1986,152.88,78.8961,715.037,2308.71,1191.77
0.26452,0.856994,0.442256,170.222,857.043,430.391,183.895,1058.26,529.501,47.1986,152.88,78.8961,715.037,2308.71,1191.77
-0.635876,-0.148916,-0.757288,-164.141,-43.2765,-196.864,-229.418,-63.2378,-276.015,-155.788,-36.4696,-185.53,-2353.96,-547.995,-2802.55
-0.635876,-0.148916,-0.757288,-233.257,-64.4613,-280.687,-311.53,-90.6413,-376.373,-155.788,-36.4696,-185.53,-2353.96,-547.995,-2802.55
-0.635876,-0.148916,-0.757288,-315.548,-92.0493,-381.308,-416.685,-129.582,-506.362,-155.788,-36.4696,-185.53,-2353.96,-547.995,-2802.55
-0.635876,-0.148916,-0.757288,-417.259,-129.806,-507.076,-617.802,-216.718,-760.49,-155.788,-36.4696,-185.53,-2353.96,-547.995,-2802.55
-0.635876,-0.148916,-0.757288,-618.413,-217.01,-761.274,-812.935,-318.483,-1015.71,-155.788,-36.4696,-185.53,-2353.96,-547.995,-2802.55
-0.635876,-0.148916,-0.757288,-813.54,-318.827,-1016.52,-855.739,-343.269,-1073.07,-155.788,-36.4696,-185.53,-2353.96,-547.995,-2802.55
0.273993,-0.526515,-0.804804,93.0349,-164.803,-256.661,118.805,-206.196,-322.797,73.8464,-141.939,-216.95,1112.59,-2145.59,-3277.17
0.273993,-0.526515,-0.804804,120.968,-209.597,-328.262,166.352,-278.581,-440.289,73.8464,-141.939,-216.95,1112.59,-2145.59,-3277.17
0.273993,-0.526515,-0.804804,168.736,-282.085,-446.039,231.246,-370.075,-592.407,73.8464,-141.939,-216.95,1112.59,-2145.59,-3277.17
0.273993,-0.526515,-0.804804,231.604,-370.559,-593.223,368.607,-541.093,-889.832,73.8464,-141.939,-216.95,1112.59,-2145.59,-3277.17
0.273993,-0.526515,-0.804804,369.049,-541.6,-890.743,442.214,-622.347,-1038.46,73.8464,-141.939,-216.95,1112.59,-2145.59,-3277.17
-0.396204,0.499571,-0.770358,-109.246,129.924,-205.104,-111.835,132.827,-209.803,-99.4108,125.369,-193.311,-1499.27,1895.68,-2920.08
-0.396204,0.499571,-0.770358,-115.747,137.197,-216.889,-155.255,180.386,-287.607,-99.4108,125.369,-193.311,-1499.27,1895.68,-2920.08
-0.396204,0.499571,-0.770358,-157.989,183.312,-292.445,-215.194,242.805,-392.143,-99.4108,125.369,-193.311,-1499.27,1895.68,-2920.08
-0.396204,0.499571,-0.770358,-218.194,245.836,-397.292,-295.526,321.089,-527.634,-99.4108,125.369,-193.311,-1499.27,1895.68,-2920.08
-0.396204,0.499571,-0.770358,-295.962,321.498,-528.357,-460.718,465.104,-792.437,-99.4108,125.369,-193.311,-1499.27,1895.68,-2920.08
-0.396204,0.499571,-0.770358,-461.282,465.56,-793.312,-636.913,597.204,-1058.54,-99.4108,125.369,-193.311,-1499.27,1895.68,-2920.08
-0.396204,0.499571,-0.770358,-637.477,597.595,-1059.37,-641.409,600.317,-1065.15,-99.4108,125.369,-193.311,-1499.27,1895.68,-2920.08
-0.123531,0.784024,0.608314,-28.3159,157.474,122.635,-44.691,233.705,182.188,-24.891,158.052,122.629,-373.573,2387.85,1852.39
-0.123531,0.784024,0.608314,-45.5879,237.667,185.291,-64.7503,317.959,248.346,-24.891,158.052,122.629,-373.573,2387.85,1852.39
-0.123531,0.784024,0.608314,-65.7777,322.051,251.568,-93.6062,426.222,333.928,-24.891,158.052,122.629,-373.573,2387.85,1852.39
-0.123531,0.784024,0.608314,-93.7715,426.804,334.389,-159.34,634.962,501.096,-24.891,158.052,122.629,-373.573,2387.85,1852.39
-0.123531,0.784024,0.608314,-159.582,635.658,501.659,-237.594,840.14,668.778,-24.891,158.052,122.629,-373.573,2387.85,1852.39
-0.123531,0.784024,0.608314,-237.862,840.785,669.311,-320.504,1025.2,823.614,-24.891,158.052,122.629,-373.573,2387.85,1852.39
-0.424286,0.683343,-0.594158,-87.2734,134.102,-118.215,-131.794,198.117,-175.831,-84.3888,135.936,-118.189,-1272.69,2054.67,-1785.32
-0.424286,0.683343,-0.594158,-134.144,201.418,-178.825,-182.745,268.062,-239.773,-84.3888,135.936,-118.189,-1272.69,2054.67,-1785.32
-0.424286,0.683343,-0.594158,-185.305,271.488,-242.934,-251.099,356.87,-322.584,-84.3888,135.936,-118.189,-1272.69,2054.67,-1785.32
-0.424286,0.683343,-0.594158,-251.489,357.362,-323.048,-392.075,524.242,-484.297,-84.3888,135.936,-118.189,-1272.69,2054.67,-1785.32
-0.424286,0.683343,-0.594158,-392.573,524.799,-484.849,-543.043,683.63,-646.53,-84.3888,135.936,-118.189,-1272.69,2054.67,-1785.32
-0.424286,0.683343,-0.594158,-543.554,684.139,-647.063,-690.502,822.756,-796.344,-84.3888,135.936,-118.189,-1272.69,2054.67,-1785.32
0.436969,-0.319527,0.840809,173.436,-116.175,324.206,180.696,-120.6,337.405,129.144,-94.4554,248.516,1948.68,-1429.71,3753.99
0.436969,-0.319527,0.840809,181.77,-121.252,339.355,198.486,-131.304,369.639,129.144,-94.4554,248.516,1948.68,-1429.71,3753.99
0.436969,-0.319527,0.840809,201.939,-133.358,375.877,273.635,-174.38,504.137,129.144,-94.4554,248.516,1948.68,-1429.71,3753.99
0.436969,-0.319527,0.840809,277.345,-176.419,510.708,373.087,-226.314,678.359,129.144,-94.4554,248.516,1948.68,-1429.71,3753.99
0.436969,-0.319527,0.840809,373.646,-226.59,679.327,571.16,-313.876,1014.81,129.144,-94.4554,248.516,1948.68,-1429.71,3753.99
-0.673762,0.630053,0.386106,-118.869,107.099,66.9681,-178.261,157.59,99.5905,-116.857,109.29,66.9701,-1763.76,1652.44,1011.63
-0.673762,0.630053,0.386106,-181.387,160.196,101.294,-245.302,212.409,135.832,-116.857,109.29,66.9701,-1763.76,1652.44,1011.63
-0.673762,0.630053,0.386106,-248.595,215.045,137.597,-333.575,281.258,182.678,-116.857,109.29,66.9701,-1763.76,1652.44,1011.63
-0.673762,0.630053,0.386106,-334.101,281.658,182.955,-511.128,409.114,274.245,-116.857,109.29,66.9701,-1763.76,1652.44,1011.63
-0.673762,0.630053,0.386106,-511.698,409.503,274.534,-695.299,528.001,366.009,-116.857,109.29,66.9701,-1763.76,1652.44,1011.63
-0.673762,0.630053,0.386106,-695.924,528.382,366.315,-870.482,629.317,450.727,-116.857,109.29,66.9701,-1763.76,1652.44,1011.63
-0.586216,0.619335,-0.522278,-112.297,113.971,-97.9976,-168.639,167.91,-145.605,-109.98,116.209,-97.9912,-1659.65,1756.97,-1480.22
-0.586216,0.619335,-0.522278,-171.575,170.664,-148.062,-232.385,226.463,-198.437,-109.98,116.209,-97.9912,-1659.65,1756.97,-1480.22
-0.586216,0.619335,-0.522278,-235.527,229.283,-201.014,-316.724,300.147,-266.78,-109.98,116.209,-97.9912,-1659.65,1756.97,-1480.22
-0.586216,0.619335,-0.522278,-317.207,300.557,-267.166,-487.313,437.114,-400.295,-109.98,116.209,-97.9912,-1659.65,1756.97,-1480.22
-0.586216,0.619335,-0.522278,-487.914,437.57,-400.756,-665.678,564.912,-534.215,-109.98,116.209,-97.9912,-1659.65,1756.97,-1480.22
-0.586216,0.619335,-0.522278,-666.272,565.313,-534.653,-836.321,674.043,-657.839,-109.98,116.209,-97.9912,-1659.65,1756.97,-1480.22
-0.143412,-0.891653,0.429404,-22.4171,-158.422,76.0797,-31.182,-235.945,113.247,-25.4176,-157.968,76.0754,-386.075,-2385.87,1149.17
-0.143412,-0.891653,0.429404,-31.5934,-239.929,115.155,-39.2286,-322.083,154.46,-25.4176,-157.968,76.0754,-386.075,-2385.87,1149.17
-0.143412,-0.891653,0.429404,-39.5777,-326.309,156.48,-47.0216,-433.852,207.833,-25.4176,-157.968,76.0754,-386.075,-2385.87,1149.17
-0.143412,-0.891653,0.429404,-47.0549,-434.442,208.115,-53.6531,-652.428,312.034,-25.4176,-157.968,76.0754,-386.075,-2385.87,1149.17
-0.143412,-0.891653,0.429404,-53.6562,-653.183,312.394,-48.9517,-871.658,416.521,-25.4176,-157.968,76.0754,-386.075,-2385.87,1149.17
-0.143412,-0.891653,0.429404,-48.9159,-872.413,416.881,-34.5169,-1073.56,512.971,-25.4176,-157.968,76.0754,-386.075,-2385.87,1149.17
0.941825,0.24461,0.230502,154.127,42.9502,37.8901,228.695,65.8256,56.2816,154.865,40.2116,37.9009,2339.83,605.486,572.517
0.941825,0.24461,0.230502,232.529,67.0395,57.2295,310.943,92.6935,76.6772,154.865,40.2116,37.9009,2339.83,605.486,572.517
0.941825,0.24461,0.230502,314.958,94.0493,77.676,416.595,129.771,103.074,154.865,40.2116,37.9009,2339.83,605.486,572.517
0.941825,0.24461,0.230502,417.201,129.992,103.226,620.235,209.665,154.647,154.865,40.2116,37.9009,2339.83,605.486,572.517
0.941825,0.24461,0.230502,620.853,209.925,154.805,820.124,299.418,206.291,154.865,40.2116,37.9009,2339.83,605.486,572.517
0.941825,0.24461,0.230502,820.769,299.726,206.46,1000.52,390.648,253.918,154.865,40.2116,37.9009,2339.83,605.486,572.517
-0.386241,-0.558713,0.733933,-87.6328,-133.867,172.931,-90.0606,-137.795,177.923,-90.9955,-131.605,172.888,-1376.9,-1986.34,2611.58
-0.386241,-0.558713,0.733933,-92.754,-142.168,183.474,-127.87,-200.678,257.235,-90.9955,-131.605,172.888,-1376.9,-1986.34,2611.58
-0.386241,-0.558713,0.733933,-129.913,-204.173,261.61,-170.604,-275.976,350.815,-90.9955,-131.605,172.888,-1376.9,-1986.34,2611.58
-0.386241,-0.558713,0.733933,-172.651,-279.706,355.414,-222.848,-375.139,471.97,-90.9955,-131.605,172.888,-1376.9,-1986.34,2611.58
-0.386241,-0.558713,0.733933,-223.14,-375.717,472.669,-314.736,-574.069,708.863,-90.9955,-131.605,172.888,-1376.9,-1986.34,2611.58
-0.386241,-0.558713,0.733933,-315.008,-574.715,709.621,-392.94,-779.656,946.67,-90.9955,-131.605,172.888,-1376.9,-1986.34,2611.58
-0.386241,-0.558713,0.733933,-393.17,-780.33,947.44,-433.801,-908.226,1092.51,-90.9955,-131.605,172.888,-1376.9,-1986.34,2611.58
-0.60031,-0.738017,0.308154,-98.7102,-125.922,51.8115,-145.182,-188.527,77.0865,-100.97,-124.117,51.8268,-1526.8,-1873.57,782.876
-0.60031,-0.738017,0.308154,-147.567,-191.802,78.3997,-195.465,-258.949,105.134,-100.97,-124.117,51.8268,-1526.8,-1873.57,782.876
-0.60031,-0.738017,0.308154,-197.907,-262.443,106.516,-258.498,-351.494,141.439,-100.97,-124.117,51.8268,-1526.8,-1873.57,782.876
-0.60031,-0.738017,0.308154,-258.868,-352.053,141.657,-374.851,-536.752,212.365,-100.97,-124.117,51.8268,-1526.8,-1873.57,782.876
-0.60031,-0.738017,0.308154,-375.207,-537.352,212.591,-482.127,-727.852,283.403,-100.97,-124.117,51.8268,-1526.8,-1873.57,782.876
-0.60031,-0.738017,0.308154,-482.472,-728.504,283.642,-572.68,-908.749,348.979,-100.97,-124.117,51.8268,-1526.8,-1873.57,782.876
-0.409077,-0.533727,0.740129,-94.0701,-129.425,176.118,-94.9838,-130.755,177.895,-97.3428,-126.982,176.099,-1472.72,-1916.38,2660.09
-0.409077,-0.533727,0.740129,-99.5838,-137.47,186.861,-137.451,-194.221,262.006,-97.3428,-126.982,176.099,-1472.72,-1916.38,2660.09
-0.409077,-0.533727,0.740129,-139.668,-197.628,266.483,-183.723,-267.415,357.378,-97.3428,-126.982,176.099,-1472.72,-1916.38,2660.09
-0.409077,-0.533727,0.740129,-185.947,-271.048,362.069,-240.608,-364.026,480.854,-97.3428,-126.982,176.099,-1472.72,-1916.38,2660.09
-0.409077,-0.533727,0.740129,-240.917,-364.573,481.545,-341.711,-558.453,722.262,-97.3428,-126.982,176.099,-1472.72,-1916.38,2660.09
-0.409077,-0.533727,0.740129,-342.005,-559.071,723.016,-429.323,-760.245,964.62,-97.3428,-126.982,176.099,-1472.72,-1916.38,2660.09
-0.409077,-0.533727,0.740129,-429.577,-760.895,965.39,-467.485,-862.519,1084.9,-97.3428,-126.982,176.099,-1472.72,-1916.38,2660.09
-0.697321,-0.315675,-0.6435,-144.252,-69.2192,-134.519,-213.415,-105.266,-200.118,-145.765,-65.9742,-134.51,-2202.92,-994.265,-2031.85
-0.697321,-0.315675,-0.6435,-216.974,-107.173,-203.515,-289.214,-147.016,-272.902,-145.765,-65.9742,-134.51,-2202.92,-994.265,-2031.85
-0.697321,-0.315675,-0.6435,-292.927,-149.123,-276.492,-385.817,-203.779,-367.139,-145.765,-65.9742,-134.51,-2202.92,-994.265,-2031.85
-0.697321,-0.315675,-0.6435,-386.379,-204.122,-367.693,-569.278,-323.319,-551.35,-145.765,-65.9742,-134.51,-2202.92,-994.265,-2031.85
-0.697321,-0.315675,-0.6435,-569.854,-323.719,-551.94,-745.624,-454.265,-736.101,-145.765,-65.9742,-134.51,-2202.92,-994.265,-2031.85
-0.697321,-0.315675,-0.6435,-746.16,-454.689,-736.676,-901.089,-584.644,-906.752,-145.765,-65.9742,-134.51,-2202.92,-994.265,-2031.85
-0.33654,-0.381261,-0.861035,-142.634,-178.195,-386.86,-147.573,-185.035,-401.156,-105.896,-119.941,-270.901,-1602.5,-1809.26,-4092.13
-0.33654,-0.381261,-0.861035,-150.68,-189.366,-410.188,-197.602,-257.389,-550.211,-105.896,-119.941,-270.901,-1602.5,-1809.26,-4092.13
-0.33654,-0.381261,-0.861035,-199.933,-260.904,-557.355,-257.502,-352.297,-740.364,-105.896,-119.941,-270.901,-1602.5,-1809.26,-4092.13
-0.33654,-0.381261,-0.861035,-257.818,-352.824,-741.404,-332.893,-488.046,-1003.45,-105.896,-119.941,-270.901,-1602.5,-1809.26,-4092.13
-0.664913,0.658887,0.351794,-115.652,110.565,60.1177,-173.416,162.986,89.3176,-113.644,112.628,60.1307,-1715.2,1702.79,908.312
-0.664913,0.658887,0.351794,-176.414,165.656,90.8205,-238.531,219.882,121.688,-113.644,112.628,60.1307,-1715.2,1702.79,908.312
-0.664913,0.658887,0.351794,-241.789,222.67,123.294,-324.526,291.641,163.628,-113.644,112.628,60.1307,-1715.2,1702.79,908.312
-0.664913,0.658887,0.351794,-325.045,292.062,163.878,-497.678,425.365,245.538,-113.644,112.628,60.1307,-1715.2,1702.79,908.312
-0.664913,0.658887,0.351794,-498.239,425.776,245.799,-677.63,550.487,327.594,-113.644,112.628,60.1307,-1715.2,1702.79,908.312
-0.664913,0.658887,0.351794,-678.245,550.892,327.869,-849.118,657.86,403.344,-113.644,112.628,60.1307,-1715.2,1702.79,908.312
0.690111,0.62567,0.363708,116.544,109.625,62.4717,171.83,164.581,92.9087,118.543,107.46,62.4718,1792.06,1621.7,943.676
0.690111,0.62567,0.363708,174.688,167.476,94.4969,232.048,226.741,126.695,118.543,107.46,62.4718,1792.06,1621.7,943.676
0.690111,0.62567,0.363708,234.985,229.838,128.362,308.112,308.929,170.408,118.543,107.46,62.4718,1792.06,1621.7,943.676
0.690111,0.62567,0.363708,308.561,309.427,170.669,450.52,475.026,255.754,118.543,107.46,62.4718,1792.06,1621.7,943.676
0.690111,0.62567,0.363708,450.96,475.566,256.025,584.648,648.384,341.218,118.543,107.46,62.4718,1792.06,1621.7,943.676
0.690111,0.62567,0.363708,585.085,648.979,341.505,700.576,814.229,420.115,118.543,107.46,62.4718,1792.06,1621.7,943.676
0.420031,-0.778147,-0.46697,78.7086,-139.302,-84.4986,119.053,-206.055,-125.648,75.9912,-140.802,-84.4933,1145.96,-2127.95,-1276.32
0.420031,-0.778147,-0.46697,121.17,-209.48,-127.772,165.279,-279.23,-171.297,75.9912,-140.802,-84.4933,1145.96,-2127.95,-1276.32
0.420031,-0.778147,-0.46697,167.574,-282.777,-173.525,227.361,-372.473,-230.375,75.9912,-140.802,-84.4933,1145.96,-2127.95,-1276.32
0.420031,-0.778147,-0.46697,227.702,-372.97,-230.692,355.776,-549.551,-345.75,75.9912,-140.802,-84.4933,1145.96,-2127.95,-1276.32
0.420031,-0.778147,-0.46697,356.216,-550.125,-346.132,493.772,-720.031,-461.452,75.9912,-140.802,-84.4933,1145.96,-2127.95,-1276.32
0.420031,-0.778147,-0.46697,494.237,-720.574,-461.829,628.988,-870.661,-568.23,75.9912,-140.802,-84.4933,1145.96,-2127.95,-1276.32
0.14592,0.489939,-0.859458,52.7506,212.037,-367.433,52.9619,213.09,-369.238,45.688,153.338,-268.997,693.792,2315.18,-4063.37
0.14592,0.489939,-0.859458,54.6542,221.61,-383.838,56.5089,231.145,-400.167,45.688,153.338,-268.997,693.792,2315.18,-4063.37
0.14592,0.489939,-0.859458,57.2712,235.126,-406.981,71.3361,316.533,-545.864,45.688,153.338,-268.997,693.792,2315.18,-4063.37
0.14592,0.489939,-0.859458,71.9815,320.722,-552.988,85.9319,427.845,-734.63,45.688,153.338,-268.997,693.792,2315.18,-4063.37
0.14592,0.489939,-0.859458,85.9954,428.438,-735.632,97.6823,587.258,-1003.37,45.688,153.338,-268.997,693.792,2315.18,-4063.37
-0.00778063,0.901608,0.432483,-4.41888,159.939,76.7499,-8.74619,237.822,114.201,-1.37058,159.994,76.7459,-18.546,2416.83,1159.29
-0.00778063,0.901608,0.432483,-9.00831,241.832,116.131,-15.2361,324.085,155.737,-1.37058,159.994,76.7459,-18.546,2416.83,1159.29
-0.00778063,0.901608,0.432483,-15.6016,328.33,157.783,-26.2607,435.53,209.509,-1.37058,159.994,76.7459,-18.546,2416.83,1159.29
-0.00778063,0.901608,0.432483,-26.3347,436.189,209.827,-56.3082,652.221,314.547,-1.37058,159.994,76.7459,-18.546,2416.83,1159.29
-0.00778063,0.901608,0.432483,-56.4285,652.95,314.902,-97.6526,867.618,419.849,-1.37058,159.994,76.7459,-18.546,2416.83,1159.29
-0.00778063,0.901608,0.432483,-97.8005,868.293,420.181,-145.639,1064.17,516.968,-1.37058,159.994,76.7459,-18.546,2416.83,1159.29
-0.104054,-0.781984,-0.614552,-17.6497,-159.024,-124.646,-23.7988,-236.758,-185.345,-21.1157,-158.601,-124.643,-321.411,-2395.43,-1882.82
-0.104054,-0.781984,-0.614552,-24.0735,-240.8,-188.498,-28.7024,-323.197,-252.73,-21.1157,-158.601,-124.643,-321.411,-2395.43,-1882.82
-0.104054,-0.781984,-0.614552,-28.8902,-327.428,-256.027,-32.0371,-435.156,-339.907,-21.1157,-158.601,-124.643,-321.411,-2395.43,-1882.82
-0.104054,-0.781984,-0.614552,-32.0466,-435.807,-340.413,-28.7345,-654.065,-510.323,-21.1157,-158.601,-124.643,-321.411,-2395.43,-1882.82
-0.104054,-0.781984,-0.614552,-28.7035,-654.754,-510.86,-12.3694,-872.999,-681.205,-21.1157,-158.601,-124.643,-321.411,-2395.43,-1882.82
-0.104054,-0.781984,-0.614552,-12.2962,-873.697,-681.751,14.2892,-1073.99,-838.994,-21.1157,-158.601,-124.643,-321.411,-2395.43,-1882.82
-0.487226,-0.132399,-0.863181,-217.122,-70.3991,-390.33,-223.024,-72.6425,-401.118,-154.406,-41.9394,-273.54,-2333.4,-629.802,-4132
-0.487226,-0.132399,-0.863181,-229.983,-75.3113,-413.855,-306.528,-106.363,-555.018,-154.406,-41.9394,-273.54,-2333.4,-629.802,-4132
-0.487226,-0.132399,-0.863181,-310.439,-108.034,-562.287,-408.723,-152.82,-746.851,-154.406,-41.9394,-273.54,-2333.4,-629.802,-4132
-0.487226,-0.132399,-0.863181,-409.288,-153.093,-747.923,-541.755,-222.474,-1003.44,-154.406,-41.9394,-273.54,-2333.4,-629.802,-4132
-0.128955,-0.451283,0.883014,-55.815,-249.585,481.37,-56.6427,-254.681,491.083,-43.9794,-153.837,301.019,-668.32,-2322.66,4547.09
-0.128955,-0.451283,0.883014,-57.9968,-263.186,507.288,-65.8656,-317.7,610.923,-43.9794,-153.837,301.019,-668.32,-2322.66,4547.09
-0.128955,-0.451283,0.883014,-66.4166,-321.92,618.931,-77.6666,-429.421,822.305,-43.9794,-153.837,301.019,-668.32,-2322.66,4547.09
-0.128955,-0.451283,0.883014,-77.7142,-430.017,823.43,-82.9244,-517.377,988.087,-43.9794,-153.837,301.019,-668.32,-2322.66,4547.09
0.709488,-0.56898,-0.415798,126.688,-97.7247,-73.1558,189.783,-143.581,-108.822,124.813,-100.108,-73.1511,1884.04,-1513.86,-1104.99
0.709488,-0.56898,-0.415798,193.062,-145.915,-110.662,260.755,-193.105,-148.39,124.813,-100.108,-73.1511,1884.04,-1513.86,-1104.99
0.709488,-0.56898,-0.415798,264.249,-195.489,-150.324,354.055,-255.03,-199.589,124.813,-100.108,-73.1511,1884.04,-1513.86,-1104.99
0.709488,-0.56898,-0.415798,354.594,-255.377,-199.882,540.927,-368.848,-299.638,124.813,-100.108,-73.1511,1884.04,-1513.86,-1104.99
0.709488,-0.56898,-0.415798,541.509,-369.182,-299.945,733.785,-473.094,-399.871,124.813,-100.108,-73.1511,1884.04,-1513.86,-1104.99
0.709488,-0.56898,-0.415798,734.421,-473.417,-400.197,916.312,-560.346,-492.379,124.813,-100.108,-73.1511,1884.04,-1513.86,-1104.99
0.487035,0.67024,0.559978,91.3752,131.341,108.135,133.881,196.683,161.058,94.0643,129.429,108.142,1422.8,1953.73,1633.55
0.487035,0.67024,0.559978,136.068,200.124,163.826,179.548,270.268,219.854,94.0643,129.429,108.142,1422.8,1953.73,1633.55
0.487035,0.67024,0.559978,181.737,273.889,222.727,236.159,366.952,295.904,94.0643,129.429,108.142,1422.8,1953.73,1633.55
0.487035,0.67024,0.559978,236.458,367.48,296.316,338.55,560.323,444.453,94.0643,129.429,108.142,1422.8,1953.73,1633.55
0.487035,0.67024,0.559978,338.872,560.975,444.947,430.093,759.806,593.502,94.0643,129.429,108.142,1422.8,1953.73,1633.55
0.487035,0.67024,0.559978,430.366,760.449,593.976,504.405,948.261,731.07,94.0643,129.429,108.142,1422.8,1953.73,1633.55
0.925606,0.322795,-0.197629,150.134,55.3159,-32.2546,222.584,84.131,-47.9284,151.08,52.6775,-32.2568,2282.81,793.852,-487.259
0.925606,0.322795,-0.197629,226.332,85.661,-48.7425,302.423,117.556,-65.333,151.08,52.6775,-32.2568,2282.81,793.852,-487.259
0.925606,0.322795,-0.197629,306.313,119.231,-66.1846,404.781,163.038,-87.8493,151.08,52.6775,-32.2568,2282.81,793.852,-487.259
0.925606,0.322795,-0.197629,405.328,163.289,-87.9703,601.25,258.966,-131.801,151.08,52.6775,-32.2568,2282.81,793.852,-487.259
0.925606,0.322795,-0.197629,601.904,259.305,-131.949,793.419,364.431,-175.858,151.08,52.6775,-32.2568,2282.81,793.852,-487.259
0.925606,0.322795,-0.197629,794.002,364.77,-175.994,965.974,469.703,-216.508,151.08,52.6775,-32.2568,2282.81,793.852,-487.259
-0.245422,-0.31662,-0.916253,-194.156,-308.604,-835.688,-196.39,-313.08,-847.144,-98.0399,-126.444,-365.953,-1484.79,-1907.04,-5527.95
-0.245422,-0.31662,-0.916253,-202.154,-324.774,-877.003,-207.648,-336.119,-905.871,-98.0399,-126.444,-365.953,-1484.79,-1907.04,-5527.95
-0.245422,-0.31662,-0.916253,-209.996,-341.03,-918.339,-219.283,-360.82,-968.402,-98.0399,-126.444,-365.953,-1484.79,-1907.04,-5527.95
-0.00112119,0.996981,0.077632,-2.92629,159.973,12.4594,-6.30924,237.834,18.5357,-0.170775,160,12.4587,-0.628455,2416.9,188.197
-0.00112119,0.996981,0.077632,-6.52302,241.912,18.8541,-11.6086,324.276,25.2874,-0.170775,160,12.4587,-0.628455,2416.9,188.197
-0.00112119,0.996981,0.077632,-11.9076,328.484,25.6162,-20.8417,435.879,34.0169,-0.170775,160,12.4587,-0.628455,2416.9,188.197
-0.00112119,0.996981,0.077632,-20.8991,436.483,34.0642,-46.6012,652.992,51.0554,-0.170775,160,12.4587,-0.628455,2416.9,188.197
-0.00112119,0.996981,0.077632,-46.7046,653.717,51.1124,-82.6075,869.102,68.1234,-0.170775,160,12.4587,-0.628455,2416.9,188.197
-0.00112119,0.996981,0.077632,-82.7519,869.856,68.1832,-124.817,1066.85,83.8751,-0.170775,160,12.4587,-0.628455,2416.9,188.197
0.235178,0.959149,0.157239,35.4047,156.034,25.4763,50.7235,232.448,38.0512,38.1114,155.395,25.4751,577.609,2346.86,384.817
0.235178,0.959149,0.157239,51.4904,236.459,38.7101,66.2237,317.634,52.023,38.1114,155.395,25.4751,577.609,2346.86,384.817
0.235178,0.959149,0.157239,66.9414,321.811,52.7068,83.9041,428.257,70.0939,38.1114,155.395,25.4751,577.609,2346.86,384.817
0.235178,0.959149,0.157239,83.9895,428.836,70.1882,110.644,645.258,105.343,38.1114,155.395,25.4751,577.609,2346.86,384.817
0.235178,0.959149,0.157239,110.714,645.964,105.457,127.087,863.742,140.651,38.1114,155.395,25.4751,577.609,2346.86,384.817
0.235178,0.959149,0.157239,127.125,864.486,140.772,133.073,1065.87,173.24,38.1114,155.395,25.4751,577.609,2346.86,384.817
0.599039,-0.776202,0.196632,99.9497,-124.94,32.0891,150.162,-184.59,47.7062,97.7472,-126.671,32.0875,1474.96,-1914.65,484.702
0.599039,-0.776202,0.196632,152.796,-187.663,48.5169,207.081,-249.796,65.0419,97.7472,-126.671,32.0875,1474.96,-1914.65,484.702
0.599039,-0.776202,0.196632,209.896,-252.957,65.8896,282.543,-332.554,87.4697,97.7472,-126.671,32.0875,1474.96,-1914.65,484.702
0.599039,-0.776202,0.196632,282.959,-332.999,87.5917,435.597,-488.697,131.241,97.7472,-126.671,32.0875,1474.96,-1914.65,484.702
0.599039,-0.776202,0.196632,436.123,-489.208,131.388,596.369,-637.709,175.11,97.7472,-126.671,32.0875,1474.96,-1914.65,484.702
0.599039,-0.776202,0.196632,596.873,-638.154,175.244,750.78,-768.156,215.554,97.7472,-126.671,32.0875,1474.96,-1914.65,484.702
-0.936572,0.0293953,0.349239,-159.986,2.10675,59.6364,-237.99,0.910768,88.711,-159.921,5.02904,59.6332,-2415.64,78.0418,900.797
-0.936572,0.0293953,0.349239,-241.999,0.811679,90.2054,-324.415,-2.04315,120.938,-159.921,5.02904,59.6332,-2415.64,78.0418,900.797
-0.936572,0.0293953,0.349239,-328.692,-2.23413,122.534,-436.245,-8.40901,162.676,-159.921,5.02904,59.6332,-2415.64,78.0418,900.797
-0.936572,0.0293953,0.349239,-436.902,-8.45485,162.921,-654.053,-29.0805,244.191,-159.921,5.02904,59.6332,-2415.64,78.0418,900.797
-0.936572,0.0293953,0.349239,-654.734,-29.1624,244.447,-870.951,-60.6696,325.85,-159.921,5.02904,59.6332,-2415.64,78.0418,900.797
-0.936572,0.0293953,0.349239,-871.666,-60.7921,326.12,-1069.45,-99.3973,401.195,-159.921,5.02904,59.6332,-2415.64,78.0418,900.797
-0.107046,0.534075,-0.838633,-49.3851,202.824,-321.403,-57.6338,230.909,-366.452,-31.4275,156.883,-246.341,-471.229,2370.52,-3721.14
-0.107046,0.534075,-0.838633,-58.7894,234.751,-372.626,-83.9153,313.415,-499.713,-31.4275,156.883,-246.341,-471.229,2370.52,-3721.14
-0.107046,0.534075,-0.838633,-85.2785,317.445,-506.261,-122.082,418.942,-672.439,-31.4275,156.883,-246.341,-471.229,2370.52,-3721.14
-0.107046,0.534075,-0.838633,-122.305,419.519,-673.39,-210.077,620.063,-1010.39,-31.4275,156.883,-246.341,-471.229,2370.52,-3721.14
-0.107046,0.534075,-0.838633,-210.388,620.697,-1011.48,-212.479,624.951,-1018.77,-31.4275,156.883,-246.341,-471.229,2370.52,-3721.14
0.582229,-0.757559,0.295149,99.7497,-125.1,49.4292,150.006,-184.763,73.5974,97.4926,-126.867,49.4257,1471.07,-1917.64,746.605
0.582229,-0.757559,0.295149,152.618,-187.808,74.8404,206.976,-249.918,100.41,97.4926,-126.867,49.4257,1471.07,-1917.64,746.605
0.582229,-0.757559,0.295149,209.777,-253.056,101.713,282.552,-332.563,135.104,97.4926,-126.867,49.4257,1471.07,-1917.64,746.605
0.582229,-0.757559,0.295149,282.96,-332.998,135.289,436.005,-488.351,202.851,97.4926,-126.867,49.4257,1471.07,-1917.64,746.605
0.582229,-0.757559,0.295149,436.522,-488.851,203.074,597.257,-636.76,270.747,97.4926,-126.867,49.4257,1471.07,-1917.64,746.605
0.582229,-0.757559,0.295149,597.827,-637.26,270.982,752.41,-766.564,333.43,97.4926,-126.867,49.4257,1471.07,-1917.64,746.605
0.536949,0.733242,-0.417183,92.084,130.845,-73.4413,135.175,195.853,-109.216,94.5391,129.083,-73.4458,1429.8,1948.61,-1109.45
0.536949,0.733242,-0.417183,137.368,199.233,-111.064,181.584,268.896,-148.914,94.5391,129.083,-73.4458,1429.8,1948.61,-1109.45
0.536949,0.733242,-0.417183,183.818,272.497,-150.858,239.415,364.789,-200.282,94.5391,129.083,-73.4458,1429.8,1948.61,-1109.45
0.536949,0.733242,-0.417183,239.741,365.347,-200.578,345.016,556.419,-300.642,94.5391,129.083,-73.4458,1429.8,1948.61,-1109.45
0.536949,0.733242,-0.417183,345.329,557.024,-300.954,440.8,753.615,-401.205,94.5391,129.083,-73.4458,1429.8,1948.61,-1109.45
0.536949,0.733242,-0.417183,441.099,754.274,-401.537,520.106,939.829,-494.052,94.5391,129.083,-73.4458,1429.8,1948.61,-1109.45
0.411772,-0.639636,-0.649083,89.6166,-132.548,-136.551,135.325,-195.747,-203.301,86.5971,-134.54,-136.52,1305.95,-2033.69,-2062.22
0.411772,-0.639636,-0.649083,137.726,-198.986,-206.752,187.678,-264.707,-277.401,86.5971,-134.54,-136.52,1305.95,-2033.69,-2062.22
0.411772,-0.639636,-0.649083,190.27,-268.032,-281.01,257.877,-351.993,-373.276,86.5971,-134.54,-136.52,1305.95,-2033.69,-2062.22
0.411772,-0.639636,-0.649083,258.284,-352.482,-373.821,402.905,-516.033,-560.695,86.5971,-134.54,-136.52,1305.95,-2033.69,-2062.22
0.411772,-0.639636,-0.649083,403.38,-516.538,-561.288,558.188,-671.3,-748.615,86.5971,-134.54,-136.52,1305.95,-2033.69,-2062.22
0.411772,-0.639636,-0.649083,558.726,-671.805,-749.247,709.949,-806.02,-922.287,86.5971,-134.54,-136.52,1305.95,-2033.69,-2062.22
0.890611,0.136812,0.433698,157.654,27.3009,77.0112,234.058,42.7252,114.468,158.146,24.2836,77.0114,2389.23,364.685,1163.31
0.890611,0.136812,0.433698,238.045,43.5707,116.426,318.557,61.5082,156.061,158.146,24.2836,77.0114,2389.23,364.685,1163.31
0.890611,0.136812,0.433698,322.708,62.4779,158.11,427.319,88.3851,209.902,158.146,24.2836,77.0114,2389.23,364.685,1163.31
0.890611,0.136812,0.433698,427.919,88.542,210.2,637.431,149.148,314.996,158.146,24.2836,77.0114,2389.23,364.685,1163.31
0.890611,0.136812,0.433698,638.134,149.371,315.35,844.672,220.968,420.298,158.146,24.2836,77.0114,2389.23,364.685,1163.31
0.890611,0.136812,0.433698,845.318,221.211,420.63,1032.29,296.706,517.414,158.146,24.2836,77.0114,2389.23,364.685,1163.31
-0.927947,-0.0722913,-0.365634,-159.261,-15.3569,-62.8573,-236.614,-24.939,-93.5276,-159.517,-12.4173,-62.8535,-2409.77,-185.487,-949.441
-0.927947,-0.0722913,-0.365634,-240.655,-25.4784,-95.1319,-322.28,-37.2012,-127.582,-159.517,-12.4173,-62.8535,-2409.77,-185.487,-949.441
-0.927947,-0.0722913,-0.365634,-326.513,-37.8522,-129.268,-432.83,-55.6078,-171.684,-159.517,-12.4173,-62.8535,-2409.77,-185.487,-949.441
-0.927947,-0.0722913,-0.365634,-433.417,-55.7133,-171.919,-647.032,-99.6957,-257.746,-159.517,-12.4173,-62.8535,-2409.77,-185.487,-949.441
-0.927947,-0.0722913,-0.365634,-647.731,-99.858,-258.029,-859.228,-154.615,-344.002,-159.517,-12.4173,-62.8535,-2409.77,-185.487,-949.441
-0.927947,-0.0722913,-0.365634,-859.957,-154.824,-344.301,-1052.43,-214.746,-423.639,-159.517,-12.4173,-62.8535,-2409.77,-185.487,-949.441
0.472888,-0.80313,-0.362435,83.6987,-136.362,-62.2251,126.267,-201.674,-92.5116,81.1732,-137.88,-62.22,1224.37,-2083.82,-939.873
0.472888,-0.80313,-0.362435,128.516,-205.055,-94.0892,174.887,-273.273,-126.13,81.1732,-137.88,-62.22,1224.37,-2083.82,-939.873
0.472888,-0.80313,-0.362435,177.316,-276.772,-127.785,239.894,-364.461,-169.622,81.1732,-137.88,-62.22,1224.37,-2083.82,-939.873
0.472888,-0.80313,-0.362435,240.283,-364.991,-169.877,373.567,-537.659,-254.601,81.1732,-137.88,-62.22,1224.37,-2083.82,-939.873
0.472888,-0.80313,-0.362435,374.001,-538.192,-254.868,516.049,-704.24,-339.742,81.1732,-137.88,-62.22,1224.37,-2083.82,-939.873
0.472888,-0.80313,-0.362435,516.525,-704.769,-340.018,654.838,-851.46,-418.311,81.1732,-137.88,-62.22,1224.37,-2083.82,-939.873
-0.644399,-0.00335966,0.764682,-169.656,-5.6587,201.46,-176.665,-6.1005,209.796,-159.998,-0.820001,189.863,-2416.88,-9.36788,2868
-0.644399,-0.00335966,0.764682,-179.39,-6.27671,213.038,-237.733,-10.6425,282.487,-159.998,-0.820001,189.863,-2416.88,-9.36788,2868
-0.644399,-0.00335966,0.764682,-241.751,-10.985,287.273,-323.886,-19.1827,385.261,-159.998,-0.820001,189.863,-2416.88,-9.36788,2868
-0.644399,-0.00335966,0.764682,-328.111,-19.6661,390.31,-435.057,-33.9267,518.404,-159.998,-0.820001,189.863,-2416.88,-9.36788,2868
-0.644399,-0.00335966,0.764682,-435.657,-34.0178,519.125,-650.387,-74.6392,778.641,-159.998,-0.820001,189.863,-2416.88,-9.36788,2868
-0.644399,-0.00335966,0.764682,-651.101,-74.8013,779.51,-863.183,-131.203,1040.11,-159.998,-0.820001,189.863,-2416.88,-9.36788,2868
-0.644399,-0.00335966,0.764682,-863.846,-131.405,1040.94,-886.542,-138.44,1069.15,-159.998,-0.820001,189.863,-2416.88,-9.36788,2868
-0.783488,-0.507916,0.358006,-132.648,-89.4686,61.3492,-196.124,-134.754,91.2668,-134.262,-87.0271,61.347,-2029.24,-1312.85,926.685
-0.783488,-0.507916,0.358006,-199.395,-137.134,92.8186,-265.624,-186.337,124.475,-134.262,-87.0271,61.347,-2029.24,-1312.85,926.685
-0.783488,-0.507916,0.358006,-269,-188.898,126.101,-354.01,-255.112,167.446,-134.262,-87.0271,61.347,-2029.24,-1312.85,926.685
-0.783488,-0.507916,0.358006,-354.502,-255.505,167.688,-521.393,-395.848,251.354,-134.262,-87.0271,61.347,-2029.24,-1312.85,926.685
-0.783488,-0.507916,0.358006,-521.955,-396.346,251.642,-681.947,-545.217,335.491,-134.262,-87.0271,61.347,-2029.24,-1312.85,926.685
-0.783488,-0.507916,0.358006,-682.434,-545.693,335.753,-823.176,-689.958,413.063,-134.262,-87.0271,61.347,-2029.24,-1312.85,926.685
-0.914533,-0.322745,-0.243854,-149.916,-55.9023,-40.2333,-222.223,-85.004,-59.7877,-150.883,-53.2378,-40.2311,-2279.85,-802.298,-607.717
-0.914533,-0.322745,-0.243854,-225.99,-86.5596,-60.8103,-301.897,-118.766,-81.4988,-150.883,-53.2378,-40.2311,-2279.85,-802.298,-607.717
-0.914533,-0.322745,-0.243854,-305.825,-120.477,-82.5738,-404.1,-164.743,-109.614,-150.883,-53.2378,-40.2311,-2279.85,-802.298,-607.717
-0.914533,-0.322745,-0.243854,-404.638,-164.993,-109.763,-600.089,-261.653,-164.472,-150.883,-53.2378,-40.2311,-2279.85,-802.298,-607.717
-0.914533,-0.322745,-0.243854,-600.738,-261.994,-164.656,-791.676,-368.203,-219.485,-150.883,-53.2378,-40.2311,-2279.85,-802.298,-607.717
-0.914533,-0.322745,-0.243854,-792.257,-368.545,-219.654,-963.596,-474.561,-270.221,-150.883,-53.2378,-40.2311,-2279.85,-802.298,-607.717
0.661774,-0.748979,-0.0329363,107.983,-118.067,-5.26592,162.079,-174.203,-7.8163,105.935,-119.908,-5.27266,1598.75,-1812.57,-79.6469
0.661774,-0.748979,-0.0329363,164.922,-177.101,-7.94909,223.212,-235.445,-10.6487,105.935,-119.908,-5.27266,1598.75,-1812.57,-79.6469
0.661774,-0.748979,-0.0329363,226.256,-238.436,-10.7885,303.984,-313.002,-14.3237,105.935,-119.908,-5.27266,1598.75,-1812.57,-79.6469
0.661774,-0.748979,-0.0329363,304.467,-313.455,-14.3454,467.02,-458.825,-21.5055,105.935,-119.908,-5.27266,1598.75,-1812.57,-79.6469
0.661774,-0.748979,-0.0329363,467.544,-459.271,-21.5281,636.977,-597.077,-28.7017,105.935,-119.908,-5.27266,1598.75,-1812.57,-79.6469
0.661774,-0.748979,-0.0329363,637.548,-597.52,-28.7254,799.336,-717.422,-35.349,105.935,-119.908,-5.27266,1598.75,-1812.57,-79.6469
-0.647825,-0.753585,0.111502,-102.203,-123.104,17.9619,-150.448,-184.397,26.7293,-104.309,-121.324,17.9523,-1577.14,-1831.4,271.18
-0.647825,-0.753585,0.111502,-152.904,-187.575,27.1807,-202.743,-253.311,36.4554,-104.309,-121.324,17.9523,-1577.14,-1831.4,271.18
-0.647825,-0.753585,0.111502,-205.277,-256.72,36.933,-268.499,-343.921,49.0451,-104.309,-121.324,17.9523,-1577.14,-1831.4,271.18
-0.647825,-0.753585,0.111502,-268.884,-344.465,49.12,-390.588,-525.419,73.6505,-104.309,-121.324,17.9523,-1577.14,-1831.4,271.18
-0.647825,-0.753585,0.111502,-390.96,-526.002,73.7283,-504.174,-712.77,98.3038,-104.309,-121.324,17.9523,-1577.14,-1831.4,271.18
-0.647825,-0.753585,0.111502,-504.536,-713.401,98.3857,-601.001,-890.179,121.071,-104.309,-121.324,17.9523,-1577.14,-1831.4,271.18
0.627795,0.118408,-0.769319,165.845,36.1988,-204.449,170.184,37.2799,-209.835,157.231,29.6405,-192.672,2375.63,444.746,-2910.43
0.627795,0.118408,-0.769319,175.308,38.5655,-216.198,231.881,53.4056,-286.647,157.231,29.6405,-192.672,2375.63,444.746,-2910.43
0.627795,0.118408,-0.769319,235.789,54.4746,-291.527,315.094,77.4086,-390.969,157.231,29.6405,-192.672,2375.63,444.746,-2910.43
0.627795,0.118408,-0.769319,319.153,78.6467,-396.08,421.718,112.059,-526.024,157.231,29.6405,-192.672,2375.63,444.746,-2910.43
0.627795,0.118408,-0.769319,422.316,112.266,-526.786,626.089,191.287,-790.106,157.231,29.6405,-192.672,2375.63,444.746,-2910.43
0.627795,0.118408,-0.769319,626.759,191.575,-790.984,825.023,285.729,-1055.33,157.231,29.6405,-192.672,2375.63,444.746,-2910.43
0.627795,0.118408,-0.769319,825.635,286.048,-1056.16,832.261,289.51,-1065.16,157.231,29.6405,-192.672,2375.63,444.746,-2910.43
-0.545731,0.0700732,0.835025,-198.212,17.6974,302.088,-200.465,17.8102,305.511,-158.695,20.3935,242.823,-2396.73,311.564,3667.99
-0.545731,0.0700732,0.835025,-207.958,18.1712,316.893,-237.19,19.3719,361.286,-158.695,20.3935,242.823,-2396.73,311.564,3667.99
-0.545731,0.0700732,0.835025,-241.212,19.5111,367.393,-323.801,20.9875,492.747,-158.695,20.3935,242.823,-2396.73,311.564,3667.99
-0.545731,0.0700732,0.835025,-328.029,20.9918,499.163,-435.976,18.7493,663.032,-158.695,20.3935,242.823,-2396.73,311.564,3667.99
-0.545731,0.0700732,0.835025,-436.582,18.724,663.952,-654.7,0.257818,996.256,-158.695,20.3935,242.823,-2396.73,311.564,3667.99
-0.545731,0.0700732,0.835025,-655.383,0.170444,997.302,-669.404,-1.66407,1018.76,-158.695,20.3935,242.823,-2396.73,311.564,3667.99
0.681954,-0.644596,0.345593,118.26,-107.771,58.9086,177.274,-158.672,87.572,116.271,-109.914,58.9257,1754.91,-1661.83,890.109
0.681954,-0.644596,0.345593,180.394,-161.313,89.0756,243.881,-213.976,119.415,116.271,-109.914,58.9257,1754.91,-1661.83,890.109
0.681954,-0.644596,0.345593,247.186,-216.663,120.981,331.688,-283.582,160.628,116.271,-109.914,58.9257,1754.91,-1661.83,890.109
0.681954,-0.644596,0.345593,332.159,-283.945,160.847,508.024,-412.863,241.077,116.271,-109.914,58.9257,1754.91,-1661.83,890.109
0.681954,-0.644596,0.345593,508.642,-413.292,241.354,691.105,-533.534,321.731,116.271,-109.914,58.9257,1754.91,-1661.83,890.109
0.681954,-0.644596,0.345593,691.697,-533.903,321.988,865.094,-636.611,396.135,116.271,-109.914,58.9257,1754.91,-1661.83,890.109
0.173341,-0.916331,0.360958,32.6206,-156.639,61.9275,50.5435,-232.515,92.1118,29.7299,-157.214,61.9285,447.038,-2375.2,935.468
0.173341,-0.916331,0.360958,51.5131,-236.454,93.6825,72.0268,-316.354,125.621,29.7299,-157.214,61.9285,447.038,-2375.2,935.468
0.173341,-0.916331,0.360958,73.1254,-320.463,127.267,102.289,-424.174,168.979,29.7299,-157.214,61.9285,447.038,-2375.2,935.468
0.173341,-0.916331,0.360958,102.473,-424.798,169.231,169.349,-632.403,253.702,29.7299,-157.214,61.9285,447.038,-2375.2,935.468
0.173341,-0.916331,0.360958,169.581,-633.064,253.973,246.907,-837.425,338.625,29.7299,-157.214,61.9285,447.038,-2375.2,935.468
0.173341,-0.916331,0.360958,247.179,-838.093,338.905,327.51,-1022.91,416.991,29.7299,-157.214,61.9285,447.038,-2375.2,935.468
-0.841562,0.459753,0.283551,-141.762,74.1864,47.3152,-211.806,108.393,70.4081,-140.408,76.7172,47.3099,-2119.98,1160.64,714.646
-0.841562,0.459753,0.283551,-215.481,110.146,71.6142,-290.275,144.948,96.0551,-140.408,76.7172,47.3099,-2119.98,1160.64,714.646
-0.841562,0.459753,0.283551,-294.146,146.704,97.3145,-392.827,189.991,129.238,-140.408,76.7172,47.3099,-2119.98,1160.64,714.646
-0.841562,0.459753,0.283551,-393.402,190.235,129.423,-596.146,270.48,194.022,-140.408,76.7172,47.3099,-2119.98,1160.64,714.646
-0.841562,0.459753,0.283551,-596.849,270.738,194.244,-803.702,341.116,258.967,-140.408,76.7172,47.3099,-2119.98,1160.64,714.646
-0.841562,0.459753,0.283551,-804.361,341.322,259.171,-997.967,397.174,318.853,-140.408,76.7172,47.3099,-2119.98,1160.64,714.646
-0.197518,0.535819,0.820905,-71.7177,175.135,272.118,-72.1411,176.071,273.596,-55.3252,150.13,230,-832.525,2268.99,3474.29
-0.197518,0.535819,0.820905,-75.7512,184.018,286.144,-92.1862,219.366,342.182,-55.3252,150.13,230,-832.525,2268.99,3474.29
-0.197518,0.535819,0.820905,-93.9258,223.029,348.012,-130.564,297.061,466.764,-55.3252,150.13,230,-832.525,2268.99,3474.29
-0.197518,0.535819,0.820905,-132.497,300.812,472.832,-183.951,395.709,628.018,-55.3252,150.13,230,-832.525,2268.99,3474.29
-0.197518,0.535819,0.820905,-184.253,396.239,628.894,-300.201,581.825,943.539,-55.3252,150.13,230,-832.525,2268.99,3474.29
-0.197518,0.535819,0.820905,-300.586,582.388,944.518,-334.94,631.442,1030.6,-55.3252,150.13,230,-832.525,2268.99,3474.29
0.817283,-0.0147636,-0.576048,159.999,0.458652,-112.763,237.954,3.07412,-167.706,159.974,-2.90097,-112.755,2416.46,-46.2004,-1703.23
0.817283,-0.0147636,-0.576048,241.978,3.2525,-170.544,324.378,7.8417,-228.68,159.974,-2.90097,-112.755,2416.46,-46.2004,-1703.23
0.817283,-0.0147636,-0.576048,328.6,8.125,-231.661,435.998,16.9159,-307.566,159.974,-2.90097,-112.755,2416.46,-46.2004,-1703.23
0.817283,-0.0147636,-0.576048,436.653,16.9788,-308.029,653.202,44.1107,-461.798,159.974,-2.90097,-112.755,2416.46,-46.2004,-1703.23
0.817283,-0.0147636,-0.576048,653.89,44.2171,-462.289,869.005,83.812,-616.402,159.974,-2.90097,-112.755,2416.46,-46.2004,-1703.23
0.817283,-0.0147636,-0.576048,869.739,83.9698,-616.931,1066.02,131.442,-759.224,159.974,-2.90097,-112.755,2416.46,-46.2004,-1703.23
0.423558,-0.759106,0.494324,80.6951,-138.16,90.9978,121.978,-204.347,135.324,77.9514,-139.727,90.9857,1175.55,-2111.75,1374.4
0.423558,-0.759106,0.494324,124.139,-207.734,137.608,169.256,-276.835,184.499,77.9514,-139.727,90.9857,1175.55,-2111.75,1374.4
0.423558,-0.759106,0.494324,171.604,-280.349,186.9,232.741,-369.151,248.168,77.9514,-139.727,90.9857,1175.55,-2111.75,1374.4
0.423558,-0.759106,0.494324,233.081,-369.632,248.503,363.942,-544.227,372.516,77.9514,-139.727,90.9857,1175.55,-2111.75,1374.4
0.423558,-0.759106,0.494324,364.366,-544.761,372.903,504.718,-712.397,497.161,77.9514,-139.727,90.9857,1175.55,-2111.75,1374.4
0.423558,-0.759106,0.494324,505.194,-712.935,497.569,642.548,-860.692,612.22,77.9514,-139.727,90.9857,1175.55,-2111.75,1374.4
-0.391503,-0.823986,-0.4096,-65.9385,-145.781,-71.8417,-96.0745,-217.656,-106.821,-68.6738,-144.513,-71.8388,-1039.29,-2182.04,-1085.17
-0.391503,-0.823986,-0.4096,-97.6176,-221.438,-108.654,-127.997,-298.109,-145.667,-68.6738,-144.513,-71.8388,-1039.29,-2182.04,-1085.17
-0.391503,-0.823986,-0.4096,-129.532,-302.101,-147.586,-166.874,-403.137,-195.921,-68.6738,-144.513,-71.8388,-1039.29,-2182.04,-1085.17
-0.391503,-0.823986,-0.4096,-167.1,-403.772,-196.224,-234.817,-611.12,-294.104,-68.6738,-144.513,-71.8388,-1039.29,-2182.04,-1085.17
-0.391503,-0.823986,-0.4096,-235.018,-611.795,-294.42,-292.114,-822.72,-392.496,-68.6738,-144.513,-71.8388,-1039.29,-2182.04,-1085.17
-0.391503,-0.823986,-0.4096,-292.291,-823.446,-392.831,-335.285,-1020.45,-483.355,-68.6738,-144.513,-71.8388,-1039.29,-2182.04,-1085.17
0.817942,-0.472598,-0.328057,139.965,-77.5237,-55.5671,209.191,-113.458,-82.6155,138.533,-80.054,-55.5641,2091.59,-1211.05,-839.331
0.817942,-0.472598,-0.328057,212.779,-115.279,-84.011,286.698,-151.876,-112.62,138.533,-80.054,-55.5641,2091.59,-1211.05,-839.331
0.817942,-0.472598,-0.328057,290.536,-153.729,-114.098,388.174,-199.37,-151.483,138.533,-80.054,-55.5641,2091.59,-1211.05,-839.331
0.817942,-0.472598,-0.328057,388.724,-199.619,-151.692,589.566,-284.589,-227.31,138.533,-80.054,-55.5641,2091.59,-1211.05,-839.331
0.817942,-0.472598,-0.328057,590.241,-284.855,-227.561,795.424,-359.896,-303.334,138.533,-80.054,-55.5641,2091.59,-1211.05,-839.331
0.817942,-0.472598,-0.328057,796.118,-360.13,-303.588,988.49,-420.248,-373.511,138.533,-80.054,-55.5641,2091.59,-1211.05,-839.331
0.314964,-0.941851,-0.117108,53.3525,-150.843,-18.8684,81.1736,-223.707,-28.0978,50.7347,-151.743,-18.8671,764.521,-2292.8,-285
0.314964,-0.941851,-0.117108,82.6414,-227.452,-28.5738,113.46,-303.961,-38.3351,50.7347,-151.743,-18.8671,764.521,-2292.8,-285
0.314964,-0.941851,-0.117108,115.087,-307.894,-38.8388,157.437,-406.911,-51.5954,50.7347,-151.743,-18.8671,764.521,-2292.8,-285
0.314964,-0.941851,-0.117108,157.711,-407.531,-51.6757,250.477,-604.871,-77.5176,50.7347,-151.743,-18.8671,764.521,-2292.8,-285
0.314964,-0.941851,-0.117108,250.792,-605.5,-77.601,352.907,-798.542,-103.484,50.7347,-151.743,-18.8671,764.521,-2292.8,-285
0.314964,-0.941851,-0.117108,353.268,-799.187,-103.572,455.389,-972.737,-127.432,50.7347,-151.743,-18.8671,764.521,-2292.8,-285
-0.893642,-0.432279,-0.120574,-142.824,-72.1195,-19.4269,-211.522,-109.048,-28.8405,-144.038,-69.6647,-19.4337,-2176.63,-1050.56,-293.558
-0.893642,-0.432279,-0.120574,-215.05,-110.985,-29.3263,-286.979,-151.348,-39.277,-144.038,-69.6647,-19.4337,-2176.63,-1050.56,-293.558
-0.893642,-0.432279,-0.120574,-290.674,-153.467,-39.7908,-383.441,-208.164,-52.779,-144.038,-69.6647,-19.4337,-2176.63,-1050.56,-293.558
-0.893642,-0.432279,-0.120574,-384.024,-208.518,-52.8613,-567.842,-325.819,-79.1489,-144.038,-69.6647,-19.4337,-2176.63,-1050.56,-293.558
-0.893642,-0.432279,-0.120574,-568.429,-326.214,-79.2342,-746.785,-452.235,-105.557,-144.038,-69.6647,-19.4337,-2176.63,-1050.56,-293.558
-0.893642,-0.432279,-0.120574,-747.382,-452.678,-105.646,-906.408,-576.204,-129.898,-144.038,-69.6647,-19.4337,-2176.63,-1050.56,-293.558
-0.0436597,-0.984071,0.172333,-4.31636,-159.942,27.9955,-4.39886,-237.957,41.7127,-7.10091,-159.842,27.9921,-109.237,-2414.43,422.838
-0.0436597,-0.984071,0.172333,-4.36751,-241.961,42.4167,-2.94927,-324.418,56.9178,-7.10091,-159.842,27.9921,-109.237,-2414.43,422.838
-0.0436597,-0.984071,0.172333,-2.83564,-328.688,57.6687,1.33804,-436.354,76.613,-7.10091,-159.842,27.9921,-109.237,-2414.43,422.838
-0.0436597,-0.984071,0.172333,1.36978,-436.981,76.7235,17.5717,-654.396,115.069,-7.10091,-159.842,27.9921,-109.237,-2414.43,422.838
-0.0436597,-0.984071,0.172333,17.6462,-655.146,115.201,44.2608,-871.973,153.649,-7.10091,-159.842,27.9921,-109.237,-2414.43,422.838
-0.0436597,-0.984071,0.172333,44.3614,-872.657,153.77,78.0159,-1071.26,189.212,-7.10091,-159.842,27.9921,-109.237,-2414.43,422.838
-0.303512,-0.940374,-0.153547,-46.4984,-153.094,-24.8592,-67.2474,-228.23,-36.9747,-49.1535,-152.263,-24.8623,-744.367,-2299.42,-375.561
-0.303512,-0.940374,-0.153547,-68.2962,-232.163,-37.6075,-88.807,-312.088,-50.433,-49.1535,-152.263,-24.8623,-744.367,-2299.42,-375.561
-0.303512,-0.940374,-0.153547,-89.8189,-316.19,-51.0898,-114.343,-421.067,-67.8351,-49.1535,-152.263,-24.8623,-744.367,-2299.42,-375.561
-0.303512,-0.940374,-0.153547,-114.487,-421.719,-67.939,-156.589,-635.689,-101.85,-49.1535,-152.263,-24.8623,-744.367,-2299.42,-375.561
-0.303512,-0.940374,-0.153547,-156.706,-636.373,-101.957,-188.663,-852.429,-135.922,-49.1535,-152.263,-24.8623,-744.367,-2299.42,-375.561
-0.303512,-0.940374,-0.153547,-188.752,-853.153,-136.035,-209.108,-1053.51,-167.351,-49.1535,-152.263,-24.8623,-744.367,-2299.42,-375.561
-0.605255,0.784141,0.137078,-99.9273,124.958,22.1428,-150.211,184.552,32.8293,-97.7563,126.664,22.1415,-1475.11,1914.53,334.461
-0.605255,0.784141,0.137078,-152.848,187.621,33.3837,-207.16,249.659,44.684,-97.7563,126.664,22.1415,-1475.11,1914.53,334.461
-0.605255,0.784141,0.137078,-210.015,252.859,45.2718,-282.714,332.394,60.0395,-97.7563,126.664,22.1415,-1475.11,1914.53,334.461
-0.605255,0.784141,0.137078,-283.138,332.847,60.1246,-435.822,488.479,90.0094,-97.7563,126.664,22.1415,-1475.11,1914.53,334.461
-0.605255,0.784141,0.137078,-436.357,488.999,90.1115,-596.536,637.539,120.047,-97.7563,126.664,22.1415,-1475.11,1914.53,334.461
-0.605255,0.784141,0.137078,-597.047,637.991,120.14,-750.835,768.091,147.743,-97.7563,126.664,22.1415,-1475.11,1914.53,334.461
0.450263,-0.34023,0.825534,163.19,-113.886,291.201,196.122,-134.742,348.224,127.645,-96.4719,234.048,1926.07,-1460.02,3535.45
0.450263,-0.34023,0.825534,199.566,-136.884,354.156,270.421,-179.36,474.993,127.645,-96.4719,234.048,1926.07,-1460.02,3535.45
0.450263,-0.34023,0.825534,274.069,-181.466,481.154,368.698,-233.457,639.107,127.645,-96.4719,234.048,1926.07,-1460.02,3535.45
0.450263,-0.34023,0.825534,369.221,-233.73,639.971,567.174,-327.01,960.172,127.645,-96.4719,234.048,1926.07,-1460.02,3535.45
0.450263,-0.34023,0.825534,567.816,-327.28,961.191,609.166,-344.28,1026.59,127.645,-96.4719,234.048,1926.07,-1460.02,3535.45
-0.961545,0.104833,-0.253854,-159.338,14.5444,-41.9642,-237.112,19.6047,-62.3636,-159.056,17.3507,-41.9921,-2402.43,264.093,-634.318
-0.961545,0.104833,-0.253854,-241.186,19.8328,-63.4319,-323.615,23.6587,-85.0401,-159.056,17.3507,-41.9921,-2402.43,264.093,-634.318
-0.961545,0.104833,-0.253854,-327.836,23.8141,-86.1466,-435.524,26.4472,-114.36,-159.056,17.3507,-41.9921,-2402.43,264.093,-634.318
-0.961545,0.104833,-0.253854,-436.182,26.4554,-114.532,-654.265,23.8987,-171.65,-159.056,17.3507,-41.9921,-2402.43,264.093,-634.318
-0.961545,0.104833,-0.253854,-654.948,23.8736,-171.829,-872.999,10.7205,-229.035,-159.056,17.3507,-41.9921,-2402.43,264.093,-634.318
-0.961545,0.104833,-0.253854,-873.718,10.6595,-229.224,-1074.01,-10.834,-281.979,-159.056,17.3507,-41.9921,-2402.43,264.093,-634.318
-0.0712941,0.844111,0.531407,-16.6759,159.129,100.365,-27.0256,236.447,149.325,-13.455,159.433,100.37,-200.958,2408.53,1516.15
-0.0712941,0.844111,0.531407,-27.5996,240.421,151.845,-40.2823,321.951,203.629,-13.455,159.433,100.37,-200.958,2408.53,1516.15
-0.0712941,0.844111,0.531407,-40.9802,326.135,206.292,-60.2146,432.208,273.938,-13.455,159.433,100.37,-200.958,2408.53,1516.15
-0.0712941,0.844111,0.531407,-60.3306,432.799,274.316,-108.088,645.681,411.191,-13.455,159.433,100.37,-200.958,2408.53,1516.15
-0.0712941,0.844111,0.531407,-108.265,646.379,411.642,-167.865,856.814,548.847,-13.455,159.433,100.37,-200.958,2408.53,1516.15
-0.0712941,0.844111,0.531407,-168.07,857.467,549.277,-233.316,1048.43,675.884,-13.455,159.433,100.37,-200.958,2408.53,1516.15
0.860515,-0.317205,-0.398616,151.131,-52.5293,-69.5481,225.468,-76.0901,-103.59,150.122,-55.3487,-69.5424,2266.95,-838.067,-1050.48
0.860515,-0.317205,-0.398616,229.331,-77.274,-105.354,308.481,-100.659,-141.377,150.122,-55.3487,-69.5424,2266.95,-838.067,-1050.48
0.860515,-0.317205,-0.398616,312.535,-101.813,-143.217,416.596,-129.945,-190.261,150.122,-55.3487,-69.5424,2266.95,-838.067,-1050.48
0.860515,-0.317205,-0.398616,417.169,-130.093,-190.519,629.744,-178.933,-285.711,150.122,-55.3487,-69.5424,2266.95,-838.067,-1050.48
0.860515,-0.317205,-0.398616,630.444,-179.075,-286.023,845.619,-217.055,-381.39,150.122,-55.3487,-69.5424,2266.95,-838.067,-1050.48
0.860515,-0.317205,-0.398616,846.366,-217.167,-381.72,1046.4,-242.408,-469.736,150.122,-55.3487,-69.5424,2266.95,-838.067,-1050.48
0.437179,0.327169,0.837756,154.562,125.346,305.374,154.603,125.382,305.458,128.111,95.8524,245.476,1937.32,1445.06,3708.08
0.437179,0.327169,0.837756,161.885,131.795,320.344,183.678,151.285,365.199,128.111,95.8524,245.476,1937.32,1445.06,3708.08
0.437179,0.327169,0.837756,186.675,154.001,371.406,246.957,210.503,498.183,128.111,95.8524,245.476,1937.32,1445.06,3708.08
0.437179,0.327169,0.837756,249.98,213.433,504.643,325.807,290.263,670.282,128.111,95.8524,245.476,1937.32,1445.06,3708.08
0.437179,0.327169,0.837756,326.243,290.723,671.254,469.639,456.106,1007.17,128.111,95.8524,245.476,1937.32,1445.06,3708.08
0.437179,0.327169,0.837756,470.086,456.668,1008.28,474.324,462.02,1018.75,128.111,95.8524,245.476,1937.32,1445.06,3708.08
-0.907362,-0.175948,0.381754,-156.482,-33.3657,66.093,-232.256,-51.7431,98.3367,-157.076,-30.4489,66.0857,-2373.13,-457.883,998.266
-0.907362,-0.175948,0.381754,-236.184,-52.7355,100.012,-315.928,-73.7294,134.114,-157.076,-30.4489,66.0857,-2373.13,-457.883,998.266
-0.907362,-0.175948,0.381754,-320.062,-74.862,135.886,-423.61,-104.694,180.444,-157.076,-30.4489,66.0857,-2373.13,-457.883,998.266
-0.907362,-0.175948,0.381754,-424.212,-104.875,180.704,-631.323,-173.143,270.879,-157.076,-30.4489,66.0857,-2373.13,-457.883,998.266
-0.907362,-0.175948,0.381754,-632.029,-173.396,271.19,-835.855,-252.251,361.547,-157.076,-30.4489,66.0857,-2373.13,-457.883,998.266
-0.907362,-0.175948,0.381754,-836.499,-252.52,361.836,-1020.72,-334.359,445.151,-157.076,-30.4489,66.0857,-2373.13,-457.883,998.266
0.648754,-0.522088,0.553663,126.685,-97.7281,106.385,189.835,-143.532,158.251,124.643,-100.321,106.379,1881.34,-1517.23,1606.92
0.648754,-0.522088,0.553663,193.108,-145.854,160.919,260.949,-192.854,215.782,124.643,-100.321,106.379,1881.34,-1517.23,1606.92
0.648754,-0.522088,0.553663,264.448,-195.221,218.589,354.558,-254.305,290.218,124.643,-100.321,106.379,1881.34,-1517.23,1606.92
0.648754,-0.522088,0.553663,355.112,-254.657,290.654,542.475,-366.53,435.73,124.643,-100.321,106.379,1881.34,-1517.23,1606.92
0.648754,-0.522088,0.553663,543.079,-366.868,436.19,736.866,-468.228,581.571,124.643,-100.321,106.379,1881.34,-1517.23,1606.92
0.648754,-0.522088,0.553663,737.533,-468.554,582.064,921.223,-552.309,716.254,124.643,-100.321,106.379,1881.34,-1517.23,1606.92
-0.683784,0.573858,-0.450695,-124.511,100.484,-80.7904,-186.562,147.745,-120.117,-122.552,102.864,-80.7808,-1849.82,1555.49,-1220.24
-0.683784,0.573858,-0.450695,-189.786,150.15,-122.146,-256.443,198.825,-163.763,-122.552,102.864,-80.7808,-1849.82,1555.49,-1220.24
-0.683784,0.573858,-0.450695,-259.87,201.274,-165.887,-348.363,262.729,-220.216,-122.552,102.864,-80.7808,-1849.82,1555.49,-1220.24
-0.683784,0.573858,-0.450695,-348.906,263.096,-220.546,-532.784,380.414,-330.546,-122.552,102.864,-80.7808,-1849.82,1555.49,-1220.24
-0.683784,0.573858,-0.450695,-533.41,380.79,-330.914,-723.621,488.56,-441.181,-122.552,102.864,-80.7808,-1849.82,1555.49,-1220.24
-0.683784,0.573858,-0.450695,-724.22,488.879,-441.523,-904.464,579.321,-543.234,-122.552,102.864,-80.7808,-1849.82,1555.49,-1220.24
-0.793482,-0.461905,-0.396269,-136.756,-83.0526,-69.0686,-202.315,-125.304,-102.806,-138.282,-80.486,-69.0563,-2089.91,-1213.96,-1043.14
-0.793482,-0.461905,-0.396269,-205.678,-127.518,-104.547,-274.108,-173.527,-140.2,-138.282,-80.486,-69.0563,-2089.91,-1213.96,-1043.14
-0.793482,-0.461905,-0.396269,-277.64,-175.953,-142.052,-365.639,-238.098,-188.613,-138.282,-80.486,-69.0563,-2089.91,-1213.96,-1043.14
-0.793482,-0.461905,-0.396269,-366.17,-238.483,-188.897,-539.421,-371.023,-283.164,-138.282,-80.486,-69.0563,-2089.91,-1213.96,-1043.14
-0.793482,-0.461905,-0.396269,-539.954,-371.453,-283.46,-706.515,-512.903,-377.898,-138.282,-80.486,-69.0563,-2089.91,-1213.96,-1043.14
-0.793482,-0.461905,-0.396269,-707.058,-513.388,-378.212,-854.167,-651.294,-465.378,-138.282,-80.486,-69.0563,-2089.91,-1213.96,-1043.14
0.0267655,0.716179,0.697403,2.15922,159.985,155.724,0.43701,237.99,231.653,5.98817,159.888,155.697,93.1675,2415.1,2351.89
0.0267655,0.716179,0.697403,0.299547,242,235.557,-3.5971,324.475,315.908,5.98817,159.888,155.697,93.1675,2415.1,2351.89
0.0267655,0.716179,0.697403,-3.85025,328.677,320.006,-12.124,436.163,424.91,5.98817,159.888,155.697,93.1675,2415.1,2351.89
0.0267655,0.716179,0.697403,-12.1846,436.813,425.546,-39.5414,653.493,638.041,5.98817,159.888,155.697,93.1675,2415.1,2351.89
0.0267655,0.716179,0.697403,-39.6516,654.183,638.721,-81.2362,869.305,851.876,5.98817,159.888,155.697,93.1675,2415.1,2351.89
0.0267655,0.716179,0.697403,-81.3908,869.984,852.554,-132.262,1065.93,1049.49,5.98817,159.888,155.697,93.1675,2415.1,2351.89
0.44759,-0.637093,0.627515,94.835,-128.865,128.963,143.129,-190.129,191.786,91.9683,-130.927,128.952,1387.19,-1979.17,1947.9
0.44759,-0.637093,0.627515,145.654,-193.259,195.025,198.219,-256.853,261.47,91.9683,-130.927,128.952,1387.19,-1979.17,1947.9
0.44759,-0.637093,0.627515,200.972,-260.103,264.901,271.878,-341.274,351.703,91.9683,-130.927,128.952,1387.19,-1979.17,1947.9
0.44759,-0.637093,0.627515,272.315,-341.759,352.228,423.171,-499.548,528.063,91.9683,-130.927,128.952,1387.19,-1979.17,1947.9
0.44759,-0.637093,0.627515,423.665,-500.035,528.622,584.17,-648.86,704.934,91.9683,-130.927,128.952,1387.19,-1979.17,1947.9
0.44759,-0.637093,0.627515,584.702,-649.324,705.502,740.605,-777.907,868.294,91.9683,-130.927,128.952,1387.19,-1979.17,1947.9
-0.862936,0.239633,0.444879,-154.954,39.864,79.4774,-230.948,57.1764,118.162,-154.163,42.821,79.4789,-2328.15,648.931,1200.58
-0.862936,0.239633,0.444879,-234.936,58.0437,120.188,-315.719,74.7364,161.138,-154.163,42.821,79.4789,-2328.15,648.931,1200.58
-0.862936,0.239633,0.444879,-319.899,75.5549,163.252,-425.937,94.8495,216.765,-154.163,42.821,79.4789,-2328.15,648.931,1200.58
-0.862936,0.239633,0.444879,-426.543,94.9516,217.07,-642.554,125.573,325.422,-154.163,42.821,79.4789,-2328.15,648.931,1200.58
-0.862936,0.239633,0.444879,-643.226,125.651,325.757,-860.948,144.971,434.305,-154.163,42.821,79.4789,-2328.15,648.931,1200.58
-0.862936,0.239633,0.444879,-861.666,145.016,434.662,-1063.24,152.713,534.799,-154.163,42.821,79.4789,-2328.15,648.931,1200.58
0.0421246,0.618212,-0.784882,6.65823,179.376,-227.38,6.41845,237.885,-301.478,10.8918,159.629,-202.666,167.659,2411.08,-3061.4
0.0421246,0.618212,-0.784882,6.35829,241.916,-306.584,3.88472,324.463,-411.181,10.8918,159.629,-202.666,167.659,2411.08,-3061.4
0.0421246,0.618212,-0.784882,3.69517,328.679,-416.526,-3.23788,436.359,-553.199,10.8918,159.629,-202.666,167.659,2411.08,-3061.4
0.0421246,0.618212,-0.784882,-3.28912,436.971,-553.976,-29.6804,654.034,-831.009,10.8918,159.629,-202.666,167.659,2411.08,-3061.4
0.0421246,0.618212,-0.784882,-29.7881,654.706,-831.87,-62.7337,826.646,-1053.65,10.8918,159.629,-202.666,167.659,2411.08,-3061.4
0.264344,-0.845624,0.463727,50.6802,-151.761,83.7437,77.4591,-225.037,124.529,47.7285,-152.715,83.745,718.872,-2307.52,1265.02
0.264344,-0.845624,0.463727,78.8718,-228.786,126.624,108.772,-305.702,169.764,47.7285,-152.715,83.745,718.872,-2307.52,1265.02
0.264344,-0.845624,0.463727,110.345,-309.625,171.974,151.783,-409.076,228.3,47.7285,-152.715,83.745,718.872,-2307.52,1265.02
0.264344,-0.845624,0.463727,152.043,-409.679,228.643,243.82,-607.601,342.736,47.7285,-152.715,83.745,718.872,-2307.52,1265.02
0.264344,-0.845624,0.463727,244.126,-608.219,343.097,346.414,-801.385,457.417,47.7285,-152.715,83.745,718.872,-2307.52,1265.02
0.264344,-0.845624,0.463727,346.775,-802.025,457.801,450.132,-975.258,563.33,47.7285,-152.715,83.745,718.872,-2307.52,1265.02
0.298091,-0.531473,-0.792892,92.6929,-153.715,-233.636,96.0742,-158.93,-241.724,78.2567,-139.556,-208.19,1179.33,-2109.64,-3144.83
0.298091,-0.531473,-0.792892,98.005,-161.897,-246.33,124.984,-202.531,-309.799,78.2567,-139.556,-208.19,1179.33,-2109.64,-3144.83
0.298091,-0.531473,-0.792892,127.234,-205.853,-315.02,174.584,-273.532,-422.511,78.2567,-139.556,-208.19,1179.33,-2109.64,-3144.83
0.298091,-0.531473,-0.792892,177.048,-276.943,-427.988,241.954,-363.152,-568.446,78.2567,-139.556,-208.19,1179.33,-2109.64,-3144.83
0.298091,-0.531473,-0.792892,242.332,-363.634,-569.243,383.695,-530.493,-853.915,78.2567,-139.556,-208.19,1179.33,-2109.64,-3144.83
0.298091,-0.531473,-0.792892,384.153,-530.993,-854.797,486.183,-636.779,-1046.07,78.2567,-139.556,-208.19,1179.33,-2109.64,-3144.83
0.298091,-0.531473,-0.792892,486.534,-637.124,-1046.71,488.23,-638.79,-1049.8,78.2567,-139.556,-208.19,1179.33,-2109.64,-3144.83
-0.667358,-0.743752,0.0382898,-104.808,-120.893,6.13284,-154.33,-181.101,9.16295,-106.862,-119.082,6.13086,-1615.67,-1797.5,92.6104
-0.667358,-0.743752,0.0382898,-156.882,-184.261,9.32073,-208.114,-248.887,12.524,-106.862,-119.082,6.13086,-1615.67,-1797.5,92.6104
-0.667358,-0.743752,0.0382898,-210.736,-252.258,12.6898,-275.836,-338.065,16.8693,-106.862,-119.082,6.13086,-1615.67,-1797.5,92.6104
-0.667358,-0.743752,0.0382898,-276.232,-338.6,16.8952,-401.858,-516.85,25.3418,-106.862,-119.082,6.13086,-1615.67,-1797.5,92.6104
-0.667358,-0.743752,0.0382898,-402.243,-517.424,25.3685,-519.537,-701.651,33.8219,-106.862,-119.082,6.13086,-1615.67,-1797.5,92.6104
-0.667358,-0.743752,0.0382898,-519.913,-702.273,33.85,-620.291,-876.848,41.6337,-106.862,-119.082,6.13086,-1615.67,-1797.5,92.6104
0.726682,0.373778,0.576388,140.719,76.1451,112.855,208.072,115.494,167.762,142.287,73.1744,112.855,2150.42,1103.23,1704.74
0.726682,0.373778,0.576388,211.526,117.562,170.596,281.852,160.761,228.692,142.287,73.1744,112.855,2150.42,1103.23,1704.74
0.726682,0.373778,0.576388,285.429,163.015,231.668,375.756,221.789,307.527,142.287,73.1744,112.855,2150.42,1103.23,1704.74
0.726682,0.373778,0.576388,376.3,222.154,307.988,553.968,348.913,461.672,142.287,73.1744,112.855,2150.42,1103.23,1704.74
0.726682,0.373778,0.576388,554.521,349.333,462.161,724.993,486.399,616.228,142.287,73.1744,112.855,2150.42,1103.23,1704.74
0.726682,0.373778,0.576388,725.563,486.884,616.755,875.711,621.935,758.993,142.287,73.1744,112.855,2150.42,1103.23,1704.74
0.595368,-0.550364,-0.585352,119.755,-106.107,-115.521,179.763,-155.929,-171.941,117.483,-108.618,-115.514,1773.02,-1642.5,-1744.91
0.595368,-0.550364,-0.585352,182.895,-158.472,-174.859,247.518,-209.737,-234.539,117.483,-108.618,-115.514,1773.02,-1642.5,-1744.91
0.595368,-0.550364,-0.585352,250.897,-212.354,-237.632,337.051,-277.088,-315.598,117.483,-108.618,-115.514,1773.02,-1642.5,-1744.91
0.595368,-0.550364,-0.585352,337.582,-277.475,-316.074,517.558,-400.94,-473.995,117.483,-108.618,-115.514,1773.02,-1642.5,-1744.91
0.595368,-0.550364,-0.585352,518.143,-401.317,-474.498,705.385,-514.419,-632.787,117.483,-108.618,-115.514,1773.02,-1642.5,-1744.91
0.595368,-0.550364,-0.585352,706.039,-514.788,-633.33,884.462,-609.418,-779.478,117.483,-108.618,-115.514,1773.02,-1642.5,-1744.91
0.76155,0.572219,0.304313,126.168,98.3953,51.117,186.376,147.95,76.0905,127.921,96.1059,51.1142,1933.55,1450.11,772.113
0.76155,0.572219,0.304313,189.472,150.546,77.3839,252.17,204.162,103.791,127.921,96.1059,51.1142,1933.55,1450.11,772.113
0.76155,0.572219,0.304313,255.371,206.953,105.151,335.666,278.777,139.631,127.921,96.1059,51.1142,1933.55,1450.11,772.113
0.76155,0.572219,0.304313,336.144,279.216,139.838,493.261,430.508,209.639,127.921,96.1059,51.1142,1933.55,1450.11,772.113
0.76155,0.572219,0.304313,493.737,430.989,209.856,643.473,590.082,279.77,127.921,96.1059,51.1142,1933.55,1450.11,772.113
0.76155,0.572219,0.304313,643.95,590.614,279.999,774.96,743.728,344.479,127.921,96.1059,51.1142,1933.55,1450.11,772.113
0.0868161,-0.957465,0.275178,17.2769,-159.064,45.8066,27.7807,-236.329,68.1425,14.4389,-159.347,45.7965,216.094,-2407.22,691.786
0.0868161,-0.957465,0.275178,28.3621,-240.332,69.3011,41.0077,-321.887,92.9378,14.4389,-159.347,45.7965,216.094,-2407.22,691.786
0.0868161,-0.957465,0.275178,41.6933,-326.045,94.1445,60.5441,-432.089,124.994,14.4389,-159.347,45.7965,216.094,-2407.22,691.786
0.0868161,-0.957465,0.275178,60.6699,-432.751,125.187,106.625,-645.944,187.664,14.4389,-159.347,45.7965,216.094,-2407.22,691.786
0.0868161,-0.957465,0.275178,106.789,-646.625,187.865,163.164,-857.666,250.44,14.4389,-159.347,45.7965,216.094,-2407.22,691.786
0.0868161,-0.957465,0.275178,163.372,-858.375,250.651,224.457,-1050.43,308.373,14.4389,-159.347,45.7965,216.094,-2407.22,691.786
0.16199,-0.86099,-0.482137,32.6891,-156.625,-88.1264,50.7626,-232.489,-131.131,29.5737,-157.243,-88.052,444.546,-2375.67,-1330.08
0.16199,-0.86099,-0.482137,51.737,-236.405,-133.356,72.5078,-316.283,-178.87,29.5737,-157.243,-88.052,444.546,-2375.67,-1330.08
0.16199,-0.86099,-0.482137,73.6117,-320.351,-181.195,103.259,-423.984,-240.639,29.5737,-157.243,-88.052,444.546,-2375.67,-1330.08
0.16199,-0.86099,-0.482137,103.434,-424.566,-240.974,171.779,-631.72,-361.287,29.5737,-157.243,-88.052,444.546,-2375.67,-1330.08
0.16199,-0.86099,-0.482137,172.025,-632.404,-361.688,251.574,-836.072,-482.262,29.5737,-157.243,-88.052,444.546,-2375.67,-1330.08
0.16199,-0.86099,-0.482137,251.841,-836.704,-482.64,334.799,-1020.57,-593.891,29.5737,-157.243,-88.052,444.546,-2375.67,-1330.08
0.200295,-0.979464,-0.0230575,34.7386,-156.183,-3.69309,53.6076,-231.827,-5.43484,32.0467,-156.758,-3.69017,482.179,-2368.31,-55.7424
0.200295,-0.979464,-0.0230575,54.6238,-235.755,-5.52543,76.0305,-315.428,-7.3654,32.0467,-156.758,-3.69017,482.179,-2368.31,-55.7424
0.200295,-0.979464,-0.0230575,77.1688,-319.513,-7.45985,107.329,-422.92,-9.86061,32.0467,-156.758,-3.69017,482.179,-2368.31,-55.7424
0.200295,-0.979464,-0.0230575,107.521,-423.549,-9.87529,175.879,-630.636,-14.7527,32.0467,-156.758,-3.69017,482.179,-2368.31,-55.7424
0.200295,-0.979464,-0.0230575,176.108,-631.279,-14.768,254.19,-835.247,-19.6635,32.0467,-156.758,-3.69017,482.179,-2368.31,-55.7424
0.200295,-0.979464,-0.0230575,254.462,-835.911,-19.6796,334.843,-1020.55,-24.194,32.0467,-156.758,-3.69017,482.179,-2368.31,-55.7424
0.928075,0.178709,0.32671,156.541,33.0905,55.3053,232.413,51.1993,82.1604,157.116,30.2441,55.3086,2373.72,454.834,835.472
0.928075,0.178709,0.32671,236.31,52.1678,83.5429,316.169,72.8434,111.943,157.116,30.2441,55.3086,2373.72,454.834,835.472
0.928075,0.178709,0.32671,320.274,73.9493,113.407,423.99,103.309,150.518,157.116,30.2441,55.3086,2373.72,454.834,835.472
0.928075,0.178709,0.32671,424.555,103.476,150.721,632.059,170.588,225.789,157.116,30.2441,55.3086,2373.72,454.834,835.472
0.928075,0.178709,0.32671,632.73,170.823,226.034,836.993,248.264,301.215,157.116,30.2441,55.3086,2373.72,454.834,835.472
0.928075,0.178709,0.32671,837.688,248.547,301.474,1022.54,328.881,370.84,157.116,30.2441,55.3086,2373.72,454.834,835.472
0.0688707,0.484571,0.872036,21.0916,241.079,431.021,21.3621,249.55,446.103,22.5325,158.405,285.072,344.303,2392.25,4306.19
0.0688707,0.484571,0.872036,21.5151,254.843,455.525,22.386,323.711,578.072,22.5325,158.405,285.072,344.303,2392.25,4306.19
0.0688707,0.484571,0.872036,22.3718,327.938,585.592,19.3559,435.922,777.817,22.5325,158.405,285.072,344.303,2392.25,4306.19
0.0688707,0.484571,0.872036,19.3224,436.556,778.946,9.77344,558.018,995.778,22.5325,158.405,285.072,344.303,2392.25,4306.19
-0.00668861,0.657971,0.753014,-6.40662,169.629,194.273,-11.6226,237.699,272.376,-1.61252,159.992,183.102,-21.4019,2416.81,2765.88
-0.00668861,0.657971,0.753014,-11.9767,241.703,276.975,-20.41,323.845,371.423,-1.61252,159.992,183.102,-21.4019,2416.81,2765.88
-0.00668861,0.657971,0.753014,-20.8999,328.035,376.248,-35.3774,434.937,499.672,-1.61252,159.992,183.102,-21.4019,2416.81,2765.88
-0.00668861,0.657971,0.753014,-35.4702,435.541,500.372,-76.2496,650.197,750.399,-1.61252,159.992,183.102,-21.4019,2416.81,2765.88
-0.00668861,0.657971,0.753014,-76.4133,650.913,751.239,-132.616,862.974,1002.27,-1.61252,159.992,183.102,-21.4019,2416.81,2765.88
-0.00668861,0.657971,0.753014,-132.815,863.63,1003.05,-152.257,925.267,1076.98,-1.61252,159.992,183.102,-21.4019,2416.81,2765.88
-0.287921,-0.713204,0.639094,-56.57,-149.666,132.961,-81.697,-223.473,197.718,-59.9065,-148.362,132.949,-907.27,-2240.15,2008.28
-0.287921,-0.713204,0.639094,-82.9627,-227.335,201.094,-107.713,-306.051,269.624,-59.9065,-148.362,132.949,-907.27,-2240.15,2008.28
-0.287921,-0.713204,0.639094,-108.94,-310.122,273.156,-138.423,-413.805,362.676,-59.9065,-148.362,132.949,-907.27,-2240.15,2008.28
-0.287921,-0.713204,0.639094,-138.589,-414.424,363.208,-188.68,-626.925,544.544,-59.9065,-148.362,132.949,-907.27,-2240.15,2008.28
-0.287921,-0.713204,0.639094,-188.817,-627.595,545.112,-225.939,-843.302,726.918,-59.9065,-148.362,132.949,-907.27,-2240.15,2008.28
-0.287921,-0.713204,0.639094,-226.043,-844.039,727.536,-248.569,-1044.93,895.437,-59.9065,-148.362,132.949,-907.27,-2240.15,2008.28
-0.924166,0.0751181,0.374533,-159.686,10.013,64.6544,-237.634,12.8435,96.1932,-159.473,12.9722,64.6295,-2408.77,198.044,976.269
-0.924166,0.0751181,0.374533,-241.653,12.9514,97.8189,-324.145,14.3428,131.182,-159.473,12.9722,64.6295,-2408.77,198.044,976.269
-0.924166,0.0751181,0.374533,-328.386,14.3719,132.897,-436.105,13.7216,176.459,-159.473,12.9722,64.6295,-2408.77,198.044,976.269
-0.924166,0.0751181,0.374533,-436.768,13.7093,176.727,-654.68,4.15178,264.943,-159.473,12.9722,64.6295,-2408.77,198.044,976.269
-0.924166,0.0751181,0.374533,-655.37,4.10392,265.223,-872.898,-16.4884,353.596,-159.473,12.9722,64.6295,-2408.77,198.044,976.269
-0.924166,0.0751181,0.374533,-873.626,-16.576,353.892,-1073.18,-45.3101,435.427,-159.473,12.9722,64.6295,-2408.77,198.044,976.269
-0.416902,0.409419,0.811522,-139.534,127.85,262.885,-145.422,132.869,273.627,-114.146,112.119,222.212,-1721.91,1696,3356.66
-0.416902,0.409419,0.811522,-146.961,134.177,276.432,-176.855,159.183,330.542,-114.146,112.119,222.212,-1721.91,1696,3356.66
-0.416902,0.409419,0.811522,-179.99,161.764,336.18,-244.571,213.217,450.803,-114.146,112.119,222.212,-1721.91,1696,3356.66
-0.416902,0.409419,0.811522,-247.932,215.809,456.694,-334.718,279.925,606.47,-114.146,112.119,222.212,-1721.91,1696,3356.66
-0.416902,0.409419,0.811522,-335.243,280.297,607.363,-518.638,399.516,910.981,-114.146,112.119,222.212,-1721.91,1696,3356.66
-0.416902,0.409419,0.811522,-519.252,399.881,911.972,-595.879,443.752,1034.49,-114.146,112.119,222.212,-1721.91,1696,3356.66
0.0746888,-0.987733,0.137131,14.8246,-159.312,22.1491,24.0954,-236.73,33.0115,12.055,-159.545,22.1502,180.14,-2410.18,334.593
0.0746888,-0.987733,0.137131,24.6121,-240.745,33.5756,35.9078,-322.469,45.0703,12.055,-159.545,22.1502,180.14,-2410.18,334.593
0.0746888,-0.987733,0.137131,36.5278,-326.664,45.6612,53.5728,-433.056,60.6727,12.055,-159.545,22.1502,180.14,-2410.18,334.593
0.0746888,-0.987733,0.137131,53.6791,-433.674,60.7599,95.7364,-647.596,91.1195,12.055,-159.545,22.1502,180.14,-2410.18,334.593
0.0746888,-0.987733,0.137131,95.8985,-648.329,91.224,148.122,-860.443,121.63,12.055,-159.545,22.1502,180.14,-2410.18,334.593
0.0746888,-0.987733,0.137131,148.302,-861.106,121.725,205.297,-1054.3,149.765,12.055,-159.545,22.1502,180.14,-2410.18,334.593
0.948201,0.255099,0.189313,153.758,44.2534,30.8498,228.172,67.6722,45.9118,154.509,41.5585,30.8479,2334.46,625.854,465.978
0.948201,0.255099,0.189313,231.982,68.9089,46.6852,310.231,95.1296,62.6168,154.509,41.5585,30.8479,2334.46,625.854,465.978
0.948201,0.255099,0.189313,314.214,96.5064,63.4302,415.651,132.961,84.2317,154.509,41.5585,30.8479,2334.46,625.854,465.978
0.948201,0.255099,0.189313,416.199,133.165,84.3444,618.65,214.18,126.406,154.509,41.5585,30.8479,2334.46,625.854,465.978
0.948201,0.255099,0.189313,619.302,214.46,126.543,817.968,305.171,168.672,154.509,41.5585,30.8479,2334.46,625.854,465.978
0.948201,0.255099,0.189313,818.639,305.497,168.815,997.887,397.505,207.685,154.509,41.5585,30.8479,2334.46,625.854,465.978
-0.0902192,0.981403,-0.169436,-17.4093,159.05,-27.5074,-27.8684,236.268,-40.8551,-14.6376,159.329,-27.5075,-219.145,2406.94,-415.518
-0.0902192,0.981403,-0.169436,-28.4541,240.321,-41.5566,-41.0172,321.839,-55.6856,-14.6376,159.329,-27.5075,-219.145,2406.94,-415.518
-0.0902192,0.981403,-0.169436,-41.7056,326.043,-56.4154,-60.4086,432.168,-74.8701,-14.6376,159.329,-27.5075,-219.145,2406.94,-415.518
-0.0902192,0.981403,-0.169436,-60.5223,432.772,-74.9753,-105.949,646.016,-112.305,-14.6376,159.329,-27.5075,-219.145,2406.94,-415.518
-0.0902192,0.981403,-0.169436,-106.12,646.735,-112.432,-161.759,857.995,-149.835,-14.6376,159.329,-27.5075,-219.145,2406.94,-415.518
-0.0902192,0.981403,-0.169436,-161.947,858.645,-149.951,-222.106,1050.9,-184.437,-14.6376,159.329,-27.5075,-219.145,2406.94,-415.518
0.651001,0.743493,0.153025,103.303,122.182,24.7781,152.022,183.031,36.8802,105.408,120.371,24.7758,1593.74,1816.97,374.254
0.651001,0.743493,0.153025,154.538,186.231,37.5122,204.923,251.579,50.3268,105.408,120.371,24.7758,1593.74,1816.97,374.254
0.651001,0.743493,0.153025,207.472,254.949,50.9831,271.392,341.641,67.7105,105.408,120.371,24.7758,1593.74,1816.97,374.254
0.651001,0.743493,0.153025,271.782,342.183,67.8143,394.906,522.179,101.67,105.408,120.371,24.7758,1593.74,1816.97,374.254
0.651001,0.743493,0.153025,395.284,522.76,101.778,509.924,708.665,135.675,105.408,120.371,24.7758,1593.74,1816.97,374.254
0.651001,0.743493,0.153025,510.292,709.295,135.789,608.077,885.357,167.045,105.408,120.371,24.7758,1593.74,1816.97,374.254
-0.21416,-0.961511,-0.17214,-32.0735,-156.752,-27.9579,-45.6846,-233.573,-41.6233,-34.794,-156.171,-27.9598,-527.512,-2358.63,-422.351
-0.21416,-0.961511,-0.17214,-46.3479,-237.52,-42.3244,-59.2505,-318.977,-56.7692,-34.794,-156.171,-27.9598,-527.512,-2358.63,-422.351
-0.21416,-0.961511,-0.17214,-59.8787,-323.2,-57.5168,-74.4363,-429.962,-76.3851,-34.794,-156.171,-27.9598,-527.512,-2358.63,-422.351
-0.21416,-0.961511,-0.17214,-74.5137,-430.583,-76.4947,-96.2761,-647.516,-114.684,-34.794,-156.171,-27.9598,-527.512,-2358.63,-422.351
-0.21416,-0.961511,-0.17214,-96.3333,-648.265,-114.815,-107.759,-866.423,-153.056,-34.794,-156.171,-27.9598,-527.512,-2358.63,-422.351
-0.21416,-0.961511,-0.17214,-107.778,-867.111,-153.177,-109.103,-1068.55,-188.427,-34.794,-156.171,-27.9598,-527.512,-2358.63,-422.351
-0.206949,0.523509,0.826505,-80.1023,182.166,292.185,-84.0774,190.314,305.49,-58.8054,148.802,234.915,-885.077,2249.01,3548.55
-0.206949,0.523509,0.826505,-84.382,190.935,306.506,-97.4085,217.133,349.447,-58.8054,148.802,234.915,-885.077,2249.01,3548.55
-0.206949,0.523509,0.826505,-99.2221,220.724,355.351,-137.665,293.812,476.555,-58.8054,148.802,234.915,-885.077,2249.01,3548.55
-0.206949,0.523509,0.826505,-139.702,297.535,482.784,-193.531,391.086,641.218,-58.8054,148.802,234.915,-885.077,2249.01,3548.55
-0.206949,0.523509,0.826505,-193.859,391.629,642.149,-314.58,574.139,963.451,-58.8054,148.802,234.915,-885.077,2249.01,3548.55
-0.206949,0.523509,0.826505,-315,574.719,964.502,-340.07,608.797,1026.61,-58.8054,148.802,234.915,-885.077,2249.01,3548.55
-0.206949,0.523509,0.826505,-362.979,626.39,1029.54,-215.581,827.634,309.084,-58.8054,148.802,234.915,-885.077,2249.01,3548.55
-0.206949,0.523509,0.826505,-198.514,850.934,225.667,-49.0026,1055.06,-505.119,-58.8054,148.802,234.915,-885.077,2249.01,3548.55
-0.206949,0.523509,0.826505,-19.3453,1073.98,-599.141,494.278,933.406,-225.241,-58.8054,148.802,234.915,-885.077,2249.01,3548.55
-0.507595,-0.105626,-0.855097,-211.693,-54.113,-360.501,-216.8,-55.6725,-369.309,-156.648,-32.5789,-263.884,-2367.03,-488.451,-3986.13
-0.507595,-0.105626,-0.855097,-221.025,-56.9725,-376.602,-230.332,-59.8653,-392.679,-156.648,-32.5789,-263.884,-2367.03,-488.451,-3986.13
-0.507595,-0.105626,-0.855097,-234.168,-61.0694,-399.311,-312.511,-87.2172,-535.576,-156.648,-32.5789,-263.884,-2367.03,-488.451,-3986.13
-0.507595,-0.105626,-0.855097,-316.524,-88.6369,-542.597,-417.475,-127.006,-720.771,-156.648,-32.5789,-263.884,-2367.03,-488.451,-3986.13
-0.507595,-0.105626,-0.855097,-418.049,-127.239,-721.792,-575.893,-198.017,-1007.22,-156.648,-32.5789,-263.884,-2367.03,-488.451,-3986.13
0.843809,-0.521729,0.125641,137.519,-81.7832,20.2668,205.604,-119.816,30.1843,136.083,-84.1513,20.2631,2054.59,-1272.83,306.087
0.843809,-0.521729,0.125641,209.143,-121.751,30.6971,281.862,-160.653,41.1814,136.083,-84.1513,20.2631,2054.59,-1272.83,306.087
0.843809,-0.521729,0.125641,285.647,-162.633,41.7243,381.748,-211.426,55.4275,136.083,-84.1513,20.2631,2054.59,-1272.83,306.087
0.843809,-0.521729,0.125641,382.285,-211.69,55.5036,580.069,-303.484,83.2243,136.083,-84.1513,20.2631,2054.59,-1272.83,306.087
0.843809,-0.521729,0.125641,580.732,-303.772,83.3161,782.936,-386.25,111.082,136.083,-84.1513,20.2631,2054.59,-1272.83,306.087
0.843809,-0.521729,0.125641,783.645,-386.52,111.178,973.445,-454.059,136.798,136.083,-84.1513,20.2631,2054.59,-1272.83,306.087
-0.821341,-0.193112,0.536756,-154.981,-39.7603,101.798,-229.902,-61.3596,151.398,-155.755,-36.6098,101.786,-2353.31,-550.769,1537.55
-0.821341,-0.193112,0.536756,-233.784,-62.5228,153.976,-312.59,-87.0782,206.486,-155.755,-36.6098,101.786,-2353.31,-550.769,1537.55
-0.821341,-0.193112,0.536756,-316.597,-88.3754,209.165,-418.691,-123.038,277.758,-155.755,-36.6098,101.786,-2353.31,-550.769,1537.55
-0.821341,-0.193112,0.536756,-419.246,-123.235,278.132,-622.764,-201.909,416.955,-155.755,-36.6098,101.786,-2353.31,-550.769,1537.55
-0.821341,-0.193112,0.536756,-623.418,-202.182,417.406,-822.741,-292.274,556.574,-155.755,-36.6098,101.786,-2353.31,-550.769,1537.55
-0.821341,-0.193112,0.536756,-823.347,-292.569,557.003,-1002.54,-385.47,685.411,-155.755,-36.6098,101.786,-2353.31,-550.769,1537.55
-0.297096,0.67435,-0.676007,-67.8903,144.882,-146.793,-103.463,214.303,-218.356,-64.4963,146.425,-146.78,-971.841,2212.9,-2217.2
-0.297096,0.67435,-0.676007,-105.344,217.869,-222.054,-144.761,290.357,-297.746,-64.4963,146.425,-146.78,-971.841,2212.9,-2217.2
-0.297096,0.67435,-0.676007,-146.844,294.076,-301.656,-201.089,387.304,-400.604,-64.4963,146.425,-146.78,-971.841,2212.9,-2217.2
-0.297096,0.67435,-0.676007,-201.393,387.808,-401.145,-320.03,571.119,-601.556,-64.4963,146.425,-146.78,-971.841,2212.9,-2217.2
-0.297096,0.67435,-0.676007,-320.437,571.706,-602.211,-450.91,747.633,-803.281,-64.4963,146.425,-146.78,-971.841,2212.9,-2217.2
-0.297096,0.67435,-0.676007,-451.348,748.186,-803.929,-581.607,903.015,-989.656,-64.4963,146.425,-146.78,-971.841,2212.9,-2217.2
0.44931,-0.869205,0.206406,75.9453,-140.827,33.7536,114.685,-208.472,50.1511,73.4634,-142.138,33.7518,1107.94,-2147.99,509.842
0.44931,-0.869205,0.206406,116.737,-211.982,51.0064,159.04,-282.788,68.3565,73.4634,-142.138,33.7518,1107.94,-2147.99,509.842
0.44931,-0.869205,0.206406,161.259,-286.425,69.2527,218.504,-377.687,91.9122,73.4634,-142.138,33.7518,1107.94,-2147.99,509.842
0.44931,-0.869205,0.206406,218.853,-378.23,92.0479,341.268,-558.736,137.93,73.4634,-142.138,33.7518,1107.94,-2147.99,509.842
0.44931,-0.869205,0.206406,341.658,-559.283,138.071,472.767,-734.001,184.012,73.4634,-142.138,33.7518,1107.94,-2147.99,509.842
0.44931,-0.869205,0.206406,473.206,-734.557,184.161,601.394,-889.934,226.518,73.4634,-142.138,33.7518,1107.94,-2147.99,509.842
-0.0687066,0.736354,-0.673099,-18.5456,158.922,-145.636,-30.2355,236.003,-216.604,-14.8522,159.309,-145.623,-221.732,2406.71,-2199.73
-0.0687066,0.736354,-0.673099,-30.8935,240.02,-220.309,-45.2592,321.318,-295.458,-14.8522,159.309,-145.623,-221.732,2406.71,-2199.73
-0.0687066,0.736354,-0.673099,-46.0449,325.459,-299.295,-67.8642,431.077,-397.473,-14.8522,159.309,-145.623,-221.732,2406.71,-2199.73
-0.0687066,0.736354,-0.673099,-67.9951,431.661,-398.017,-122.257,643.152,-596.782,-14.8522,159.309,-145.623,-221.732,2406.71,-2199.73
-0.0687066,0.736354,-0.673099,-122.457,643.841,-597.435,-190.211,852.112,-796.756,-14.8522,159.309,-145.623,-221.732,2406.71,-2199.73
-0.0687066,0.736354,-0.673099,-190.451,852.775,-797.398,-264.675,1040.98,-981.505,-14.8522,159.309,-145.623,-221.732,2406.71,-2199.73
-0.434546,-0.543314,-0.718317,-96.8259,-127.376,-165.223,-141.727,-191.18,-245.779,-99.9467,-124.943,-165.198,-1511.94,-1885.59,-2495.41
-0.434546,-0.543314,-0.718317,-143.999,-194.495,-249.928,-189.722,-263.185,-335.126,-99.9467,-124.943,-165.198,-1511.94,-1885.59,-2495.41
-0.434546,-0.543314,-0.718317,-192.038,-266.768,-339.531,-249.024,-358.327,-450.88,-99.9467,-124.943,-165.198,-1511.94,-1885.59,-2495.41
-0.434546,-0.543314,-0.718317,-249.345,-358.862,-451.524,-355.298,-549.918,-677.13,-99.9467,-124.943,-165.198,-1511.94,-1885.59,-2495.41
-0.434546,-0.543314,-0.718317,-355.606,-550.52,-677.828,-448.74,-748.971,-904.134,-99.9467,-124.943,-165.198,-1511.94,-1885.59,-2495.41
-0.434546,-0.543314,-0.718317,-449.006,-749.594,-904.833,-519.673,-929.039,-1103.94,-99.9467,-124.943,-165.198,-1511.94,-1885.59,-2495.41
-0.0263879,-0.895239,0.444805,-1.68169,-159.991,79.456,-0.380445,-237.924,118.061,-4.72428,-159.93,79.4624,-73.5342,-2415.78,1200.33
-0.0263879,-0.895239,0.444805,-0.272418,-242,120.08,2.76402,-324.44,160.937,-4.72428,-159.93,79.4624,-73.5342,-2415.78,1200.33
-0.0263879,-0.895239,0.444805,2.96454,-328.687,163.042,9.48498,-436.247,216.408,-4.72428,-159.93,79.4624,-73.5342,-2415.78,1200.33
-0.0263879,-0.895239,0.444805,9.53155,-436.879,216.722,31.2188,-653.885,324.744,-4.72428,-159.93,79.4624,-73.5342,-2415.78,1200.33
-0.0263879,-0.895239,0.444805,31.3136,-654.635,325.118,64.3971,-870.7,433.384,-4.72428,-159.93,79.4624,-73.5342,-2415.78,1200.33
-0.0263879,-0.895239,0.444805,64.5228,-871.398,433.735,105.04,-1068.92,533.575,-4.72428,-159.93,79.4624,-73.5342,-2415.78,1200.33
-0.952931,-0.169258,-0.251545,-157.014,-30.7661,-41.5855,-233.086,-47.7302,-61.9189,-157.536,-27.9717,-41.5843,-2380.03,-420.55,-628.157
-0.952931,-0.169258,-0.251545,-237.059,-48.654,-62.9828,-317.254,-68.1054,-84.5074,-157.536,-27.9717,-41.5843,-2380.03,-420.55,-628.157
-0.952931,-0.169258,-0.251545,-321.346,-69.1396,-85.6082,-425.453,-96.8225,-113.704,-157.536,-27.9717,-41.5843,-2380.03,-420.55,-628.157
-0.952931,-0.169258,-0.251545,-426.082,-96.9978,-113.875,-634.694,-160.631,-170.773,-157.536,-27.9717,-41.5843,-2380.03,-420.55,-628.157
-0.952931,-0.169258,-0.251545,-635.339,-160.845,-170.95,-840.957,-234.611,-227.93,-157.536,-27.9717,-41.5843,-2380.03,-420.55,-628.157
-0.952931,-0.169258,-0.251545,-841.626,-234.869,-228.117,-1027.86,-311.658,-280.66,-157.536,-27.9717,-41.5843,-2380.03,-420.55,-628.157
-0.731869,0.632957,-0.252455,-122.848,102.51,-41.7508,-183.991,150.848,-62.0597,-121.013,104.67,-41.745,-1826.66,1582.63,-630.584
-0.731869,0.632957,-0.252455,-187.213,153.347,-63.1219,-252.864,203.275,-84.6078,-121.013,104.67,-41.745,-1826.66,1582.63,-630.584
-0.731869,0.632957,-0.252455,-256.282,205.823,-85.7182,-343.44,269.138,-113.773,-121.013,104.67,-41.745,-1826.66,1582.63,-630.584
-0.731869,0.632957,-0.252455,-343.971,269.514,-113.943,-524.945,391.247,-170.752,-121.013,104.67,-41.745,-1826.66,1582.63,-630.584
-0.731869,0.632957,-0.252455,-525.517,391.611,-170.929,-712.422,504.609,-227.82,-121.013,104.67,-41.745,-1826.66,1582.63,-630.584
-0.731869,0.632957,-0.252455,-713.082,504.987,-228.018,-890.137,601.076,-280.499,-121.013,104.67,-41.745,-1826.66,1582.63,-630.584
0.438453,-0.164591,-0.883555,244.274,-75.7516,-482.772,248.553,-76.805,-491.076,149.787,-56.2494,-301.858,2261.16,-853.57,-4559.76
0.438453,-0.164591,-0.883555,257.656,-79.0158,-508.727,311.406,-91.2327,-612.594,149.787,-56.2494,-301.858,2261.16,-853.57,-4559.76
0.438453,-0.164591,-0.883555,315.53,-92.1119,-620.54,421.766,-111.919,-824.218,149.787,-56.2494,-301.858,2261.16,-853.57,-4559.76
0.438453,-0.164591,-0.883555,422.382,-112.018,-825.394,507.832,-124.024,-988.041,149.787,-56.2494,-301.858,2261.16,-853.57,-4559.76
0.975825,-0.207982,-0.0671563,157.034,-30.6658,-10.7666,233.869,-43.744,-16.0422,156.483,-33.3613,-10.7693,2363.37,-505.851,-162.677
0.975825,-0.207982,-0.0671563,237.893,-44.3926,-16.3182,319.408,-56.7567,-21.899,156.483,-33.3613,-10.7693,2363.37,-505.851,-162.677
0.975825,-0.207982,-0.0671563,323.656,-57.3608,-22.1894,430.534,-71.2536,-29.4828,156.483,-33.3613,-10.7693,2363.37,-505.851,-162.677
0.975825,-0.207982,-0.0671563,431.123,-71.3233,-29.523,648.191,-91.8507,-44.2972,156.483,-33.3613,-10.7693,2363.37,-505.851,-162.677
0.975825,-0.207982,-0.0671563,648.908,-91.9016,-44.3459,867.024,-102.256,-59.1469,156.483,-33.3613,-10.7693,2363.37,-505.851,-162.677
0.975825,-0.207982,-0.0671563,867.777,-102.274,-59.198,1069.22,-102.719,-72.882,156.483,-33.3613,-10.7693,2363.37,-505.851,-162.677
0.876815,0.46474,-0.123333,140.068,77.3358,-19.8764,207.362,116.755,-29.5931,141.374,74.9224,-19.8851,2136.46,1130.02,-300.378
0.876815,0.46474,-0.123333,210.821,118.822,-30.0951,281.215,161.794,-40.3692,141.374,74.9224,-19.8851,2136.46,1130.02,-300.378
0.876815,0.46474,-0.123333,284.835,164.05,-40.9006,375.605,222.169,-54.3193,141.374,74.9224,-19.8851,2136.46,1130.02,-300.378
0.876815,0.46474,-0.123333,376.1,222.494,-54.3929,555.476,346.465,-81.5239,141.374,74.9224,-19.8851,2136.46,1130.02,-300.378
0.876815,0.46474,-0.123333,556.056,346.885,-81.613,729.649,479.377,-108.778,141.374,74.9224,-19.8851,2136.46,1130.02,-300.378
0.876815,0.46474,-0.123333,730.236,479.847,-108.872,884.654,609.235,-133.926,141.374,74.9224,-19.8851,2136.46,1130.02,-300.378
-0.511369,0.8567,-0.0675808,-84.3517,135.959,-10.8442,-127.164,201.09,-16.1797,-81.9986,137.391,-10.8377,-1236.97,2076.37,-163.71
-0.511369,0.8567,-0.0675808,-129.433,204.477,-16.4588,-175.958,272.545,-22.1064,-81.9986,137.391,-10.8377,-1236.97,2076.37,-163.71
-0.511369,0.8567,-0.0675808,-178.413,276.066,-22.4004,-241.072,363.677,-29.773,-81.9986,137.391,-10.8377,-1236.97,2076.37,-163.71
-0.511369,0.8567,-0.0675808,-241.464,364.211,-29.8183,-374.441,537.011,-44.7353,-81.9986,137.391,-10.8377,-1236.97,2076.37,-163.71
-0.511369,0.8567,-0.0675808,-374.893,537.571,-44.7846,-516.055,704.181,-59.733,-81.9986,137.391,-10.8377,-1236.97,2076.37,-163.71
-0.511369,0.8567,-0.0675808,-516.557,704.746,-59.7848,-653.602,852.396,-73.5829,-81.9986,137.391,-10.8377,-1236.97,2076.37,-163.71
-0.121384,0.533175,-0.837252,-51.6923,192.169,-304.829,-51.8223,192.586,-305.499,-35.501,156.012,-244.982,-532.795,2357.44,-3700.6
-0.121384,0.533175,-0.837252,-54.6104,201.48,-319.779,-63.5703,229.321,-364.588,-35.501,156.012,-244.982,-532.795,2357.44,-3700.6
-0.121384,0.533175,-0.837252,-64.8315,233.154,-370.771,-91.9825,311.186,-497.368,-35.501,156.012,-244.982,-532.795,2357.44,-3700.6
-0.121384,0.533175,-0.837252,-93.4346,315.141,-503.823,-132.871,415.646,-669.261,-35.501,156.012,-244.982,-532.795,2357.44,-3700.6
-0.121384,0.533175,-0.837252,-133.109,416.217,-670.209,-225.936,614.465,-1005.74,-35.501,156.012,-244.982,-532.795,2357.44,-3700.6
-0.121384,0.533175,-0.837252,-226.26,615.088,-1006.82,-229.862,621.963,-1018.71,-35.501,156.012,-244.982,-532.795,2357.44,-3700.6
-0.448091,-0.385758,0.806477,-139.117,-128.304,258.166,-173.524,-162.886,324.71,-121.266,-104.377,218.237,-1833.95,-1574.18,3296.61
-0.448091,-0.385758,0.806477,-176.323,-165.753,330.176,-233.059,-225.719,442.769,-121.266,-104.377,218.237,-1833.95,-1574.18,3296.61
-0.448091,-0.385758,0.806477,-235.938,-228.86,448.58,-307.231,-309.874,595.782,-121.266,-104.377,218.237,-1833.95,-1574.18,3296.61
-0.448091,-0.385758,0.806477,-307.633,-310.349,596.632,-442.105,-482.871,895.287,-121.266,-104.377,218.237,-1833.95,-1574.18,3296.61
-0.448091,-0.385758,0.806477,-442.511,-483.437,896.238,-501.629,-569.245,1038.47,-121.266,-104.377,218.237,-1833.95,-1574.18,3296.61
0.164074,0.580263,-0.797731,43.324,174.193,-237.511,43.9942,177.318,-241.739,43.5489,153.959,-211.665,660.937,2324.77,-3197.33
0.164074,0.580263,-0.797731,45.3589,183.734,-250.419,55.0326,231.499,-314.898,43.5489,153.959,-211.665,660.937,2324.77,-3197.33
0.164074,0.580263,-0.797731,55.8,235.479,-320.261,70.1869,316.794,-429.515,43.5489,153.959,-211.665,660.937,2324.77,-3197.33
0.164074,0.580263,-0.797731,70.8599,320.971,-435.112,85.8951,427.83,-577.887,43.5489,153.959,-211.665,660.937,2324.77,-3197.33
0.164074,0.580263,-0.797731,85.9693,428.443,-578.704,103.804,646.435,-868.135,43.5489,153.959,-211.665,660.937,2324.77,-3197.33
0.164074,0.580263,-0.797731,103.832,647.106,-869.023,106.365,780.872,-1046.02,43.5489,153.959,-211.665,660.937,2324.77,-3197.33
-0.561072,0.793496,0.235717,-94.6618,128.993,38.81,-142.475,190.599,57.7342,-92.3669,130.646,38.8082,-1393.62,1974.64,586.222
-0.561072,0.793496,0.235717,-144.979,193.766,58.7137,-196.748,257.981,78.7292,-92.3669,130.646,38.8082,-1393.62,1974.64,586.222
-0.561072,0.793496,0.235717,-199.452,261.271,79.7625,-268.868,343.623,105.906,-92.3669,130.646,38.8082,-1393.62,1974.64,586.222
-0.561072,0.793496,0.235717,-269.309,344.132,106.07,-415.782,505.705,159.035,-92.3669,130.646,38.8082,-1393.62,1974.64,586.222
-0.561072,0.793496,0.235717,-416.265,506.212,159.205,-570.603,660.778,212.256,-92.3669,130.646,38.8082,-1393.62,1974.64,586.222
-0.561072,0.793496,0.235717,-571.136,661.287,212.435,-719.986,797.131,261.383,-92.3669,130.646,38.8082,-1393.62,1974.64,586.222
0.382208,0.564093,0.731927,86.3932,134.671,171.913,89.2984,139.471,177.944,89.7597,132.451,171.868,1358.24,1999.15,2596.18
0.382208,0.564093,0.731927,91.4376,143.018,182.396,126.027,201.875,255.77,89.7597,132.451,171.868,1358.24,1999.15,2596.18
0.382208,0.564093,0.731927,128.024,205.363,260.089,168.056,277.549,348.81,89.7597,132.451,171.868,1358.24,1999.15,2596.18
0.382208,0.564093,0.731927,170.063,281.287,353.369,219.408,377.224,469.321,89.7597,132.451,171.868,1358.24,1999.15,2596.18
0.382208,0.564093,0.731927,219.669,377.756,469.958,309.442,576.923,704.814,89.7597,132.451,171.868,1358.24,1999.15,2596.18
0.382208,0.564093,0.731927,309.714,577.585,705.584,385.805,783.197,941.313,89.7597,132.451,171.868,1358.24,1999.15,2596.18
0.382208,0.564093,0.731927,386.033,783.885,942.093,427.099,917.644,1092.53,89.7597,132.451,171.868,1358.24,1999.15,2596.18
0.382208,0.564093,0.731927,420.201,922.69,1091.35,-7.09777,1056.18,658.45,89.7597,132.451,171.868,1358.24,1999.15,2596.18
-0.154979,-0.974017,-0.165144,-22.3983,-158.424,-26.7905,-31.3726,-235.833,-39.9405,-25.1511,-158.011,-26.791,-381.87,-2386.54,-404.694
-0.154979,-0.974017,-0.165144,-31.8076,-239.901,-40.6307,-39.8032,-321.998,-54.547,-25.1511,-158.011,-26.791,-381.87,-2386.54,-404.694
-0.154979,-0.974017,-0.165144,-40.1756,-326.236,-55.2645,-48.3032,-433.696,-73.4411,-25.1511,-158.011,-26.791,-381.87,-2386.54,-404.694
-0.154979,-0.974017,-0.165144,-48.3419,-434.301,-73.5434,-57.0745,-652.161,-110.337,-25.1511,-158.011,-26.791,-381.87,-2386.54,-404.694
-0.154979,-0.974017,-0.165144,-57.0865,-652.892,-110.461,-55.4867,-871.254,-147.336,-25.1511,-158.011,-26.791,-381.87,-2386.54,-404.694
-0.154979,-0.974017,-0.165144,-55.4629,-872.021,-147.466,-44.8014,-1073.19,-181.478,-25.1511,-158.011,-26.791,-381.87,-2386.54,-404.694
0.919651,0.198655,0.33879,155.752,36.6243,57.6124,231.136,56.5029,85.5805,156.395,33.7731,57.6136,2362.88,508.143,870.289
0.919651,0.198655,0.33879,235.052,57.5742,87.0368,314.434,80.1296,116.64,156.395,33.7731,57.6136,2362.88,508.143,870.289
0.919651,0.198655,0.33879,318.481,81.3227,118.154,421.401,113.095,156.79,156.395,33.7731,57.6136,2362.88,508.143,870.289
0.919651,0.198655,0.33879,422.039,113.301,157.031,627.907,185.332,235.271,156.395,33.7731,57.6136,2362.88,508.143,870.289
0.919651,0.198655,0.33879,628.56,185.579,235.522,830.928,267.906,313.867,156.395,33.7731,57.6136,2362.88,508.143,870.289
0.919651,0.198655,0.33879,831.604,268.201,314.131,1014.47,353.021,386.39,156.395,33.7731,57.6136,2362.88,508.143,870.289
0.525399,-0.81646,-0.239476,88.9408,-133.002,-39.4666,133.936,-196.68,-58.764,86.5753,-134.554,-39.4645,1306.09,-2033.6,-596.136
0.525399,-0.81646,-0.239476,136.302,-199.965,-59.7657,185.135,-266.419,-80.1749,86.5753,-134.554,-39.4645,1306.09,-2033.6,-596.136
0.525399,-0.81646,-0.239476,187.699,-269.839,-81.2327,253.406,-355.275,-107.912,86.5753,-134.554,-39.4645,1306.09,-2033.6,-596.136
0.525399,-0.81646,-0.239476,253.775,-355.742,-108.06,392.876,-523.674,-162.082,86.5753,-134.554,-39.4645,1306.09,-2033.6,-596.136
0.525399,-0.81646,-0.239476,393.348,-524.218,-162.26,540.629,-685.492,-216.38,86.5753,-134.554,-39.4645,1306.09,-2033.6,-596.136
0.525399,-0.81646,-0.239476,541.154,-686.039,-216.568,683.793,-828.355,-266.503,86.5753,-134.554,-39.4645,1306.09,-2033.6,-596.136
-0.249407,0.892228,0.376465,-45.906,153.273,65.0377,-70.3278,227.347,96.6721,-43.0646,154.096,65.0176,-648.495,2328.27,982.132
-0.249407,0.892228,0.376465,-71.6244,231.158,98.3047,-98.9742,308.991,131.768,-43.0646,154.096,65.0176,-648.495,2328.27,982.132
-0.249407,0.892228,0.376465,-100.422,312.984,133.491,-138.451,413.764,177.181,-43.0646,154.096,65.0176,-648.495,2328.27,982.132
-0.249407,0.892228,0.376465,-138.696,414.389,177.454,-223.358,615.406,265.924,-43.0646,154.096,65.0176,-648.495,2328.27,982.132
-0.249407,0.892228,0.376465,-223.647,616.043,266.208,-318.53,812.865,354.822,-43.0646,154.096,65.0176,-648.495,2328.27,982.132
-0.249407,0.892228,0.376465,-318.868,813.523,355.123,-415.156,990.659,436.911,-43.0646,154.096,65.0176,-648.495,2328.27,982.132
0.226201,0.836946,-0.498352,38.6953,155.25,-91.9761,55.3167,231.437,-136.809,41.7555,154.455,-91.9707,632.909,2332.56,-1389.28
0.226201,0.836946,-0.498352,56.1393,235.398,-139.134,72.0495,316.336,-186.558,41.7555,154.455,-91.9707,632.909,2332.56,-1389.28
0.226201,0.836946,-0.498352,72.8277,320.531,-189.011,91.0183,426.773,-250.985,41.7555,154.455,-91.9707,632.909,2332.56,-1389.28
0.226201,0.836946,-0.498352,91.1138,427.379,-251.337,119.21,643.706,-376.774,41.7555,154.455,-91.9707,632.909,2332.56,-1389.28
0.226201,0.836946,-0.498352,119.284,644.437,-377.196,135.654,862.489,-502.942,41.7555,154.455,-91.9707,632.909,2332.56,-1389.28
0.226201,0.836946,-0.498352,135.687,863.184,-503.342,140.212,1064.88,-619.336,41.7555,154.455,-91.9707,632.909,2332.56,-1389.28
-0.984345,-0.156181,-0.0816868,-157.571,-27.7733,-13.1398,-233.949,-43.258,-19.4924,-158.025,-25.0637,-13.1137,-2387.37,-376.675,-198.091
-0.984345,-0.156181,-0.0816868,-237.947,-44.1053,-19.8255,-318.513,-61.9652,-26.5551,-158.025,-25.0637,-13.1137,-2387.37,-376.675,-198.091
-0.984345,-0.156181,-0.0816868,-322.622,-62.9164,-26.8991,-427.311,-88.4637,-35.6811,-158.025,-25.0637,-13.1137,-2387.37,-376.675,-198.091
-0.984345,-0.156181,-0.0816868,-427.904,-88.6165,-35.7309,-637.775,-147.674,-53.4965,-158.025,-25.0637,-13.1137,-2387.37,-376.675,-198.091
-0.984345,-0.156181,-0.0816868,-638.479,-147.89,-53.5566,-845.751,-216.869,-71.3735,-158.025,-25.0637,-13.1137,-2387.37,-376.675,-198.091
-0.984345,-0.156181,-0.0816868,-846.384,-217.096,-71.4283,-1034.41,-289.283,-87.8485,-158.025,-25.0637,-13.1137,-2387.37,-376.675,-198.091
-0.633621,0.596505,-0.492652,-118.631,107.362,-90.582,-178.006,157.964,-134.811,-116.49,109.681,-90.5791,-1758.13,1658.43,-1368.25
-0.633621,0.596505,-0.492652,-181.086,160.536,-137.086,-244.994,212.763,-183.877,-116.49,109.681,-90.5791,-1758.13,1658.43,-1368.25
-0.633621,0.596505,-0.492652,-248.289,215.398,-186.269,-333.38,281.527,-247.326,-116.49,109.681,-90.5791,-1758.13,1658.43,-1368.25
-0.633621,0.596505,-0.492652,-333.887,281.911,-247.687,-511.351,408.733,-371.269,-116.49,109.681,-90.5791,-1758.13,1658.43,-1368.25
-0.633621,0.596505,-0.492652,-511.977,409.154,-371.696,-696.486,526.521,-495.535,-116.49,109.681,-90.5791,-1758.13,1658.43,-1368.25
-0.633621,0.596505,-0.492652,-697.069,526.87,-495.92,-872.721,626.212,-610.215,-116.49,109.681,-90.5791,-1758.13,1658.43,-1368.25
-0.804754,-0.343383,-0.484209,-145.9,-65.6755,-88.5595,-216.028,-99.7774,-131.725,-147.167,-62.7839,-88.5459,-2223.92,-946.344,-1337.54
-0.804754,-0.343383,-0.484209,-219.647,-101.582,-133.964,-293.102,-139.198,-179.639,-147.167,-62.7839,-88.5459,-2223.92,-946.344,-1337.54
-0.804754,-0.343383,-0.484209,-296.844,-141.164,-181.978,-391.554,-192.608,-241.612,-147.167,-62.7839,-88.5459,-2223.92,-946.344,-1337.54
-0.804754,-0.343383,-0.484209,-392.096,-192.912,-241.956,-579.452,-304.623,-362.645,-147.167,-62.7839,-88.5459,-2223.92,-946.344,-1337.54
-0.804754,-0.343383,-0.484209,-580.078,-305.02,-363.055,-761.608,-426.891,-484.006,-147.167,-62.7839,-88.5459,-2223.92,-946.344,-1337.54
-0.804754,-0.343383,-0.484209,-762.178,-427.296,-484.392,-923.611,-548.25,-595.948,-147.167,-62.7839,-88.5459,-2223.92,-946.344,-1337.54
-0.418732,0.872805,-0.25075,-71.7471,143.012,-41.4535,-108.531,211.733,-61.6296,-69.1997,144.262,-41.444,-1043.49,2180.03,-626.038
-0.418732,0.872805,-0.25075,-110.486,215.307,-62.684,-150.783,287.328,-84.0432,-69.1997,144.262,-41.444,-1043.49,2180.03,-626.038
-0.418732,0.872805,-0.25075,-152.876,290.985,-85.134,-207.543,383.832,-113.031,-69.1997,144.262,-41.444,-1043.49,2180.03,-626.038
-0.418732,0.872805,-0.25075,-207.871,384.375,-113.196,-325.251,568.21,-169.669,-69.1997,144.262,-41.444,-1043.49,2180.03,-626.038
-0.418732,0.872805,-0.25075,-325.626,568.766,-169.843,-451.977,746.983,-226.36,-69.1997,144.262,-41.444,-1043.49,2180.03,-626.038
-0.418732,0.872805,-0.25075,-452.4,747.55,-226.543,-576.446,906.291,-278.642,-69.1997,144.262,-41.444,-1043.49,2180.03,-626.038
0.707297,0.698303,0.110019,111.907,114.354,17.7113,165.018,171.486,26.2857,113.865,112.404,17.7105,1721.38,1696.54,267.528
0.707297,0.698303,0.110019,167.725,174.449,26.7268,222.789,235.879,35.7956,113.865,112.404,17.7105,1721.38,1696.54,267.528
0.707297,0.698303,0.110019,225.592,239.065,36.2621,295.76,320.787,48.1049,113.865,112.404,17.7105,1721.38,1696.54,267.528
0.707297,0.698303,0.110019,296.184,321.293,48.1776,432.331,491.651,72.1682,113.865,112.404,17.7105,1721.38,1696.54,267.528
0.707297,0.698303,0.110019,432.746,492.197,72.2437,560.927,669.07,96.2708,113.865,112.404,17.7105,1721.38,1696.54,267.528
0.707297,0.698303,0.110019,561.32,669.64,96.347,671.98,837.899,118.502,113.865,112.404,17.7105,1721.38,1696.54,267.528
-0.902097,0.0711375,0.42563,-159.715,9.55107,75.256,-237.63,11.9906,111.859,-159.504,12.5883,75.258,-2409.24,192.297,1136.82
-0.902097,0.0711375,0.42563,-241.698,12.0785,113.77,-324.238,13.0162,152.524,-159.504,12.5883,75.258,-2409.24,192.297,1136.82
-0.902097,0.0711375,0.42563,-328.442,13.0207,154.498,-436.192,11.7191,205.098,-159.504,12.5883,75.258,-2409.24,192.297,1136.82
-0.902097,0.0711375,0.42563,-436.827,11.7033,205.396,-654.629,0.645607,307.822,-159.504,12.5883,75.258,-2409.24,192.297,1136.82
-0.902097,0.0711375,0.42563,-655.383,0.587803,308.177,-872.807,-21.7836,410.824,-159.504,12.5883,75.258,-2409.24,192.297,1136.82
-0.902097,0.0711375,0.42563,-873.509,-21.8745,411.156,-1072.79,-52.4651,505.824,-159.504,12.5883,75.258,-2409.24,192.297,1136.82
0.973806,-0.22318,0.0434932,156.546,-33.0644,6.97026,233.185,-47.3234,10.3543,155.955,-35.7516,6.96551,2355.36,-541.948,105.218
0.973806,-0.22318,0.0434932,237.185,-48.0317,10.5307,318.517,-61.6538,14.1124,155.955,-35.7516,6.96551,2355.36,-541.948,105.218
0.973806,-0.22318,0.0434932,322.738,-62.3205,14.298,429.314,-77.8481,18.9789,155.955,-35.7516,6.96551,2355.36,-541.948,105.218
0.973806,-0.22318,0.0434932,429.977,-77.9369,19.008,646.749,-101.804,28.5053,155.955,-35.7516,6.96551,2355.36,-541.948,105.218
0.973806,-0.22318,0.0434932,647.419,-101.862,28.5347,865.375,-115.556,38.0575,155.955,-35.7516,6.96551,2355.36,-541.948,105.218
0.973806,-0.22318,0.0434932,866.105,-115.585,38.0893,1067.44,-119.14,46.8726,155.955,-35.7516,6.96551,2355.36,-541.948,105.218
-0.426934,0.422782,-0.799364,-131.531,122.146,-238.83,-133.163,123.566,-241.708,-113.678,112.594,-212.863,-1714.9,1703.1,-3215.43
-0.426934,0.422782,-0.799364,-138.901,128.538,-251.811,-176.064,160.103,-316.695,-113.678,112.594,-212.863,-1714.9,1703.1,-3215.43
-0.426934,0.422782,-0.799364,-179.16,162.683,-322.057,-243.41,214.575,-431.96,-113.678,112.594,-212.863,-1714.9,1703.1,-3215.43
-0.426934,0.422782,-0.799364,-246.735,217.177,-437.578,-333.033,281.956,-581.178,-113.678,112.594,-212.863,-1714.9,1703.1,-3215.43
-0.426934,0.422782,-0.799364,-333.54,282.321,-582.01,-515.812,403.178,-873.134,-113.678,112.594,-212.863,-1714.9,1703.1,-3215.43
-0.426934,0.422782,-0.799364,-516.411,403.543,-874.067,-625.804,466.731,-1042.2,-113.678,112.594,-212.863,-1714.9,1703.1,-3215.43
-0.929897,-0.275503,-0.243702,-152.584,-48.1469,-40.2058,-226.318,-73.4718,-59.8063,-153.411,-45.4418,-40.2044,-2317.94,-684.503,-607.313
-0.929897,-0.275503,-0.243702,-230.142,-74.8241,-60.8261,-307.613,-103.052,-81.5673,-153.411,-45.4418,-40.2044,-2317.94,-684.503,-607.313
-0.929897,-0.275503,-0.243702,-311.627,-104.558,-82.6454,-412.046,-143.662,-109.744,-153.411,-45.4418,-40.2044,-2317.94,-684.503,-607.313
-0.929897,-0.275503,-0.243702,-412.613,-143.891,-109.898,-612.813,-230.274,-164.722,-153.411,-45.4418,-40.2044,-2317.94,-684.503,-607.313
-0.929897,-0.275503,-0.243702,-613.481,-230.582,-164.907,-809.678,-326.717,-219.821,-153.411,-45.4418,-40.2044,-2317.94,-684.503,-607.313
-0.929897,-0.275503,-0.243702,-810.278,-327.029,-219.99,-986.893,-423.987,-270.613,-153.411,-45.4418,-40.2044,-2317.94,-684.503,-607.313
0.775938,0.44962,0.44245,136.885,82.8409,78.9493,202.404,125.084,117.337,138.443,80.2095,78.9391,2092.35,1209.74,1192.42
0.775938,0.44962,0.44245,205.8,127.321,119.339,274.253,173.427,159.983,138.443,80.2095,78.9391,2092.35,1209.74,1192.42
0.775938,0.44962,0.44245,277.726,175.819,162.06,365.665,238.131,215.146,138.443,80.2095,78.9391,2092.35,1209.74,1192.42
0.775938,0.44962,0.44245,366.163,238.494,215.449,539.077,371.431,322.879,138.443,80.2095,78.9391,2092.35,1209.74,1192.42
0.775938,0.44962,0.44245,539.649,371.895,323.242,705.77,513.992,430.895,138.443,80.2095,78.9391,2092.35,1209.74,1192.42
0.775938,0.44962,0.44245,706.282,514.454,431.235,852.746,653.06,530.538,138.443,80.2095,78.9391,2092.35,1209.74,1192.42
-0.902788,-0.398894,-0.160805,-145.209,-67.1892,-26.068,-215.1,-101.676,-38.7,-146.354,-64.656,-26.0681,-2211.57,-974.867,-393.774
-0.902788,-0.398894,-0.160805,-218.744,-103.514,-39.3614,-292.047,-141.366,-52.7373,-146.354,-64.656,-26.0681,-2211.57,-974.867,-393.774
-0.902788,-0.398894,-0.160805,-295.796,-143.347,-53.4248,-390.48,-194.851,-70.9061,-146.354,-64.656,-26.0681,-2211.57,-974.867,-393.774
-0.902788,-0.398894,-0.160805,-390.993,-195.138,-71.0014,-578.732,-306.049,-106.366,-146.354,-64.656,-26.0681,-2211.57,-974.867,-393.774
-0.902788,-0.398894,-0.160805,-579.336,-306.426,-106.481,-761.888,-426.29,-141.873,-146.354,-64.656,-26.0681,-2211.57,-974.867,-393.774
-0.902788,-0.398894,-0.160805,-762.503,-426.715,-141.994,-925.707,-544.842,-174.636,-146.354,-64.656,-26.0681,-2211.57,-974.867,-393.774
-0.840236,-0.23939,0.486514,-152.988,-46.8463,89.1008,-226.832,-71.8601,132.538,-153.879,-43.8306,89.0977,-2325.05,-659.946,1345.88
-0.840236,-0.23939,0.486514,-230.663,-73.2011,134.799,-308.242,-101.281,180.766,-153.879,-43.8306,89.0977,-2325.05,-659.946,1345.88
-0.840236,-0.23939,0.486514,-312.221,-102.77,183.133,-412.616,-141.899,243.167,-153.879,-43.8306,89.0977,-2325.05,-659.946,1345.88
-0.840236,-0.23939,0.486514,-413.219,-142.143,243.53,-613.173,-229.462,365.103,-153.879,-43.8306,89.0977,-2325.05,-659.946,1345.88
-0.840236,-0.23939,0.486514,-613.792,-229.753,365.484,-809.156,-327.858,487.336,-153.879,-43.8306,89.0977,-2325.05,-659.946,1345.88
-0.840236,-0.23939,0.486514,-809.802,-328.204,487.745,-985.19,-427.955,600.255,-153.879,-43.8306,89.0977,-2325.05,-659.946,1345.88
0.721931,0.691956,-0.00355096,113.599,112.673,-0.569388,167.563,168.942,-0.848681,115.516,110.707,-0.568158,1746.29,1670.9,-8.58238
0.721931,0.691956,-0.00355096,170.343,171.893,-0.863254,226.35,232.44,-1.16,115.516,110.707,-0.568158,1746.29,1670.9,-8.58238
0.721931,0.691956,-0.00355096,229.214,235.594,-1.1753,300.666,316.204,-1.56218,115.516,110.707,-0.568158,1746.29,1670.9,-8.58238
0.721931,0.691956,-0.00355096,301.093,316.697,-1.56452,439.925,484.809,-2.34345,115.516,110.707,-0.568158,1746.29,1670.9,-8.58238
0.721931,0.691956,-0.00355096,440.376,485.382,-2.34606,571.412,660.11,-3.10931,115.516,110.707,-0.568158,1746.29,1670.9,-8.58238
0.721931,0.691956,-0.00355096,571.826,660.691,-3.11176,685.258,827.088,-3.80172,115.516,110.707,-0.568158,1746.29,1670.9,-8.58238
0.964333,0.263854,0.0210279,153.58,44.8684,3.36364,227.853,68.5628,4.92678,154.33,42.2172,3.36521,2331.76,635.84,50.8336
0.964333,0.263854,0.0210279,231.706,69.8293,5.00825,309.817,96.3045,6.6596,154.33,42.2172,3.36521,2331.76,635.84,50.8336
0.964333,0.263854,0.0210279,313.841,97.7104,6.74494,415.098,134.447,8.90119,154.33,42.2172,3.36521,2331.76,635.84,50.8336
0.964333,0.263854,0.0210279,415.712,134.678,8.91434,617.984,216.18,13.28,154.33,42.2172,3.36521,2331.76,635.84,50.8336
0.964333,0.263854,0.0210279,618.609,216.449,13.2936,817.143,307.457,17.6562,154.33,42.2172,3.36521,2331.76,635.84,50.8336
0.964333,0.263854,0.0210279,817.787,307.77,17.6705,996.881,399.843,21.7002,154.33,42.2172,3.36521,2331.76,635.84,50.8336
0.330627,-0.524089,0.784867,100.443,-148.766,227.373,135.145,-195.875,301.453,85.3569,-135.33,202.656,1286.71,-2045.92,3061.25
0.330627,-0.524089,0.784867,137.57,-199.094,306.557,188.244,-264.304,411.127,85.3569,-135.33,202.656,1286.71,-2045.92,3061.25
0.330627,-0.524089,0.784867,190.882,-267.596,416.468,259.97,-350.483,553.102,85.3569,-135.33,202.656,1286.71,-2045.92,3061.25
0.330627,-0.524089,0.784867,260.369,-350.945,553.875,409.618,-510.748,830.782,85.3569,-135.33,202.656,1286.71,-2045.92,3061.25
0.330627,-0.524089,0.784867,410.096,-511.223,831.635,538.2,-630.899,1053.6,85.3569,-135.33,202.656,1286.71,-2045.92,3061.25
-0.938765,-0.255496,0.231174,-153.623,-44.7227,38.0171,-227.916,-68.4648,56.5035,-154.387,-42.0085,38.0176,-2332.63,-632.635,574.279
-0.938765,-0.255496,0.231174,-231.738,-69.7243,57.4573,-309.846,-96.2852,77.0111,-154.387,-42.0085,38.0176,-2332.63,-632.635,574.279
-0.938765,-0.255496,0.231174,-313.848,-97.6888,78.0162,-415.099,-134.607,103.562,-154.387,-42.0085,38.0176,-2332.63,-632.635,574.279
-0.938765,-0.255496,0.231174,-415.665,-134.821,103.705,-617.753,-216.834,155.403,-154.387,-42.0085,38.0176,-2332.63,-632.635,574.279
-0.938765,-0.255496,0.231174,-618.379,-217.106,155.564,-816.608,-308.882,207.341,-154.387,-42.0085,38.0176,-2332.63,-632.635,574.279
-0.938765,-0.255496,0.231174,-817.248,-309.197,207.51,-995.933,-402.194,255.256,-154.387,-42.0085,38.0176,-2332.63,-632.635,574.279
0.840072,0.0292249,0.541687,159.757,8.82384,103.123,237.482,15.5089,153.55,159.904,5.55195,103.107,2415.52,81.5528,1557.5
0.840072,0.0292249,0.541687,241.477,15.8946,156.145,323.504,24.7252,209.471,159.904,5.55195,103.107,2415.52,81.5528,1557.5
0.840072,0.0292249,0.541687,327.73,25.2276,212.223,434.605,39.4744,281.909,159.904,5.55195,103.107,2415.52,81.5528,1557.5
0.840072,0.0292249,0.541687,435.189,39.5604,282.29,650.092,77.3541,423.34,159.904,5.55195,103.107,2415.52,81.5528,1557.5
0.840072,0.0292249,0.541687,650.785,77.4961,423.797,863.776,127.352,565.201,159.904,5.55195,103.107,2415.52,81.5528,1557.5
0.840072,0.0292249,0.541687,864.427,127.524,565.637,1058.21,184.02,696.099,159.904,5.55195,103.107,2415.52,81.5528,1557.5
0.805355,0.443999,0.39277,138.653,79.8456,68.3328,205.136,120.673,101.576,140.122,77.2391,68.3349,2117.65,1164.89,1032.24
0.805355,0.443999,0.39277,208.528,122.802,103.282,277.962,167.349,138.433,140.122,77.2391,68.3349,2117.65,1164.89,1032.24
0.805355,0.443999,0.39277,281.517,169.681,140.245,370.856,229.961,186.166,140.122,77.2391,68.3349,2117.65,1164.89,1032.24
0.805355,0.443999,0.39277,371.363,230.312,186.429,547.398,359.051,279.378,140.122,77.2391,68.3349,2117.65,1164.89,1032.24
0.805355,0.443999,0.39277,547.983,359.503,279.693,717.619,497.316,372.846,140.122,77.2391,68.3349,2117.65,1164.89,1032.24
0.805355,0.443999,0.39277,718.143,497.764,373.139,868.209,632.366,459.071,140.122,77.2391,68.3349,2117.65,1164.89,1032.24
-0.761887,-0.087814,0.641729,-158.498,-21.87,133.907,-235.398,-35.0099,199.161,-158.949,-18.3082,133.88,-2401.31,-274.038,2022.34
-0.761887,-0.087814,0.641729,-239.348,-35.7317,202.519,-320.348,-51.5353,271.553,-158.949,-18.3082,133.88,-2401.31,-274.038,2022.34
-0.761887,-0.087814,0.641729,-324.497,-52.3969,275.097,-429.704,-75.9675,365.284,-158.949,-18.3082,133.88,-2401.31,-274.038,2022.34
-0.761887,-0.087814,0.641729,-430.304,-76.1116,365.801,-640.887,-133.516,548.442,-158.949,-18.3082,133.88,-2401.31,-274.038,2022.34
-0.761887,-0.087814,0.641729,-641.594,-133.732,549.06,-848.869,-204.121,732.262,-158.949,-18.3082,133.88,-2401.31,-274.038,2022.34
-0.761887,-0.087814,0.641729,-849.546,-204.374,732.867,-1036.81,-280.545,902.04,-158.949,-18.3082,133.88,-2401.31,-274.038,2022.34
0.453866,0.350547,0.819221,145.6,120.898,270.417,147.268,122.387,273.612,126.638,97.7897,228.562,1915.02,1474.49,3452.57
0.453866,0.350547,0.819221,152.869,127.405,284.356,181.704,153.696,340.107,126.638,97.7897,228.562,1915.02,1474.49,3452.57
0.453866,0.350547,0.819221,184.649,156.424,345.844,244.326,213.535,463.858,126.638,97.7897,228.562,1915.02,1474.49,3452.57
0.453866,0.350547,0.819221,247.327,216.502,469.886,322.498,293.989,624.13,126.638,97.7897,228.562,1915.02,1474.49,3452.57
0.453866,0.350547,0.819221,322.905,294.426,624.984,465.331,460.498,937.632,126.638,97.7897,228.562,1915.02,1474.49,3452.57
0.453866,0.350547,0.819221,465.776,461.064,938.66,504.993,512.039,1030.54,126.638,97.7897,228.562,1915.02,1474.49,3452.57
-0.495876,-0.857013,0.140124,-77.7262,-139.852,22.6331,-113.762,-208.994,33.6834,-80.1388,-138.484,22.6433,-1212.25,-2090.9,342.041
-0.495876,-0.857013,0.140124,-115.602,-212.603,34.2577,-152.398,-286.456,45.9493,-80.1388,-138.484,22.6433,-1212.25,-2090.9,342.041
-0.495876,-0.857013,0.140124,-154.249,-290.26,46.5487,-200.219,-387.705,61.8106,-80.1388,-138.484,22.6433,-1212.25,-2090.9,342.041
-0.495876,-0.857013,0.140124,-200.482,-388.28,61.9001,-286.479,-588.615,92.7861,-80.1388,-138.484,22.6433,-1212.25,-2090.9,342.041
-0.495876,-0.857013,0.140124,-286.761,-589.318,92.8934,-363.334,-793.901,123.83,-80.1388,-138.484,22.6433,-1212.25,-2090.9,342.041
-0.495876,-0.857013,0.140124,-363.562,-794.557,123.928,-425.531,-986.212,152.448,-80.1388,-138.484,22.6433,-1212.25,-2090.9,342.041
-0.438671,-0.53942,-0.718744,-97.8423,-126.597,-165.446,-143.248,-190.035,-246.1,-100.959,-124.126,-165.401,-1527.22,-1873.23,-2498.49
-0.438671,-0.53942,-0.718744,-145.549,-193.337,-250.262,-191.853,-261.711,-335.635,-100.959,-124.126,-165.401,-1527.22,-1873.23,-2498.49
-0.438671,-0.53942,-0.718744,-194.164,-265.224,-339.984,-251.874,-356.301,-451.463,-100.959,-124.126,-165.401,-1527.22,-1873.23,-2498.49
-0.438671,-0.53942,-0.718744,-252.211,-356.853,-452.132,-359.701,-547.03,-678.051,-100.959,-124.126,-165.401,-1527.22,-1873.23,-2498.49
-0.438671,-0.53942,-0.718744,-360.021,-547.642,-678.765,-454.783,-745.3,-905.454,-100.959,-124.126,-165.401,-1527.22,-1873.23,-2498.49
-0.438671,-0.53942,-0.718744,-455.06,-745.934,-906.169,-526.655,-923.356,-1103.97,-100.959,-124.126,-165.401,-1527.22,-1873.23,-2498.49
-0.000651191,-0.995531,-0.0944291,2.66976,-159.978,-15.1696,5.95215,-237.829,-22.5324,-0.113829,-160,-15.1765,-3.67351,-2416.9,-229.25
-0.000651191,-0.995531,-0.0944291,6.16077,-241.922,-22.9196,11.1256,-324.29,-30.7184,-0.113829,-160,-15.1765,-3.67351,-2416.9,-229.25
-0.000651191,-0.995531,-0.0944291,11.4188,-328.502,-31.1175,20.1951,-435.869,-41.3053,-0.113829,-160,-15.1765,-3.67351,-2416.9,-229.25
-0.000651191,-0.995531,-0.0944291,20.2554,-436.514,-41.3665,45.6625,-653.033,-62.0046,-0.113829,-160,-15.1765,-3.67351,-2416.9,-229.25
-0.000651191,-0.995531,-0.0944291,45.7685,-653.783,-62.0763,81.4037,-869.289,-82.761,-0.113829,-160,-15.1765,-3.67351,-2416.9,-229.25
-0.000651191,-0.995531,-0.0944291,81.533,-869.971,-82.8267,123.34,-1067,-101.908,-0.113829,-160,-15.1765,-3.67351,-2416.9,-229.25
0.692544,0.714168,0.101722,109.384,116.77,16.348,161.227,175.065,24.3768,111.391,114.856,16.3604,1684.04,1733.61,247.134
0.692544,0.714168,0.101722,163.863,178.082,24.7891,217.565,240.719,33.2846,111.391,114.856,16.3604,1684.04,1733.61,247.134
0.692544,0.714168,0.101722,220.291,243.958,33.7206,288.649,327.217,44.8145,111.391,114.856,16.3604,1684.04,1733.61,247.134
0.692544,0.714168,0.101722,289.054,327.723,44.8812,421.426,501.046,67.3492,111.391,114.856,16.3604,1684.04,1733.61,247.134
0.692544,0.714168,0.101722,421.822,501.591,67.4185,546.086,681.216,89.9355,111.391,114.856,16.3604,1684.04,1733.61,247.134
0.692544,0.714168,0.101722,546.475,681.808,90.0085,653.43,852.462,110.748,111.391,114.856,16.3604,1684.04,1733.61,247.134
-0.901179,-0.283414,0.327952,-151.737,-50.7522,55.5491,-225.009,-77.475,82.7047,-152.633,-47.9917,55.5442,-2306.23,-722.981,839.031
-0.901179,-0.283414,0.327952,-228.78,-78.8902,84.107,-305.709,-108.628,112.822,-152.633,-47.9917,55.5442,-2306.23,-722.981,839.031
-0.901179,-0.283414,0.327952,-309.674,-110.206,114.308,-409.297,-151.317,151.837,-152.633,-47.9917,55.5442,-2306.23,-722.981,839.031
-0.901179,-0.283414,0.327952,-409.859,-151.558,152.05,-608.216,-242.163,227.971,-152.633,-47.9917,55.5442,-2306.23,-722.981,839.031
-0.901179,-0.283414,0.327952,-608.875,-242.484,228.226,-802.903,-343.024,304.285,-152.633,-47.9917,55.5442,-2306.23,-722.981,839.031
-0.901179,-0.283414,0.327952,-803.497,-343.351,304.521,-977.82,-444.494,374.658,-152.633,-47.9917,55.5442,-2306.23,-722.981,839.031
0.143692,-0.976322,-0.161704,26.0377,-157.867,-26.2189,40.7345,-234.404,-39.0092,23.2882,-158.296,-26.2177,349.833,-2391.45,-396.035
0.143692,-0.976322,-0.161704,41.5404,-238.408,-39.6794,58.5805,-319.126,-53.2162,23.2882,-158.296,-26.2177,349.833,-2391.45,-396.035
0.143692,-0.976322,-0.161704,59.4963,-323.271,-53.9128,84.0262,-428.224,-71.601,23.2882,-158.296,-26.2177,349.833,-2391.45,-396.035
0.143692,-0.976322,-0.161704,84.1681,-428.801,-71.6984,141.29,-639.239,-107.477,23.2882,-158.296,-26.2177,349.833,-2391.45,-396.035
0.143692,-0.976322,-0.161704,141.494,-639.927,-107.594,208.649,-847.733,-143.444,23.2882,-158.296,-26.2177,349.833,-2391.45,-396.035
0.143692,-0.976322,-0.161704,208.898,-848.445,-143.568,279.549,-1037.14,-176.644,23.2882,-158.296,-26.2177,349.833,-2391.45,-396.035
-0.68582,-0.486079,0.541644,-128.63,-95.1537,103.106,-189.935,-143.41,153.399,-130.544,-92.5106,103.096,-1973.29,-1395.54,1557.33
-0.68582,-0.486079,0.541644,-193.057,-145.921,155.981,-256.766,-198.322,209.158,-130.544,-92.5106,103.096,-1973.29,-1395.54,1557.33
-0.68582,-0.486079,0.541644,-260.03,-201.068,211.907,-341.488,-271.601,281.363,-130.544,-92.5106,103.096,-1973.29,-1395.54,1557.33
-0.68582,-0.486079,0.541644,-341.979,-272.038,281.787,-500.848,-421.633,422.446,-130.544,-92.5106,103.096,-1973.29,-1395.54,1557.33
-0.68582,-0.486079,0.541644,-501.339,-422.122,422.892,-651.951,-580.678,563.863,-130.544,-92.5106,103.096,-1973.29,-1395.54,1557.33
-0.68582,-0.486079,0.541644,-652.44,-581.222,564.335,-783.394,-734.84,694.485,-130.544,-92.5106,103.096,-1973.29,-1395.54,1557.33
-0.557191,0.34209,-0.756645,-147.069,84.7692,-196.48,-207.505,116.526,-275.494,-136.345,83.726,-185.161,-2058.02,1267.27,-2796.98
-0.557191,0.34209,-0.756645,-211.084,118.353,-280.145,-285.129,154.845,-375.681,-136.345,83.726,-185.161,-2058.02,1267.27,-2796.98
-0.557191,0.34209,-0.756645,-288.963,156.666,-380.592,-387.235,201.175,-505.433,-136.345,83.726,-185.161,-2058.02,1267.27,-2796.98
-0.557191,0.34209,-0.756645,-387.796,201.417,-506.139,-591.392,280.793,-759.02,-136.345,83.726,-185.161,-2058.02,1267.27,-2796.98
-0.557191,0.34209,-0.756645,-592.072,281.031,-759.854,-801.653,345.794,-1013.67,-136.345,83.726,-185.161,-2058.02,1267.27,-2796.98
-0.557191,0.34209,-0.756645,-802.366,345.987,-1014.53,-851.34,358.763,-1073.08,-136.345,83.726,-185.161,-2058.02,1267.27,-2796.98
-0.641924,0.304009,0.703927,-146.216,64.9691,158.585,-218.597,94.0566,235.913,-144.598,68.4943,158.57,-2183.07,1037.12,2395.31
-0.641924,0.304009,0.703927,-222.354,95.5125,239.907,-299.675,124.323,321.712,-144.598,68.4943,158.57,-2183.07,1037.12,2395.31
-0.641924,0.304009,0.703927,-303.691,125.76,325.941,-405.841,160.379,432.866,-144.598,68.4943,158.57,-2183.07,1037.12,2395.31
-0.641924,0.304009,0.703927,-406.416,160.564,433.464,-616.47,220.402,650.011,-144.598,68.4943,158.57,-2183.07,1037.12,2395.31
-0.641924,0.304009,0.703927,-617.151,220.572,650.707,-831.38,266.552,867.947,-144.598,68.4943,158.57,-2183.07,1037.12,2395.31
-0.641924,0.304009,0.703927,-832.093,266.68,868.666,-1032.43,296.459,1069.44,-144.598,68.4943,158.57,-2183.07,1037.12,2395.31
0.79706,0.50621,0.329313,133.485,88.2142,55.8171,197.414,132.883,83.0508,135.069,85.77,55.8027,2041.4,1293.87,842.935
0.79706,0.50621,0.329313,200.696,135.222,84.4582,267.388,183.737,113.256,135.069,85.77,55.8027,2041.4,1293.87,842.935
0.79706,0.50621,0.329313,270.818,186.284,114.747,356.516,251.62,152.377,135.069,85.77,55.8027,2041.4,1293.87,842.935
0.79706,0.50621,0.329313,357.002,252,152.593,525.383,390.538,228.735,135.069,85.77,55.8027,2041.4,1293.87,842.935
0.79706,0.50621,0.329313,525.95,391.029,228.997,687.588,538.08,305.291,135.069,85.77,55.8027,2041.4,1293.87,842.935
0.79706,0.50621,0.329313,688.083,538.553,305.53,830.503,681.145,375.879,135.069,85.77,55.8027,2041.4,1293.87,842.935
-0.851562,0.510674,0.118554,-138.615,79.9118,19.1043,-207.141,117.159,28.3851,-137.213,82.296,19.1034,-2071.68,1244.81,288.569
-0.851562,0.510674,0.118554,-210.693,119.049,28.8638,-283.865,157.117,38.6798,-137.213,82.296,19.1034,-2071.68,1244.81,288.569
-0.851562,0.510674,0.118554,-287.659,159.047,39.1864,-384.239,206.693,52.0027,-137.213,82.296,19.1034,-2071.68,1244.81,288.569
-0.851562,0.510674,0.118554,-384.852,206.987,52.0835,-583.687,296.506,78.0447,-137.213,82.296,19.1034,-2071.68,1244.81,288.569
-0.851562,0.510674,0.118554,-584.336,296.78,78.1285,-787.48,376.942,104.138,-137.213,82.296,19.1034,-2071.68,1244.81,288.569
-0.851562,0.510674,0.118554,-788.175,377.197,104.226,-978.644,442.547,128.2,-137.213,82.296,19.1034,-2071.68,1244.81,288.569
-0.621668,0.0662165,0.780477,-179.002,13.3614,223.978,-237.457,15.2201,296.844,-159.098,16.9609,199.743,-2402.95,259.299,3017.24
-0.621668,0.0662165,0.780477,-241.515,15.3058,301.902,-324.113,15.8241,404.818,-159.098,16.9609,199.743,-2402.95,259.299,3017.24
-0.621668,0.0662165,0.780477,-328.321,15.7882,410.06,-436.177,12.8016,544.499,-159.098,16.9609,199.743,-2402.95,259.299,3017.24
-0.621668,0.0662165,0.780477,-436.797,12.7728,545.272,-654.682,-5.50814,817.723,-159.098,16.9609,199.743,-2402.95,259.299,3017.24
-0.621668,0.0662165,0.780477,-655.359,-5.59067,818.574,-844.836,-35.0213,1057.46,-159.098,16.9609,199.743,-2402.95,259.299,3017.24
0.642636,-0.593189,-0.484919,119.668,-106.205,-88.7185,179.456,-156.265,-131.917,117.563,-108.531,-88.7156,1774.35,-1641.06,-1340.1
0.642636,-0.593189,-0.484919,182.584,-158.831,-134.158,246.934,-210.492,-179.87,117.563,-108.531,-88.7156,1774.35,-1641.06,-1340.1
0.642636,-0.593189,-0.484919,250.26,-213.104,-182.213,335.912,-278.516,-241.912,117.563,-108.531,-88.7156,1774.35,-1641.06,-1340.1
0.642636,-0.593189,-0.484919,336.415,-278.89,-242.259,514.93,-404.227,-363.093,117.563,-108.531,-88.7156,1774.35,-1641.06,-1340.1
0.642636,-0.593189,-0.484919,515.552,-404.64,-363.506,700.969,-520.497,-484.609,117.563,-108.531,-88.7156,1774.35,-1641.06,-1340.1
0.642636,-0.593189,-0.484919,701.576,-520.854,-484.999,877.912,-618.783,-596.709,117.563,-108.531,-88.7156,1774.35,-1641.06,-1340.1
-0.00277245,-0.86983,0.493343,2.63617,-159.978,90.7475,6.2129,-237.907,134.984,-0.520469,-159.999,90.747,-10.0984,-2416.88,1370.79
-0.00277245,-0.86983,0.493343,6.43741,-241.914,137.259,11.9317,-324.264,184.065,-0.520469,-159.999,90.747,-10.0984,-2416.88,1370.79
-0.00277245,-0.86983,0.493343,12.2575,-328.471,186.459,22.0584,-435.786,247.571,-0.520469,-159.999,90.747,-10.0984,-2416.88,1370.79
-0.00277245,-0.86983,0.493343,22.1251,-436.423,247.934,50.6693,-652.674,371.65,-0.520469,-159.999,90.747,-10.0984,-2416.88,1370.79
-0.00277245,-0.86983,0.493343,50.7871,-653.413,372.075,91.0094,-868.31,496.104,-0.520469,-159.999,90.747,-10.0984,-2416.88,1370.79
-0.00277245,-0.86983,0.493343,91.161,-869.015,496.513,138.519,-1065.17,610.983,-0.520469,-159.999,90.747,-10.0984,-2416.88,1370.79
0.617567,0.714571,0.328633,102.412,122.93,55.6764,150.653,184.215,82.836,104.629,121.049,55.6735,1582.04,1827.17,840.984
0.617567,0.714571,0.328633,153.115,187.403,84.2385,202.883,253.172,112.958,104.629,121.049,55.6735,1582.04,1827.17,840.984
0.617567,0.714571,0.328633,205.425,256.601,114.444,268.504,343.986,151.973,104.629,121.049,55.6735,1582.04,1827.17,840.984
0.617567,0.714571,0.328633,268.856,344.486,152.186,389.892,525.953,228.158,104.629,121.049,55.6735,1582.04,1827.17,840.984
0.617567,0.714571,0.328633,390.254,526.526,228.394,502.318,714.058,304.493,104.629,121.049,55.6735,1582.04,1827.17,840.984
0.617567,0.714571,0.328633,502.683,714.707,304.753,597.693,892.449,374.95,104.629,121.049,55.6735,1582.04,1827.17,840.984
-0.220543,-0.320225,-0.921312,-189.332,-352.922,-950.877,-191.483,-358.304,-964.603,-90.7724,-131.759,-379.119,-1375.29,-1987.46,-5726.83
-0.911261,0.298049,0.284201,-152.936,47.0174,47.4305,-228.033,67.9079,70.5424,-152.07,49.748,47.4279,-2296.47,753.402,716.428
-0.911261,0.298049,0.284201,-231.966,68.963,71.7499,-311.843,89.5686,96.2146,-152.07,49.748,47.4279,-2296.47,753.402,716.428
-0.911261,0.298049,0.284201,-315.97,90.5908,97.4756,-420.878,115.198,129.429,-152.07,49.748,47.4279,-2296.47,753.402,716.428
-0.911261,0.298049,0.284201,-421.489,115.333,129.615,-635.443,157.356,194.268,-152.07,49.748,47.4279,-2296.47,753.402,716.428
-0.911261,0.298049,0.284201,-636.181,157.482,194.49,-852.38,189.061,259.281,-152.07,49.748,47.4279,-2296.47,753.402,716.428
-0.911261,0.298049,0.284201,-853.066,189.145,259.486,-1053.61,208.852,319.223,-152.07,49.748,47.4279,-2296.47,753.402,716.428
0.244824,-0.706767,0.663733,55.8151,-149.949,141.993,85.5802,-222.049,211.183,52.3594,-151.19,141.981,788.464,-2284.67,2144.71
0.244824,-0.706767,0.663733,87.1625,-225.758,214.76,120.47,-301.23,287.926,52.3594,-151.19,141.981,788.464,-2284.67,2144.71
0.244824,-0.706767,0.663733,122.245,-305.123,291.72,168.567,-402.499,387.358,52.3594,-151.19,141.981,788.464,-2284.67,2144.71
0.244824,-0.706767,0.663733,168.839,-403.048,387.901,271.764,-595.581,581.544,52.3594,-151.19,141.981,788.464,-2284.67,2144.71
0.244824,-0.706767,0.663733,272.129,-596.216,582.193,387.296,-782.466,776.385,52.3594,-151.19,141.981,788.464,-2284.67,2144.71
0.244824,-0.706767,0.663733,387.693,-783.065,777.022,504.284,-948.355,956.415,52.3594,-151.19,141.981,788.464,-2284.67,2144.71
-0.496088,-0.813124,0.304509,-80.8682,-138.059,51.1632,-118.49,-206.364,76.1073,-83.3398,-136.581,51.1507,-1260.64,-2062.08,772.663
-0.496088,-0.813124,0.304509,-120.406,-209.92,77.3996,-158.833,-282.921,103.79,-83.3398,-136.581,51.1507,-1260.64,-2062.08,772.663
-0.496088,-0.813124,0.304509,-160.774,-286.697,105.148,-208.816,-383.125,139.611,-83.3398,-136.581,51.1507,-1260.64,-2062.08,772.663
-0.496088,-0.813124,0.304509,-209.098,-383.709,139.818,-299.123,-582.383,209.592,-83.3398,-136.581,51.1507,-1260.64,-2062.08,772.663
-0.496088,-0.813124,0.304509,-299.387,-583.005,209.809,-379.659,-786.202,279.683,-83.3398,-136.581,51.1507,-1260.64,-2062.08,772.663
-0.496088,-0.813124,0.304509,-379.905,-786.873,279.911,-444.993,-977.555,344.335,-83.3398,-136.581,51.1507,-1260.64,-2062.08,772.663
0.1481,0.979855,0.133981,21.177,158.592,21.633,29.5014,236.122,32.2162,23.9208,158.202,21.6319,363.279,2389.44,326.764
0.1481,0.979855,0.133981,29.8975,240.146,32.7649,37.2037,322.276,43.9537,23.9208,158.202,21.6319,363.279,2389.44,326.764
0.1481,0.979855,0.133981,37.5433,326.549,44.5354,44.7837,434.063,59.1572,23.9208,158.202,21.6319,363.279,2389.44,326.764
0.1481,0.979855,0.133981,44.8172,434.679,59.241,51.7944,652.591,88.8248,23.9208,158.202,21.6319,363.279,2389.44,326.764
0.1481,0.979855,0.133981,51.8006,653.333,88.9255,48.4782,871.761,118.569,23.9208,158.202,21.6319,363.279,2389.44,326.764
0.1481,0.979855,0.133981,48.4519,872.439,118.661,36.2574,1073.5,146.005,23.9208,158.202,21.6319,363.279,2389.44,326.764
0.937711,0.33965,0.073045,149.479,57.0612,11.7157,221.559,86.7039,17.5256,150.439,54.4809,11.7185,2273.14,821.133,177.015
0.937711,0.33965,0.073045,225.32,88.2892,17.83,300.987,121.017,23.9783,150.439,54.4809,11.7185,2273.14,821.133,177.015
0.937711,0.33965,0.073045,304.916,122.759,24.2988,402.896,167.641,32.3399,150.439,54.4809,11.7185,2273.14,821.133,177.015
0.937711,0.33965,0.073045,403.441,167.898,32.3849,598.361,265.594,48.6536,150.439,54.4809,11.7185,2273.14,821.133,177.015
0.937711,0.33965,0.073045,599.004,265.936,48.7079,789.438,372.849,64.9952,150.439,54.4809,11.7185,2273.14,821.133,177.015
0.937711,0.33965,0.073045,790.065,373.221,65.0496,961.088,479.655,80.0665,150.439,54.4809,11.7185,2273.14,821.133,177.015
0.320306,0.526586,-0.787472,88.4698,156.184,-229.362,92.9493,164.732,-241.69,83.1616,136.69,-204.422,1258.9,2063.14,-3087.92
0.320306,0.526586,-0.787472,92.9973,164.824,-241.823,115.191,208.244,-304.122,83.1616,136.69,-204.422,1258.9,2063.14,-3087.92
0.320306,0.526586,-0.787472,116.99,211.843,-309.262,152.78,286.254,-414.76,83.1616,136.69,-204.422,1258.9,2063.14,-3087.92
0.320306,0.526586,-0.787472,154.557,290.096,-420.168,197.961,388.917,-558.059,83.1616,136.69,-204.422,1258.9,2063.14,-3087.92
0.320306,0.526586,-0.787472,198.186,389.457,-558.806,274.579,594.312,-838.149,83.1616,136.69,-204.422,1258.9,2063.14,-3087.92
0.320306,0.526586,-0.787472,274.803,594.988,-839.059,321.982,753.101,-1049.85,83.1616,136.69,-204.422,1258.9,2063.14,-3087.92
0.320306,0.526586,-0.787472,322.105,753.562,-1050.46,322.742,755.946,-1053.61,83.1616,136.69,-204.422,1258.9,2063.14,-3087.92
-0.215316,-0.934013,0.285058,-33.1626,-156.526,47.5911,-47.2289,-233.193,70.7617,-35.951,-155.909,47.5835,-545.04,-2354.64,718.779
-0.215316,-0.934013,0.285058,-47.9272,-237.207,71.9725,-61.2821,-318.593,96.4836,-35.951,-155.909,47.5835,-545.04,-2354.64,718.779
-0.215316,-0.934013,0.285058,-61.9329,-322.813,97.7524,-77.0289,-429.502,129.772,-35.951,-155.909,47.5835,-545.04,-2354.64,718.779
-0.215316,-0.934013,0.285058,-77.1095,-430.126,129.959,-99.7929,-646.983,194.741,-35.951,-155.909,47.5835,-545.04,-2354.64,718.779
-0.215316,-0.934013,0.285058,-99.8528,-647.732,194.964,-111.951,-865.886,259.857,-35.951,-155.909,47.5835,-545.04,-2354.64,718.779
-0.215316,-0.934013,0.285058,-111.973,-866.579,260.063,-113.678,-1068.06,319.909,-35.951,-155.909,47.5835,-545.04,-2354.64,718.779
0.0207819,0.999311,-0.0307561,0.586794,159.999,-4.91409,-1.07595,237.94,-7.28076,3.33581,159.965,-4.9233,52.3354,2416.33,-74.3695
0.0207819,0.999311,-0.0307561,-1.1981,241.997,-7.40396,-4.43971,324.406,-9.90777,3.33581,159.965,-4.9233,52.3354,2416.33,-74.3695
0.0207819,0.999311,-0.0307561,-4.64693,328.667,-10.0374,-11.1591,436.181,-13.3124,3.33581,159.965,-4.9233,52.3354,2416.33,-74.3695
0.0207819,0.999311,-0.0307561,-11.2067,436.84,-13.3325,-31.9991,653.917,-19.9591,3.33581,159.965,-4.9233,52.3354,2416.33,-74.3695
0.0207819,0.999311,-0.0307561,-32.0805,654.598,-19.9799,-63.0725,870.784,-26.6031,3.33581,159.965,-4.9233,52.3354,2416.33,-74.3695
0.0207819,0.999311,-0.0307561,-63.1915,871.495,-26.625,-100.722,1069.34,-32.7339,3.33581,159.965,-4.9233,52.3354,2416.33,-74.3695
-0.395576,-0.144537,0.906989,-282.566,-129.314,669.495,-283.192,-129.663,671.037,-150.29,-54.8905,344.572,-2271.8,-824.814,5204.98
-0.395576,-0.144537,0.906989,-298.259,-138.15,708.242,-306.929,-143.113,729.734,-150.29,-54.8905,344.572,-2271.8,-824.814,5204.98
-0.395576,-0.144537,0.906989,-313.876,-147.132,747.001,-390.786,-194.212,941.022,-150.29,-54.8905,344.572,-2271.8,-824.814,5204.98
-0.395576,-0.144537,0.906989,-391.292,-194.538,942.318,-402.993,-202.139,972.334,-150.29,-54.8905,344.572,-2271.8,-824.814,5204.98
0.482896,0.7033,0.521709,87.8958,133.695,97.8573,128.779,200.12,145.491,90.574,131.895,97.8446,1370.06,1991.07,1478
0.482896,0.7033,0.521709,130.854,203.571,147.951,172.62,274.752,198.363,90.574,131.895,97.8446,1370.06,1991.07,1478
0.482896,0.7033,0.521709,174.719,278.419,200.943,226.927,372.695,266.771,90.574,131.895,97.8446,1370.06,1991.07,1478
0.482896,0.7033,0.521709,227.229,373.258,267.161,325.003,568.268,400.449,90.574,131.895,97.8446,1370.06,1991.07,1478
0.482896,0.7033,0.521709,325.318,568.942,400.904,412.436,769.507,534.489,90.574,131.895,97.8446,1370.06,1991.07,1478
0.482896,0.7033,0.521709,412.706,770.176,534.929,483.214,959.301,658.228,90.574,131.895,97.8446,1370.06,1991.07,1478
0.767811,0.370587,0.522621,142.67,72.4245,98.0852,211.104,109.827,145.914,144.099,69.538,98.0797,2177.69,1048.36,1481.55
0.767811,0.370587,0.522621,214.627,111.8,148.391,286.182,152.894,198.996,144.099,69.538,98.0797,2177.69,1048.36,1481.55
0.767811,0.370587,0.522621,289.836,155.045,201.596,381.905,211.017,267.679,144.099,69.538,98.0797,2177.69,1048.36,1481.55
0.767811,0.370587,0.522621,382.464,211.367,268.083,564.125,332.244,401.916,144.099,69.538,98.0797,2177.69,1048.36,1481.55
0.767811,0.370587,0.522621,564.691,332.643,402.34,739.79,463.597,536.419,144.099,69.538,98.0797,2177.69,1048.36,1481.55
0.767811,0.370587,0.522621,740.37,464.057,536.874,895.367,593.323,660.629,144.099,69.538,98.0797,2177.69,1048.36,1481.55
-0.11532,-0.850477,0.513215,-18.3329,-158.946,95.6821,-24.9161,-236.632,142.38,-21.5089,-158.548,95.6754,-327.151,-2394.66,1445.24
-0.11532,-0.850477,0.513215,-25.218,-240.682,144.813,-30.4632,-323.032,194.238,-21.5089,-158.548,95.6754,-327.151,-2394.66,1445.24
-0.11532,-0.850477,0.513215,-30.687,-327.264,196.777,-34.8746,-434.958,261.339,-21.5089,-158.548,95.6754,-327.151,-2394.66,1445.24
-0.11532,-0.850477,0.513215,-34.8903,-435.588,261.717,-34.4622,-653.727,392.418,-21.5089,-158.548,95.6754,-327.151,-2394.66,1445.24
-0.11532,-0.850477,0.513215,-34.4402,-654.478,392.868,-22.0808,-872.793,523.925,-21.5089,-158.548,95.6754,-327.151,-2394.66,1445.24
-0.11532,-0.850477,0.513215,-22.021,-873.506,524.353,-0.0403358,-1074.12,645.33,-21.5089,-158.548,95.6754,-327.151,-2394.66,1445.24
-0.343076,0.2747,-0.898242,-232.747,161.43,-579.501,-233.388,161.812,-581.028,-124.884,100.02,-327.004,-1883.67,1514.32,-4939.61
-0.343076,0.2747,-0.898242,-244.613,168.445,-607.694,-252.351,172.962,-626.021,-124.884,100.02,-327.004,-1883.67,1514.32,-4939.61
-0.343076,0.2747,-0.898242,-256.528,175.382,-635.895,-268.455,182.219,-664.014,-124.884,100.02,-327.004,-1883.67,1514.32,-4939.61
-0.343076,0.2747,-0.898242,-272.157,184.32,-672.721,-367.614,235.106,-893.852,-124.884,100.02,-327.004,-1883.67,1514.32,-4939.61
-0.343076,0.2747,-0.898242,-368.17,235.383,-895.123,-405.59,253.56,-980.202,-124.884,100.02,-327.004,-1883.67,1514.32,-4939.61
0.477629,0.398357,-0.783059,134.245,119.158,-226.055,176.345,159.748,-299.707,122.883,102.469,-201.447,1858.22,1545.45,-3042.99
0.477629,0.398357,-0.783059,179.237,162.598,-304.821,237.204,221.401,-408.797,122.883,102.469,-201.447,1858.22,1545.45,-3042.99
0.477629,0.398357,-0.783059,240.13,224.458,-414.125,313.231,303.828,-549.972,122.883,102.469,-201.447,1858.22,1545.45,-3042.99
0.477629,0.398357,-0.783059,313.634,304.283,-550.738,452.47,473.203,-826.097,122.883,102.469,-201.447,1858.22,1545.45,-3042.99
0.477629,0.398357,-0.783059,452.878,473.739,-826.945,557.345,620.316,-1053.62,122.883,102.469,-201.447,1858.22,1545.45,-3042.99
-0.627888,0.752315,-0.199445,-104.653,121.028,-32.567,-157.193,178.634,-48.3834,-102.515,122.844,-32.5654,-1547.02,1856.91,-491.921
-0.627888,0.752315,-0.199445,-159.95,181.604,-49.2053,-216.66,241.525,-65.9425,-102.515,122.844,-32.5654,-1547.02,1856.91,-491.921
-0.627888,0.752315,-0.199445,-219.603,244.577,-66.8027,-295.354,321.217,-88.6618,-102.515,122.844,-32.5654,-1547.02,1856.91,-491.921
-0.627888,0.752315,-0.199445,-295.795,321.652,-88.7874,-454.49,471.163,-133.035,-102.515,122.844,-32.5654,-1547.02,1856.91,-491.921
-0.627888,0.752315,-0.199445,-455.043,471.66,-133.186,-621.052,613.681,-177.539,-102.515,122.844,-32.5654,-1547.02,1856.91,-491.921
-0.627888,0.752315,-0.199445,-621.581,614.112,-177.678,-780.531,737.89,-218.593,-102.515,122.844,-32.5654,-1547.02,1856.91,-491.921
-0.46824,0.561968,-0.681867,-105.242,120.516,-149.134,-158.57,177.449,-221.812,-102.411,122.931,-149.149,-1544.94,1858.64,-2252.99
-0.46824,0.561968,-0.681867,-161.358,180.354,-225.564,-219.266,239.199,-302.482,-102.411,122.931,-149.149,-1544.94,1858.64,-2252.99
-0.46824,0.561968,-0.681867,-222.26,242.165,-306.409,-300.078,316.773,-406.856,-102.411,122.931,-149.149,-1544.94,1858.64,-2252.99
-0.46824,0.561968,-0.681867,-300.551,317.212,-407.457,-465.24,460.629,-610.958,-102.411,122.931,-149.149,-1544.94,1858.64,-2252.99
-0.46824,0.561968,-0.681867,-465.775,461.065,-611.601,-639.856,594.05,-815.716,-102.411,122.931,-149.149,-1544.94,1858.64,-2252.99
-0.46824,0.561968,-0.681867,-640.413,594.448,-816.354,-808.523,707.132,-1004.92,-102.411,122.931,-149.149,-1544.94,1858.64,-2252.99
0.504721,0.803974,0.314455,82.6002,137.03,52.9419,120.978,204.878,78.735,85.079,135.505,53.0014,1286.91,2045.8,800.619
0.504721,0.803974,0.314455,122.95,208.44,80.0822,162.176,280.966,107.367,85.079,135.505,53.0014,1286.91,2045.8,800.619
0.504721,0.803974,0.314455,164.18,284.761,108.787,213.327,380.705,144.459,85.079,135.505,53.0014,1286.91,2045.8,800.619
0.504721,0.803974,0.314455,213.587,381.228,144.652,305.798,578.84,216.812,85.079,135.505,53.0014,1286.91,2045.8,800.619
0.504721,0.803974,0.314455,306.092,579.513,217.055,388.608,781.857,289.375,85.079,135.505,53.0014,1286.91,2045.8,800.619
0.504721,0.803974,0.314455,388.848,782.492,289.6,455.993,972.51,356.299,85.079,135.505,53.0014,1286.91,2045.8,800.619
-0.704037,-0.54615,0.453929,-124.511,-100.483,81.5179,-183.776,-151.168,121.203,-126.427,-98.0619,81.5102,-1911.1,-1479.56,1231.26
-0.704037,-0.54615,0.453929,-186.821,-153.825,123.259,-248.427,-208.714,165.247,-126.427,-98.0619,81.5102,-1911.1,-1479.56,1231.26
-0.704037,-0.54615,0.453929,-251.562,-211.566,167.403,-330.297,-285.165,222.249,-126.427,-98.0619,81.5102,-1911.1,-1479.56,1231.26
-0.704037,-0.54615,0.453929,-330.743,-285.593,222.564,-484.148,-440.734,333.578,-126.427,-98.0619,81.5102,-1911.1,-1479.56,1231.26
-0.704037,-0.54615,0.453929,-484.61,-441.226,333.921,-629.922,-604.521,445.149,-126.427,-98.0619,81.5102,-1911.1,-1479.56,1231.26
-0.704037,-0.54615,0.453929,-630.386,-605.071,445.515,-756.707,-762.352,548.168,-126.427,-98.0619,81.5102,-1911.1,-1479.56,1231.26
-0.648491,-0.752753,-0.113234,-102.328,-123,-18.2356,-150.675,-184.21,-27.1396,-104.437,-121.214,-18.2347,-1579.07,-1829.74,-275.447
-0.648491,-0.752753,-0.113234,-153.138,-187.384,-27.5982,-203.088,-253.032,-37.0185,-104.437,-121.214,-18.2347,-1579.07,-1829.74,-275.447
-0.648491,-0.752753,-0.113234,-205.63,-256.437,-37.5039,-269.001,-343.525,-49.8069,-104.437,-121.214,-18.2347,-1579.07,-1829.74,-275.447
-0.648491,-0.752753,-0.113234,-269.388,-344.07,-49.8833,-391.417,-524.797,-74.7994,-104.437,-121.214,-18.2347,-1579.07,-1829.74,-275.447
-0.648491,-0.752753,-0.113234,-391.792,-525.382,-74.8787,-505.357,-711.928,-99.836,-104.437,-121.214,-18.2347,-1579.07,-1829.74,-275.447
-0.648491,-0.752753,-0.113234,-505.722,-712.56,-99.9194,-602.539,-889.127,-122.926,-104.437,-121.214,-18.2347,-1579.07,-1829.74,-275.447
0.928684,-0.331451,0.166395,151.6,-51.1595,27.001,226.072,-74.1065,40.2214,150.687,-53.7906,26.9996,2275.56,-814.398,407.846
0.928684,-0.331451,0.166395,229.994,-75.2764,40.9159,309.253,-98.1204,54.9108,150.687,-53.7906,26.9996,2275.56,-814.398,407.846
0.928684,-0.331451,0.166395,313.354,-99.2607,55.6331,417.525,-126.866,73.9153,150.687,-53.7906,26.9996,2275.56,-814.398,407.846
0.928684,-0.331451,0.166395,418.117,-127.015,74.0188,630.729,-175.353,111.017,150.687,-53.7906,26.9996,2275.56,-814.398,407.846
0.928684,-0.331451,0.166395,631.449,-175.498,111.141,846.546,-213.749,148.207,150.687,-53.7906,26.9996,2275.56,-814.398,407.846
0.928684,-0.331451,0.166395,847.21,-213.85,148.321,1046.96,-240.022,182.508,150.687,-53.7906,26.9996,2275.56,-814.398,407.846
0.667996,-0.724964,-0.167954,110.445,-115.766,-27.2612,165.706,-170.71,-40.5072,108.413,-117.672,-27.2599,1636.19,-1778.85,-411.778
0.667996,-0.724964,-0.167954,168.635,-173.569,-41.2031,228.19,-230.638,-55.2236,108.413,-117.672,-27.2599,1636.19,-1778.85,-411.778
0.667996,-0.724964,-0.167954,231.291,-233.555,-55.9473,310.651,-306.385,-74.2572,108.413,-117.672,-27.2599,1636.19,-1778.85,-411.778
0.667996,-0.724964,-0.167954,311.145,-306.828,-74.3699,476.921,-448.456,-111.439,108.413,-117.672,-27.2599,1636.19,-1778.85,-411.778
0.667996,-0.724964,-0.167954,477.491,-448.92,-111.564,650.153,-582.776,-148.702,108.413,-117.672,-27.2599,1636.19,-1778.85,-411.778
0.667996,-0.724964,-0.167954,650.695,-583.175,-148.817,815.389,-699.196,-183.053,108.413,-117.672,-27.2599,1636.19,-1778.85,-411.778
0.0233816,-0.565716,0.824268,15.684,-198.381,289.745,20.5088,-237.095,346.536,6.5912,-159.864,232.927,96.1313,-2414.99,3518.5
0.0233816,-0.565716,0.824268,21.0389,-241.084,352.394,33.2486,-322.784,472.587,6.5912,-159.864,232.927,96.1313,-2414.99,3518.5
0.0233816,-0.565716,0.824268,33.9399,-326.943,478.72,53.8885,-433.012,635.698,6.5912,-159.864,232.927,96.1313,-2414.99,3518.5
0.0233816,-0.565716,0.824268,54.0183,-433.632,636.619,107.682,-645.767,954.879,6.5912,-159.864,232.927,96.1313,-2414.99,3518.5
0.0233816,-0.565716,0.824268,107.884,-646.443,955.904,122.188,-692.941,1026.62,6.5912,-159.864,232.927,96.1313,-2414.99,3518.5
-0.072319,0.602169,-0.795087,-27.044,177.451,-235.315,-27.931,182.222,-241.675,-19.0636,158.86,-209.752,-284.782,2400.06,-3168.44
-0.072319,0.602169,-0.795087,-28.8354,187.04,-248.099,-38.2781,234.849,-311.962,-19.0636,158.86,-209.752,-284.782,2400.06,-3168.44
-0.072319,0.602169,-0.795087,-39.1009,238.82,-317.276,-57.096,319.437,-425.514,-19.0636,158.86,-209.752,-284.782,2400.06,-3168.44
-0.072319,0.602169,-0.795087,-58.0754,323.529,-431.027,-85.2573,427.948,-572.419,-19.0636,158.86,-209.752,-284.782,2400.06,-3168.44
-0.072319,0.602169,-0.795087,-85.4267,428.552,-573.24,-152.667,636.644,-859.825,-19.0636,158.86,-209.752,-284.782,2400.06,-3168.44
-0.072319,0.602169,-0.795087,-152.906,637.297,-860.736,-204.902,768.845,-1046.05,-19.0636,158.86,-209.752,-284.782,2400.06,-3168.44
0.284669,-0.956359,0.065884,48.2675,-152.546,10.5693,73.6977,-226.224,15.6754,45.6374,-153.353,10.5644,687.512,-2317.05,159.582
0.284669,-0.956359,0.065884,75.0611,-230.065,15.9423,103.362,-307.506,21.3397,45.6374,-153.353,10.5644,687.512,-2317.05,159.582
0.284669,-0.956359,0.065884,104.872,-311.521,21.6204,144.014,-411.945,28.6711,45.6374,-153.353,10.5644,687.512,-2317.05,159.582
0.284669,-0.956359,0.065884,144.235,-412.493,28.7097,230.487,-612.754,42.9779,45.6374,-153.353,10.5644,687.512,-2317.05,159.582
0.284669,-0.956359,0.065884,230.786,-613.405,43.0248,326.457,-809.701,57.3213,45.6374,-153.353,10.5644,687.512,-2317.05,159.582
0.284669,-0.956359,0.065884,326.802,-810.369,57.3705,423.134,-987.29,70.5396,45.6374,-153.353,10.5644,687.512,-2317.05,159.582
-0.878009,0.166214,0.448856,-157.748,26.7493,80.3726,-234.998,37.597,119.549,-157.206,29.7708,80.3679,-2374.29,451.845,1214.01
-0.878009,0.166214,0.448856,-238.979,38.1162,121.565,-320.852,47.9293,162.981,-157.206,29.7708,80.3679,-2374.29,451.845,1214.01
-0.878009,0.166214,0.448856,-325.118,48.3951,165.136,-432.426,58.6714,219.281,-157.206,29.7708,80.3679,-2374.29,451.845,1214.01
-0.878009,0.166214,0.448856,-433.02,58.7205,219.581,-650.808,70.9965,329.139,-157.206,29.7708,80.3679,-2374.29,451.845,1214.01
-0.878009,0.166214,0.448856,-651.524,71.0181,329.499,-870.154,71.8602,439.298,-157.206,29.7708,80.3679,-2374.29,451.845,1214.01
-0.878009,0.166214,0.448856,-870.825,71.8452,439.635,-1072.29,62.4466,540.922,-157.206,29.7708,80.3679,-2374.29,451.845,1214.01
-0.8261,-0.549449,-0.125156,-131.673,-90.8966,-20.178,-194.714,-136.804,-30.1373,-133.229,-88.6009,-20.1836,-2013.59,-1336.74,-304.887
-0.8261,-0.549449,-0.125156,-197.953,-139.206,-30.6523,-263.726,-188.955,-41.1841,-133.229,-88.6009,-20.1836,-2013.59,-1336.74,-304.887
-0.8261,-0.549449,-0.125156,-267.109,-191.564,-41.7296,-351.647,-258.412,-55.4853,-133.229,-88.6009,-20.1836,-2013.59,-1336.74,-304.887
-0.8261,-0.549449,-0.125156,-352.112,-258.788,-55.5617,-518.268,-399.976,-83.3942,-133.229,-88.6009,-20.1836,-2013.59,-1336.74,-304.887
-0.8261,-0.549449,-0.125156,-518.808,-400.457,-83.4865,-678.365,-549.543,-111.369,-133.229,-88.6009,-20.1836,-2013.59,-1336.74,-304.887
-0.8261,-0.549449,-0.125156,-678.907,-550.075,-111.466,-819.711,-694.146,-137.197,-133.229,-88.6009,-20.1836,-2013.59,-1336.74,-304.887
0.717601,0.545223,0.433336,125.539,99.1968,76.9368,185.344,149.271,114.444,127.405,96.7879,76.9322,1925.84,1460.32,1162.11
0.717601,0.545223,0.433336,188.403,151.882,116.378,250.575,206.089,156.041,127.405,96.7879,76.9322,1925.84,1460.32,1162.11
0.717601,0.545223,0.433336,253.76,208.924,158.092,333.298,281.645,209.916,127.405,96.7879,76.9322,1925.84,1460.32,1162.11
0.717601,0.545223,0.433336,333.752,282.071,210.216,488.889,435.367,315.094,127.405,96.7879,76.9322,1925.84,1460.32,1162.11
0.717601,0.545223,0.433336,489.404,435.903,315.452,636.701,597.411,420.554,127.405,96.7879,76.9322,1925.84,1460.32,1162.11
0.717601,0.545223,0.433336,637.157,597.937,420.889,765.392,753.542,517.815,127.405,96.7879,76.9322,1925.84,1460.32,1162.11
-0.437308,-0.752971,-0.491728,-77.6183,-139.912,-90.3616,-113.47,-209.205,-134.474,-80.3643,-138.353,-90.3549,-1215.88,-2088.79,-1364.87
-0.437308,-0.752971,-0.491728,-115.275,-212.781,-136.739,-151.664,-286.827,-183.391,-80.3643,-138.353,-90.3549,-1215.88,-2088.79,-1364.87
-0.437308,-0.752971,-0.491728,-153.497,-290.659,-185.793,-198.649,-388.517,-246.742,-80.3643,-138.353,-90.3549,-1215.88,-2088.79,-1364.87
-0.437308,-0.752971,-0.491728,-198.904,-389.091,-247.097,-282.263,-590.66,-370.464,-80.3643,-138.353,-90.3549,-1215.88,-2088.79,-1364.87
-0.437308,-0.752971,-0.491728,-282.53,-591.358,-370.886,-355.073,-797.616,-494.539,-80.3643,-138.353,-90.3549,-1215.88,-2088.79,-1364.87
-0.437308,-0.752971,-0.491728,-355.289,-798.29,-494.939,-412.265,-991.855,-609.067,-80.3643,-138.353,-90.3549,-1215.88,-2088.79,-1364.87
-0.437308,-0.752971,-0.491728,29.5935,157.239,-18.567,51.8214,222.289,-1.97407,-80.3643,-138.353,-90.3549,-1215.88,-2088.79,-1364.87
-0.437308,-0.752971,-0.491728,56.2886,235.363,1.36064,78.5963,300.646,18.0132,-80.3643,-138.353,-90.3549,-1215.88,-2088.79,-1364.87
-0.437308,-0.752971,-0.491728,84.4153,317.676,22.357,113.491,402.766,44.0617,-80.3643,-138.353,-90.3549,-1215.88,-2088.79,-1364.87
-0.437308,-0.752971,-0.491728,119.492,420.328,48.5417,184.18,609.636,96.8301,-80.3643,-138.353,-90.3549,-1215.88,-2088.79,-1364.87
-0.437308,-0.752971,-0.491728,190.176,627.185,101.306,254.833,816.402,149.572,-80.3643,-138.353,-90.3549,-1215.88,-2088.79,-1364.87
-0.437308,-0.752971,-0.491728,260.827,833.946,154.047,319.828,1006.61,198.091,-80.3643,-138.353,-90.3549,-1215.88,-2088.79,-1364.87
0.754516,0.49273,-0.433501,132.279,90.0132,-76.9805,195.5,135.696,-114.5,133.97,87.4759,-76.9682,2024.88,1319.57,-1162.65
0.754516,0.49273,-0.433501,198.738,138.084,-116.436,264.614,187.722,-156.113,133.97,87.4759,-76.9682,2024.88,1319.57,-1162.65
0.754516,0.49273,-0.433501,267.993,190.324,-158.164,352.511,257.19,-209.995,133.97,87.4759,-76.9682,2024.88,1319.57,-1162.65
0.754516,0.49273,-0.433501,352.995,257.583,-210.295,518.654,399.44,-315.198,133.97,87.4759,-76.9682,2024.88,1319.57,-1162.65
0.754516,0.49273,-0.433501,519.207,399.939,-315.556,677.611,550.571,-420.699,133.97,87.4759,-76.9682,2024.88,1319.57,-1162.65
0.754516,0.49273,-0.433501,678.104,551.065,-421.034,817.085,697.147,-518.052,133.97,87.4759,-76.9682,2024.88,1319.57,-1162.65
0.26332,-0.430999,-0.863077,128.275,-188.795,-390.238,132.12,-193.89,-401.148,83.4008,-136.544,-273.412,1256.53,-2064.59,-4130.05
0.26332,-0.430999,-0.863077,136.585,-199.771,-413.77,187.775,-264.594,-554.977,83.4008,-136.544,-273.412,1256.53,-2064.59,-4130.05
0.26332,-0.430999,-0.863077,190.475,-267.886,-562.257,260.937,-349.734,-746.92,83.4008,-136.544,-273.412,1256.53,-2064.59,-4130.05
0.26332,-0.430999,-0.863077,261.362,-350.206,-748.005,364.838,-457.875,-1003.41,83.4008,-136.544,-273.412,1256.53,-2064.59,-4130.05
0.364256,-0.904933,-0.22003,62.3394,-147.356,-36.0911,94.4979,-218.331,-53.6813,59.7365,-148.43,-36.0892,900.507,-2242.88,-545.15
0.364256,-0.904933,-0.22003,96.2222,-222.048,-54.6063,131.665,-296.584,-73.2399,59.7365,-148.43,-36.0892,900.507,-2242.88,-545.15
0.364256,-0.904933,-0.22003,133.508,-300.365,-74.1896,181.892,-396.664,-98.5159,59.7365,-148.43,-36.0892,900.507,-2242.88,-545.15
0.364256,-0.904933,-0.22003,182.17,-397.201,-98.6524,286.983,-588.402,-147.858,59.7365,-148.43,-36.0892,900.507,-2242.88,-545.15
0.364256,-0.904933,-0.22003,287.348,-589.032,-148.022,401.403,-775.269,-197.3,59.7365,-148.43,-36.0892,900.507,-2242.88,-545.15
0.364256,-0.904933,-0.22003,401.818,-775.912,-197.473,514.858,-942.688,-242.931,59.7365,-148.43,-36.0892,900.507,-2242.88,-545.15
0.63865,0.309029,0.704718,142.303,73.143,158.94,210.343,111.275,236.424,144.031,69.6791,158.924,2176.87,1050.08,2400.65
0.63865,0.309029,0.704718,213.842,113.294,240.437,284.82,155.487,322.466,144.031,69.6791,158.924,2176.87,1050.08,2400.65
0.63865,0.309029,0.704718,288.408,157.684,326.645,379.409,215.545,433.784,144.031,69.6791,158.924,2176.87,1050.08,2400.65
0.63865,0.309029,0.704718,379.93,215.888,434.404,558.259,342.047,651.464,144.031,69.6791,158.924,2176.87,1050.08,2400.65
0.63865,0.309029,0.704718,558.796,342.454,652.134,728.888,480.555,869.826,144.031,69.6791,158.924,2176.87,1050.08,2400.65
0.63865,0.309029,0.704718,729.449,481.042,870.564,878.213,618.454,1071.78,144.031,69.6791,158.924,2176.87,1050.08,2400.65
0.927287,0.373826,-0.0198152,147.349,62.3552,-3.17013,218.373,94.5047,-4.65506,148.398,59.8155,-3.17105,2242.38,901.745,-47.9008
0.927287,0.373826,-0.0198152,222.053,96.2097,-4.73242,296.563,131.574,-6.30809,148.398,59.8155,-3.17105,2242.38,901.745,-47.9008
0.927287,0.373826,-0.0198152,300.397,133.437,-6.38948,396.703,181.683,-8.44287,148.398,59.8155,-3.17105,2242.38,901.745,-47.9008
0.927287,0.373826,-0.0198152,397.286,181.983,-8.45537,588.735,286.41,-12.6128,148.398,59.8155,-3.17105,2242.38,901.745,-47.9008
0.927287,0.373826,-0.0198152,589.323,286.75,-12.6258,775.94,400.212,-16.8058,148.398,59.8155,-3.17105,2242.38,901.745,-47.9008
0.927287,0.373826,-0.0198152,776.543,400.598,-16.8195,943.726,512.863,-20.6754,148.398,59.8155,-3.17105,2242.38,901.745,-47.9008
-0.569244,0.81298,0.122574,-94.0281,129.455,19.7577,-141.432,191.366,29.3252,-91.7635,131.07,19.7609,-1384.54,1981.02,298.5
-0.569244,0.81298,0.122574,-143.919,194.554,29.8209,-195.243,259.116,39.9332,-91.7635,131.07,19.7609,-1384.54,1981.02,298.5
-0.569244,0.81298,0.122574,-197.927,262.429,40.456,-266.792,345.346,53.6724,-91.7635,131.07,19.7609,-1384.54,1981.02,298.5
-0.569244,0.81298,0.122574,-267.172,345.794,53.7445,-412.329,508.509,80.4961,-91.7635,131.07,19.7609,-1384.54,1981.02,298.5
-0.569244,0.81298,0.122574,-412.815,509.029,80.5835,-565.714,664.954,107.38,-91.7635,131.07,19.7609,-1384.54,1981.02,298.5
-0.569244,0.81298,0.122574,-566.251,665.475,107.471,-713.69,802.767,132.198,-91.7635,131.07,19.7609,-1384.54,1981.02,298.5
-0.514062,-0.604612,0.608428,-100.983,-124.107,122.678,-148.217,-186.115,182.526,-103.649,-121.889,122.665,-1567.55,-1839.62,1852.94
-0.514062,-0.604612,0.608428,-150.653,-189.387,185.658,-199.147,-256.154,249.01,-103.649,-121.889,122.665,-1567.55,-1839.62,1852.94
-0.514062,-0.604612,0.608428,-201.601,-259.617,252.268,-262.588,-348.488,335.049,-103.649,-121.889,122.665,-1567.55,-1839.62,1852.94
-0.514062,-0.604612,0.608428,-262.943,-349.021,335.541,-378.383,-534.275,503.183,-103.649,-121.889,122.665,-1567.55,-1839.62,1852.94
-0.514062,-0.604612,0.608428,-378.732,-534.873,503.714,-483.26,-727.103,671.778,-103.649,-121.889,122.665,-1567.55,-1839.62,1852.94
-0.514062,-0.604612,0.608428,-483.593,-727.76,672.344,-569.847,-910.47,827.525,-103.649,-121.889,122.665,-1567.55,-1839.62,1852.94
0.190084,-0.956346,-0.221971,33.9398,-156.359,-36.4275,52.5178,-232.132,-54.1186,31.1824,-156.932,-36.4239,469.072,-2370.94,-550.207
0.190084,-0.956346,-0.221971,53.5057,-236.011,-55.026,74.6133,-315.716,-73.7182,31.1824,-156.932,-36.4239,469.072,-2370.94,-550.207
0.190084,-0.956346,-0.221971,75.7507,-319.852,-74.6907,105.606,-423.403,-99.1232,31.1824,-156.932,-36.4239,469.072,-2370.94,-550.207
0.190084,-0.956346,-0.221971,105.781,-423.987,-99.2614,173.681,-631.193,-148.689,31.1824,-156.932,-36.4239,469.072,-2370.94,-550.207
0.190084,-0.956346,-0.221971,173.926,-631.884,-148.856,251.856,-836,-198.375,31.1824,-156.932,-36.4239,469.072,-2370.94,-550.207
0.190084,-0.956346,-0.221971,252.111,-836.622,-198.527,332.571,-1021.29,-244.159,31.1824,-156.932,-36.4239,469.072,-2370.94,-550.207
0.0680004,0.967668,0.242889,8.39218,159.78,40.0483,10.4602,237.718,59.5642,11.2253,159.606,40.062,171.566,2410.8,605.161
0.0680004,0.967668,0.242889,10.5311,241.771,60.5789,11.1881,324.227,81.2193,11.2253,159.606,40.062,171.566,2410.8,605.161
0.0680004,0.967668,0.242889,11.1812,328.51,82.2913,9.67723,436.27,109.261,11.2253,159.606,40.062,171.566,2410.8,605.161
0.0680004,0.967668,0.242889,9.6615,436.877,109.413,-1.24298,654.654,163.974,11.2253,159.606,40.062,171.566,2410.8,605.161
0.0680004,0.967668,0.242889,-1.29713,655.382,164.157,-22.7672,872.819,218.794,11.2253,159.606,40.062,171.566,2410.8,605.161
0.0680004,0.967668,0.242889,-22.8492,873.485,218.961,-51.9532,1072.86,269.309,11.2253,159.606,40.062,171.566,2410.8,605.161
0.453678,0.315109,-0.833596,158.959,119.721,-300.433,161.569,121.852,-305.518,131.421,91.2604,-241.458,1987.21,1375.65,-3647.38
0.453678,0.315109,-0.833596,166.509,125.902,-315.157,188.993,144.595,-359.282,131.421,91.2604,-241.458,1987.21,1375.65,-3647.38
0.453678,0.315109,-0.833596,192.085,147.199,-365.383,254.354,201.468,-490.046,131.421,91.2604,-241.458,1987.21,1375.65,-3647.38
0.453678,0.315109,-0.833596,257.497,204.301,-496.432,336.105,278.341,-659.422,131.421,91.2604,-241.458,1987.21,1375.65,-3647.38
0.453678,0.315109,-0.833596,336.526,278.755,-660.314,486.019,438.664,-990.817,131.421,91.2604,-241.458,1987.21,1375.65,-3647.38
0.453678,0.315109,-0.833596,486.463,439.182,-991.847,498.034,452.761,-1018.77,131.421,91.2604,-241.458,1987.21,1375.65,-3647.38
0.453678,0.315109,-0.833596,498.582,453.409,-1020.05,499.722,454.757,-1022.72,131.421,91.2604,-241.458,1987.21,1375.65,-3647.38
0.29002,-0.727592,0.621689,62.4663,-147.302,127.003,95.1376,-218.115,188.864,59.2326,-148.632,126.995,892.438,-2246.1,1918.33
0.29002,-0.727592,0.621689,96.8718,-221.765,192.07,133.147,-295.869,257.516,59.2326,-148.632,126.995,892.438,-2246.1,1918.33
0.29002,-0.727592,0.621689,135.063,-299.669,260.892,185.067,-395.174,346.395,59.2326,-148.632,126.995,892.438,-2246.1,1918.33
0.29002,-0.727592,0.621689,185.364,-395.721,346.889,295.133,-584.343,519.983,59.2326,-148.632,126.995,892.438,-2246.1,1918.33
0.29002,-0.727592,0.621689,295.525,-584.972,520.57,416.716,-767.199,694.161,59.2326,-148.632,126.995,892.438,-2246.1,1918.33
0.29002,-0.727592,0.621689,417.133,-767.787,694.733,538.542,-929.342,855.042,59.2326,-148.632,126.995,892.438,-2246.1,1918.33
0.453507,-0.598869,-0.660067,99.4973,-125.301,-140.608,149.976,-184.758,-209.096,96.583,-127.561,-140.588,1456.88,-1928.45,-2123.67
0.453507,-0.598869,-0.660067,152.623,-187.804,-212.639,207.523,-249.408,-285.095,96.583,-127.561,-140.588,1456.88,-1928.45,-2123.67
0.453507,-0.598869,-0.660067,210.39,-252.546,-288.827,284.385,-330.985,-383.5,96.583,-127.561,-140.588,1456.88,-1928.45,-2123.67
0.453507,-0.598869,-0.660067,284.808,-331.419,-384.032,441.86,-483.058,-575.631,96.583,-127.561,-140.588,1456.88,-1928.45,-2123.67
0.453507,-0.598869,-0.660067,442.395,-483.543,-576.265,609.096,-625.511,-768.45,96.583,-127.561,-140.588,1456.88,-1928.45,-2123.67
0.453507,-0.598869,-0.660067,609.653,-625.956,-769.076,771.238,-747.589,-946.631,96.583,-127.561,-140.588,1456.88,-1928.45,-2123.67
0.631482,0.268743,-0.727329,145.615,66.3039,-169.569,152.71,69.7615,-177.933,147.228,62.6421,-169.568,2225.07,943.639,-2561.43
0.631482,0.268743,-0.727329,154.382,70.579,-179.904,215.377,101.249,-252.255,147.228,62.6421,-169.568,2225.07,943.639,-2561.43
0.631482,0.268743,-0.727329,218.943,103.093,-256.509,291.748,141.975,-343.979,147.228,62.6421,-169.568,2225.07,943.639,-2561.43
0.631482,0.268743,-0.727329,295.466,144.026,-348.479,389.005,197.77,-462.802,147.228,62.6421,-169.568,2225.07,943.639,-2561.43
0.631482,0.268743,-0.727329,389.514,198.074,-463.43,573.131,316.417,-694.946,147.228,62.6421,-169.568,2225.07,943.639,-2561.43
0.631482,0.268743,-0.727329,573.716,316.823,-695.701,749.426,447.899,-927.978,147.228,62.6421,-169.568,2225.07,943.639,-2561.43
0.631482,0.268743,-0.727329,749.987,448.349,-928.739,871.001,550.273,-1096.33,147.228,62.6421,-169.568,2225.07,943.639,-2561.43
-0.397262,-0.682231,-0.613794,-77.5025,-139.976,-124.393,-113.13,-209.347,-184.964,-80.5225,-138.261,-124.397,-1218.47,-2087.28,-1879.09
-0.397262,-0.682231,-0.613794,-114.937,-212.964,-188.104,-150.963,-287.223,-252.211,-80.5225,-138.261,-124.397,-1218.47,-2087.28,-1879.09
-0.397262,-0.682231,-0.613794,-152.762,-291.045,-255.492,-197.192,-389.249,-339.218,-80.5225,-138.261,-124.397,-1218.47,-2087.28,-1879.09
-0.397262,-0.682231,-0.613794,-197.446,-389.833,-339.713,-278.524,-592.448,-509.214,-80.5225,-138.261,-124.397,-1218.47,-2087.28,-1879.09
-0.397262,-0.682231,-0.613794,-278.776,-593.137,-509.784,-347.888,-800.751,-679.722,-80.5225,-138.261,-124.397,-1218.47,-2087.28,-1879.09
-0.397262,-0.682231,-0.613794,-348.099,-801.452,-680.29,-400.847,-996.497,-837.228,-80.5225,-138.261,-124.397,-1218.47,-2087.28,-1879.09
0.0548468,-0.98894,-0.137804,11.618,-159.578,-22.2582,19.2647,-237.171,-33.1807,8.85082,-159.755,-22.2611,131.736,-2413.31,-336.267
0.0548468,-0.98894,-0.137804,19.6975,-241.197,-33.748,29.2774,-323.085,-45.299,8.85082,-159.755,-22.2611,131.736,-2413.31,-336.267
0.0548468,-0.98894,-0.137804,29.8163,-327.345,-45.9007,44.6329,-434.067,-61.0013,8.85082,-159.755,-22.2611,131.736,-2413.31,-336.267
0.0548468,-0.98894,-0.137804,44.7266,-434.688,-61.0894,82.3166,-649.436,-91.6484,8.85082,-159.755,-22.2611,131.736,-2413.31,-336.267
0.0548468,-0.98894,-0.137804,82.4638,-650.175,-91.7539,130.239,-863.328,-122.367,8.85082,-159.755,-22.2611,131.736,-2413.31,-336.267
0.0548468,-0.98894,-0.137804,130.406,-863.997,-122.463,183.339,-1058.34,-150.694,8.85082,-159.755,-22.2611,131.736,-2413.31,-336.267
0.807086,-0.419623,-0.415366,143.321,-71.1267,-73.0602,214.133,-103.837,-108.633,141.955,-73.8167,-73.0592,2143.32,-1116.94,-1103.6
0.807086,-0.419623,-0.415366,217.799,-105.488,-110.466,293.388,-138.603,-148.096,141.955,-73.8167,-73.0592,2143.32,-1116.94,-1103.6
0.807086,-0.419623,-0.415366,297.273,-140.258,-150.022,396.984,-181.198,-199.168,141.955,-73.8167,-73.0592,2143.32,-1116.94,-1103.6
0.807086,-0.419623,-0.415366,397.544,-181.42,-199.443,602.317,-256.43,-298.9,141.955,-73.8167,-73.0592,2143.32,-1116.94,-1103.6
0.807086,-0.419623,-0.415366,603.032,-256.671,-299.243,811.866,-321.188,-398.923,141.955,-73.8167,-73.0592,2143.32,-1116.94,-1103.6
0.807086,-0.419623,-0.415366,812.536,-321.377,-399.24,1007.86,-371.286,-491.191,141.955,-73.8167,-73.0592,2143.32,-1116.94,-1103.6
-0.83609,0.215119,0.504655,-155.713,36.7901,93.534,-232.05,52.4958,139.123,-154.951,39.8785,93.5282,-2340.06,604.571,1412.8
-0.83609,0.215119,0.504655,-236.062,53.2789,141.514,-317.214,68.1955,189.794,-154.951,39.8785,93.5282,-2340.06,604.571,1412.8
-0.83609,0.215119,0.504655,-321.394,68.9166,192.276,-427.861,85.7793,255.363,-154.951,39.8785,93.5282,-2340.06,604.571,1412.8
-0.83609,0.215119,0.504655,-428.464,85.8663,255.72,-645.136,111.262,383.373,-154.951,39.8785,93.5282,-2340.06,604.571,1412.8
-0.83609,0.215119,0.504655,-645.859,111.327,383.798,-864.115,124.939,511.739,-154.951,39.8785,93.5282,-2340.06,604.571,1412.8
-0.83609,0.215119,0.504655,-864.802,124.962,512.141,-1066.55,126.965,630.181,-154.951,39.8785,93.5282,-2340.06,604.571,1412.8
0.960864,0.148705,-0.233726,157.662,27.2536,-38.4573,234.132,42.5649,-57.2231,158.119,24.4614,-38.4615,2388.79,367.527,-580.985
0.960864,0.148705,-0.233726,238.078,43.3922,-58.1934,318.648,61.0855,-78.0432,158.119,24.4614,-38.4615,2388.79,367.527,-580.985
0.960864,0.148705,-0.233726,322.793,62.0373,-79.0666,427.469,87.4355,-104.993,158.119,24.4614,-38.4615,2388.79,367.527,-580.985
0.960864,0.148705,-0.233726,428.113,87.5999,-105.153,638.066,146.613,-157.649,158.119,24.4614,-38.4615,2388.79,367.527,-580.985
0.960864,0.148705,-0.233726,638.727,146.816,-157.815,845.923,215.975,-210.39,158.119,24.4614,-38.4615,2388.79,367.527,-580.985
0.960864,0.148705,-0.233726,846.608,216.222,-210.566,1034.52,288.773,-259.038,158.119,24.4614,-38.4615,2388.79,367.527,-580.985
0.762533,0.61182,-0.210285,123.025,102.298,-34.4169,181.674,153.634,-51.1562,124.801,100.123,-34.4152,1886.45,1510.87,-519.863
0.762533,0.61182,-0.210285,184.717,156.345,-52.0314,245.761,211.793,-69.7428,124.801,100.123,-34.4152,1886.45,1510.87,-519.863
0.762533,0.61182,-0.210285,248.896,214.696,-70.6605,327.036,288.834,-93.7946,124.801,100.123,-34.4152,1886.45,1510.87,-519.863
0.762533,0.61182,-0.210285,327.51,289.295,-93.9367,480.251,444.958,-140.783,124.801,100.123,-34.4152,1886.45,1510.87,-519.863
0.762533,0.61182,-0.210285,480.721,445.461,-140.931,626.057,608.514,-187.854,124.801,100.123,-34.4152,1886.45,1510.87,-519.863
0.762533,0.61182,-0.210285,626.526,609.067,-188.009,753.552,765.47,-231.292,124.801,100.123,-34.4152,1886.45,1510.87,-519.863
-0.345647,-0.782953,0.517216,-61.6895,-147.629,96.7044,-89.5959,-220.409,143.701,-64.6277,-146.367,96.6923,-978.32,-2210.04,1460.6
-0.345647,-0.782953,0.517216,-91.0171,-224.232,146.16,-118.916,-301.863,195.902,-64.6277,-146.367,96.6923,-978.32,-2210.04,1460.6
-0.345647,-0.782953,0.517216,-120.314,-305.889,198.472,-154.253,-408.149,263.454,-64.6277,-146.367,96.6923,-978.32,-2210.04,1460.6
-0.345647,-0.782953,0.517216,-154.452,-408.777,263.852,-214.669,-618.493,395.48,-64.6277,-146.367,96.6923,-978.32,-2210.04,1460.6
-0.345647,-0.782953,0.517216,-214.843,-619.169,395.9,-263.588,-832.299,527.815,-64.6277,-146.367,96.6923,-978.32,-2210.04,1460.6
-0.345647,-0.782953,0.517216,-263.734,-833.032,528.266,-298.304,-1031.85,650.032,-64.6277,-146.367,96.6923,-978.32,-2210.04,1460.6
-0.884641,0.247575,0.395115,-154.859,40.2324,68.8255,-230.855,57.82,102.352,-154.077,43.1302,68.8181,-2326.86,653.547,1039.54
-0.884641,0.247575,0.395115,-234.776,58.6882,104.078,-315.474,75.7062,139.523,-154.077,43.1302,68.8181,-2326.86,653.547,1039.54
-0.884641,0.247575,0.395115,-319.663,76.5456,141.359,-425.576,96.3413,187.663,-154.077,43.1302,68.8181,-2326.86,653.547,1039.54
-0.884641,0.247575,0.395115,-426.206,96.451,187.938,-642.008,128.369,281.678,-154.077,43.1302,68.8181,-2326.86,653.547,1039.54
-0.884641,0.247575,0.395115,-642.673,128.45,281.966,-860.204,149.37,375.86,-154.077,43.1302,68.8181,-2326.86,653.547,1039.54
-0.884641,0.247575,0.395115,-860.913,149.42,376.165,-1062.26,158.852,462.761,-154.077,43.1302,68.8181,-2326.86,653.547,1039.54
-0.730468,-0.546425,-0.409678,-126.298,-98.2288,-71.8585,-186.444,-147.789,-106.912,-128.126,-95.8318,-71.8552,-1936.7,-1445.89,-1085.42
-0.730468,-0.546425,-0.409678,-189.574,-150.419,-108.751,-252.166,-204.111,-145.832,-128.126,-95.8318,-71.8552,-1936.7,-1445.89,-1085.42
-0.730468,-0.546425,-0.409678,-255.387,-206.932,-147.758,-335.509,-278.969,-196.204,-128.126,-95.8318,-71.8552,-1936.7,-1445.89,-1085.42
-0.730468,-0.546425,-0.409678,-335.985,-279.408,-196.495,-492.451,-431.356,-294.569,-128.126,-95.8318,-71.8552,-1936.7,-1445.89,-1085.42
-0.730468,-0.546425,-0.409678,-492.96,-431.877,-294.896,-641.691,-591.964,-393.155,-128.126,-95.8318,-71.8552,-1936.7,-1445.89,-1085.42
-0.730468,-0.546425,-0.409678,-642.189,-592.529,-393.494,-771.956,-746.868,-484.155,-128.126,-95.8318,-71.8552,-1936.7,-1445.89,-1085.42
0.0361003,0.998868,-0.0309822,3.03906,159.971,-4.96238,2.51438,237.928,-7.5077,5.78795,159.895,-4.95953,89.3756,2415.25,-74.9168
0.0361003,0.998868,-0.0309822,2.4514,241.988,-7.64018,0.408122,324.434,-10.3343,5.78795,159.895,-4.95953,89.3756,2415.25,-74.9168
0.0361003,0.998868,-0.0309822,0.262769,328.7,-10.4738,-4.69779,436.296,-13.9948,5.78795,159.895,-4.95953,89.3756,2415.25,-74.9168
0.0361003,0.998868,-0.0309822,-4.73598,436.958,-14.0164,-22.396,654.314,-21.1411,5.78795,159.895,-4.95953,89.3756,2415.25,-74.9168
0.0361003,0.998868,-0.0309822,-22.4676,654.998,-21.1635,-50.3442,871.611,-28.2898,5.78795,159.895,-4.95953,89.3756,2415.25,-74.9168
0.0361003,0.998868,-0.0309822,-50.4532,872.326,-28.3134,-85.1364,1070.69,-34.8926,5.78795,159.895,-4.95953,89.3756,2415.25,-74.9168
-0.0796073,0.507434,0.858005,-43.6502,214.096,365.108,-44.2629,216.514,369.263,-24.7802,158.069,267.27,-370.579,2388.32,4037.28
-0.0796073,0.507434,0.858005,-46.0621,223.554,381.364,-48.5043,232.972,397.568,-24.7802,158.069,267.27,-370.579,2388.32,4037.28
-0.0796073,0.507434,0.858005,-49.529,236.877,404.293,-71.9331,316.389,541.888,-24.7802,158.069,267.27,-370.579,2388.32,4037.28
-0.0796073,0.507434,0.858005,-73.1585,320.455,548.961,-106.733,423.141,728.908,-24.7802,158.069,267.27,-370.579,2388.32,4037.28
-0.0796073,0.507434,0.858005,-106.931,423.698,729.892,-166.727,576.644,1003.43,-24.7802,158.069,267.27,-370.579,2388.32,4037.28
-0.0796073,0.507434,0.858005,-167.067,577.434,1004.86,-167.618,578.71,1007.17,-24.7802,158.069,267.27,-370.579,2388.32,4037.28
-0.115424,-0.964267,0.238467,-16.2152,-159.176,39.2899,-22.0585,-236.936,58.3445,-19.0258,-158.865,39.2881,-289.385,-2399.51,593.471
-0.115424,-0.964267,0.238467,-22.3249,-240.968,59.3317,-26.981,-323.315,79.4863,-19.0258,-158.865,39.2881,-289.385,-2399.51,593.471
-0.115424,-0.964267,0.238467,-27.181,-327.574,80.5281,-30.9068,-435.208,106.84,-19.0258,-158.865,39.2881,-289.385,-2399.51,593.471
-0.115424,-0.964267,0.238467,-30.9222,-435.888,107.006,-30.6187,-653.986,160.291,-19.0258,-158.865,39.2881,-289.385,-2399.51,593.471
-0.115424,-0.964267,0.238467,-30.6013,-654.669,160.457,-19.7853,-872.819,213.817,-19.0258,-158.865,39.2881,-289.385,-2399.51,593.471
-0.115424,-0.964267,0.238467,-19.7306,-873.561,213.999,-0.443094,-1074.14,263.232,-19.0258,-158.865,39.2881,-289.385,-2399.51,593.471
-0.95719,0.0493178,-0.285227,-159.909,5.38208,-47.6038,-237.853,5.97308,-70.776,-159.788,8.24235,-47.6142,-2413.59,126.533,-719.242
-0.95719,0.0493178,-0.285227,-241.926,5.96677,-71.9869,-324.409,5.04527,-96.5114,-159.788,8.24235,-47.6142,-2413.59,126.533,-719.242
-0.95719,0.0493178,-0.285227,-328.663,4.95667,-97.7762,-436.352,1.36932,-129.81,-159.788,8.24235,-47.6142,-2413.59,126.533,-719.242
-0.95719,0.0493178,-0.285227,-436.981,1.34078,-129.997,-654.486,-13.8637,-194.822,-159.788,8.24235,-47.6142,-2413.59,126.533,-719.242
-0.95719,0.0493178,-0.285227,-655.235,-13.9352,-195.046,-872.184,-39.8116,-259.999,-159.788,8.24235,-47.6142,-2413.59,126.533,-719.242
-0.95719,0.0493178,-0.285227,-872.871,-39.9107,-260.205,-1071.6,-73.1408,-320.066,-159.788,8.24235,-47.6142,-2413.59,126.533,-719.242
0.419429,-0.439818,-0.794128,127.933,-125.91,-234.591,131.956,-129.617,-241.738,110.411,-115.799,-209.067,1665.5,-1751.43,-3158.09
0.419429,-0.439818,-0.794128,135.112,-132.515,-247.336,171.325,-165.153,-311.029,110.411,-115.799,-209.067,1665.5,-1751.43,-3158.09
0.419429,-0.439818,-0.794128,174.349,-167.828,-316.304,237.016,-221.586,-424.186,110.411,-115.799,-209.067,1665.5,-1751.43,-3158.09
0.419429,-0.439818,-0.794128,240.278,-224.299,-429.73,324.657,-291.619,-570.65,110.411,-115.799,-209.067,1665.5,-1751.43,-3158.09
0.419429,-0.439818,-0.794128,325.122,-291.976,-571.415,503.62,-418.295,-856.901,110.411,-115.799,-209.067,1665.5,-1751.43,-3158.09
0.419429,-0.439818,-0.794128,504.215,-418.682,-857.827,627,-494.312,-1046.03,110.411,-115.799,-209.067,1665.5,-1751.43,-3158.09
-0.0998577,0.649763,-0.75355,-30.4213,167.002,-194.568,-45.2519,233.633,-272.782,-24.2903,158.145,-183.404,-363.995,2389.33,-2770.43
-0.0998577,0.649763,-0.75355,-46.1734,237.554,-277.398,-66.1906,317.65,-372.003,-24.2903,158.145,-183.404,-363.995,2389.33,-2770.43
-0.0998577,0.649763,-0.75355,-67.2747,321.742,-376.854,-96.7949,425.486,-500.46,-24.2903,158.145,-183.404,-363.995,2389.33,-2770.43
-0.0998577,0.649763,-0.75355,-96.9773,426.087,-501.18,-167.884,632.811,-751.628,-24.2903,158.145,-183.404,-363.995,2389.33,-2770.43
-0.0998577,0.649763,-0.75355,-168.13,633.451,-752.413,-253.927,835.344,-1003.87,-24.2903,158.145,-183.404,-363.995,2389.33,-2770.43
-0.0998577,0.649763,-0.75355,-254.226,835.982,-1004.68,-281.559,892.865,-1077.01,-24.2903,158.145,-183.404,-363.995,2389.33,-2770.43
-0.715203,0.678566,0.167431,-117.952,108.108,27.1961,-176.722,159.278,40.45,-116.065,110.132,27.1725,-1751.87,1665.04,410.458
-0.715203,0.678566,0.167431,-179.833,161.938,41.1461,-243.018,214.958,55.1734,-116.065,110.132,27.1725,-1751.87,1665.04,410.458
-0.715203,0.678566,0.167431,-246.305,217.663,55.8973,-330.331,285.137,74.2182,-116.065,110.132,27.1725,-1751.87,1665.04,410.458
-0.715203,0.678566,0.167431,-330.811,285.514,74.322,-505.546,415.921,111.391,-116.065,110.132,27.1725,-1751.87,1665.04,410.458
-0.715203,0.678566,0.167431,-506.145,416.347,111.516,-687.232,538.553,148.648,-116.065,110.132,27.1725,-1751.87,1665.04,410.458
-0.715203,0.678566,0.167431,-687.798,538.916,148.762,-859.747,643.871,183.008,-116.065,110.132,27.1725,-1751.87,1665.04,410.458
0.575572,0.383362,0.722323,130.924,91.9721,167.123,193.074,139.158,248.599,133.173,88.6846,167.118,2013.22,1337.29,2524.43
0.575572,0.383362,0.722323,196.234,141.62,252.782,260.683,193.245,339.003,133.173,88.6846,167.118,2013.22,1337.29,2524.43
0.575572,0.383362,0.722323,263.931,195.919,343.396,346.026,265.908,456.03,133.173,88.6846,167.118,2013.22,1337.29,2524.43
0.575572,0.383362,0.722323,346.468,266.298,456.645,505.312,416.247,684.721,133.173,88.6846,167.118,2013.22,1337.29,2524.43
0.575572,0.383362,0.722323,505.811,416.752,685.463,654.622,577.692,914.338,133.173,88.6846,167.118,2013.22,1337.29,2524.43
0.575572,0.383362,0.722323,655.09,578.234,915.086,767.154,715.509,1100.1,133.173,88.6846,167.118,2013.22,1337.29,2524.43
0.700479,0.688695,0.187162,112.121,114.144,30.4862,165.357,171.165,45.327,114.099,112.167,30.4845,1724.93,1692.94,460.488
0.700479,0.688695,0.187162,168.066,174.12,46.0896,223.277,235.467,61.7895,114.099,112.167,30.4845,1724.93,1692.94,460.488
0.700479,0.688695,0.187162,226.061,238.621,62.5898,296.356,320.218,83.0786,114.099,112.167,30.4845,1724.93,1692.94,460.488
0.700479,0.688695,0.187162,296.789,320.734,83.2067,433.15,490.911,124.689,114.099,112.167,30.4845,1724.93,1692.94,460.488
0.700479,0.688695,0.187162,433.574,491.468,124.822,561.873,668.217,166.391,114.099,112.167,30.4845,1724.93,1692.94,460.488
0.700479,0.688695,0.187162,562.291,668.824,166.531,673.045,837.021,204.938,114.099,112.167,30.4845,1724.93,1692.94,460.488
0.626025,0.0489345,-0.778266,178.442,19.4589,-222.494,236.304,28.1538,-295.01,159.515,12.4542,-198.305,2409.81,185.04,-2995.52
0.626025,0.0489345,-0.778266,240.281,28.7948,-300.002,321.602,43.1354,-402.343,159.515,12.4542,-198.305,2409.81,185.04,-2995.52
0.626025,0.0489345,-0.778266,325.751,43.9302,-407.578,431.305,66.2525,-541.276,159.515,12.4542,-198.305,2409.81,185.04,-2995.52
0.626025,0.0489345,-0.778266,431.91,66.3923,-542.046,642.954,123.478,-812.984,159.515,12.4542,-198.305,2409.81,185.04,-2995.52
0.626025,0.0489345,-0.778266,643.607,123.681,-813.832,829.257,188.331,-1057.45,159.515,12.4542,-198.305,2409.81,185.04,-2995.52
-0.531594,0.412317,-0.739867,-128.883,94.811,-176.013,-130.318,95.8111,-177.937,-126.42,98.0714,-175.962,-1907.88,1483.71,-2658.01
-0.531594,0.412317,-0.739867,-136.891,100.378,-186.738,-193.433,138.662,-261.827,-126.42,98.0714,-175.962,-1907.88,1483.71,-2658.01
-0.531594,0.412317,-0.739867,-196.774,140.868,-266.23,-266.263,185.405,-356.988,-126.42,98.0714,-175.962,-1907.88,1483.71,-2658.01
-0.531594,0.412317,-0.739867,-269.873,187.649,-361.662,-362.463,242.96,-480.259,-126.42,98.0714,-175.962,-1907.88,1483.71,-2658.01
-0.531594,0.412317,-0.739867,-363.006,243.272,-480.947,-556.18,345.422,-721.346,-126.42,98.0714,-175.962,-1907.88,1483.71,-2658.01
-0.531594,0.412317,-0.739867,-556.784,345.715,-722.085,-757.332,434.468,-963.414,-126.42,98.0714,-175.962,-1907.88,1483.71,-2658.01
-0.531594,0.412317,-0.739867,-757.967,434.722,-964.167,-860.524,473.789,-1084.9,-126.42,98.0714,-175.962,-1907.88,1483.71,-2658.01
-0.531594,0.412317,-0.739867,-871.58,475.939,-1087.54,-941.25,479.173,-1049.33,-126.42,98.0714,-175.962,-1907.88,1483.71,-2658.01
0.0681014,0.73178,0.67813,11.117,159.613,147.65,13.841,237.543,219.595,14.8383,159.31,147.632,226.778,2406.24,2230.07
0.0681014,0.73178,0.67813,13.9343,241.598,223.338,14.7954,324.143,299.494,14.8383,159.31,147.632,226.778,2406.24,2230.07
0.0681014,0.73178,0.67813,14.7861,328.367,303.391,12.7836,436.159,402.873,14.8383,159.31,147.632,226.778,2406.24,2230.07
0.0681014,0.73178,0.67813,12.7617,436.797,403.462,-1.69824,654.7,605.008,14.8383,159.31,147.632,226.778,2406.24,2230.07
0.0681014,0.73178,0.67813,-1.76527,655.381,605.639,-30.1975,872.59,807.815,14.8383,159.31,147.632,226.778,2406.24,2230.07
0.0681014,0.73178,0.67813,-30.3067,873.258,808.439,-68.8619,1071.92,995.192,14.8383,159.31,147.632,226.778,2406.24,2230.07
-0.219665,0.975492,0.0127378,-37.8144,155.467,2.03833,-58.1489,230.719,3.04797,-35.1403,156.093,2.03821,-528.919,2358.32,30.7885
-0.219665,0.975492,0.0127378,-59.2441,234.636,3.10081,-82.1883,313.858,4.17184,-35.1403,156.093,2.03821,-528.919,2358.32,30.7885
-0.219665,0.975492,0.0127378,-83.4117,317.941,4.2271,-115.569,420.746,5.62013,-35.1403,156.093,2.03821,-528.919,2358.32,30.7885
-0.219665,0.975492,0.0127378,-115.771,421.369,5.62857,-188.118,627.1,8.44526,-35.1403,156.093,2.03821,-528.919,2358.32,30.7885
-0.219665,0.975492,0.0127378,-188.357,627.733,8.45405,-270.405,830.142,11.287,-35.1403,156.093,2.03821,-528.919,2358.32,30.7885
-0.219665,0.975492,0.0127378,-270.689,830.798,11.2962,-354.687,1013.83,13.897,-35.1403,156.093,2.03821,-528.919,2358.32,30.7885
0.970977,-0.0727418,0.227844,159.738,-9.14808,37.4418,237.704,-11.4948,55.7479,159.552,-11.9624,37.4398,2409.99,-182.692,565.552
0.970977,-0.0727418,0.227844,241.723,-11.5795,56.6912,324.227,-12.5318,76.0521,159.552,-11.9624,37.4398,2409.99,-182.692,565.552
0.970977,-0.0727418,0.227844,328.461,-12.5402,77.0456,436.234,-11.4303,102.335,159.552,-11.9624,37.4398,2409.99,-182.692,565.552
0.970977,-0.0727418,0.227844,436.834,-11.4168,102.475,654.62,-1.34678,153.632,159.552,-11.9624,37.4398,2409.99,-182.692,565.552
0.970977,-0.0727418,0.227844,655.382,-1.29311,153.811,872.812,19.2764,205.051,159.552,-11.9624,37.4398,2409.99,-182.692,565.552
0.970977,-0.0727418,0.227844,873.569,19.3664,205.23,1073.03,47.5986,252.499,159.552,-11.9624,37.4398,2409.99,-182.692,565.552
0.0963133,0.715236,0.692215,17.587,159.03,153.481,23.4235,236.832,228.311,21.3653,158.567,153.465,325.408,2394.89,2318.18
0.0963133,0.715236,0.692215,23.6753,240.839,232.162,27.792,323.244,311.299,21.3653,158.567,153.465,325.408,2394.89,2318.18
0.0963133,0.715236,0.692215,27.9503,327.509,315.393,30.1638,435.34,418.85,21.3653,158.567,153.465,325.408,2394.89,2318.18
0.0963133,0.715236,0.692215,30.1666,435.941,419.427,24.0554,654.273,628.975,21.3653,158.567,153.465,325.408,2394.89,2318.18
0.0963133,0.715236,0.692215,24.0149,654.943,629.619,3.66326,873.065,839.776,21.3653,158.567,153.465,325.408,2394.89,2318.18
0.0963133,0.715236,0.692215,3.57355,873.776,840.463,-27.8111,1073.78,1034.65,21.3653,158.567,153.465,325.408,2394.89,2318.18
-0.193515,0.470288,-0.861035,-96.8815,206.669,-386.515,-100.938,214.307,-401.151,-60.8675,147.97,-270.901,-915.903,2236.63,-4092.13
-0.193515,0.470288,-0.861035,-103.352,218.82,-409.813,-143.643,290.927,-549.589,-60.8675,147.97,-270.901,-915.903,2236.63,-4092.13
-0.193515,0.470288,-0.861035,-145.785,294.602,-556.786,-202.367,386.632,-739.584,-60.8675,147.97,-270.901,-915.903,2236.63,-4092.13
-0.193515,0.470288,-0.861035,-202.69,387.132,-740.592,-291.268,514.735,-1003.44,-60.8675,147.97,-270.901,-915.903,2236.63,-4092.13
0.150743,0.404009,0.902249,83.0084,285.164,621.999,83.4113,287.062,626.059,55.9521,149.898,334.775,849.416,2262.72,5056.98
0.150743,0.404009,0.902249,85.8326,298.661,650.856,87.7486,308.083,670.977,55.9521,149.898,334.775,849.416,2262.72,5056.98
0.150743,0.404009,0.902249,89.3841,316.313,688.536,107.396,422.954,914.836,55.9521,149.898,334.775,849.416,2262.72,5056.98
0.150743,0.404009,0.902249,107.482,423.559,916.114,111.296,452.044,976.233,55.9521,149.898,334.775,849.416,2262.72,5056.98
-0.523417,0.657796,-0.541607,-102.152,123.146,-103.088,-153.746,181.674,-153.327,-99.6151,125.207,-103.086,-1502.94,1892.77,-1557.17
-0.523417,0.657796,-0.541607,-156.424,184.65,-155.905,-212.287,245.352,-209.028,-99.6151,125.207,-103.086,-1502.94,1892.77,-1557.17
-0.523417,0.657796,-0.541607,-215.207,248.454,-211.771,-290.156,325.876,-281.163,-99.6151,125.207,-103.086,-1502.94,1892.77,-1557.17
-0.523417,0.657796,-0.541607,-290.616,326.338,-281.583,-448.789,476.675,-422.112,-99.6151,125.207,-103.086,-1502.94,1892.77,-1557.17
-0.523417,0.657796,-0.541607,-449.3,477.134,-422.555,-615.962,618.724,-563.367,-99.6151,125.207,-103.086,-1502.94,1892.77,-1557.17
-0.523417,0.657796,-0.541607,-616.532,619.182,-563.837,-777.16,741.444,-693.801,-99.6151,125.207,-103.086,-1502.94,1892.77,-1557.17
0.914541,0.149425,-0.375882,157.405,28.6984,-64.9059,233.716,44.8171,-96.5769,157.908,25.7902,-64.9004,2385.63,387.505,-980.361
0.914541,0.149425,-0.375882,237.648,45.6863,-98.2125,318.018,64.3002,-131.716,157.908,25.7902,-64.9004,2385.63,387.505,-980.361
0.914541,0.149425,-0.375882,322.148,65.3005,-133.442,426.499,92.0056,-177.186,157.908,25.7902,-64.9004,2385.63,387.505,-980.361
0.914541,0.149425,-0.375882,427.15,92.1809,-177.46,636.261,154.209,-266.05,157.908,25.7902,-64.9004,2385.63,387.505,-980.361
0.914541,0.149425,-0.375882,636.93,154.426,-266.336,842.993,227.083,-355.065,157.908,25.7902,-64.9004,2385.63,387.505,-980.361
0.914541,0.149425,-0.375882,843.688,227.348,-355.367,1030.34,303.575,-437.247,157.908,25.7902,-64.9004,2385.63,387.505,-980.361
-0.764656,-0.588195,-0.263302,-125.079,-99.7756,-43.694,-184.727,-150.05,-65.01,-126.826,-97.546,-43.6692,-1917.01,-1471.89,-659.65
-0.764656,-0.588195,-0.263302,-187.771,-152.663,-66.1062,-249.833,-206.988,-88.6421,-126.826,-97.546,-43.6692,-1917.01,-1471.89,-659.65
-0.764656,-0.588195,-0.263302,-253.014,-209.827,-89.807,-332.522,-282.577,-119.247,-126.826,-97.546,-43.6692,-1917.01,-1471.89,-659.65
-0.764656,-0.588195,-0.263302,-332.968,-282.996,-119.414,-488.4,-435.928,-178.979,-126.826,-97.546,-43.6692,-1917.01,-1471.89,-659.65
-0.764656,-0.588195,-0.263302,-488.911,-436.456,-179.18,-637.04,-597.077,-238.869,-126.826,-97.546,-43.6692,-1917.01,-1471.89,-659.65
-0.764656,-0.588195,-0.263302,-637.486,-597.585,-239.054,-767.022,-751.927,-294.107,-126.826,-97.546,-43.6692,-1917.01,-1471.89,-659.65
0.364248,0.477243,0.799727,104.269,146.11,239.191,105.3,147.659,241.67,97.086,127.178,213.131,1469.12,1919.14,3219.48
0.364248,0.477243,0.799727,109.663,154.239,252.189,136.193,195.138,317.151,97.086,127.178,213.131,1469.12,1919.14,3219.48
0.364248,0.477243,0.799727,138.359,198.547,322.532,181.562,268.921,432.569,97.086,127.178,213.131,1469.12,1919.14,3219.48
0.364248,0.477243,0.799727,183.721,272.563,438.21,236.894,366.505,582.057,97.086,127.178,213.131,1469.12,1919.14,3219.48
0.364248,0.477243,0.799727,237.173,367.02,582.837,333.611,563.3,874.3,97.086,127.178,213.131,1469.12,1919.14,3219.48
0.364248,0.477243,0.799727,333.899,563.949,875.245,382.14,679.596,1042.2,97.086,127.178,213.131,1469.12,1919.14,3219.48
-0.598169,-0.479738,-0.641908,-122.555,-102.861,-133.956,-180.629,-154.953,-199.209,-124.824,-100.095,-133.943,-1887.13,-1510.02,-2023.3
-0.598169,-0.479738,-0.641908,-183.588,-157.669,-202.568,-243.708,-214.206,-271.608,-124.824,-100.095,-133.943,-1887.13,-1510.02,-2023.3
-0.598169,-0.479738,-0.641908,-246.761,-217.147,-275.154,-323.231,-293.152,-365.351,-124.824,-100.095,-133.943,-1887.13,-1510.02,-2023.3
-0.598169,-0.479738,-0.641908,-323.662,-293.594,-365.867,-471.294,-454.365,-548.469,-124.824,-100.095,-133.943,-1887.13,-1510.02,-2023.3
-0.598169,-0.479738,-0.641908,-471.776,-454.923,-549.086,-609.682,-624.923,-732.237,-124.824,-100.095,-133.943,-1887.13,-1510.02,-2023.3
-0.598169,-0.479738,-0.641908,-610.121,-625.5,-732.843,-727.969,-789.777,-902.048,-124.824,-100.095,-133.943,-1887.13,-1510.02,-2023.3
-0.90224,-0.350352,-0.251431,-148.104,-60.5417,-41.5726,-219.464,-91.8915,-61.8342,-149.153,-57.9081,-41.5641,-2253.78,-872.863,-627.852
-0.90224,-0.350352,-0.251431,-223.181,-93.5648,-62.8938,-298.102,-128.162,-84.3475,-149.153,-57.9081,-41.5641,-2253.78,-872.863,-627.852
-0.90224,-0.350352,-0.251431,-301.914,-129.967,-85.4441,-398.703,-177.267,-113.453,-149.153,-57.9081,-41.5641,-2253.78,-872.863,-627.852
-0.90224,-0.350352,-0.251431,-399.283,-177.559,-113.622,-591.653,-280.342,-170.33,-149.153,-57.9081,-41.5641,-2253.78,-872.863,-627.852
-0.90224,-0.350352,-0.251431,-592.241,-280.674,-170.506,-779.722,-392.799,-227.298,-149.153,-57.9081,-41.5641,-2253.78,-872.863,-627.852
-0.90224,-0.350352,-0.251431,-780.325,-393.18,-227.484,-948.222,-504.497,-279.847,-149.153,-57.9081,-41.5641,-2253.78,-872.863,-627.852
-0.644097,0.156836,-0.748694,-165.964,35.6493,-191.705,-233.22,47.4029,-268.804,-155.454,37.867,-180.703,-2347.54,574.855,-2729.63
-0.644097,0.156836,-0.748694,-237.182,48.0475,-273.337,-318.828,60.1642,-366.553,-155.454,37.867,-180.703,-2347.54,574.855,-2729.63
-0.644097,0.156836,-0.748694,-323.041,60.7296,-371.354,-430.199,73.1416,-493.193,-155.454,37.867,-180.703,-2347.54,574.855,-2729.63
-0.644097,0.156836,-0.748694,-430.809,73.2015,-493.885,-648.932,86.8364,-740.764,-155.454,37.867,-180.703,-2347.54,574.855,-2729.63
-0.644097,0.156836,-0.748694,-649.603,86.8545,-741.522,-868.958,84.9853,-989.33,-155.454,37.867,-180.703,-2347.54,574.855,-2729.63
-0.644097,0.156836,-0.748694,-869.644,84.9551,-990.105,-949.894,80.3675,-1080.9,-155.454,37.867,-180.703,-2347.54,574.855,-2729.63
-0.82183,-0.553418,0.135368,-131.152,-91.6476,21.8611,-193.869,-137.91,32.463,-132.719,-89.3619,21.86,-2005.91,-1348.24,330.209
-0.82183,-0.553418,0.135368,-197.134,-140.364,33.0187,-262.587,-190.509,44.234,-132.719,-89.3619,21.86,-2005.91,-1348.24,330.209
-0.82183,-0.553418,0.135368,-265.966,-193.148,44.8171,-350.075,-260.505,59.4706,-132.719,-89.3619,21.86,-2005.91,-1348.24,330.209
-0.82183,-0.553418,0.135368,-350.553,-260.897,59.5546,-515.799,-403.123,89.1908,-132.719,-89.3619,21.86,-2005.91,-1348.24,330.209
-0.82183,-0.553418,0.135368,-516.35,-403.621,89.2918,-675.013,-553.781,118.981,-132.719,-89.3619,21.86,-2005.91,-1348.24,330.209
-0.82183,-0.553418,0.135368,-675.495,-554.259,119.073,-815.364,-699.217,146.444,-132.719,-89.3619,21.86,-2005.91,-1348.24,330.209
-0.191863,-0.945763,-0.262148,-29.0268,-157.345,-43.4663,-41.2007,-234.399,-64.6997,-31.8198,-156.804,-43.4637,-482.633,-2368.22,-656.546
-0.191863,-0.945763,-0.262148,-41.7902,-238.364,-65.7909,-53.138,-320.062,-88.2405,-31.8198,-156.804,-43.4637,-482.633,-2368.22,-656.546
-0.191863,-0.945763,-0.262148,-53.6834,-324.287,-89.3997,-66.1524,-431.334,-118.726,-31.8198,-156.804,-43.4637,-482.633,-2368.22,-656.546
-0.191863,-0.945763,-0.262148,-66.2153,-431.937,-118.891,-83.5811,-649.299,-178.217,-31.8198,-156.804,-43.4637,-482.633,-2368.22,-656.546
-0.191863,-0.945763,-0.262148,-83.6215,-650.027,-178.415,-90.438,-868.345,-237.826,-31.8198,-156.804,-43.4637,-482.633,-2368.22,-656.546
-0.191863,-0.945763,-0.262148,-90.4432,-869.09,-238.029,-87.3225,-1070.56,-292.832,-31.8198,-156.804,-43.4637,-482.633,-2368.22,-656.546
-0.134973,-0.990327,0.032173,-18.8896,-158.881,5.14952,-26.231,-236.492,7.5951,-21.6158,-158.533,5.15034,-328.449,-2394.48,77.7991
-0.134973,-0.990327,0.032173,-26.5779,-240.536,7.72247,-32.8607,-322.767,10.3094,-21.6158,-158.533,5.15034,-328.449,-2394.48,77.7991
-0.134973,-0.990327,0.032173,-33.1463,-327.024,10.4431,-39.0721,-434.57,13.8246,-21.6158,-158.533,5.15034,-328.449,-2394.48,77.7991
-0.134973,-0.990327,0.032173,-39.1004,-435.231,13.8454,-43.4834,-653.253,20.7168,-21.6158,-158.533,5.15034,-328.449,-2394.48,77.7991
-0.134973,-0.990327,0.032173,-43.4807,-653.939,20.7384,-37.6621,-872.253,27.6122,-21.6158,-158.533,5.15034,-328.449,-2394.48,77.7991
-0.134973,-0.990327,0.032173,-37.6252,-872.973,27.6349,-23.1987,-1073.82,33.9534,-21.6158,-158.533,5.15034,-328.449,-2394.48,77.7991
0.130457,-0.917798,-0.375004,25.4365,-157.965,-64.7313,39.9797,-234.6,-96.2323,22.5066,-158.409,-64.724,337.898,-2393.16,-977.697
0.130457,-0.917798,-0.375004,40.7663,-238.542,-97.8553,57.7219,-319.292,-131.176,22.5066,-158.409,-64.724,337.898,-2393.16,-977.697
0.130457,-0.917798,-0.375004,58.6335,-323.428,-132.886,83.1682,-428.325,-176.388,22.5066,-158.409,-64.724,337.898,-2393.16,-977.697
0.130457,-0.917798,-0.375004,83.3265,-428.965,-176.654,140.98,-639.337,-264.74,22.5066,-158.409,-64.724,337.898,-2393.16,-977.697
0.130457,-0.917798,-0.375004,141.18,-639.997,-265.018,209.493,-847.551,-353.247,22.5066,-158.409,-64.724,337.898,-2393.16,-977.697
0.130457,-0.917798,-0.375004,209.739,-848.238,-353.542,282.002,-1036.47,-434.948,22.5066,-158.409,-64.724,337.898,-2393.16,-977.697
-0.93141,0.338343,0.134159,-151.305,52.0265,21.6539,-225.656,75.5247,32.1928,-150.382,54.6374,21.6613,-2270.94,827.177,327.207
-0.93141,0.338343,0.134159,-229.521,76.7086,32.7386,-308.582,100.12,43.8681,-150.382,54.6374,21.6613,-2270.94,827.177,327.207
-0.93141,0.338343,0.134159,-312.702,101.298,44.4462,-416.658,129.668,58.9904,-150.382,54.6374,21.6613,-2270.94,827.177,327.207
-0.93141,0.338343,0.134159,-417.253,129.823,59.0735,-629.479,179.769,88.5139,-150.382,54.6374,21.6613,-2270.94,827.177,327.207
-0.93141,0.338343,0.134159,-630.203,179.921,88.6139,-844.97,219.875,118.115,-150.382,54.6374,21.6613,-2270.94,827.177,327.207
-0.93141,0.338343,0.134159,-845.639,219.983,118.206,-1045.09,247.778,145.401,-150.382,54.6374,21.6613,-2270.94,827.177,327.207
-0.50072,-0.0891307,0.861008,-222.548,-50.7013,386.576,-230.824,-53.0253,401.126,-157.527,-28.0224,270.868,-2380.21,-419.529,4091.64
-0.50072,-0.0891307,0.861008,-235.798,-54.4375,409.877,-314.822,-78.4619,549.686,-157.527,-28.0224,270.868,-2380.21,-419.529,4091.64
-0.50072,-0.0891307,0.861008,-318.873,-79.7741,556.893,-420.822,-115.483,739.787,-157.527,-28.0224,270.868,-2380.21,-419.529,4091.64
-0.50072,-0.0891307,0.861008,-421.389,-115.697,740.813,-564.675,-175.015,1003.38,-157.527,-28.0224,270.868,-2380.21,-419.529,4091.64
0.126024,0.746365,0.653496,23.0717,158.328,138.153,31.748,235.799,205.562,26.6509,157.765,138.136,405.112,2382.71,2086.63
0.126024,0.746365,0.653496,32.1546,239.854,209.086,39.3804,322.029,280.419,26.6509,157.765,138.136,405.112,2382.71,2086.63
0.126024,0.746365,0.653496,39.7027,326.293,284.117,46.1213,433.901,377.329,26.6509,157.765,138.136,405.112,2382.71,2086.63
0.126024,0.746365,0.653496,46.1494,434.54,377.882,49.0554,652.875,566.692,26.6509,157.765,138.136,405.112,2382.71,2086.63
0.126024,0.746365,0.653496,49.0436,653.546,567.271,38.4122,872.2,756.534,26.6509,157.765,138.136,405.112,2382.71,2086.63
0.126024,0.746365,0.653496,38.3528,872.941,757.177,16.4728,1074.02,932.094,26.6509,157.765,138.136,405.112,2382.71,2086.63
-0.804553,-0.529349,-0.269231,-132.081,-90.3024,-44.7215,-195.288,-135.996,-66.4808,-133.669,-87.9351,-44.7285,-2020.26,-1326.63,-675.653
-0.804553,-0.529349,-0.269231,-198.529,-138.384,-67.6039,-264.442,-187.932,-90.6062,-133.669,-87.9351,-44.7285,-2020.26,-1326.63,-675.653
-0.804553,-0.529349,-0.269231,-267.841,-190.539,-91.8012,-352.509,-257.167,-121.859,-133.669,-87.9351,-44.7285,-2020.26,-1326.63,-675.653
-0.804553,-0.529349,-0.269231,-353.006,-257.567,-122.037,-519.333,-398.528,-182.878,-133.669,-87.9351,-44.7285,-2020.26,-1326.63,-675.653
-0.804553,-0.529349,-0.269231,-519.902,-399.035,-183.091,-679.503,-548.224,-244.067,-133.669,-87.9351,-44.7285,-2020.26,-1326.63,-675.653
-0.804553,-0.529349,-0.269231,-680.005,-548.717,-244.263,-820.613,-693.073,-300.491,-133.669,-87.9351,-44.7285,-2020.26,-1326.63,-675.653
-0.713185,-0.0727138,0.697195,-158.743,-20.0172,155.626,-235.761,-32.5118,231.529,-159.176,-16.2162,155.606,-2404.73,-242.256,2350.53
-0.713185,-0.0727138,0.697195,-239.712,-33.2023,235.43,-320.857,-48.4671,315.759,-159.176,-16.2162,155.606,-2404.73,-242.256,2350.53
-0.713185,-0.0727138,0.697195,-324.982,-49.2984,319.853,-430.29,-72.3609,424.742,-159.176,-16.2162,155.606,-2404.73,-242.256,2350.53
-0.713185,-0.0727138,0.697195,-430.925,-72.5108,425.376,-641.717,-129.608,637.888,-159.176,-16.2162,155.606,-2404.73,-242.256,2350.53
-0.713185,-0.0727138,0.697195,-642.398,-129.817,638.58,-849.675,-200.815,851.815,-159.176,-16.2162,155.606,-2404.73,-242.256,2350.53
-0.713185,-0.0727138,0.697195,-850.335,-201.065,852.502,-1037.35,-278.637,1049.67,-159.176,-16.2162,155.606,-2404.73,-242.256,2350.53
0.619345,-0.610228,0.493997,116.157,-110.034,90.9122,174.302,-162.04,135.161,113.966,-112.303,90.9061,1719.95,-1697.99,1373.19
0.619345,-0.610228,0.493997,177.321,-164.686,137.438,239.96,-218.421,184.252,113.966,-112.303,90.9061,1719.95,-1697.99,1373.19
0.619345,-0.610228,0.493997,243.193,-221.135,186.647,326.663,-289.286,247.785,113.966,-112.303,90.9061,1719.95,-1697.99,1373.19
0.619345,-0.610228,0.493997,327.166,-289.684,248.149,501.591,-420.777,371.959,113.966,-112.303,90.9061,1719.95,-1697.99,1373.19
0.619345,-0.610228,0.493997,502.141,-421.168,372.342,683.736,-542.91,496.388,113.966,-112.303,90.9061,1719.95,-1697.99,1373.19
0.619345,-0.610228,0.493997,684.345,-543.295,496.797,857.551,-646.817,611.293,113.966,-112.303,90.9061,1719.95,-1697.99,1373.19
0.473542,-0.572682,-0.669174,104.761,-120.934,-144.095,157.753,-178.181,-214.342,101.95,-123.313,-144.081,1538,-1864.39,-2176.44
0.473542,-0.572682,-0.669174,160.52,-181.1,-217.964,218.051,-240.3,-292.295,101.95,-123.313,-144.081,1538,-1864.39,-2176.44
0.473542,-0.572682,-0.669174,221.029,-243.289,-296.095,298.326,-318.407,-393.145,101.95,-123.313,-144.081,1538,-1864.39,-2176.44
0.473542,-0.572682,-0.669174,298.805,-318.858,-393.737,462.371,-463.491,-590.325,101.95,-123.313,-144.081,1538,-1864.39,-2176.44
0.473542,-0.572682,-0.669174,462.912,-463.94,-590.957,635.763,-598.377,-788.165,101.95,-123.313,-144.081,1538,-1864.39,-2176.44
0.473542,-0.572682,-0.669174,636.345,-598.801,-788.813,803.278,-713.072,-971.042,101.95,-123.313,-144.081,1538,-1864.39,-2176.44
-0.112036,0.927744,0.356004,-22.0943,158.467,60.9461,-34.9736,235.378,90.7284,-19.1729,158.847,60.9541,-287.551,2399.73,920.749
-0.112036,0.927744,0.356004,-35.6781,239.356,92.2713,-50.8745,320.46,123.789,-19.1729,158.847,60.9541,-287.551,2399.73,920.749
-0.112036,0.927744,0.356004,-51.6947,324.61,125.405,-73.9491,430.053,166.569,-19.1729,158.847,60.9541,-287.551,2399.73,920.749
-0.112036,0.927744,0.356004,-74.0846,430.658,166.806,-127.084,642.238,250.134,-19.1729,158.847,60.9541,-287.551,2399.73,920.749
-0.112036,0.927744,0.356004,-127.27,642.907,250.399,-190.928,851.966,333.886,-19.1729,158.847,60.9541,-287.551,2399.73,920.749
-0.112036,0.927744,0.356004,-191.146,852.62,334.149,-259.112,1042.37,411.153,-19.1729,158.847,60.9541,-287.551,2399.73,920.749
0.774464,-0.0373222,-0.631516,159.946,-4.1738,-130.328,237.908,-3.67388,-193.841,159.814,-7.71338,-130.317,2413.97,-119.021,-1968.51
0.774464,-0.0373222,-0.631516,241.973,-3.60188,-197.153,324.459,-1.1505,-264.371,159.814,-7.71338,-130.317,2413.97,-119.021,-1968.51
0.774464,-0.0373222,-0.631516,328.699,-0.973616,-267.827,436.299,5.1816,-355.61,159.814,-7.71338,-130.317,2413.97,-119.021,-1968.51
0.774464,-0.0373222,-0.631516,436.952,5.22936,-356.143,654.11,27.5347,-533.989,159.814,-7.71338,-130.317,2413.97,-119.021,-1968.51
0.774464,-0.0373222,-0.631516,654.801,27.6268,-534.557,870.824,63.0932,-712.912,159.814,-7.71338,-130.317,2413.97,-119.021,-1968.51
0.774464,-0.0373222,-0.631516,871.493,63.2239,-713.467,1068.75,107.524,-878.209,159.814,-7.71338,-130.317,2413.97,-119.021,-1968.51
0.799221,0.183859,-0.572225,155.146,39.1118,-111.653,230.086,60.5571,-166.058,155.93,35.8598,-111.641,2355.95,539.373,-1686.4
0.799221,0.183859,-0.572225,233.997,61.7213,-168.906,312.786,86.1484,-226.48,155.93,35.8598,-111.641,2355.95,539.373,-1686.4
0.799221,0.183859,-0.572225,316.851,87.4596,-229.461,418.968,122.039,-304.712,155.93,35.8598,-111.641,2355.95,539.373,-1686.4
0.799221,0.183859,-0.572225,419.537,122.241,-305.133,623.054,200.961,-457.451,155.93,35.8598,-111.641,2355.95,539.373,-1686.4
0.799221,0.183859,-0.572225,623.722,201.242,-457.956,822.905,291.689,-610.661,155.93,35.8598,-111.641,2355.95,539.373,-1686.4
0.799221,0.183859,-0.572225,823.548,292.004,-611.161,1002.6,385.471,-752.101,155.93,35.8598,-111.641,2355.95,539.373,-1686.4
0.309191,0.950369,-0.0346407,46.8705,152.981,-5.56112,67.6857,228.112,-8.0685,49.5089,152.148,-5.54585,749.714,2297.68,-83.7735
0.309191,0.950369,-0.0346407,68.7353,232.033,-8.19897,89.3209,311.897,-10.8495,49.5089,152.148,-5.54585,749.714,2297.68,-83.7735
0.309191,0.950369,-0.0346407,90.3478,316.04,-10.9867,115.015,420.89,-14.4471,49.5089,152.148,-5.54585,749.714,2297.68,-83.7735
0.309191,0.950369,-0.0346407,115.159,421.536,-14.4684,157.639,635.436,-21.4808,49.5089,152.148,-5.54585,749.714,2297.68,-83.7735
0.309191,0.950369,-0.0346407,157.757,636.113,-21.5029,190.238,852.086,-28.5257,49.5089,152.148,-5.54585,749.714,2297.68,-83.7735
0.309191,0.950369,-0.0346407,190.329,852.803,-28.5489,211.296,1053.08,-35.0236,49.5089,152.148,-5.54585,749.714,2297.68,-83.7735
-0.801034,-0.100419,0.590136,-158.299,-23.2686,116.986,-235.023,-37.1136,173.942,-158.759,-19.8909,116.959,-2398.45,-298.073,1766.75
-0.801034,-0.100419,0.590136,-239.017,-37.8792,176.913,-319.881,-54.3441,237.197,-158.759,-19.8909,116.959,-2398.45,-298.073,1766.75
-0.801034,-0.100419,0.590136,-324.025,-55.2375,240.294,-429.041,-79.5128,319.04,-158.759,-19.8909,116.959,-2398.45,-298.073,1766.75
-0.801034,-0.100419,0.590136,-429.66,-79.6653,319.506,-640.002,-137.999,478.973,-158.759,-19.8909,116.959,-2398.45,-298.073,1766.75
-0.801034,-0.100419,0.590136,-640.647,-138.198,479.466,-847.699,-208.807,639.298,-158.759,-19.8909,116.959,-2398.45,-298.073,1766.75
-0.801034,-0.100419,0.590136,-848.403,-209.07,639.847,-1035.64,-284.866,787.441,-158.759,-19.8909,116.959,-2398.45,-298.073,1766.75
-0.557248,0.468508,-0.685547,-124.853,100.059,-150.678,-187.353,146.66,-224.056,-122.459,102.974,-150.664,-1848.1,1557.54,-2275.87
-0.557248,0.468508,-0.685547,-190.648,149.055,-227.89,-258.042,196.756,-305.611,-122.459,102.974,-150.664,-1848.1,1557.54,-2275.87
-0.557248,0.468508,-0.685547,-261.507,199.142,-309.572,-351.328,258.862,-411.118,-122.459,102.974,-150.664,-1848.1,1557.54,-2275.87
-0.557248,0.468508,-0.685547,-351.824,259.18,-411.673,-539.235,371.221,-617.38,-122.459,102.974,-150.664,-1848.1,1557.54,-2275.87
-0.557248,0.468508,-0.685547,-539.871,371.574,-618.065,-734.742,471.621,-824.501,-122.459,102.974,-150.664,-1848.1,1557.54,-2275.87
-0.557248,0.468508,-0.685547,-735.382,471.923,-825.167,-920.811,553.013,-1015.88,-122.459,102.974,-150.664,-1848.1,1557.54,-2275.87
0.768577,0.224046,0.599244,152.612,48.0594,119.768,226.198,73.7945,178.145,153.61,44.7666,119.764,2321.05,673.894,1809.11
0.768577,0.224046,0.599244,230.026,75.1804,181.194,307.252,104.152,242.963,153.61,44.7666,119.764,2321.05,673.894,1809.11
0.768577,0.224046,0.599244,311.241,105.701,246.167,411.12,146.227,326.89,153.61,44.7666,119.764,2321.05,673.894,1809.11
0.768577,0.224046,0.599244,411.703,146.475,327.365,610.149,237.302,490.808,153.61,44.7666,119.764,2321.05,673.894,1809.11
0.768577,0.224046,0.599244,610.79,237.619,491.343,804.084,340.129,655.157,153.61,44.7666,119.764,2321.05,673.894,1809.11
0.768577,0.224046,0.599244,804.714,340.488,655.7,977.555,445.08,806.934,153.61,44.7666,119.764,2321.05,673.894,1809.11
0.68539,-0.651168,-0.325914,117.973,-108.085,-55.1618,176.883,-159.22,-81.9441,115.989,-110.211,-55.158,1750.67,-1666.3,-833.196
0.68539,-0.651168,-0.325914,179.938,-161.822,-83.322,243.259,-214.7,-111.653,115.989,-110.211,-55.158,1750.67,-1666.3,-833.196
0.68539,-0.651168,-0.325914,246.546,-217.391,-113.112,330.824,-284.605,-150.128,115.989,-110.211,-55.158,1750.67,-1666.3,-833.196
0.68539,-0.651168,-0.325914,331.286,-284.963,-150.328,506.703,-414.555,-225.211,115.989,-110.211,-55.158,1750.67,-1666.3,-833.196
0.68539,-0.651168,-0.325914,507.282,-414.961,-225.454,689.203,-535.909,-300.46,115.989,-110.211,-55.158,1750.67,-1666.3,-833.196
0.68539,-0.651168,-0.325914,689.835,-536.307,-300.717,862.831,-639.753,-369.921,115.989,-110.211,-55.158,1750.67,-1666.3,-833.196
-0.955375,-0.166155,-0.244236,-157.125,-30.1935,-40.2988,-233.27,-46.9342,-59.9231,-157.635,-27.4058,-40.2982,-2381.52,-412.005,-608.73
-0.955375,-0.166155,-0.244236,-237.224,-47.8412,-60.9442,-317.413,-67.0406,-81.6971,-157.635,-27.4058,-40.2982,-2381.52,-412.005,-608.73
-0.955375,-0.166155,-0.244236,-321.573,-68.0788,-82.7762,-425.799,-95.4698,-109.894,-157.635,-27.4058,-40.2982,-2381.52,-412.005,-608.73
-0.955375,-0.166155,-0.244236,-426.39,-95.6328,-110.049,-635.132,-158.658,-164.903,-157.635,-27.4058,-40.2982,-2381.52,-412.005,-608.73
-0.955375,-0.166155,-0.244236,-635.832,-158.888,-165.088,-841.702,-232.076,-220.027,-157.635,-27.4058,-40.2982,-2381.52,-412.005,-608.73
-0.955375,-0.166155,-0.244236,-842.334,-232.318,-220.197,-1028.84,-308.55,-270.848,-157.635,-27.4058,-40.2982,-2381.52,-412.005,-608.73
0.79578,-0.422328,-0.434021,142.729,-72.308,-77.0779,213.279,-105.563,-114.701,141.325,-75.0142,-77.0819,2133.8,-1135.04,-1164.37
0.79578,-0.422328,-0.434021,216.939,-107.245,-116.644,292.233,-140.907,-156.431,141.325,-75.0142,-77.0819,2133.8,-1135.04,-1164.37
0.79578,-0.422328,-0.434021,296.152,-142.611,-158.493,395.541,-184.254,-210.474,141.325,-75.0142,-77.0819,2133.8,-1135.04,-1164.37
0.79578,-0.422328,-0.434021,396.128,-184.491,-210.779,600.398,-260.89,-315.981,141.325,-75.0142,-77.0819,2133.8,-1135.04,-1164.37
0.79578,-0.422328,-0.434021,601.112,-261.136,-316.345,809.547,-326.957,-421.786,141.325,-75.0142,-77.0819,2133.8,-1135.04,-1164.37
0.79578,-0.422328,-0.434021,810.228,-327.152,-422.127,1005.29,-378.172,-519.39,141.325,-75.0142,-77.0819,2133.8,-1135.04,-1164.37
-0.0943852,-0.869081,0.485582,-14.159,-159.372,88.8805,-18.7811,-237.209,132.161,-17.2854,-159.064,88.8742,-263.318,-2402.51,1342.5
-0.0943852,-0.869081,0.485582,-18.9809,-241.254,134.41,-22.1772,-323.707,180.216,-17.2854,-159.064,88.8742,-263.318,-2402.51,1342.5
-0.0943852,-0.869081,0.485582,-22.2963,-327.943,182.568,-23.8475,-435.696,242.403,-17.2854,-159.064,88.8742,-263.318,-2402.51,1342.5
-0.0943852,-0.869081,0.485582,-23.8482,-436.332,242.756,-18.2565,-654.462,363.921,-17.2854,-159.064,88.8742,-263.318,-2402.51,1342.5
-0.0943852,-0.869081,0.485582,-18.2214,-655.13,364.293,-0.913721,-873.071,485.707,-17.2854,-159.064,88.8742,-263.318,-2402.51,1342.5
-0.0943852,-0.869081,0.485582,-0.837942,-873.783,486.105,25.4745,-1073.84,598.191,-17.2854,-159.064,88.8742,-263.318,-2402.51,1342.5
0.227617,0.867322,0.442655,37.6526,155.507,78.9806,53.7793,231.772,117.469,40.6244,154.757,78.9846,615.755,2337.15,1193.11
0.227617,0.867322,0.442655,54.5826,235.764,119.48,70.0239,316.812,160.223,40.6244,154.757,78.9846,615.755,2337.15,1193.11
0.227617,0.867322,0.442655,70.7751,320.99,162.32,88.4292,427.304,215.55,40.6244,154.757,78.9846,615.755,2337.15,1193.11
0.227617,0.867322,0.442655,88.5237,427.923,215.859,115.82,644.313,323.585,40.6244,154.757,78.9846,615.755,2337.15,1193.11
0.227617,0.867322,0.442655,115.894,645.055,323.953,131.855,863.073,431.903,40.6244,154.757,78.9846,615.755,2337.15,1193.11
0.227617,0.867322,0.442655,131.888,863.772,432.249,136.488,1065.37,531.823,40.6244,154.757,78.9846,615.755,2337.15,1193.11
0.701705,0.275913,0.656873,147.539,61.9057,139.4,218.395,94.5238,207.333,148.907,58.5379,139.389,2250.28,881.849,2105.56
0.701705,0.275913,0.656873,222.035,96.252,210.842,296.153,132.546,282.713,148.907,58.5379,139.389,2250.28,881.849,2105.56
0.701705,0.275913,0.656873,299.941,134.459,286.408,395.39,184.585,380.296,148.907,58.5379,139.389,2250.28,881.849,2105.56
0.701705,0.275913,0.656873,395.944,184.887,380.845,584.3,295.223,570.986,148.907,58.5379,139.389,2250.28,881.849,2105.56
0.701705,0.275913,0.656873,584.926,295.617,571.63,766.595,417.815,762.345,148.907,58.5379,139.389,2250.28,881.849,2105.56
0.701705,0.275913,0.656873,767.185,418.239,762.978,927.917,540.959,939.133,148.907,58.5379,139.389,2250.28,881.849,2105.56
-0.375053,-0.901707,-0.215082,-58.8455,-148.786,-35.2423,-85.6213,-221.975,-52.375,-61.4551,-147.727,-35.2379,-930.157,-2230.74,-532.29
-0.375053,-0.901707,-0.215082,-86.9904,-225.824,-53.2731,-113.879,-303.771,-71.408,-61.4551,-147.727,-35.2379,-930.157,-2230.74,-532.29
-0.375053,-0.901707,-0.215082,-115.239,-307.837,-72.3511,-148.133,-410.387,-96.0352,-61.4551,-147.727,-35.2379,-930.157,-2230.74,-532.29
-0.375053,-0.901707,-0.215082,-148.333,-411.037,-96.1849,-207.464,-620.936,-144.15,-61.4551,-147.727,-35.2379,-930.157,-2230.74,-532.29
-0.375053,-0.901707,-0.215082,-207.639,-621.621,-144.306,-256.71,-834.448,-192.341,-61.4551,-147.727,-35.2379,-930.157,-2230.74,-532.29
-0.375053,-0.901707,-0.215082,-256.86,-835.177,-192.504,-293.021,-1033.41,-236.818,-61.4551,-147.727,-35.2379,-930.157,-2230.74,-532.29
0.194421,-0.861184,0.469641,38.2295,-155.366,85.1231,58.9841,-230.531,126.603,35.2249,-156.074,85.1129,529.944,-2358.09,1285.68
0.194421,-0.861184,0.469641,60.0991,-234.419,128.755,83.6667,-313.45,172.624,35.2249,-156.074,85.1129,529.944,-2358.09,1285.68
0.194421,-0.861184,0.469641,84.9326,-317.538,174.9,118.213,-420.03,232.229,35.2249,-156.074,85.1129,529.944,-2358.09,1285.68
0.194421,-0.861184,0.469641,118.417,-420.633,232.568,193.984,-625.318,348.681,35.2249,-156.074,85.1129,529.944,-2358.09,1285.68
0.194421,-0.861184,0.469641,194.233,-625.94,349.038,280.731,-826.73,465.41,35.2249,-156.074,85.1129,529.944,-2358.09,1285.68
0.194421,-0.861184,0.469641,281.023,-827.359,465.779,370.196,-1008.34,573.166,35.2249,-156.074,85.1129,529.944,-2358.09,1285.68
0.821254,-0.318463,0.473417,150.272,-54.9391,85.9996,224.214,-79.6124,128.031,149.173,-57.8569,85.9938,2252.55,-876.023,1298.99
0.821254,-0.318463,0.473417,228.09,-80.8631,130.227,306.885,-105.371,174.719,149.173,-57.8569,85.9938,2252.55,-876.023,1298.99
0.821254,-0.318463,0.473417,310.939,-106.585,177,414.614,-136.105,235.124,149.173,-57.8569,85.9938,2252.55,-876.023,1298.99
0.821254,-0.318463,0.473417,415.195,-136.262,235.449,627.199,-187.625,353.102,149.173,-57.8569,85.9938,2252.55,-876.023,1298.99
0.821254,-0.318463,0.473417,627.907,-187.777,353.492,842.842,-227.891,471.422,149.173,-57.8569,85.9938,2252.55,-876.023,1298.99
0.821254,-0.318463,0.473417,843.513,-227.998,471.788,1043.42,-254.855,580.547,149.173,-57.8569,85.9938,2252.55,-876.023,1298.99
-0.827248,0.0524687,0.559381,-159.854,6.83293,107.984,-237.817,7.72825,160.617,-159.678,10.1387,107.974,-2411.89,155.494,1631.02
-0.827248,0.0524687,0.559381,-241.876,7.7319,163.357,-324.423,6.88339,219.093,-159.678,10.1387,107.974,-2411.89,155.494,1631.02
-0.827248,0.0524687,0.559381,-328.63,6.79297,221.934,-436.312,2.92034,294.692,-159.678,10.1387,107.974,-2411.89,155.494,1631.02
-0.827248,0.0524687,0.559381,-436.974,2.88719,295.139,-654.504,-14.1902,442.523,-159.678,10.1387,107.974,-2411.89,155.494,1631.02
-0.827248,0.0524687,0.559381,-655.228,-14.2676,443.015,-871.943,-43.7067,590.755,-159.678,10.1387,107.974,-2411.89,155.494,1631.02
-0.827248,0.0524687,0.559381,-872.683,-43.8287,591.262,-1070.97,-81.8467,727.633,-159.678,10.1387,107.974,-2411.89,155.494,1631.02
0.938327,0.101949,-0.330378,158.724,20.1687,-56.0081,235.797,32.095,-83.2412,159.065,17.2727,-56.0053,2403,258.865,-845.995
0.938327,0.101949,-0.330378,239.774,32.7483,-84.6486,321.021,46.9117,-113.448,159.065,17.2727,-56.0053,2403,258.865,-845.995
0.938327,0.101949,-0.330378,325.222,47.6868,-114.94,430.944,68.581,-152.573,159.065,17.2727,-56.0053,2403,258.865,-845.995
0.938327,0.101949,-0.330378,431.548,68.7081,-152.788,643.759,118.892,-228.936,159.065,17.2727,-56.0053,2403,258.865,-845.995
0.938327,0.101949,-0.330378,644.474,119.08,-229.194,854.376,179.859,-305.484,159.065,17.2727,-56.0053,2403,258.865,-845.995
0.938327,0.101949,-0.330378,855.028,180.066,-305.723,1045.71,245.304,-376.077,159.065,17.2727,-56.0053,2403,258.865,-845.995
0.0304826,0.495749,-0.867931,2.82719,228.232,-399.014,2.78135,229.473,-401.184,9.83788,159.697,-279.592,152.516,2412.08,-4223.41
0.0304826,0.495749,-0.867931,2.28179,241.989,-423.074,1.68158,255.186,-446.161,9.83788,159.697,-279.592,152.516,2412.08,-4223.41
0.0304826,0.495749,-0.867931,1.65451,255.745,-447.139,-2.70735,324.463,-567.492,9.83788,159.697,-279.592,152.516,2412.08,-4223.41
0.0304826,0.495749,-0.867931,-3.04276,328.686,-574.895,-14.1725,436.121,-763.706,9.83788,159.697,-279.592,152.516,2412.08,-4223.41
0.0304826,0.495749,-0.867931,-14.2527,436.751,-764.816,-35.0868,569.453,-999.611,9.83788,159.697,-279.592,152.516,2412.08,-4223.41
0.125858,0.989852,-0.065971,17.4547,159.045,-10.5876,24.0331,236.709,-15.7944,20.1903,158.721,-10.5784,306.922,2397.33,-159.793
0.125858,0.989852,-0.065971,24.3414,240.773,-16.0666,29.8141,323.079,-21.5777,20.1903,158.721,-10.5784,306.922,2397.33,-159.793
0.125858,0.989852,-0.065971,30.0564,327.323,-21.8619,34.9027,434.984,-29.0673,20.1903,158.721,-10.5784,306.922,2397.33,-159.793
0.125858,0.989852,-0.065971,34.922,435.586,-29.1075,37.0942,653.616,-43.6946,20.1903,158.721,-10.5784,306.922,2397.33,-159.793
0.125858,0.989852,-0.065971,37.0846,654.333,-43.7427,29.0309,872.551,-58.3655,20.1903,158.721,-10.5784,306.922,2397.33,-159.793
0.125858,0.989852,-0.065971,28.9847,873.302,-58.416,12.4927,1074.07,-71.9045,20.1903,158.721,-10.5784,306.922,2397.33,-159.793
0.317834,0.674035,-0.666827,64.9063,146.244,-143.181,94.0389,218.599,-212.989,68.2512,144.713,-143.17,1033.34,2184.86,-2162.68
0.317834,0.674035,-0.666827,95.5014,222.359,-216.6,124.457,299.625,-290.455,68.2512,144.713,-143.17,1033.34,2184.86,-2162.68
0.317834,0.674035,-0.666827,125.901,303.632,-294.268,160.842,405.649,-390.796,68.2512,144.713,-143.17,1033.34,2184.86,-2162.68
0.317834,0.674035,-0.666827,161.031,406.231,-391.343,221.954,615.88,-586.809,68.2512,144.713,-143.17,1033.34,2184.86,-2162.68
0.317834,0.674035,-0.666827,222.136,616.59,-587.465,269.88,830.308,-783.527,68.2512,144.713,-143.17,1033.34,2184.86,-2162.68
0.317834,0.674035,-0.666827,270.015,831.017,-784.172,302.061,1030.75,-965.222,68.2512,144.713,-143.17,1033.34,2184.86,-2162.68
-0.164142,0.983684,0.0736414,-29.0366,157.343,11.8086,-45.1238,233.602,17.5717,-26.3252,157.819,11.8147,-395.734,2384.28,178.469
-0.164142,0.983684,0.0736414,-46.0013,237.588,17.8733,-64.4747,317.933,23.9664,-26.3252,157.819,11.8147,-395.734,2384.28,178.469
-0.164142,0.983684,0.0736414,-65.4766,322.113,24.284,-91.8554,426.605,32.2361,-26.3252,157.819,11.8147,-395.734,2384.28,178.469
-0.164142,0.983684,0.0736414,-92.0094,427.187,32.2805,-152.748,636.604,48.3625,-26.3252,157.819,11.8147,-395.734,2384.28,178.469
-0.164142,0.983684,0.0736414,-152.962,637.283,48.415,-223.561,843.915,64.5119,-26.3252,157.819,11.8147,-395.734,2384.28,178.469
-0.164142,0.983684,0.0736414,-223.824,844.63,64.5681,-297.498,1032.11,79.4183,-26.3252,157.819,11.8147,-395.734,2384.28,178.469
0.93194,0.0492581,-0.359251,159.595,11.374,-61.5931,237.19,19.0253,-91.617,159.777,8.43532,-61.5919,2413.65,125.339,-930.385
0.93194,0.0492581,-0.359251,241.216,19.4607,-93.1764,323.148,29.1422,-124.944,159.777,8.43532,-61.5919,2413.65,125.339,-930.385
0.93194,0.0492581,-0.359251,327.357,29.6821,-126.578,434.043,44.7609,-168.071,159.777,8.43532,-61.5919,2413.65,125.339,-930.385
0.93194,0.0492581,-0.359251,434.675,44.8582,-168.317,649.284,83.4482,-252.323,159.777,8.43532,-61.5919,2413.65,125.339,-930.385
0.93194,0.0492581,-0.359251,650.029,83.6017,-252.617,862.886,133.025,-336.793,159.777,8.43532,-61.5919,2413.65,125.339,-930.385
0.93194,0.0492581,-0.359251,863.571,133.202,-337.065,1057.46,188.183,-414.655,159.777,8.43532,-61.5919,2413.65,125.339,-930.385
-0.535909,-0.824308,0.182531,-84.8634,-135.64,29.7055,-124.216,-202.974,44.7856,-87.2184,-134.138,29.704,-1319.15,-2025.16,448.698
-0.535909,-0.824308,0.182531,-126.221,-206.476,45.5658,-166.548,-278.483,61.5246,-87.2184,-134.138,29.704,-1319.15,-2025.16,448.698
-0.535909,-0.824308,0.182531,-168.574,-282.182,62.3401,-219.197,-377.352,83.1865,-87.2184,-134.138,29.704,-1319.15,-2025.16,448.698
-0.535909,-0.824308,0.182531,-219.466,-377.874,83.3001,-314.962,-573.931,125.475,-87.2184,-134.138,29.704,-1319.15,-2025.16,448.698
-0.535909,-0.824308,0.182531,-315.258,-574.578,125.612,-401.432,-775.273,167.86,-87.2184,-134.138,29.704,-1319.15,-2025.16,448.698
-0.535909,-0.824308,0.182531,-401.711,-775.968,168.005,-472.633,-964.572,206.985,-87.2184,-134.138,29.704,-1319.15,-2025.16,448.698
0.512563,-0.819621,0.25593,87.2303,-134.13,42.3617,131.416,-198.325,62.9871,84.8274,-135.662,42.3597,1279.66,-2050.33,639.869
0.512563,-0.819621,0.25593,133.764,-201.671,64.0688,181.801,-268.753,85.9061,84.8274,-135.662,42.3597,1279.66,-2050.33,639.869
0.512563,-0.819621,0.25593,184.299,-272.172,87.0267,248.914,-358.347,115.528,84.8274,-135.662,42.3597,1279.66,-2050.33,639.869
0.512563,-0.819621,0.25593,249.322,-358.877,115.705,386.363,-528.527,173.435,84.8274,-135.662,42.3597,1279.66,-2050.33,639.869
0.512563,-0.819621,0.25593,386.814,-529.058,173.619,532.112,-692.122,231.434,84.8274,-135.662,42.3597,1279.66,-2050.33,639.869
0.512563,-0.819621,0.25593,532.631,-692.677,231.635,673.507,-836.651,284.937,84.8274,-135.662,42.3597,1279.66,-2050.33,639.869
-0.479058,0.83603,-0.267502,-81.9989,137.391,-44.419,-123.719,203.301,-66.1443,-79.54,138.829,-44.4191,-1199.75,2098.1,-670.978
-0.479058,0.83603,-0.267502,-125.897,206.674,-67.2624,-171.306,275.532,-90.235,-79.54,138.829,-44.4191,-1199.75,2098.1,-670.978
-0.479058,0.83603,-0.267502,-173.685,279.065,-91.4213,-234.971,367.679,-121.431,-79.54,138.829,-44.4191,-1199.75,2098.1,-670.978
-0.479058,0.83603,-0.267502,-235.339,368.198,-121.609,-365.769,542.906,-182.355,-79.54,138.829,-44.4191,-1199.75,2098.1,-670.978
-0.479058,0.83603,-0.267502,-366.238,543.504,-182.567,-505.302,712.002,-243.45,-79.54,138.829,-44.4191,-1199.75,2098.1,-670.978
-0.479058,0.83603,-0.267502,-505.762,712.532,-243.645,-641.149,861.737,-299.794,-79.54,138.829,-44.4191,-1199.75,2098.1,-670.978
-0.0607814,-0.552,0.831626,-14.2176,-198.491,298.096,-14.3779,-203.432,305.497,-17.5283,-159.037,239.603,-268.258,-2401.97,3619.35
-0.0607814,-0.552,0.831626,-14.525,-208.244,312.706,-15.2259,-237.472,356.483,-17.5283,-159.037,239.603,-268.258,-2401.97,3619.35
-0.0607814,-0.552,0.831626,-15.297,-241.516,362.538,-15.3714,-324.135,486.236,-17.5283,-159.037,239.603,-268.258,-2401.97,3619.35
-0.0607814,-0.552,0.831626,-15.3048,-328.343,492.537,-11.2742,-436.24,654.184,-17.5283,-159.037,239.603,-268.258,-2401.97,3619.35
-0.0607814,-0.552,0.831626,-11.2393,-436.839,655.082,10.7034,-654.62,982.854,-17.5283,-159.037,239.603,-268.258,-2401.97,3619.35
-0.0607814,-0.552,0.831626,10.8002,-655.294,983.874,14.6137,-680.919,1022.66,-17.5283,-159.037,239.603,-268.258,-2401.97,3619.35
-0.943055,0.0728784,-0.324554,-159.721,9.44078,-54.9035,-237.69,11.9584,-81.6336,-159.524,12.3375,-54.9005,-2409.54,188.416,-829.307
-0.943055,0.0728784,-0.324554,-241.7,12.0507,-83.0079,-324.192,13.1441,-111.268,-159.524,12.3375,-54.9005,-2409.54,188.416,-829.307
-0.943055,0.0728784,-0.324554,-328.437,13.1587,-112.722,-436.14,12.1698,-149.616,-159.524,12.3375,-54.9005,-2409.54,188.416,-829.307
-0.943055,0.0728784,-0.324554,-436.814,12.1553,-149.847,-654.679,2.09952,-224.561,-159.524,12.3375,-54.9005,-2409.54,188.416,-829.307
-0.943055,0.0728784,-0.324554,-655.38,2.04975,-224.802,-872.842,-18.8164,-299.646,-159.524,12.3375,-54.9005,-2409.54,188.416,-829.307
-0.943055,0.0728784,-0.324554,-873.579,-18.9056,-299.9,-1073.08,-47.6748,-368.94,-159.524,12.3375,-54.9005,-2409.54,188.416,-829.307
0.829448,0.0127458,0.558439,159.896,5.76101,107.699,237.704,11.0089,160.079,159.981,2.44736,107.71,2416.65,34.6242,1627.02
0.829448,0.0127458,0.558439,241.735,11.3238,162.795,323.895,18.6797,218.217,159.981,2.44736,107.71,2416.65,34.6242,1627.02
0.829448,0.0127458,0.558439,328.144,19.1081,221.087,435.214,31.4735,293.518,159.981,2.44736,107.71,2416.65,34.6242,1627.02
0.829448,0.0127458,0.558439,435.843,31.555,293.944,651.408,65.7108,440.649,159.981,2.44736,107.71,2416.65,34.6242,1627.02
0.829448,0.0127458,0.558439,652.068,65.8346,441.1,865.825,112.21,588.131,159.981,2.44736,107.71,2416.65,34.6242,1627.02
0.829448,0.0127458,0.558439,866.526,112.383,588.617,1061.25,165.812,724.311,159.981,2.44736,107.71,2416.65,34.6242,1627.02
0.484343,-0.110304,-0.867897,224.763,-39.743,-398.955,225.996,-39.8988,-401.124,156.001,-35.5466,-279.547,2355.63,-540.77,-4222.73
0.484343,-0.110304,-0.867897,238.427,-41.4335,-423.003,251.601,-42.985,-446.175,156.001,-35.5466,-279.547,2355.63,-540.77,-4222.73
0.484343,-0.110304,-0.867897,252.102,-43.0425,-447.056,320.625,-49.8717,-567.349,156.001,-35.5466,-279.547,2355.63,-540.77,-4222.73
0.484343,-0.110304,-0.867897,324.84,-50.2252,-574.738,432.668,-56.6478,-763.426,156.001,-35.5466,-279.547,2355.63,-540.77,-4222.73
0.484343,-0.110304,-0.867897,433.293,-56.6704,-764.518,567.894,-57.6051,-999.64,156.001,-35.5466,-279.547,2355.63,-540.77,-4222.73
0.621855,-0.723383,-0.300022,106.463,-119.439,-50.3223,159.882,-176.268,-74.8776,104.294,-121.337,-50.3217,1573.89,-1834.2,-760.14
0.621855,-0.723383,-0.300022,162.666,-179.175,-76.145,220.313,-238.225,-102.126,104.294,-121.337,-50.3217,1573.89,-1834.2,-760.14
0.621855,-0.723383,-0.300022,223.29,-241.216,-103.454,300.266,-316.625,-137.384,104.294,-121.337,-50.3217,1573.89,-1834.2,-760.14
0.621855,-0.723383,-0.300022,300.716,-317.056,-137.58,461.974,-463.824,-206.247,104.294,-121.337,-50.3217,1573.89,-1834.2,-760.14
0.621855,-0.723383,-0.300022,462.538,-464.313,-206.482,631.165,-603.267,-275.29,104.294,-121.337,-50.3217,1573.89,-1834.2,-760.14
0.621855,-0.723383,-0.300022,631.707,-603.691,-275.507,793.099,-724.349,-338.954,104.294,-121.337,-50.3217,1573.89,-1834.2,-760.14
0.415365,0.885498,0.208242,65.4051,146.021,34.0595,95.4468,217.947,50.6312,67.9565,144.851,34.0655,1028.32,2187.23,514.581
0.415365,0.885498,0.208242,96.9819,221.717,51.4966,127.349,298.397,69.0375,67.9565,144.851,34.0655,1028.32,2187.23,514.581
0.415365,0.885498,0.208242,128.883,302.379,69.9451,166.365,403.369,92.8601,67.9565,144.851,34.0655,1028.32,2187.23,514.581
0.415365,0.885498,0.208242,166.585,403.985,92.9992,235.126,611.027,139.398,67.9565,144.851,34.0655,1028.32,2187.23,514.581
0.415365,0.885498,0.208242,235.324,611.678,139.543,293.978,822.087,186.035,67.9565,144.851,34.0655,1028.32,2187.23,514.581
0.415365,0.885498,0.208242,294.154,822.782,186.188,339.256,1019.09,229.068,67.9565,144.851,34.0655,1028.32,2187.23,514.581
0.662515,-0.235171,0.711174,152.042,-49.8315,161.892,226.973,-71.4185,240.803,150.778,-53.5349,161.857,2276.67,-811.285,2444.95
0.662515,-0.235171,0.711174,230.887,-72.4933,244.91,310.739,-93.2945,328.399,150.778,-53.5349,161.857,2276.67,-811.285,2444.95
0.662515,-0.235171,0.711174,314.878,-94.3146,332.713,419.988,-118.323,441.799,150.778,-53.5349,161.857,2276.67,-811.285,2444.95
0.662515,-0.235171,0.711174,420.621,-118.457,442.454,635.726,-156.431,663.483,150.778,-53.5349,161.857,2276.67,-811.285,2444.95
0.662515,-0.235171,0.711174,636.417,-156.529,664.189,854.31,-180.165,885.992,150.778,-53.5349,161.857,2276.67,-811.285,2444.95
0.662515,-0.235171,0.711174,854.997,-180.217,886.689,1057.32,-189.068,1091.66,150.778,-53.5349,161.857,2276.67,-811.285,2444.95
0.474134,0.642113,-0.602402,92.257,130.724,-120.766,135.134,195.825,-179.694,95.0506,128.707,-120.753,1437.76,1942.74,-1824.05
0.474134,0.642113,-0.602402,137.338,199.254,-182.776,181.152,269.178,-245.156,95.0506,128.707,-120.753,1437.76,1942.74,-1824.05
0.474134,0.642113,-0.602402,183.364,272.802,-248.365,238.154,365.652,-329.864,95.0506,128.707,-120.753,1437.76,1942.74,-1824.05
0.474134,0.642113,-0.602402,238.459,366.186,-330.329,341.034,558.807,-495.313,95.0506,128.707,-120.753,1437.76,1942.74,-1824.05
0.474134,0.642113,-0.602402,341.36,559.465,-495.867,432.683,758.32,-661.314,95.0506,128.707,-120.753,1437.76,1942.74,-1824.05
0.474134,0.642113,-0.602402,432.961,758.974,-661.851,506.764,947.064,-814.613,95.0506,128.707,-120.753,1437.76,1942.74,-1824.05
-0.333544,-0.936682,-0.106658,-51.0793,-151.628,-17.1644,-74.0377,-226.182,-25.5265,-53.6819,-150.726,-17.1631,-812.742,-2276.15,-259.26
-0.333544,-0.936682,-0.106658,-75.1839,-230.025,-25.9554,-98.0306,-309.313,-34.782,-53.6819,-150.726,-17.1631,-812.742,-2276.15,-259.26
-0.333544,-0.936682,-0.106658,-99.1629,-313.385,-35.2341,-126.765,-417.509,-46.7557,-53.6819,-150.726,-17.1631,-812.742,-2276.15,-259.26
-0.333544,-0.936682,-0.106658,-126.925,-418.144,-46.8258,-175.361,-630.783,-70.1543,-53.6819,-150.726,-17.1631,-812.742,-2276.15,-259.26
-0.333544,-0.936682,-0.106658,-175.496,-631.449,-70.2271,-213.92,-846.457,-93.5895,-53.6819,-150.726,-17.1631,-812.742,-2276.15,-259.26
-0.333544,-0.936682,-0.106658,-214.029,-847.165,-93.6662,-240.442,-1046.82,-115.218,-53.6819,-150.726,-17.1631,-812.742,-2276.15,-259.26
0.0624738,0.99794,-0.0145612,7.27914,159.834,-2.34145,8.81956,237.782,-3.42532,10.006,159.687,-2.33003,153.088,2412.05,-35.1966
0.0624738,0.99794,-0.0145612,8.8642,241.838,-3.48179,9.01157,324.316,-4.63117,10.006,159.687,-2.33003,153.088,2412.05,-35.1966
0.0624738,0.99794,-0.0145612,8.97971,328.577,-4.6905,6.88361,436.275,-6.19071,10.006,159.687,-2.33003,153.088,2412.05,-35.1966
0.0624738,0.99794,-0.0145612,6.86331,436.929,-6.19982,-4.9801,654.634,-9.24543,10.006,159.687,-2.33003,153.088,2412.05,-35.1966
0.0624738,0.99794,-0.0145612,-5.03695,655.364,-9.25566,-27.0934,872.651,-12.3067,10.006,159.687,-2.33003,153.088,2412.05,-35.1966
0.0624738,0.99794,-0.0145612,-27.1822,873.36,-12.3167,-56.5193,1072.59,-15.126,10.006,159.687,-2.33003,153.088,2412.05,-35.1966
0.923712,-0.381358,0.0363554,148.916,-58.5141,5.81537,222.194,-85.1198,8.6645,147.888,-61.066,5.82071,2233.2,-924.239,87.9255
0.923712,-0.381358,0.0363554,226.023,-86.4723,8.81284,304.036,-113.219,11.8216,147.888,-61.066,5.82071,2233.2,-924.239,87.9255
0.923712,-0.381358,0.0363554,308.088,-114.567,11.9773,410.693,-147.328,15.9067,147.888,-61.066,5.82071,2233.2,-924.239,87.9255
0.923712,-0.381358,0.0363554,411.329,-147.523,15.931,621.261,-206.545,23.898,147.888,-61.066,5.82071,2233.2,-924.239,87.9255
0.923712,-0.381358,0.0363554,621.929,-206.716,23.9232,834.712,-255.913,31.8844,147.888,-61.066,5.82071,2233.2,-924.239,87.9255
0.923712,-0.381358,0.0363554,835.423,-256.059,31.9108,1033.47,-292.525,39.24,147.888,-61.066,5.82071,2233.2,-924.239,87.9255
-0.973365,-0.228086,-0.0231917,-155.132,-39.1656,-3.70936,-230.211,-60.1713,-5.54653,-155.782,-36.4947,-3.71167,-2353.63,-549.38,-56.0671
-0.973365,-0.228086,-0.0231917,-234.108,-61.2987,-5.64232,-313.119,-84.951,-7.59054,-155.782,-36.4947,-3.71167,-2353.63,-549.38,-56.0671
-0.973365,-0.228086,-0.0231917,-317.193,-86.2118,-7.69134,-419.701,-119.295,-10.2404,-155.782,-36.4947,-3.71167,-2353.63,-549.38,-56.0671
-0.973365,-0.228086,-0.0231917,-420.325,-119.505,-10.256,-625.409,-193.646,-15.4164,-155.782,-36.4947,-3.71167,-2353.63,-549.38,-56.0671
-0.973365,-0.228086,-0.0231917,-626.045,-193.893,-15.4325,-827.745,-277.647,-20.5944,-155.782,-36.4947,-3.71167,-2353.63,-549.38,-56.0671
-0.973365,-0.228086,-0.0231917,-828.401,-277.938,-20.6114,-1010.71,-363.463,-25.3765,-155.782,-36.4947,-3.71167,-2353.63,-549.38,-56.0671
0.549596,-0.489777,-0.676804,121.892,-103.645,-147.112,183.012,-152.093,-218.812,119.443,-106.459,-147.099,1802.5,-1610.1,-2222.02
0.549596,-0.489777,-0.676804,186.208,-154.565,-222.526,252.09,-204.216,-298.369,119.443,-106.459,-147.099,1802.5,-1610.1,-2222.02
0.549596,-0.489777,-0.676804,255.537,-206.747,-302.3,343.497,-269.138,-401.447,119.443,-106.459,-147.099,1802.5,-1610.1,-2222.02
0.549596,-0.489777,-0.676804,343.997,-269.481,-402.005,527.88,-387.199,-602.751,119.443,-106.459,-147.099,1802.5,-1610.1,-2222.02
0.549596,-0.489777,-0.676804,528.504,-387.57,-603.419,720.16,-493.584,-804.779,119.443,-106.459,-147.099,1802.5,-1610.1,-2222.02
0.549596,-0.489777,-0.676804,720.798,-493.91,-805.439,903.559,-580.742,-991.414,119.443,-106.459,-147.099,1802.5,-1610.1,-2222.02
-0.746248,-0.660422,-0.0834032,-117.981,-108.076,-13.4074,-174.065,-162.184,-19.9654,-119.823,-106.03,-13.3912,-1811.3,-1600.19,-202.282
-0.746248,-0.660422,-0.0834032,-176.983,-165.049,-20.3094,-235.331,-223.417,-27.2537,-119.823,-106.03,-13.3912,-1811.3,-1600.19,-202.282
-0.746248,-0.660422,-0.0834032,-238.279,-226.421,-27.6077,-312.804,-304.218,-36.6706,-119.823,-106.03,-13.3912,-1811.3,-1600.19,-202.282
-0.746248,-0.660422,-0.0834032,-313.242,-304.686,-36.7245,-458.44,-467.324,-55.0552,-119.823,-106.03,-13.3912,-1811.3,-1600.19,-202.282
-0.746248,-0.660422,-0.0834032,-458.92,-467.888,-55.1175,-596.585,-637.5,-73.4784,-119.823,-106.03,-13.3912,-1811.3,-1600.19,-202.282
-0.746248,-0.660422,-0.0834032,-596.999,-638.035,-73.5353,-716.74,-800.008,-90.4709,-119.823,-106.03,-13.3912,-1811.3,-1600.19,-202.282
0.43581,0.567823,-0.698317,94.3739,129.204,-156.128,138.123,193.792,-232.254,97.4265,126.918,-156.095,1473.84,1915.51,-2357.91
0.43581,0.567823,-0.698317,140.339,197.152,-236.183,184.897,266.641,-316.746,97.4265,126.918,-156.095,1473.84,1915.51,-2357.91
0.43581,0.567823,-0.698317,187.134,270.23,-320.874,242.635,362.703,-426.125,97.4265,126.918,-156.095,1473.84,1915.51,-2357.91
0.43581,0.567823,-0.698317,242.939,363.229,-426.718,346.045,555.73,-639.792,97.4265,126.918,-156.095,1473.84,1915.51,-2357.91
0.43581,0.567823,-0.698317,346.366,556.379,-640.499,436.947,755.858,-854.275,97.4265,126.918,-156.095,1473.84,1915.51,-2357.91
0.43581,0.567823,-0.698317,437.224,756.526,-854.981,509.133,945.82,-1052.6,97.4265,126.918,-156.095,1473.84,1915.51,-2357.91
-0.360331,-0.720108,-0.592964,-68.5419,-144.575,-117.832,-99.6831,-216.11,-175.213,-71.6083,-143.081,-117.823,-1083.85,-2160.25,-1779.79
-0.360331,-0.720108,-0.592964,-101.243,-219.804,-178.163,-132.471,-296.154,-238.845,-71.6083,-143.081,-117.823,-1083.85,-2160.25,-1779.79
-0.360331,-0.720108,-0.592964,-134.042,-300.127,-241.988,-172.211,-400.967,-321.3,-71.6083,-143.081,-117.823,-1083.85,-2160.25,-1779.79
-0.360331,-0.720108,-0.592964,-172.415,-401.531,-321.741,-240.708,-608.81,-482.286,-71.6083,-143.081,-117.823,-1083.85,-2160.25,-1779.79
-0.360331,-0.720108,-0.592964,-240.913,-609.498,-482.814,-297.18,-820.963,-643.772,-71.6083,-143.081,-117.823,-1083.85,-2160.25,-1779.79
-0.360331,-0.720108,-0.592964,-297.339,-821.637,-644.282,-338.282,-1019.49,-792.888,-71.6083,-143.081,-117.823,-1083.85,-2160.25,-1779.79
-0.973012,0.0222601,0.229679,-159.998,0.84733,37.7597,-237.977,-0.86121,56.1756,-159.958,3.66882,37.758,-2416.22,57.4181,570.358
-0.973012,0.0222601,0.229679,-241.998,-0.985525,57.1253,-324.436,-4.31971,76.6014,-159.958,3.66882,37.758,-2416.22,57.4181,570.358
-0.973012,0.0222601,0.229679,-328.669,-4.53144,77.6017,-436.193,-11.2429,103.032,-159.958,3.66882,37.758,-2416.22,57.4181,570.358
-0.973012,0.0222601,0.229679,-436.837,-11.2909,103.185,-653.895,-32.7067,154.673,-159.958,3.66882,37.758,-2416.22,57.4181,570.358
-0.973012,0.0222601,0.229679,-654.563,-32.7889,154.832,-870.678,-64.6707,206.42,-159.958,3.66882,37.758,-2416.22,57.4181,570.358
-0.973012,0.0222601,0.229679,-871.378,-64.7913,206.588,-1069.09,-103.394,254.16,-159.958,3.66882,37.758,-2416.22,57.4181,570.358
0.917395,0.390231,0.0781403,146.136,65.1491,12.5424,216.504,98.6434,18.6799,147.237,62.6201,12.5408,2224.87,944.12,189.437
0.917395,0.390231,0.0781403,220.176,100.431,19.0015,294.048,137.243,25.5015,147.237,62.6201,12.5408,2224.87,944.12,189.437
0.917395,0.390231,0.0781403,297.792,139.153,25.8325,393.196,189.263,34.3248,147.237,62.6201,12.5408,2224.87,944.12,189.437
0.917395,0.390231,0.0781403,393.731,189.553,34.3727,583.068,297.657,51.5857,147.237,62.6201,12.5408,2224.87,944.12,189.437
0.917395,0.390231,0.0781403,583.697,298.036,51.6437,768.019,415.099,68.8921,147.237,62.6201,12.5408,2224.87,944.12,189.437
0.917395,0.390231,0.0781403,768.658,415.526,68.9528,933.644,531.089,84.853,147.237,62.6201,12.5408,2224.87,944.12,189.437
0.0314464,0.987423,0.15494,2.32258,159.983,25.0948,1.50515,237.923,37.3555,5.10217,159.919,25.0934,79.0395,2415.61,379.052
0.0314464,0.987423,0.15494,1.42624,241.996,37.9961,-0.939586,324.472,50.9716,5.10217,159.919,25.0934,79.0395,2415.61,379.052
0.0314464,0.987423,0.15494,-1.10046,328.698,51.6368,-6.49811,436.263,68.5783,5.10217,159.919,25.0934,79.0395,2415.61,379.052
0.0314464,0.987423,0.15494,-6.53969,436.934,68.6841,-25.1639,654.203,102.987,5.10217,159.919,25.0934,79.0395,2415.61,379.052
0.0314464,0.987423,0.15494,-25.24,654.897,103.097,-54.1794,871.369,137.451,5.10217,159.919,25.0934,79.0395,2415.61,379.052
0.0314464,0.987423,0.15494,-54.2939,872.095,137.567,-90.0435,1070.28,169.238,5.10217,159.919,25.0934,79.0395,2415.61,379.052
0.797945,0.00645518,-0.602695,159.93,4.72277,-120.863,237.787,9.52676,-179.825,159.995,1.28288,-120.845,2416.84,16.9409,-1825.45
0.797945,0.00645518,-0.602695,241.801,9.81863,-182.867,323.991,16.7585,-245.216,159.995,1.28288,-120.845,2416.84,16.9409,-1825.45
0.797945,0.00645518,-0.602695,328.251,17.1682,-248.452,435.381,29.0969,-329.927,159.995,1.28288,-120.845,2416.84,16.9409,-1825.45
0.797945,0.00645518,-0.602695,436.008,29.176,-330.405,651.629,62.8299,-495.391,159.995,1.28288,-120.845,2416.84,16.9409,-1825.45
0.797945,0.00645518,-0.602695,652.352,62.9646,-495.947,866.2,109.362,-661.422,159.995,1.28288,-120.845,2416.84,16.9409,-1825.45
0.797945,0.00645518,-0.602695,866.891,109.533,-661.96,1061.61,163.484,-814.737,159.995,1.28288,-120.845,2416.84,16.9409,-1825.45
-0.414029,-0.353382,0.838869,-153.079,-141.927,321.766,-173.58,-162.81,366.851,-121.709,-103.86,246.575,-1840.82,-1566.14,3724.67
-0.414029,-0.353382,0.838869,-176.377,-165.696,373.043,-232.854,-226.001,500.353,-121.709,-103.86,246.575,-1840.82,-1566.14,3724.67
-0.414029,-0.353382,0.838869,-235.681,-229.125,506.845,-306.341,-310.735,673.213,-121.709,-103.86,246.575,-1840.82,-1566.14,3724.67
-0.414029,-0.353382,0.838869,-306.747,-311.225,674.193,-439.095,-485.58,1011.62,-121.709,-103.86,246.575,-1840.82,-1566.14,3724.67
-0.414029,-0.353382,0.838869,-439.505,-486.171,1012.73,-441.739,-489.4,1018.78,-121.709,-103.86,246.575,-1840.82,-1566.14,3724.67
0.162502,0.96988,0.181455,23.6859,158.237,29.5281,33.2412,235.648,43.9715,26.4485,157.799,29.5229,401.471,2383.32,445.962
0.162502,0.96988,0.181455,33.698,239.642,44.7159,42.2887,321.642,59.9788,26.4485,157.799,29.5229,401.471,2383.32,445.962
0.162502,0.96988,0.181455,42.6955,325.915,60.7735,51.5972,433.307,80.7194,26.4485,157.799,29.5229,401.471,2383.32,445.962
0.162502,0.96988,0.181455,51.6408,433.921,80.8334,61.9104,651.768,121.204,26.4485,157.799,29.5229,401.471,2383.32,445.962
0.162502,0.96988,0.181455,61.9263,652.451,121.33,61.8178,870.848,161.762,26.4485,157.799,29.5229,401.471,2383.32,445.962
0.162502,0.96988,0.181455,61.7997,871.595,161.9,52.4961,1072.79,199.182,26.4485,157.799,29.5229,401.471,2383.32,445.962
0.371426,0.454422,0.809656,114.651,150.568,261.088,119.899,158.003,273.635,101.269,123.873,220.726,1532.3,1869.08,3334.2
0.371426,0.454422,0.809656,120.276,158.539,274.539,142.49,190.617,328.334,101.269,123.873,220.726,1532.3,1869.08,3334.2
0.371426,0.454422,0.809656,144.75,193.936,333.872,190.144,262.913,447.723,101.269,123.873,220.726,1532.3,1869.08,3334.2
0.371426,0.454422,0.809656,192.419,266.493,453.571,248.436,358.736,602.37,101.269,123.873,220.726,1532.3,1869.08,3334.2
0.371426,0.454422,0.809656,248.749,359.275,603.23,350.948,552.684,904.847,101.269,123.873,220.726,1532.3,1869.08,3334.2
0.371426,0.454422,0.809656,351.247,553.311,905.803,390.067,638.197,1034.47,101.269,123.873,220.726,1532.3,1869.08,3334.2
0.371426,0.454422,0.809656,390.102,638.278,1034.6,391.229,640.862,1038.48,101.269,123.873,220.726,1532.3,1869.08,3334.2
0.434061,-0.17377,-0.883966,242.567,-81.0525,-483.685,246.36,-82.0737,-491.109,148.532,-59.4835,-302.5,2242.12,-902.397,-4569.46
0.434061,-0.17377,-0.883966,255.876,-84.6036,-509.719,309.316,-97.9742,-613.859,148.532,-59.4835,-302.5,2242.12,-902.397,-4569.46
0.434061,-0.17377,-0.883966,313.453,-98.9498,-621.894,419.242,-121.041,-826.229,148.532,-59.4835,-302.5,2242.12,-902.397,-4569.46
0.434061,-0.17377,-0.883966,419.853,-121.153,-827.404,503.722,-134.806,-988.053,148.532,-59.4835,-302.5,2242.12,-902.397,-4569.46
-0.130685,0.983889,-0.121996,-23.7983,158.22,-19.667,-37.2811,235.036,-29.2517,-21.0579,158.608,-19.6662,-316.15,2396.13,-297.07
-0.130685,0.983889,-0.121996,-38.0124,238.996,-29.7468,-53.7538,320.007,-39.8947,-21.0579,158.608,-19.6662,-316.15,2396.13,-297.07
-0.130685,0.983889,-0.121996,-54.5959,324.134,-40.4126,-77.4207,429.474,-53.6612,-21.0579,158.608,-19.6662,-316.15,2396.13,-297.07
-0.130685,0.983889,-0.121996,-77.5519,430.047,-53.7335,-131.185,641.395,-80.5248,-21.0579,158.608,-19.6662,-316.15,2396.13,-297.07
-0.130685,0.983889,-0.121996,-131.376,642.081,-80.6123,-194.983,850.987,-107.453,-21.0579,158.608,-19.6662,-316.15,2396.13,-297.07
-0.130685,0.983889,-0.121996,-195.217,851.697,-107.545,-262.574,1041.56,-132.296,-21.0579,158.608,-19.6662,-316.15,2396.13,-297.07
-0.313853,-0.636365,-0.704653,-67.3006,-145.157,-158.926,-97.5636,-217.045,-236.393,-70.7836,-143.491,-158.895,-1071.69,-2166.31,-2400.21
-0.313853,-0.636365,-0.704653,-99.0841,-220.786,-240.403,-129.175,-297.68,-322.417,-70.7836,-143.491,-158.895,-1071.69,-2166.31,-2400.21
-0.313853,-0.636365,-0.704653,-130.657,-301.616,-326.594,-166.931,-403.171,-433.705,-70.7836,-143.491,-158.895,-1071.69,-2166.31,-2400.21
-0.313853,-0.636365,-0.704653,-167.13,-403.76,-434.322,-230.384,-612.842,-651.325,-70.7836,-143.491,-158.895,-1071.69,-2166.31,-2400.21
-0.313853,-0.636365,-0.704653,-230.557,-613.491,-651.992,-280.007,-826.927,-869.679,-70.7836,-143.491,-158.895,-1071.69,-2166.31,-2400.21
-0.313853,-0.636365,-0.704653,-280.151,-827.655,-870.417,-313.2,-1027.43,-1071.56,-70.7836,-143.491,-158.895,-1071.69,-2166.31,-2400.21
-0.530058,0.821935,-0.208471,-89.0483,132.93,-34.1002,-134.077,196.554,-50.7312,-86.7067,134.469,-34.1048,-1308.09,2032.32,-515.174
-0.530058,0.821935,-0.208471,-136.46,199.857,-51.6002,-185.337,266.284,-69.1999,-86.7067,134.469,-34.1048,-1308.09,2032.32,-515.174
-0.530058,0.821935,-0.208471,-187.899,269.699,-70.1111,-253.607,355.056,-93.1034,-86.7067,134.469,-34.1048,-1308.09,2032.32,-515.174
-0.530058,0.821935,-0.208471,-254.014,355.572,-93.2435,-393.12,523.538,-139.791,-86.7067,134.469,-34.1048,-1308.09,2032.32,-515.174
-0.530058,0.821935,-0.208471,-393.568,524.053,-139.937,-540.772,685.428,-186.561,-86.7067,134.469,-34.1048,-1308.09,2032.32,-515.174
-0.530058,0.821935,-0.208471,-541.27,685.948,-186.715,-683.723,828.344,-229.701,-86.7067,134.469,-34.1048,-1308.09,2032.32,-515.174
0.860245,-0.212625,0.463431,156.04,-35.3774,83.6897,232.608,-50.3543,124.443,155.323,-38.4016,83.6771,2345.73,-582.212,1264
0.860245,-0.212625,0.463431,236.547,-51.0843,126.536,317.844,-65.2747,169.646,155.323,-38.4016,83.6771,2345.73,-582.212,1264
0.860245,-0.212625,0.463431,322.014,-65.9578,171.853,428.567,-81.9384,228.148,155.323,-38.4016,83.6771,2345.73,-582.212,1264
0.860245,-0.212625,0.463431,429.216,-82.0271,228.49,646.085,-105.845,342.514,155.323,-38.4016,83.6771,2345.73,-582.212,1264
0.860245,-0.212625,0.463431,646.771,-105.902,342.873,865.008,-118.261,457.131,155.323,-38.4016,83.6771,2345.73,-582.212,1264
0.860245,-0.212625,0.463431,865.74,-118.283,457.514,1067.47,-119.445,562.946,155.323,-38.4016,83.6771,2345.73,-582.212,1264
-0.807881,-0.0502409,-0.5872,-159.446,-13.3039,-116.079,-236.912,-22.305,-172.628,-159.692,-9.91971,-116.07,-2412.4,-147.445,-1753.31
-0.807881,-0.0502409,-0.5872,-240.922,-22.8149,-175.559,-322.616,-34.1613,-235.364,-159.692,-9.91971,-116.07,-2412.4,-147.445,-1753.31
-0.807881,-0.0502409,-0.5872,-326.853,-34.7996,-238.471,-433.23,-52.4442,-316.668,-159.692,-9.91971,-116.07,-2412.4,-147.445,-1753.31
-0.807881,-0.0502409,-0.5872,-433.812,-52.5493,-317.097,-647.368,-97.537,-475.392,-159.692,-9.91971,-116.07,-2412.4,-147.445,-1753.31
-0.807881,-0.0502409,-0.5872,-648.06,-97.7037,-475.908,-859.182,-155.139,-634.601,-159.692,-9.91971,-116.07,-2412.4,-147.445,-1753.31
-0.807881,-0.0502409,-0.5872,-859.863,-155.346,-635.117,-1051.48,-219.137,-781.578,-159.692,-9.91971,-116.07,-2412.4,-147.445,-1753.31
-0.510781,0.279997,-0.812837,-169.027,85.1198,-264.129,-175.221,87.9635,-273.639,-140.295,76.9242,-223.272,-2117.64,1164.91,-3372.67
-0.510781,0.279997,-0.812837,-177.896,89.1859,-277.743,-213.493,105.122,-332.159,-140.295,76.9242,-223.272,-2117.64,1164.91,-3372.67
-0.510781,0.279997,-0.812837,-217.188,106.741,-337.787,-293.349,138.671,-453.014,-140.295,76.9242,-223.272,-2117.64,1164.91,-3372.67
-0.510781,0.279997,-0.812837,-297.279,140.245,-458.921,-398.303,178.314,-609.551,-140.295,76.9242,-223.272,-2117.64,1164.91,-3372.67
-0.510781,0.279997,-0.812837,-398.859,178.51,-610.374,-607.817,243.208,-915.606,-140.295,76.9242,-223.272,-2117.64,1164.91,-3372.67
-0.510781,0.279997,-0.812837,-608.512,243.393,-916.61,-690.526,263.844,-1034.53,-140.295,76.9242,-223.272,-2117.64,1164.91,-3372.67
0.136612,-0.616327,-0.77555,41.4831,-164.603,-208.57,41.7581,-165.575,-209.811,34.6103,-156.212,-196.564,519.801,-2360.34,-2969.22
0.136612,-0.616327,-0.77555,44.1528,-173.985,-220.553,60.8117,-230.062,-292.432,34.6103,-156.212,-196.564,519.801,-2360.34,-2969.22
0.136612,-0.616327,-0.77555,62.0032,-233.922,-297.396,87.5086,-312.469,-398.87,34.6103,-156.212,-196.564,519.801,-2360.34,-2969.22
0.136612,-0.616327,-0.77555,88.8693,-316.458,-404.049,125.634,-417.919,-536.649,34.6103,-156.212,-196.564,519.801,-2360.34,-2969.22
0.136612,-0.616327,-0.77555,125.845,-418.47,-537.375,211.608,-619.526,-806.015,34.6103,-156.212,-196.564,519.801,-2360.34,-2969.22
0.136612,-0.616327,-0.77555,211.915,-620.177,-806.899,306.66,-804.131,-1061.25,34.6103,-156.212,-196.564,519.801,-2360.34,-2969.22
0.246448,0.580724,0.775902,61.8114,158.096,208.836,62.0879,158.868,209.844,62.5185,147.28,196.788,947.219,2223.55,2972.6
0.246448,0.580724,0.775902,65.0859,167.284,220.836,84.0794,222.607,292.796,62.5185,147.28,196.788,947.219,2223.55,2972.6
0.246448,0.580724,0.775902,85.3531,226.448,297.775,110.192,305.207,399.382,62.5185,147.28,196.788,947.219,2223.55,2972.6
0.246448,0.580724,0.775902,111.401,309.247,404.57,140.353,413.192,537.326,62.5185,147.28,196.788,947.219,2223.55,2972.6
0.246448,0.580724,0.775902,140.505,413.779,538.071,187.351,627.273,807.06,62.5185,147.28,196.788,947.219,2223.55,2972.6
0.246448,0.580724,0.775902,187.481,627.995,807.963,216.976,831.72,1061.25,62.5185,147.28,196.788,947.219,2223.55,2972.6
-0.81894,-0.0127672,0.573738,-159.894,-5.82863,112.095,-237.735,-10.9613,166.833,-159.981,-2.48294,112.08,-2416.64,-35.1315,1693.04
-0.81894,-0.0127672,0.573738,-241.738,-11.2683,169.649,-323.963,-18.5107,227.569,-159.981,-2.48294,112.08,-2416.64,-35.1315,1693.04
-0.81894,-0.0127672,0.573738,-328.155,-18.9279,230.524,-435.21,-31.167,306.137,-159.981,-2.48294,112.08,-2416.64,-35.1315,1693.04
-0.81894,-0.0127672,0.573738,-435.864,-31.2513,306.6,-651.441,-65.3191,459.765,-159.981,-2.48294,112.08,-2416.64,-35.1315,1693.04
-0.81894,-0.0127672,0.573738,-652.108,-65.4441,460.241,-865.862,-111.908,613.74,-159.981,-2.48294,112.08,-2416.64,-35.1315,1693.04
-0.81894,-0.0127672,0.573738,-866.565,-112.083,614.249,-1061.24,-165.81,755.956,-159.981,-2.48294,112.08,-2416.64,-35.1315,1693.04
-0.545254,0.811701,0.20938,-91.5187,131.241,34.2574,-137.774,193.979,50.9368,-89.2105,132.821,34.2602,-1345.93,2007.46,517.522
-0.545254,0.811701,0.20938,-140.221,197.236,51.8085,-190.377,262.702,69.4583,-89.2105,132.821,34.2602,-1345.93,2007.46,517.522
-0.545254,0.811701,0.20938,-193.007,266.068,70.3723,-260.358,350.133,93.4311,-89.2105,132.821,34.2602,-1345.93,2007.46,517.522
-0.545254,0.811701,0.20938,-260.776,350.643,93.5722,-403.144,515.855,140.263,-89.2105,132.821,34.2602,-1345.93,2007.46,517.522
-0.545254,0.811701,0.20938,-403.604,516.364,140.41,-553.958,674.813,187.169,-89.2105,132.821,34.2602,-1345.93,2007.46,517.522
-0.545254,0.811701,0.20938,-554.468,675.324,187.323,-699.727,814.867,230.435,-89.2105,132.821,34.2602,-1345.93,2007.46,517.522
0.752742,-0.591487,0.289004,127.552,-96.5945,48.3005,190.883,-142.017,71.7372,125.801,-98.8638,48.3018,1899.05,-1495,729.628
0.752742,-0.591487,0.289004,194.222,-144.366,72.9649,262.134,-191.165,97.7687,125.801,-98.8638,48.3018,1899.05,-1495,729.628
0.752742,-0.591487,0.289004,265.671,-193.553,99.0519,355.714,-252.702,131.448,125.801,-98.8638,48.3018,1899.05,-1495,729.628
0.752742,-0.591487,0.289004,356.258,-253.05,131.643,542.759,-366.012,197.22,125.801,-98.8638,48.3018,1899.05,-1495,729.628
0.752742,-0.591487,0.289004,543.407,-366.382,197.444,735.655,-470.179,263.164,125.801,-98.8638,48.3018,1899.05,-1495,729.628
0.752742,-0.591487,0.289004,736.291,-470.503,263.378,917.889,-557.778,323.987,125.801,-98.8638,48.3018,1899.05,-1495,729.628
-0.158704,-0.678594,-0.717163,-32.5848,-156.647,-164.648,-45.6604,-233.51,-244.858,-36.4489,-155.793,-164.651,-553.302,-2352.71,-2487.16
-0.158704,-0.678594,-0.717163,-46.2927,-237.531,-249.046,-58.0313,-319.233,-333.961,-36.4489,-155.793,-164.651,-553.302,-2352.71,-2487.16
-0.158704,-0.678594,-0.717163,-58.5786,-323.438,-338.323,-70.6585,-430.635,-449.308,-36.4489,-155.793,-164.651,-553.302,-2352.71,-2487.16
-0.158704,-0.678594,-0.717163,-70.7149,-431.224,-449.916,-84.234,-649.233,-674.681,-36.4489,-155.793,-164.651,-553.302,-2352.71,-2487.16
-0.158704,-0.678594,-0.717163,-84.2541,-649.945,-675.414,-83.0568,-869.124,-900.959,-36.4489,-155.793,-164.651,-553.302,-2352.71,-2487.16
-0.158704,-0.678594,-0.717163,-83.0291,-869.83,-901.685,-69.3696,-1065.91,-1103.93,-36.4489,-155.793,-164.651,-553.302,-2352.71,-2487.16
-0.333823,-0.921598,0.198039,-51.8498,-151.366,32.3286,-75.2122,-225.748,48.198,-54.4997,-150.432,32.3264,-825.117,-2271.69,488.311
-0.333823,-0.921598,0.198039,-76.3921,-229.626,49.023,-99.6555,-308.777,65.8117,-54.4997,-150.432,32.3264,-825.117,-2271.69,488.311
-0.333823,-0.921598,0.198039,-100.813,-312.859,66.6749,-128.942,-416.877,88.6091,-54.4997,-150.432,32.3264,-825.117,-2271.69,488.311
-0.333823,-0.921598,0.198039,-129.097,-417.479,88.7356,-178.456,-629.847,133.111,-54.4997,-150.432,32.3264,-825.117,-2271.69,488.311
-0.333823,-0.921598,0.198039,-178.607,-630.577,133.262,-217.827,-845.493,177.736,-54.4997,-150.432,32.3264,-825.117,-2271.69,488.311
-0.333823,-0.921598,0.198039,-217.933,-846.169,177.875,-244.96,-1045.8,218.88,-54.4997,-150.432,32.3264,-825.117,-2271.69,488.311
0.841262,-0.330852,0.427569,149.981,-55.7295,75.6782,223.801,-80.7236,112.635,148.895,-58.5683,75.6774,2248.36,-886.713,1143.15
0.841262,-0.330852,0.427569,227.685,-81.9968,114.573,306.361,-106.894,153.705,148.895,-58.5683,75.6774,2248.36,-886.713,1143.15
0.841262,-0.330852,0.427569,310.406,-108.129,155.711,413.851,-138.204,206.794,148.895,-58.5683,75.6774,2248.36,-886.713,1143.15
0.841262,-0.330852,0.427569,414.494,-138.381,207.11,626.168,-191.128,310.542,148.895,-58.5683,75.6774,2248.36,-886.713,1143.15
0.841262,-0.330852,0.427569,626.849,-191.279,310.872,841.362,-233.072,414.493,148.895,-58.5683,75.6774,2248.36,-886.713,1143.15
0.841262,-0.330852,0.427569,842.091,-233.194,414.844,1041.73,-261.825,510.468,148.895,-58.5683,75.6774,2248.36,-886.713,1143.15
-0.252332,0.72859,0.636777,-55.7057,149.99,132.173,-85.3154,222.138,196.614,-52.3502,151.193,132.137,-788.398,2284.7,1996.02
-0.252332,0.72859,0.636777,-86.8937,225.862,199.956,-120.004,301.449,268.154,-52.3502,151.193,132.137,-788.398,2284.7,1996.02
-0.252332,0.72859,0.636777,-121.755,305.319,271.665,-167.728,402.855,360.794,-52.3502,151.193,132.137,-788.398,2284.7,1996.02
-0.252332,0.72859,0.636777,-167.995,403.401,361.296,-269.947,596.463,541.771,-52.3502,151.193,132.137,-788.398,2284.7,1996.02
-0.252332,0.72859,0.636777,-270.283,597.055,542.334,-384.053,784.031,723.246,-52.3502,151.193,132.137,-788.398,2284.7,1996.02
-0.252332,0.72859,0.636777,-384.461,784.657,723.864,-499.499,950.906,890.971,-52.3502,151.193,132.137,-788.398,2284.7,1996.02
0.184817,-0.68037,0.709182,45.6734,-153.343,160.954,70.6087,-227.258,239.413,41.9302,-154.408,160.943,630.719,-2333.15,2431.15
0.184817,-0.68037,0.709182,71.9438,-231.059,243.465,100.323,-308.584,326.505,41.9302,-154.408,160.943,630.719,-2333.15,2431.15
0.184817,-0.68037,0.709182,101.827,-312.53,330.752,141.929,-412.643,439.237,41.9302,-154.408,160.943,630.719,-2333.15,2431.15
0.184817,-0.68037,0.709182,142.167,-413.211,439.856,233.355,-611.67,659.582,41.9302,-154.408,160.943,630.719,-2333.15,2431.15
0.184817,-0.68037,0.709182,233.675,-612.31,660.301,338.233,-804.88,880.781,41.9302,-154.408,160.943,630.719,-2333.15,2431.15
0.184817,-0.68037,0.709182,338.602,-805.51,881.515,446.49,-976.955,1085.35,41.9302,-154.408,160.943,630.719,-2333.15,2431.15
0.0428595,0.878004,0.476731,4.68542,159.931,86.779,4.70455,237.87,129.022,7.81145,159.809,86.7721,120.207,2413.91,1310.75
0.0428595,0.878004,0.476731,4.66489,241.955,131.235,2.99331,324.44,175.957,7.81145,159.809,86.7721,120.207,2413.91,1310.75
0.0428595,0.878004,0.476731,2.86234,328.688,178.261,-1.93716,436.356,236.688,7.81145,159.809,86.7721,120.207,2413.91,1310.75
0.0428595,0.878004,0.476731,-1.97318,436.979,237.026,-20.3539,654.324,355.297,7.81145,159.809,86.7721,120.207,2413.91,1310.75
0.0428595,0.878004,0.476731,-20.4364,655.065,355.701,-50.4284,871.627,474.247,7.81145,159.809,86.7721,120.207,2413.91,1310.75
0.0428595,0.878004,0.476731,-50.5433,872.32,474.628,-88.5301,1070.42,583.957,7.81145,159.809,86.7721,120.207,2413.91,1310.75
-0.541028,-0.318856,0.778216,-151.776,-95.8349,222.455,-199.932,-129.043,294.943,-137.85,-81.225,198.273,-2083.87,-1224.28,2995.03
-0.541028,-0.318856,0.778216,-203.236,-131.374,299.953,-270.007,-179.958,402.291,-137.85,-81.225,198.273,-2083.87,-1224.28,2995.03
-0.541028,-0.318856,0.778216,-273.386,-182.494,407.525,-358.426,-248.883,541.236,-137.85,-81.225,198.273,-2083.87,-1224.28,2995.03
-0.541028,-0.318856,0.778216,-358.91,-249.275,542.008,-523.458,-393.224,813.012,-137.85,-81.225,198.273,-2083.87,-1224.28,2995.03
-0.541028,-0.318856,0.778216,-523.957,-393.695,813.863,-662.312,-533.267,1057.41,-137.85,-81.225,198.273,-2083.87,-1224.28,2995.03
0.407785,0.908405,0.092258,63.0148,147.068,14.8202,91.915,219.432,22.1273,65.5334,145.964,14.8245,991.705,2204.07,223.933
0.407785,0.908405,0.092258,93.4008,223.249,22.5114,122.616,300.423,30.2474,65.5334,145.964,14.8245,991.705,2204.07,223.933
0.407785,0.908405,0.092258,124.074,304.384,30.6431,160.065,405.935,40.747,65.5334,145.964,14.8245,991.705,2204.07,223.933
0.407785,0.908405,0.092258,160.269,406.532,40.8062,225.839,614.44,61.2507,65.5334,145.964,14.8245,991.705,2204.07,223.933
0.407785,0.908405,0.092258,226.049,615.166,61.3216,281.87,826.343,81.8044,65.5334,145.964,14.8245,991.705,2204.07,223.933
0.407785,0.908405,0.092258,282.031,827.016,81.8693,324.655,1023.86,100.748,65.5334,145.964,14.8245,991.705,2204.07,223.933
0.781566,-0.612159,0.120066,127.647,-96.4688,19.346,191.064,-141.871,28.7537,125.956,-98.6664,19.3505,1901.44,-1491.96,292.301
0.781566,-0.612159,0.120066,194.357,-144.185,29.2391,262.281,-190.976,39.1868,125.956,-98.6664,19.3505,1901.44,-1491.96,292.301
0.781566,-0.612159,0.120066,265.812,-193.359,39.7005,355.783,-252.542,52.6878,125.956,-98.6664,19.3505,1901.44,-1491.96,292.301
0.781566,-0.612159,0.120066,356.358,-252.91,52.7701,542.651,-366.241,79.0621,125.956,-98.6664,19.3505,1901.44,-1491.96,292.301
0.781566,-0.612159,0.120066,543.264,-366.595,79.1474,734.996,-471.152,105.485,125.956,-98.6664,19.3505,1901.44,-1491.96,292.301
0.781566,-0.612159,0.120066,735.657,-471.493,105.574,916.732,-559.821,129.863,125.956,-98.6664,19.3505,1901.44,-1491.96,292.301
-0.702846,-0.673609,0.228598,-113.551,-112.722,37.5577,-167.492,-169.06,55.9122,-115.521,-110.702,37.5706,-1746.39,-1670.78,567.527
-0.702846,-0.673609,0.228598,-170.246,-171.989,56.8581,-226.169,-232.609,76.2658,-115.521,-110.702,37.5706,-1746.39,-1670.78,567.527
-0.702846,-0.673609,0.228598,-229.031,-235.772,77.2695,-300.331,-316.536,102.62,-115.521,-110.702,37.5706,-1746.39,-1670.78,567.527
-0.702846,-0.673609,0.228598,-300.751,-317.023,102.772,-439.144,-485.597,154.107,-115.521,-110.702,37.5706,-1746.39,-1670.78,567.527
-0.702846,-0.673609,0.228598,-439.557,-486.125,154.265,-569.881,-661.44,205.692,-115.521,-110.702,37.5706,-1746.39,-1670.78,567.527
-0.702846,-0.673609,0.228598,-570.289,-662.018,205.859,-682.858,-829.068,253.272,-115.521,-110.702,37.5706,-1746.39,-1670.78,567.527
-0.96072,0.263639,0.0866719,-155,39.6877,13.9206,-230.94,57.1715,20.6508,-154.293,42.3505,13.9199,-2330.18,641.613,210.269
-0.96072,0.263639,0.0866719,-234.933,58.054,21.0042,-315.678,75.11,28.1389,-154.293,42.3505,13.9199,-2330.18,641.613,210.269
-0.96072,0.263639,0.0866719,-319.807,75.9418,28.503,-425.683,95.9567,37.8245,-154.293,42.3505,13.9199,-2330.18,641.613,210.269
-0.96072,0.263639,0.0866719,-426.293,96.0647,37.8781,-641.798,129.034,56.7416,-154.293,42.3505,13.9199,-2330.18,641.613,210.269
-0.96072,0.263639,0.0866719,-642.536,129.129,56.806,-859.718,151.994,75.6957,-154.293,42.3505,13.9199,-2330.18,641.613,210.269
-0.96072,0.263639,0.0866719,-860.452,152.053,75.7593,-1061.51,164.055,93.1754,-154.293,42.3505,13.9199,-2330.18,641.613,210.269
-0.128933,0.697145,-0.705241,-32.8803,156.585,-159.168,-51.6181,232.29,-236.758,-29.0849,157.334,-159.159,-436.648,2377.13,-2404.2
-0.128933,0.697145,-0.705241,-52.639,236.206,-240.784,-74.5131,315.816,-322.929,-29.0849,157.334,-159.159,-436.648,2377.13,-2404.2
-0.128933,0.697145,-0.705241,-75.6839,319.868,-327.126,-107.352,422.935,-434.414,-29.0849,157.334,-159.159,-436.648,2377.13,-2404.2
-0.128933,0.697145,-0.705241,-107.55,423.542,-435.048,-181.932,628.914,-652.424,-29.0849,157.334,-159.159,-436.648,2377.13,-2404.2
-0.128933,0.697145,-0.705241,-182.187,629.552,-653.107,-270.271,830.219,-871.179,-29.0849,157.334,-159.159,-436.648,2377.13,-2404.2
-0.128933,0.697145,-0.705241,-270.568,830.837,-871.861,-363.625,1010.69,-1073.37,-29.0849,157.334,-159.159,-436.648,2377.13,-2404.2
0.345482,0.822084,0.45257,59.1475,148.666,81.2081,85.8898,221.925,120.785,61.9981,147.5,81.2031,938.531,2227.23,1226.62
0.345482,0.822084,0.45257,87.236,225.73,122.833,113.956,303.804,164.708,61.9981,147.5,81.2031,938.531,2227.23,1226.62
0.345482,0.822084,0.45257,115.284,307.82,166.854,147.735,410.581,221.538,61.9981,147.5,81.2031,938.531,2227.23,1226.62
0.345482,0.822084,0.45257,147.917,411.187,221.86,205.375,621.582,332.527,61.9981,147.5,81.2031,938.531,2227.23,1226.62
0.345482,0.822084,0.45257,205.553,622.314,332.909,252,835.92,443.827,61.9981,147.5,81.2031,938.531,2227.23,1226.62
0.345482,0.822084,0.45257,252.132,836.616,444.187,284.971,1035.57,546.507,61.9981,147.5,81.2031,938.531,2227.23,1226.62
-0.83776,0.302636,-0.4545,-151.499,51.4581,-81.6475,-226.039,74.3724,-121.354,-150.479,54.3705,-81.6394,-2272.33,823.354,-1233.21
-0.83776,0.302636,-0.4545,-229.914,75.522,-123.412,-309.257,98.166,-165.42,-150.479,54.3705,-81.6394,-2272.33,823.354,-1233.21
-0.83776,0.302636,-0.4545,-313.346,99.287,-167.578,-417.636,126.378,-222.437,-150.479,54.3705,-81.6394,-2272.33,823.354,-1233.21
-0.83776,0.302636,-0.4545,-418.263,126.533,-222.766,-631.422,173.059,-333.858,-150.479,54.3705,-81.6394,-2272.33,823.354,-1233.21
-0.83776,0.302636,-0.4545,-632.087,173.186,-334.202,-847.801,208.508,-445.502,-150.479,54.3705,-81.6394,-2272.33,823.354,-1233.21
-0.83776,0.302636,-0.4545,-848.517,208.606,-445.87,-1048.99,231.074,-548.597,-150.479,54.3705,-81.6394,-2272.33,823.354,-1233.21
-0.634522,0.757845,-0.151829,-104.825,120.879,-24.5843,-157.362,178.464,-36.58,-102.707,122.683,-24.5776,-1549.95,1854.47,-371.26
-0.634522,0.757845,-0.151829,-160.13,181.445,-37.206,-216.846,241.382,-49.9023,-102.707,122.683,-24.5776,-1549.95,1854.47,-371.26
-0.634522,0.757845,-0.151829,-219.776,244.422,-50.5519,-295.467,321.052,-67.1331,-102.707,122.683,-24.5776,-1549.95,1854.47,-371.26
-0.634522,0.757845,-0.151829,-295.939,321.519,-67.2353,-454.584,471.147,-100.809,-102.707,122.683,-24.5776,-1549.95,1854.47,-371.26
-0.634522,0.757845,-0.151829,-455.097,471.608,-100.915,-620.916,613.757,-134.548,-102.707,122.683,-24.5776,-1549.95,1854.47,-371.26
-0.634522,0.757845,-0.151829,-621.478,614.216,-134.659,-780.234,738.219,-165.683,-102.707,122.683,-24.5776,-1549.95,1854.47,-371.26
0.657002,0.0200661,-0.753622,169.464,9.85654,-194.673,237.401,16.4439,-272.951,159.926,4.87055,-183.444,2415.87,70.6145,-2771.04
0.657002,0.0200661,-0.753622,241.411,16.8807,-277.575,323.376,26.9744,-372.284,159.926,4.87055,-183.444,2415.87,70.6145,-2771.04
0.657002,0.0200661,-0.753622,327.544,27.5476,-377.108,434.147,44.1975,-500.85,159.926,4.87055,-183.444,2415.87,70.6145,-2771.04
0.657002,0.0200661,-0.753622,434.732,44.2995,-501.531,648.549,89.4963,-752.179,159.926,4.87055,-183.444,2415.87,70.6145,-2771.04
0.657002,0.0200661,-0.753622,649.221,89.6635,-752.973,860.058,150.236,-1004.54,159.926,4.87055,-183.444,2415.87,70.6145,-2771.04
0.657002,0.0200661,-0.753622,860.732,150.457,-1005.35,919.898,170.449,-1076.95,159.926,4.87055,-183.444,2415.87,70.6145,-2771.04
-0.133275,-0.924942,-0.355977,-19.9084,-158.757,-60.9473,-27.4829,-236.372,-90.6795,-22.8285,-158.363,-60.9488,-346.899,-2391.88,-920.671
-0.133275,-0.924942,-0.355977,-27.8373,-240.394,-92.2188,-34.2681,-322.662,-123.679,-22.8285,-158.363,-60.9488,-346.899,-2391.88,-920.671
-0.133275,-0.924942,-0.355977,-34.5555,-326.879,-125.291,-40.5091,-434.485,-166.38,-22.8285,-158.363,-60.9488,-346.899,-2391.88,-920.671
-0.133275,-0.924942,-0.355977,-40.5354,-435.099,-166.615,-44.4035,-653.139,-249.769,-22.8285,-158.363,-60.9488,-346.899,-2391.88,-920.671
-0.133275,-0.924942,-0.355977,-44.3981,-653.878,-250.051,-37.3066,-872.277,-333.404,-22.8285,-158.363,-60.9488,-346.899,-2391.88,-920.671
-0.133275,-0.924942,-0.355977,-37.2656,-872.988,-333.675,-21.0048,-1073.89,-410.572,-22.8285,-158.363,-60.9488,-346.899,-2391.88,-920.671
-0.6646,-0.306116,-0.681616,-143.729,-70.299,-149.077,-212.576,-106.974,-221.771,-145.33,-66.9258,-149.046,-2196.42,-1008.54,-2251.43
-0.6646,-0.306116,-0.681616,-216.108,-108.91,-225.525,-287.995,-149.505,-302.46,-145.33,-66.9258,-149.046,-2196.42,-1008.54,-2251.43
-0.6646,-0.306116,-0.681616,-291.64,-151.625,-306.389,-383.925,-207.344,-406.867,-145.33,-66.9258,-149.046,-2196.42,-1008.54,-2251.43
-0.6646,-0.306116,-0.681616,-384.474,-207.688,-407.471,-565.799,-329.381,-611.065,-145.33,-66.9258,-149.046,-2196.42,-1008.54,-2251.43
-0.6646,-0.306116,-0.681616,-566.363,-329.787,-611.714,-740.054,-463.273,-815.969,-145.33,-66.9258,-149.046,-2196.42,-1008.54,-2251.43
-0.6646,-0.306116,-0.681616,-740.587,-463.711,-816.613,-893.11,-596.727,-1005.33,-145.33,-66.9258,-149.046,-2196.42,-1008.54,-2251.43
-0.288964,0.646983,-0.705629,-68.7615,144.471,-159.351,-104.782,213.639,-237.016,-65.2372,146.096,-159.333,-982.942,2207.99,-2406.83
-0.288964,0.646983,-0.705629,-106.697,217.209,-241.051,-146.678,289.436,-323.265,-65.2372,146.096,-159.333,-982.942,2207.99,-2406.83
-0.288964,0.646983,-0.705629,-148.773,293.105,-327.472,-203.794,385.824,-434.84,-65.2372,146.096,-159.333,-982.942,2207.99,-2406.83
-0.288964,0.646983,-0.705629,-204.132,386.374,-435.483,-324.752,568.47,-653.035,-65.2372,146.096,-159.333,-982.942,2207.99,-2406.83
-0.288964,0.646983,-0.705629,-325.155,569.036,-653.726,-457.993,743.332,-871.946,-65.2372,146.096,-159.333,-982.942,2207.99,-2406.83
-0.288964,0.646983,-0.705629,-458.43,743.868,-872.635,-591.158,896.771,-1074.26,-65.2372,146.096,-159.333,-982.942,2207.99,-2406.83
0.394355,0.863222,0.315169,63.8465,146.709,53.1422,93.0602,218.971,79.0751,66.4939,145.529,53.135,1006.3,2197.45,802.638
0.394355,0.863222,0.315169,94.5531,222.764,80.4309,124.005,299.769,107.856,66.4939,145.529,53.135,1006.3,2197.45,802.638
0.394355,0.863222,0.315169,125.501,303.798,109.285,161.735,405.284,145.128,66.4939,145.529,53.135,1006.3,2197.45,802.638
0.394355,0.863222,0.315169,161.936,405.871,145.334,227.613,613.8,217.833,66.4939,145.529,53.135,1006.3,2197.45,802.638
0.394355,0.863222,0.315169,227.819,614.513,218.08,283.258,825.874,290.723,66.4939,145.529,53.135,1006.3,2197.45,802.638
0.394355,0.863222,0.315169,283.416,826.543,290.951,325.235,1023.68,357.953,66.4939,145.529,53.135,1006.3,2197.45,802.638
0.104886,-0.4355,0.894058,84.8029,-270.257,565.849,87.582,-277.348,581.048,37.4436,-155.557,319.34,561.387,-2350.8,4823.84
0.104886,-0.4355,0.894058,89.8515,-283.083,593.357,100.188,-308.608,648.316,37.4436,-155.557,319.34,561.387,-2350.8,4823.84
0.104886,-0.4355,0.894058,101.812,-312.535,656.796,145.818,-411.28,872.579,37.4436,-155.557,319.34,561.387,-2350.8,4823.84
0.104886,-0.4355,0.894058,146.086,-411.841,873.819,169.669,-459.667,980.241,37.4436,-155.557,319.34,561.387,-2350.8,4823.84
-0.708658,-0.485357,0.512086,-130.18,-93.0222,95.3957,-192.259,-140.201,141.923,-132.013,-90.4023,95.3901,-1995.42,-1363.71,1440.93
-0.708658,-0.485357,0.512086,-195.46,-142.686,144.341,-260.102,-193.994,193.583,-132.013,-90.4023,95.3901,-1995.42,-1363.71,1440.93
-0.708658,-0.485357,0.512086,-263.382,-196.656,196.103,-346.128,-265.737,260.421,-132.013,-90.4023,95.3901,-1995.42,-1363.71,1440.93
-0.708658,-0.485357,0.512086,-346.593,-266.135,260.786,-508.232,-412.641,390.965,-132.013,-90.4023,95.3901,-1995.42,-1363.71,1440.93
-0.708658,-0.485357,0.512086,-508.76,-413.147,391.402,-662.526,-568.64,521.914,-132.013,-90.4023,95.3901,-1995.42,-1363.71,1440.93
-0.708658,-0.485357,0.512086,-663,-569.147,522.329,-797.143,-719.858,642.746,-132.013,-90.4023,95.3901,-1995.42,-1363.71,1440.93
-0.263958,0.725766,0.635288,-57.9988,149.118,131.628,-88.7129,220.817,195.873,-54.6757,150.368,131.619,-823.543,2272.26,1988.19
-0.263958,0.725766,0.635288,-90.3421,224.505,199.194,-124.604,299.598,267.175,-54.6757,150.368,131.619,-823.543,2272.26,1988.19
-0.263958,0.725766,0.635288,-126.405,303.423,270.657,-173.849,400.229,359.412,-54.6757,150.368,131.619,-823.543,2272.26,1988.19
-0.263958,0.725766,0.635288,-174.134,400.789,359.929,-278.997,592.249,539.644,-54.6757,150.368,131.619,-823.543,2272.26,1988.19
-0.263958,0.725766,0.635288,-279.358,592.863,540.23,-395.968,778.161,720.439,-54.6757,150.368,131.619,-823.543,2272.26,1988.19
-0.263958,0.725766,0.635288,-396.346,778.721,720.995,-513.873,943.254,887.4,-54.6757,150.368,131.619,-823.543,2272.26,1988.19
0.248222,-0.955982,0.156473,42.8877,-154.145,25.3492,65.762,-228.658,37.6625,40.2019,-154.867,25.3479,605.368,-2339.86,382.896
0.248222,-0.955982,0.156473,66.9923,-232.543,38.3062,92.6428,-310.972,51.3418,40.2019,-154.867,25.3479,605.368,-2339.86,382.896
0.248222,-0.955982,0.156473,93.9936,-314.974,52.0092,129.677,-416.601,69.0323,40.2019,-154.867,25.3479,605.368,-2339.86,382.896
0.248222,-0.955982,0.156473,129.906,-417.228,69.1377,209.389,-620.297,103.599,40.2019,-154.867,25.3479,605.368,-2339.86,382.896
0.248222,-0.955982,0.156473,209.66,-620.943,103.71,298.823,-820.317,138.202,40.2019,-154.867,25.3479,605.368,-2339.86,382.896
0.248222,-0.955982,0.156473,299.14,-820.983,138.318,389.65,-1000.89,170.131,40.2019,-154.867,25.3479,605.368,-2339.86,382.896
-0.77064,-0.120225,0.625827,-157.507,-28.1343,128.389,-233.82,-44.342,191.112,-158.09,-24.6511,128.381,-2388.43,-369.906,1939.28
-0.77064,-0.120225,0.625827,-237.738,-45.2202,194.34,-318.035,-64.2203,260.681,-158.09,-24.6511,128.381,-2388.43,-369.906,1939.28
-0.77064,-0.120225,0.625827,-322.159,-65.2481,264.097,-426.328,-92.913,350.756,-158.09,-24.6511,128.381,-2388.43,-369.906,1939.28
-0.77064,-0.120225,0.625827,-426.953,-93.089,351.278,-635.218,-158.543,526.846,-158.09,-24.6511,128.381,-2388.43,-369.906,1939.28
-0.77064,-0.120225,0.625827,-635.862,-158.767,527.394,-840.315,-236.814,703.407,-158.09,-24.6511,128.381,-2388.43,-369.906,1939.28
-0.77064,-0.120225,0.625827,-841,-237.099,704.004,-1025.31,-320,866.557,-158.09,-24.6511,128.381,-2388.43,-369.906,1939.28
-0.000438535,0.900412,0.435037,-3.10309,159.97,77.3295,-6.80657,237.855,114.975,-0.0677864,160,77.3045,1.13652,2416.9,1167.73
-0.000438535,0.900412,0.435037,-7.03828,241.898,116.93,-12.6055,324.184,156.744,-0.0677864,160,77.3045,1.13652,2416.9,1167.73
-0.000438535,0.900412,0.435037,-12.938,328.445,158.808,-22.7439,435.755,210.828,-0.0677864,160,77.3045,1.13652,2416.9,1167.73
-0.000438535,0.900412,0.435037,-22.8102,436.388,211.134,-51.0557,652.635,316.41,-0.0677864,160,77.3045,1.13652,2416.9,1167.73
-0.000438535,0.900412,0.435037,-51.1731,653.382,316.775,-90.7024,868.353,422.287,-0.0677864,160,77.3045,1.13652,2416.9,1167.73
-0.000438535,0.900412,0.435037,-90.8489,869.048,422.63,-137.178,1065.27,519.97,-0.0677864,160,77.3045,1.13652,2416.9,1167.73
0.944578,0.317261,0.0843686,150.774,53.5462,13.5401,223.511,81.5204,20.0683,151.676,50.9347,13.5473,2291.78,767.549,204.64
0.944578,0.317261,0.0843686,227.314,83.0215,20.4109,303.795,114.038,27.3242,151.676,50.9347,13.5473,2291.78,767.549,204.64
0.944578,0.317261,0.0843686,307.681,115.655,27.6767,406.654,158.271,36.7,151.676,50.9347,13.5473,2291.78,767.549,204.64
0.944578,0.317261,0.0843686,407.217,158.521,36.7516,604.315,251.719,55.0058,151.676,50.9347,13.5473,2291.78,767.549,204.64
0.944578,0.317261,0.0843686,604.977,252.052,55.0678,797.854,354.611,73.3621,151.676,50.9347,13.5473,2291.78,767.549,204.64
0.944578,0.317261,0.0843686,798.444,354.943,73.4187,971.842,457.444,90.2821,151.676,50.9347,13.5473,2291.78,767.549,204.64
0.731633,0.178919,-0.6578,154.517,41.5276,-139.748,229.081,64.3567,-208.037,155.423,37.9958,-139.736,2348.37,571.441,-2110.8
0.731633,0.178919,-0.6578,232.942,65.5884,-211.586,311.243,91.6317,-283.847,155.423,37.9958,-139.736,2348.37,571.441,-2110.8
0.731633,0.178919,-0.6578,315.262,93.0236,-287.571,416.604,129.934,-382.028,155.423,37.9958,-139.736,2348.37,571.441,-2110.8
0.731633,0.178919,-0.6578,417.153,130.144,-382.543,618.626,214.305,-573.786,155.423,37.9958,-139.736,2348.37,571.441,-2110.8
0.731633,0.178919,-0.6578,619.256,214.592,-574.391,815.663,311.429,-766.165,155.423,37.9958,-139.736,2348.37,571.441,-2110.8
0.731633,0.178919,-0.6578,816.276,311.755,-766.773,991.992,411.938,-943.91,155.423,37.9958,-139.736,2348.37,571.441,-2110.8
0.705586,0.691546,0.154638,112.31,113.959,25.0465,165.586,170.855,37.2491,114.275,111.988,25.0433,1727.57,1690.24,378.295
0.705586,0.691546,0.154638,168.343,173.852,37.8866,223.634,235.099,50.803,114.275,111.988,25.0433,1727.57,1690.24,378.295
0.705586,0.691546,0.154638,226.438,238.264,51.4648,296.874,319.742,68.3243,114.275,111.988,25.0433,1727.57,1690.24,378.295
0.705586,0.691546,0.154638,297.307,320.255,68.4294,433.989,490.174,102.582,114.275,111.988,25.0433,1727.57,1690.24,378.295
0.705586,0.691546,0.154638,434.413,490.727,102.691,563.098,667.19,136.894,114.275,111.988,25.0433,1727.57,1690.24,378.295
0.705586,0.691546,0.154638,563.516,667.793,137.009,674.624,835.758,168.533,114.275,111.988,25.0433,1727.57,1690.24,378.295
0.930866,0.258723,0.257976,153.374,45.5664,42.7158,227.464,69.7205,63.4857,154.159,42.8368,42.7222,2329.21,645.136,645.345
0.930866,0.258723,0.257976,231.343,71.024,64.5764,309.292,98.0521,86.5653,154.159,42.8368,42.7222,2329.21,645.136,645.345
0.930866,0.258723,0.257976,313.285,99.4797,87.6955,414.24,136.995,116.404,154.159,42.8368,42.7222,2329.21,645.136,645.345
0.930866,0.258723,0.257976,414.873,137.239,116.585,616.414,220.544,174.728,154.159,42.8368,42.7222,2329.21,645.136,645.345
0.930866,0.258723,0.257976,617.059,220.829,174.916,814.642,313.949,233.16,154.159,42.8368,42.7222,2329.21,645.136,645.345
0.930866,0.258723,0.257976,815.306,314.282,233.359,993.39,408.608,287.075,154.159,42.8368,42.7222,2329.21,645.136,645.345
-0.122903,-0.975396,0.183025,-17.2385,-159.069,29.783,-23.5517,-236.813,44.2357,-20.0116,-158.744,29.7872,-304.25,-2397.67,449.954
-0.122903,-0.975396,0.183025,-23.8411,-240.823,44.9805,-29.0013,-323.11,60.2602,-20.0116,-158.744,29.7872,-304.25,-2397.67,449.954
-0.122903,-0.975396,0.183025,-29.2295,-327.398,61.056,-33.6423,-435.027,81.0198,-20.0116,-158.744,29.7872,-304.25,-2397.67,449.954
-0.122903,-0.975396,0.183025,-33.6615,-435.685,81.1419,-34.8272,-653.774,121.562,-20.0116,-158.744,29.7872,-304.25,-2397.67,449.954
-0.122903,-0.975396,0.183025,-34.8146,-654.458,121.689,-25.5841,-872.691,162.162,-20.0116,-158.744,29.7872,-304.25,-2397.67,449.954
-0.122903,-0.975396,0.183025,-25.5365,-873.41,162.295,-7.82317,-1074.04,199.625,-20.0116,-158.744,29.7872,-304.25,-2397.67,449.954
-0.887771,0.456477,0.0590891,-143.529,70.7061,9.44424,-214.336,103.301,13.9642,-142.288,73.1723,9.47081,-2148.45,1107.05,143.063
-0.887771,0.456477,0.0590891,-218.049,104.97,14.2002,-293.561,138.093,18.9809,-142.288,73.1723,9.47081,-2148.45,1107.05,143.063
-0.887771,0.456477,0.0590891,-297.499,139.778,19.2294,-397.079,180.961,25.4806,-142.288,73.1723,9.47081,-2148.45,1107.05,143.063
-0.887771,0.456477,0.0590891,-397.649,181.189,25.5162,-601.941,257.429,38.1712,-142.288,73.1723,9.47081,-2148.45,1107.05,143.063
-0.887771,0.456477,0.0590891,-602.61,257.661,38.2122,-810.582,324.344,50.8869,-142.288,73.1723,9.47081,-2148.45,1107.05,143.063
-0.887771,0.456477,0.0590891,-811.274,324.548,50.9288,-1005.59,377.319,62.6215,-142.288,73.1723,9.47081,-2148.45,1107.05,143.063
-0.693265,-0.597167,-0.403454,-119.257,-106.667,-70.5448,-175.962,-160.175,-104.903,-121.233,-104.415,-70.5494,-1832.69,-1575.64,-1065.69
-0.693265,-0.597167,-0.403454,-178.885,-162.986,-106.69,-237.768,-220.783,-143.057,-121.233,-104.415,-70.5494,-1832.69,-1575.64,-1065.69
-0.693265,-0.597167,-0.403454,-240.761,-223.781,-144.924,-315.896,-301.034,-192.443,-121.233,-104.415,-70.5494,-1832.69,-1575.64,-1065.69
-0.693265,-0.597167,-0.403454,-316.324,-301.486,-192.718,-462.282,-463.521,-288.877,-121.233,-104.415,-70.5494,-1832.69,-1575.64,-1065.69
-0.693265,-0.597167,-0.403454,-462.765,-464.086,-289.204,-600.541,-633.752,-385.572,-121.233,-104.415,-70.5494,-1832.69,-1575.64,-1065.69
-0.693265,-0.597167,-0.403454,-600.965,-634.302,-385.878,-720.18,-796.868,-474.802,-121.233,-104.415,-70.5494,-1832.69,-1575.64,-1065.69
0.634398,-0.76684,0.0974475,104.096,-121.507,15.6578,156.428,-179.369,23.4662,101.982,-123.287,15.6662,1539,-1863.57,236.647
0.634398,-0.76684,0.0974475,159.14,-182.314,23.8668,215.587,-242.497,32.1233,101.982,-123.287,15.6662,1539,-1863.57,236.647
0.634398,-0.76684,0.0974475,218.509,-245.555,32.5467,293.863,-322.531,43.3285,101.982,-123.287,15.6662,1539,-1863.57,236.647
0.634398,-0.76684,0.0974475,294.327,-322.995,43.3942,452.202,-473.326,65.2143,101.982,-123.287,15.6662,1539,-1863.57,236.647
0.634398,-0.76684,0.0974475,452.77,-473.842,65.2911,617.853,-616.872,87.1428,101.982,-123.287,15.6662,1539,-1863.57,236.647
0.634398,-0.76684,0.0974475,618.396,-617.32,87.2132,776.43,-742.178,107.381,101.982,-123.287,15.6662,1539,-1863.57,236.647
0.706105,0.695034,0.135441,112.072,114.192,21.8794,165.247,171.224,32.4509,114.034,112.233,21.872,1723.93,1693.95,330.391
0.706105,0.695034,0.135441,167.978,174.205,32.999,223.101,235.526,44.1742,114.034,112.233,21.872,1723.93,1693.95,330.391
0.706105,0.695034,0.135441,225.936,238.74,44.755,296.229,320.394,59.3594,114.034,112.233,21.872,1723.93,1693.95,330.391
0.706105,0.695034,0.135441,296.635,320.877,59.4449,432.97,491.015,88.9905,114.034,112.233,21.872,1723.93,1693.95,330.391
0.706105,0.695034,0.135441,433.42,491.604,89.0908,561.854,668.255,118.651,114.034,112.233,21.872,1723.93,1693.95,330.391
0.706105,0.695034,0.135441,562.263,668.848,118.749,673.184,836.989,145.993,114.034,112.233,21.872,1723.93,1693.95,330.391
0.974372,-0.166514,-0.151238,158.16,-24.1953,-24.5142,235.487,-34.0317,-36.4975,157.712,-26.9613,-24.4797,2382.01,-409.207,-369.78
0.974372,-0.166514,-0.151238,239.527,-34.5093,-37.1229,321.561,-43.4291,-49.8128,157.712,-26.9613,-24.4797,2382.01,-409.207,-369.78
0.974372,-0.166514,-0.151238,325.763,-43.8461,-50.462,433.125,-53.1966,-67.0317,157.712,-26.9613,-24.4797,2382.01,-409.207,-369.78
0.974372,-0.166514,-0.151238,433.728,-53.242,-67.1246,651.513,-64.4785,-100.662,157.712,-26.9613,-24.4797,2382.01,-409.207,-369.78
0.974372,-0.166514,-0.151238,652.202,-64.4977,-100.768,870.609,-65.3995,-134.351,157.712,-26.9613,-24.4797,2382.01,-409.207,-369.78
0.974372,-0.166514,-0.151238,871.334,-65.3853,-134.463,1072.54,-57.0302,-165.427,157.712,-26.9613,-24.4797,2382.01,-409.207,-369.78
-0.337375,0.634388,-0.695507,-78.4687,139.437,-154.89,-119.121,205.978,-230.387,-75.1155,141.272,-154.876,-1132.28,2135.27,-2339.49
-0.337375,0.634388,-0.695507,-121.28,209.416,-234.318,-166.068,278.734,-314.234,-75.1155,141.272,-154.876,-1132.28,2135.27,-2339.49
-0.337375,0.634388,-0.695507,-168.421,282.273,-318.35,-229.61,371.082,-422.77,-75.1155,141.272,-154.876,-1132.28,2135.27,-2339.49
-0.337375,0.634388,-0.695507,-229.964,371.579,-423.361,-362.498,545.194,-634.851,-75.1155,141.272,-154.876,-1132.28,2135.27,-2339.49
-0.337375,0.634388,-0.695507,-362.928,545.72,-635.509,-506.941,710.845,-847.715,-75.1155,141.272,-154.876,-1132.28,2135.27,-2339.49
-0.337375,0.634388,-0.695507,-507.416,711.355,-848.391,-649.834,855.279,-1044.5,-75.1155,141.272,-154.876,-1132.28,2135.27,-2339.49
-0.82329,0.291922,-0.4868,-151.823,50.4967,-89.1757,-226.517,72.8519,-132.584,-150.797,53.4807,-89.1664,-2277.14,809.958,-1346.91
-0.82329,0.291922,-0.4868,-230.416,73.9762,-134.843,-309.931,95.9951,-180.777,-150.797,53.4807,-89.1664,-2277.14,809.958,-1346.91
-0.82329,0.291922,-0.4868,-314.035,97.0848,-183.141,-418.55,123.313,-243.122,-150.797,53.4807,-89.1664,-2277.14,809.958,-1346.91
-0.82329,0.291922,-0.4868,-419.18,123.462,-243.483,-632.764,168.075,-364.95,-150.797,53.4807,-89.1664,-2277.14,809.958,-1346.91
-0.82329,0.291922,-0.4868,-633.433,168.196,-365.329,-849.52,201.375,-487.036,-150.797,53.4807,-89.1664,-2277.14,809.958,-1346.91
-0.82329,0.291922,-0.4868,-850.24,201.466,-487.441,-1050.99,221.759,-599.757,-150.797,53.4807,-89.1664,-2277.14,809.958,-1346.91
0.44961,0.819697,0.354892,74.3816,141.659,60.7044,108.814,211.637,90.2641,76.9548,140.278,60.7362,1164.27,2117.99,917.459
0.44961,0.819697,0.354892,110.559,215.269,91.7913,145.558,290.008,123.07,76.9548,140.278,60.7362,1164.27,2117.99,917.459
0.44961,0.819697,0.354892,147.308,293.844,124.668,190.786,392.467,165.515,76.9548,140.278,60.7362,1164.27,2117.99,917.459
0.44961,0.819697,0.354892,191.021,393.021,165.743,271.478,595.722,248.377,76.9548,140.278,60.7362,1164.27,2117.99,917.459
0.44961,0.819697,0.354892,271.727,596.399,248.65,342.066,803.222,331.343,76.9548,140.278,60.7362,1164.27,2117.99,917.459
0.44961,0.819697,0.354892,342.292,803.948,331.631,397.802,997.735,407.96,76.9548,140.278,60.7362,1164.27,2117.99,917.459
-0.37498,-0.920463,0.110168,-57.8044,-149.193,17.7378,-84.3402,-222.545,26.1898,-60.3728,-148.173,17.7348,-913.781,-2237.5,267.895
-0.37498,-0.920463,0.110168,-85.6713,-226.328,26.6245,-112.325,-304.399,35.5647,-60.3728,-148.173,17.7348,-913.781,-2237.5,267.895
-0.37498,-0.920463,0.110168,-113.658,-308.424,36.0241,-146.273,-411.079,47.6947,-60.3728,-148.173,17.7348,-913.781,-2237.5,267.895
-0.37498,-0.920463,0.110168,-146.464,-411.707,47.7659,-205.128,-621.738,71.4096,-60.3728,-148.173,17.7348,-913.781,-2237.5,267.895
-0.37498,-0.920463,0.110168,-205.296,-622.399,71.4837,-254.064,-835.284,95.1742,-60.3728,-148.173,17.7348,-913.781,-2237.5,267.895
-0.37498,-0.920463,0.110168,-254.208,-835.988,95.2521,-290.229,-1034.12,117.086,-60.3728,-148.173,17.7348,-913.781,-2237.5,267.895
0.551363,0.118607,-0.825792,192.829,49.1746,-291.473,202.016,51.9067,-305.513,156.425,33.6329,-234.277,2363.62,504.674,-3538.91
0.551363,0.118607,-0.825792,202.181,51.956,-305.765,230.175,60.507,-348.639,156.425,33.6329,-234.277,2363.62,504.674,-3538.91
0.551363,0.118607,-0.825792,234.002,61.7022,-354.511,312.427,87.6224,-475.52,156.425,33.6329,-234.277,2363.62,504.674,-3538.91
0.551363,0.118607,-0.825792,316.418,89.0144,-481.712,417.569,126.726,-639.877,156.425,33.6329,-234.277,2363.62,504.674,-3538.91
0.551363,0.118607,-0.825792,418.136,126.951,-640.771,618.02,215.982,-961.437,156.425,33.6329,-234.277,2363.62,504.674,-3538.91
0.551363,0.118607,-0.825792,618.661,216.3,-962.485,657.729,236.099,-1026.65,156.425,33.6329,-234.277,2363.62,504.674,-3538.91
-0.797492,-0.457224,0.39364,-137.291,-82.1654,68.5244,-203.047,-124.136,102.004,-138.81,-79.5723,68.5139,-2097.87,-1200.15,1034.95
-0.797492,-0.457224,0.39364,-206.41,-126.328,103.727,-275.051,-172.057,139.123,-138.81,-79.5723,68.5139,-2097.87,-1200.15,1034.95
-0.797492,-0.457224,0.39364,-278.58,-174.461,140.955,-366.851,-236.261,187.193,-138.81,-79.5723,68.5139,-2097.87,-1200.15,1034.95
-0.797492,-0.457224,0.39364,-367.368,-236.633,187.466,-541.113,-368.421,281.034,-138.81,-79.5723,68.5139,-2097.87,-1200.15,1034.95
-0.797492,-0.457224,0.39364,-541.705,-368.894,281.359,-708.875,-509.672,375.101,-138.81,-79.5723,68.5139,-2097.87,-1200.15,1034.95
-0.797492,-0.457224,0.39364,-709.404,-510.141,375.404,-857.045,-647.387,461.843,-138.81,-79.5723,68.5139,-2097.87,-1200.15,1034.95
0.81851,-0.258187,0.513207,153.521,-45.071,95.6856,229.009,-64.5859,142.328,152.586,-48.142,95.6735,2304.22,-729.376,1445.21
0.81851,-0.258187,0.513207,232.95,-65.5616,144.757,313.26,-84.55,194.122,152.586,-48.142,95.6735,2304.22,-729.376,1445.21
0.81851,-0.258187,0.513207,317.391,-85.48,196.654,422.864,-107.685,261.127,152.586,-48.142,95.6735,2304.22,-729.376,1445.21
0.81851,-0.258187,0.513207,423.477,-107.805,261.5,638.615,-144.004,391.981,152.586,-48.142,95.6735,2304.22,-729.376,1445.21
0.81851,-0.258187,0.513207,639.344,-144.107,392.421,856.656,-168.562,523.193,152.586,-48.142,95.6735,2304.22,-729.376,1445.21
0.81851,-0.258187,0.513207,857.359,-168.622,523.614,1058.86,-180.574,644.307,152.586,-48.142,95.6735,2304.22,-729.376,1445.21
0.837153,0.0982257,-0.538077,158.499,21.8622,-102.145,235.387,34.8159,-151.768,158.911,18.6346,-102.139,2400.72,279.195,-1542.87
0.837153,0.0982257,-0.538077,239.377,35.5309,-154.348,320.46,50.9871,-206.874,158.911,18.6346,-102.139,2400.72,279.195,-1542.87
0.837153,0.0982257,-0.538077,324.589,51.8217,-209.555,429.956,74.6833,-278.162,158.911,18.6346,-102.139,2400.72,279.195,-1542.87
0.837153,0.0982257,-0.538077,430.531,74.8164,-278.538,641.668,129.859,-417.405,158.911,18.6346,-102.139,2400.72,279.195,-1542.87
0.837153,0.0982257,-0.538077,642.349,130.057,-417.856,850.626,196.878,-557.054,158.911,18.6346,-102.139,2400.72,279.195,-1542.87
0.837153,0.0982257,-0.538077,851.263,197.102,-557.484,1039.87,268.951,-685.929,158.911,18.6346,-102.139,2400.72,279.195,-1542.87
-0.18849,0.94065,-0.282222,-34.2288,156.296,-47.0714,-52.8938,231.981,-70.0485,-31.427,156.883,-47.069,-472.736,2370.22,-711.006
-0.18849,0.94065,-0.282222,-53.9036,235.92,-71.2471,-75.1593,315.633,-95.5644,-31.427,156.883,-47.069,-472.736,2370.22,-711.006
-0.18849,0.94065,-0.282222,-76.2925,319.724,-96.8155,-106.355,423.208,-128.577,-31.427,156.883,-47.069,-472.736,2370.22,-711.006
-0.18849,0.94065,-0.282222,-106.535,423.798,-128.759,-174.948,630.836,-193.026,-31.427,156.883,-47.069,-472.736,2370.22,-711.006
-0.18849,0.94065,-0.282222,-175.197,631.532,-193.244,-253.779,835.409,-257.622,-31.427,156.883,-47.069,-472.736,2370.22,-711.006
-0.18849,0.94065,-0.282222,-254.04,836.039,-257.823,-335.27,1020.44,-317.204,-31.427,156.883,-47.069,-472.736,2370.22,-711.006
0.6925,0.50914,0.511098,126.997,97.3234,95.1473,187.443,146.584,141.617,128.915,94.7677,95.1408,1948.68,1429.7,1437.16
0.6925,0.50914,0.511098,190.555,149.173,144.03,253.426,202.644,193.218,128.915,94.7677,95.1408,1948.68,1429.7,1437.16
0.6925,0.50914,0.511098,256.611,205.413,195.732,336.968,277.27,259.976,128.915,94.7677,95.1408,1948.68,1429.7,1437.16
0.6925,0.50914,0.511098,337.414,277.68,260.337,493.975,429.613,390.376,128.915,94.7677,95.1408,1948.68,1429.7,1437.16
0.6925,0.50914,0.511098,494.482,430.133,390.809,642.867,590.782,521.169,128.915,94.7677,95.1408,1948.68,1429.7,1437.16
0.6925,0.50914,0.511098,643.32,591.3,521.579,772.236,746.525,641.848,128.915,94.7677,95.1408,1948.68,1429.7,1437.16
-0.191149,-0.697476,-0.690644,-38.628,-155.267,-152.813,-54.7826,-231.542,-227.282,-42.302,-154.307,-152.798,-641.593,-2330.19,-2308.12
-0.191149,-0.697476,-0.690644,-55.5765,-235.532,-231.167,-70.6618,-316.687,-310.014,-42.302,-154.307,-152.798,-641.593,-2330.19,-2308.12
-0.191149,-0.697476,-0.690644,-71.3815,-320.856,-314.054,-87.9674,-427.435,-417.078,-42.302,-154.307,-152.798,-641.593,-2330.19,-2308.12
-0.191149,-0.697476,-0.690644,-88.0491,-428.021,-417.643,-111.186,-645.195,-626.228,-42.302,-154.307,-152.798,-641.593,-2330.19,-2308.12
-0.191149,-0.697476,-0.690644,-111.236,-645.874,-626.879,-120.283,-864.787,-836.104,-42.302,-154.307,-152.798,-641.593,-2330.19,-2308.12
-0.191149,-0.697476,-0.690644,-120.289,-865.464,-836.75,-115.986,-1067.85,-1030.07,-42.302,-154.307,-152.798,-641.593,-2330.19,-2308.12
-0.75016,0.513174,-0.417028,-133.733,87.8374,-73.4173,-200.047,128.88,-109.275,-132.051,90.3465,-73.4128,-1993.51,1366.51,-1108.95
-0.75016,0.513174,-0.417028,-203.497,130.97,-111.13,-274.498,172.989,-149.063,-132.051,90.3465,-73.4128,-1993.51,1366.51,-1108.95
-0.75016,0.513174,-0.417028,-278.172,175.112,-151.013,-372.142,227.797,-200.541,-132.051,90.3465,-73.4128,-1993.51,1366.51,-1108.95
-0.75016,0.513174,-0.417028,-372.72,228.11,-200.843,-566.967,327.382,-301.12,-132.051,90.3465,-73.4128,-1993.51,1366.51,-1108.95
-0.75016,0.513174,-0.417028,-567.586,327.679,-301.436,-767.049,416.97,-401.913,-132.051,90.3465,-73.4128,-1993.51,1366.51,-1108.95
-0.75016,0.513174,-0.417028,-767.723,417.251,-402.248,-955.643,490.428,-494.972,-132.051,90.3465,-73.4128,-1993.51,1366.51,-1108.95
0.645901,0.254603,0.719715,147.366,62.3148,165.873,218.044,95.3096,246.726,148.858,58.6631,165.864,2249.62,883.536,2505.48
0.645901,0.254603,0.719715,221.681,97.064,250.912,295.557,133.917,336.487,148.858,58.6631,165.864,2249.62,883.536,2505.48
0.645901,0.254603,0.719715,299.312,135.853,340.866,394.323,186.945,452.688,148.858,58.6631,165.864,2249.62,883.536,2505.48
0.645901,0.254603,0.719715,394.839,187.233,453.301,581.745,300.229,679.736,148.858,58.6631,165.864,2249.62,883.536,2505.48
0.645901,0.254603,0.719715,582.364,300.633,680.502,761.847,426.432,907.739,148.858,58.6631,165.864,2249.62,883.536,2505.48
0.645901,0.254603,0.719715,762.421,426.863,908.483,909.693,544.584,1103.91,148.858,58.6631,165.864,2249.62,883.536,2505.48
0.67665,0.490808,0.548865,127.567,96.5742,105.065,188.273,145.493,156.319,129.523,93.9357,105.057,1957.88,1417.07,1586.95
0.67665,0.490808,0.548865,191.409,148.076,158.991,254.51,201.215,213.226,129.523,93.9357,105.057,1957.88,1417.07,1586.95
0.67665,0.490808,0.548865,257.738,203.996,216.028,338.407,275.528,286.912,129.523,93.9357,105.057,1957.88,1417.07,1586.95
0.67665,0.490808,0.548865,338.847,275.929,287.304,495.918,427.386,430.783,129.523,93.9357,105.057,1957.88,1417.07,1586.95
0.67665,0.490808,0.548865,496.419,427.897,431.254,645.125,588.324,575.104,129.523,93.9357,105.057,1957.88,1417.07,1586.95
0.67665,0.490808,0.548865,645.575,588.838,575.554,774.615,744.056,708.297,129.523,93.9357,105.057,1957.88,1417.07,1586.95
0.374357,-0.777625,-0.50513,72.2519,-142.757,-93.6566,109.552,-211.285,-139.336,69.3926,-144.169,-93.6464,1046.19,-2178.74,-1414.59
0.374357,-0.777625,-0.50513,111.502,-214.782,-141.68,152.442,-286.42,-189.978,69.3926,-144.169,-93.6464,1046.19,-2178.74,-1414.59
0.374357,-0.777625,-0.50513,154.587,-290.08,-192.461,210.369,-382.32,-255.56,69.3926,-144.169,-93.6464,1046.19,-2178.74,-1414.59
0.374357,-0.777625,-0.50513,210.69,-382.837,-255.916,331.062,-564.767,-383.601,69.3926,-144.169,-93.6464,1046.19,-2178.74,-1414.59
0.374357,-0.777625,-0.50513,331.486,-565.371,-384.032,461.896,-740.913,-512.018,69.3926,-144.169,-93.6464,1046.19,-2178.74,-1414.59
0.374357,-0.777625,-0.50513,462.322,-741.455,-512.421,590.94,-896.905,-630.496,69.3926,-144.169,-93.6464,1046.19,-2178.74,-1414.59
0.449093,0.449751,0.772036,116.465,123.495,206.223,118.45,125.726,209.852,113.064,113.21,194.352,1710.07,1707.94,2935.8
0.449093,0.449751,0.772036,122.94,130.79,218.076,161.267,174.987,289.155,113.064,113.21,194.352,1710.07,1707.94,2935.8
0.449093,0.449751,0.772036,163.88,178.065,294.062,216.377,241.77,394.368,113.064,113.21,194.352,1710.07,1707.94,2935.8
0.449093,0.449751,0.772036,219.032,245.089,399.533,284.834,330.612,530.666,113.064,113.21,194.352,1710.07,1707.94,2935.8
0.449093,0.449751,0.772036,285.189,331.091,531.392,408.745,511.421,797.104,113.064,113.21,194.352,1710.07,1707.94,2935.8
0.449093,0.449751,0.772036,409.115,512.008,797.947,518.083,699.184,1061.23,113.064,113.21,194.352,1710.07,1707.94,2935.8
0.852868,0.434847,0.289005,141.22,75.2128,48.3046,209.01,113.651,71.9389,142.546,72.6684,48.302,2154.17,1095.89,729.631
0.852868,0.434847,0.289005,212.549,115.701,73.1806,283.503,157.727,98.2093,142.546,72.6684,48.302,2154.17,1095.89,729.631
0.852868,0.434847,0.289005,287.162,159.942,99.5075,378.602,216.884,132.202,142.546,72.6684,48.302,2154.17,1095.89,729.631
0.852868,0.434847,0.289005,379.159,217.239,132.402,559.956,339.23,198.615,142.546,72.6684,48.302,2154.17,1095.89,729.631
0.852868,0.434847,0.289005,560.517,339.629,198.824,735.436,470.557,265.158,142.546,72.6684,48.302,2154.17,1095.89,729.631
0.852868,0.434847,0.289005,735.982,470.986,265.369,891.414,599.156,326.548,142.546,72.6684,48.302,2154.17,1095.89,729.631
-0.734212,0.296574,0.610718,-149.614,56.7066,123.411,-223.38,82.0962,183.525,-148.35,59.9362,123.401,-2239.99,907.651,1864.05
-0.734212,0.296574,0.610718,-227.189,83.3603,186.617,-305.789,108.423,250.182,-148.35,59.9362,123.401,-2239.99,907.651,1864.05
-0.734212,0.296574,0.610718,-309.865,109.67,253.466,-413.445,139.649,336.556,-148.35,59.9362,123.401,-2239.99,907.651,1864.05
-0.734212,0.296574,0.610718,-414.016,139.805,337.012,-626.15,191.168,505.228,-148.35,59.9362,123.401,-2239.99,907.651,1864.05
-0.734212,0.296574,0.610718,-626.838,191.314,505.771,-842.228,230.144,674.51,-148.35,59.9362,123.401,-2239.99,907.651,1864.05
-0.734212,0.296574,0.610718,-842.903,230.245,675.036,-1043.51,254.714,830.859,-148.35,59.9362,123.401,-2239.99,907.651,1864.05
0.404078,-0.913676,0.0437866,67.2113,-145.199,7.01294,101.675,-215.12,10.3932,64.7061,-146.332,7.01258,975.645,-2211.23,105.929
0.404078,-0.913676,0.0437866,103.503,-218.749,10.5696,141.289,-292.048,14.1481,64.7061,-146.332,7.01258,975.645,-2211.23,105.929
0.404078,-0.913676,0.0437866,143.283,-295.827,14.3335,194.661,-390.484,19.0035,64.7061,-146.332,7.01258,975.645,-2211.23,105.929
0.404078,-0.913676,0.0437866,194.988,-391.068,19.0325,305.619,-578.926,28.4904,64.7061,-146.332,7.01258,975.645,-2211.23,105.929
0.404078,-0.913676,0.0437866,306.01,-579.556,28.5225,425.513,-762.344,37.9732,64.7061,-146.332,7.01258,975.645,-2211.23,105.929
0.404078,-0.913676,0.0437866,425.926,-762.945,38.0047,543.617,-926.369,46.7127,64.7061,-146.332,7.01258,975.645,-2211.23,105.929
-0.664415,-0.735267,-0.133923,-105.207,-120.547,-21.6236,-154.878,-180.656,-32.1884,-107.28,-118.706,-21.6225,-1621.98,-1791.81,-326.621
-0.664415,-0.735267,-0.133923,-157.426,-183.796,-32.7363,-208.785,-248.304,-43.9117,-107.28,-118.706,-21.6225,-1621.98,-1791.81,-326.621
-0.664415,-0.735267,-0.133923,-211.423,-251.682,-44.4926,-276.719,-337.405,-59.0994,-107.28,-118.706,-21.6225,-1621.98,-1791.81,-326.621
-0.664415,-0.735267,-0.133923,-277.087,-337.901,-59.1831,-403.005,-515.892,-88.7514,-107.28,-118.706,-21.6225,-1621.98,-1791.81,-326.621
-0.664415,-0.735267,-0.133923,-403.419,-516.508,-88.8521,-521.011,-700.617,-118.462,-107.28,-118.706,-21.6225,-1621.98,-1791.81,-326.621
-0.664415,-0.735267,-0.133923,-521.363,-701.198,-118.554,-621.975,-875.712,-145.866,-107.28,-118.706,-21.6225,-1621.98,-1791.81,-326.621
-0.817209,-0.17303,0.549755,-155.817,-36.3446,105.311,-231.144,-56.4321,156.655,-156.532,-33.1319,105.301,-2365,-498.199,1590.64
-0.817209,-0.17303,0.549755,-235.064,-57.5218,159.334,-314.292,-80.492,213.659,-156.532,-33.1319,105.301,-2365,-498.199,1590.64
-0.817209,-0.17303,0.549755,-318.378,-81.7267,216.47,-421.141,-114.378,287.478,-156.532,-33.1319,105.301,-2365,-498.199,1590.64
-0.817209,-0.17303,0.549755,-421.699,-114.563,287.865,-626.706,-189.317,431.6,-156.532,-33.1319,105.301,-2365,-498.199,1590.64
-0.817209,-0.17303,0.549755,-627.365,-189.578,432.067,-828.343,-275.937,576.165,-156.532,-33.1319,105.301,-2365,-498.199,1590.64
-0.817209,-0.17303,0.549755,-828.972,-276.228,576.622,-1009.86,-365.81,709.59,-156.532,-33.1319,105.301,-2365,-498.199,1590.64
0.892745,-0.445525,-0.0671899,144.366,-68.9819,-10.7751,215.516,-100.803,-15.9945,143.159,-71.4536,-10.7747,2161.63,-1081.1,-162.759
0.892745,-0.445525,-0.0671899,219.251,-102.435,-16.2674,295.111,-134.731,-21.7914,143.159,-71.4536,-10.7747,2161.63,-1081.1,-162.759
0.892745,-0.445525,-0.0671899,299.074,-136.375,-22.0788,399.117,-176.473,-29.2984,143.159,-71.4536,-10.7747,2161.63,-1081.1,-162.759
0.892745,-0.445525,-0.0671899,399.67,-176.687,-29.3381,604.774,-250.675,-43.9532,143.159,-71.4536,-10.7747,2161.63,-1081.1,-162.759
0.892745,-0.445525,-0.0671899,605.454,-250.903,-44.0013,814.118,-315.275,-58.6514,143.159,-71.4536,-10.7747,2161.63,-1081.1,-162.759
0.892745,-0.445525,-0.0671899,814.843,-315.48,-58.7019,1009.82,-366.11,-72.2107,143.159,-71.4536,-10.7747,2161.63,-1081.1,-162.759
-0.820664,-0.437665,-0.367369,-139.767,-77.88,-63.2059,-207.249,-116.943,-95.1043,-141.183,-75.2824,-63.1981,-2133.64,-1135.34,-954.648
-0.820664,-0.437665,-0.367369,-210.722,-118.997,-96.7546,-281.277,-161.696,-130.49,-141.183,-75.2824,-63.1981,-2133.64,-1135.34,-954.648
-0.820664,-0.437665,-0.367369,-284.9,-163.938,-132.232,-375.794,-221.839,-176.315,-141.183,-75.2824,-63.1981,-2133.64,-1135.34,-954.648
-0.820664,-0.437665,-0.367369,-376.293,-222.166,-176.559,-555.647,-346.187,-265.762,-141.183,-75.2824,-63.1981,-2133.64,-1135.34,-954.648
-0.820664,-0.437665,-0.367369,-556.227,-346.61,-266.056,-729.38,-479.773,-355.422,-141.183,-75.2824,-63.1981,-2133.64,-1135.34,-954.648
-0.820664,-0.437665,-0.367369,-729.97,-480.251,-355.733,-883.553,-610.784,-438.185,-141.183,-75.2824,-63.1981,-2133.64,-1135.34,-954.648
0.0126667,0.66506,-0.746683,-1.38509,169.744,-190.585,-4.55029,237.911,-267.197,3.06052,159.971,-179.604,49.155,2416.4,-2713.04
0.0126667,0.66506,-0.746683,-4.78502,241.953,-271.743,-10.7117,324.257,-364.389,3.06052,159.971,-179.604,49.155,2416.4,-2713.04
0.0126667,0.66506,-0.746683,-11.0779,328.513,-369.186,-22.2551,435.798,-490.292,3.06052,159.971,-179.604,49.155,2416.4,-2713.04
0.0126667,0.66506,-0.746683,-22.33,436.412,-490.987,-56.3926,652.232,-736.308,3.06052,159.971,-179.604,49.155,2416.4,-2713.04
0.0126667,0.66506,-0.746683,-56.5303,652.941,-737.119,-105.958,866.649,-983.395,3.06052,159.971,-179.604,49.155,2416.4,-2713.04
0.0126667,0.66506,-0.746683,-106.137,867.313,-984.167,-129.676,950.218,-1080.9,3.06052,159.971,-179.604,49.155,2416.4,-2713.04
-0.130507,-0.500289,-0.855967,-45.5016,-213.71,-361.792,-46.2347,-218.149,-369.239,-40.4038,-154.815,-264.887,-613.965,-2337.62,-4001.28
-0.130507,-0.500289,-0.855967,-47.0814,-223.341,-377.946,-48.616,-232.942,-394.036,-40.4038,-154.815,-264.887,-613.965,-2337.62,-4001.28
-0.130507,-0.500289,-0.855967,-49.2428,-236.937,-400.728,-60.5893,-318.791,-537.48,-40.4038,-154.815,-264.887,-613.965,-2337.62,-4001.28
-0.130507,-0.500289,-0.855967,-61.0929,-322.973,-544.45,-71.5179,-430.479,-723.192,-40.4038,-154.815,-264.887,-613.965,-2337.62,-4001.28
-0.130507,-0.500289,-0.855967,-71.5629,-431.084,-724.195,-78.207,-601.96,-1007.21,-40.4038,-154.815,-264.887,-613.965,-2337.62,-4001.28
-0.54201,0.145453,-0.827689,-194.008,44.2935,-293.589,-201.949,45.7821,-305.509,-154.528,41.4857,-235.982,-2333.34,630.014,-3564.66
-0.54201,0.145453,-0.827689,-203.599,46.0876,-307.985,-232.381,51.2522,-351.13,-154.528,41.4857,-235.982,-2333.34,630.014,-3564.66
-0.54201,0.145453,-0.827689,-236.36,51.9402,-357.088,-317.96,64.6667,-478.951,-154.528,41.4857,-235.982,-2333.34,630.014,-3564.66
-0.54201,0.145453,-0.827689,-322.158,65.2504,-485.205,-429.356,77.8287,-644.429,-154.528,41.4857,-235.982,-2333.34,630.014,-3564.66
-0.54201,0.145453,-0.827689,-429.986,77.8894,-645.361,-648.487,89.7792,-968.147,-154.528,41.4857,-235.982,-2333.34,630.014,-3564.66
-0.54201,0.145453,-0.827689,-649.204,89.7881,-969.205,-685.452,89.9839,-1022.67,-154.528,41.4857,-235.982,-2333.34,630.014,-3564.66
-0.54201,0.145453,-0.827689,-686.579,89.9819,-1024.33,-688.152,89.9754,-1026.64,-154.528,41.4857,-235.982,-2333.34,630.014,-3564.66
0.0698601,-0.897947,-0.434524,15.4376,-159.254,-77.1999,25.2291,-236.635,-114.77,12.4004,-159.519,-77.192,185.162,-2409.8,-1166.03
0.0698601,-0.897947,-0.434524,25.7733,-240.624,-116.709,37.7618,-322.229,-156.441,12.4004,-159.519,-77.192,185.162,-2409.8,-1166.03
0.0698601,-0.897947,-0.434524,38.4257,-326.446,-158.497,56.5955,-432.67,-210.402,12.4004,-159.519,-77.192,185.162,-2409.8,-1166.03
0.0698601,-0.897947,-0.434524,56.7094,-433.288,-210.705,101.794,-646.674,-315.734,12.4004,-159.519,-77.192,185.162,-2409.8,-1166.03
0.0698601,-0.897947,-0.434524,101.968,-647.402,-316.094,158.21,-858.627,-421.346,12.4004,-159.519,-77.192,185.162,-2409.8,-1166.03
0.0698601,-0.897947,-0.434524,158.409,-859.304,-421.685,219.966,-1051.31,-518.748,12.4004,-159.519,-77.192,185.162,-2409.8,-1166.03
-0.00137706,-0.572661,-0.819791,6.17248,-189.149,-270.982,6.297,-190.978,-273.605,-0.400689,-159.999,-229.047,-9.44962,-2416.88,-3459.9
-0.00137706,-0.572661,-0.819791,6.84987,-198.882,-284.949,9.91237,-237.769,-340.795,-0.400689,-159.999,-229.047,-9.44962,-2416.88,-3459.9
-0.00137706,-0.572661,-0.819791,10.2608,-241.782,-346.562,18.7396,-323.93,-464.779,-0.400689,-159.999,-229.047,-9.44962,-2416.88,-3459.9
-0.00137706,-0.572661,-0.819791,19.2431,-328.136,-470.842,34.3221,-435.023,-625.363,-0.400689,-159.999,-229.047,-9.44962,-2416.88,-3459.9
-0.00137706,-0.572661,-0.819791,34.4197,-435.626,-626.238,78.2117,-650.008,-939.615,-0.400689,-159.999,-229.047,-9.44962,-2416.88,-3459.9
-0.00137706,-0.572661,-0.819791,78.3778,-650.68,-940.606,94.1822,-711.472,-1030.56,-0.400689,-159.999,-229.047,-9.44962,-2416.88,-3459.9
0.0446121,-0.926555,-0.373504,10.653,-159.645,-64.4245,17.9089,-237.313,-95.8174,7.68498,-159.815,-64.4231,113.992,-2414.21,-973.151
0.0446121,-0.926555,-0.373504,18.32,-241.306,-97.4328,27.5891,-323.296,-130.638,7.68498,-159.815,-64.4231,113.992,-2414.21,-973.151
0.0446121,-0.926555,-0.373504,28.1065,-327.496,-132.341,42.6602,-434.243,-175.689,7.68498,-159.815,-64.4231,113.992,-2414.21,-973.151
0.0446121,-0.926555,-0.373504,42.7561,-434.887,-175.951,80.3398,-649.729,-263.715,7.68498,-159.815,-64.4231,113.992,-2414.21,-973.151
0.0446121,-0.926555,-0.373504,80.4794,-650.423,-264,128.929,-863.495,-351.922,7.68498,-159.815,-64.4231,113.992,-2414.21,-973.151
0.0446121,-0.926555,-0.373504,129.106,-864.193,-352.212,183.26,-1058.31,-433.311,7.68498,-159.815,-64.4231,113.992,-2414.21,-973.151
0.678374,0.396905,0.618284,136.31,83.7834,125.861,201.359,126.877,187.119,138.105,80.7896,125.867,2087.41,1218.24,1901.29
0.678374,0.396905,0.618284,204.672,129.125,190.263,272.393,176.26,255.033,138.105,80.7896,125.867,2087.41,1218.24,1901.29
0.678374,0.396905,0.618284,275.859,178.733,258.375,362.642,242.682,343.001,138.105,80.7896,125.867,2087.41,1218.24,1901.29
0.678374,0.396905,0.618284,363.145,243.065,343.496,532.952,380.28,514.903,138.105,80.7896,125.867,2087.41,1218.24,1901.29
0.678374,0.396905,0.618284,533.462,380.717,515.43,695.174,528.172,687.252,138.105,80.7896,125.867,2087.41,1218.24,1901.29
0.678374,0.396905,0.618284,695.698,528.679,687.824,836.963,673.187,846.501,138.105,80.7896,125.867,2087.41,1218.24,1901.29
-0.100506,-0.972392,-0.2106,-13.6576,-159.416,-34.47,-18.2955,-237.268,-51.2621,-16.4592,-159.151,-34.469,-250.605,-2403.87,-520.676
-0.100506,-0.972392,-0.2106,-18.4989,-241.292,-52.1296,-21.8873,-323.689,-69.8866,-16.4592,-159.151,-34.469,-250.605,-2403.87,-520.676
-0.100506,-0.972392,-0.2106,-22.0225,-327.961,-70.8071,-24.1129,-435.654,-94.0012,-16.4592,-159.151,-34.469,-250.605,-2403.87,-520.676
-0.100506,-0.972392,-0.2106,-24.1179,-436.317,-94.1441,-20.5525,-654.372,-141.104,-16.4592,-159.151,-34.469,-250.605,-2403.87,-520.676
-0.100506,-0.972392,-0.2106,-20.5247,-655.062,-141.253,-6.48922,-873.036,-188.292,-16.4592,-159.151,-34.469,-250.605,-2403.87,-520.676
-0.100506,-0.972392,-0.2106,-6.42468,-873.76,-188.449,15.7516,-1074,-231.779,-16.4592,-159.151,-34.469,-250.605,-2403.87,-520.676
0.257444,-0.964585,-0.0574261,43.9011,-153.859,-9.19871,67.1754,-228.251,-13.7154,41.2503,-154.591,-9.20337,621.228,-2335.7,-139.023
0.257444,-0.964585,-0.0574261,68.425,-232.125,-13.9512,94.461,-310.363,-18.7269,41.2503,-154.591,-9.20337,621.228,-2335.7,-139.023
0.257444,-0.964585,-0.0574261,95.8507,-314.414,-18.9747,132.004,-415.853,-25.2114,41.2503,-154.591,-9.20337,621.228,-2335.7,-139.023
0.257444,-0.964585,-0.0574261,132.241,-416.493,-25.251,212.586,-619.175,-37.8701,41.2503,-154.591,-9.20337,621.228,-2335.7,-139.023
0.257444,-0.964585,-0.0574261,212.872,-619.849,-37.9125,302.78,-818.858,-50.5479,41.2503,-154.591,-9.20337,621.228,-2335.7,-139.023
0.257444,-0.964585,-0.0574261,303.102,-819.528,-50.5909,394.188,-999.102,-62.249,41.2503,-154.591,-9.20337,621.228,-2335.7,-139.023
0.971824,0.230193,0.0506985,155.038,39.5381,8.12213,230.056,60.7221,12.0456,155.694,36.8693,8.1222,2352.3,555.039,122.691
0.971824,0.230193,0.0506985,233.96,61.8616,12.2503,312.901,85.7,16.3981,155.694,36.8693,8.1222,2352.3,555.039,122.691
0.971824,0.230193,0.0506985,316.984,86.9746,16.6132,419.409,120.255,22.0446,155.694,36.8693,8.1222,2352.3,555.039,122.691
0.971824,0.230193,0.0506985,420.049,120.471,22.0787,624.955,195.047,33.0878,155.694,36.8693,8.1222,2352.3,555.039,122.691
0.971824,0.230193,0.0506985,625.607,195.302,33.1231,827.098,279.512,44.1639,155.694,36.8693,8.1222,2352.3,555.039,122.691
0.971824,0.230193,0.0506985,827.77,279.812,44.2011,1009.87,365.744,54.3768,155.694,36.8693,8.1222,2352.3,555.039,122.691
-0.0710302,0.65105,0.755704,-23.0908,168.172,195.89,-34.9808,235.351,274.604,-17.3393,159.058,184.624,-258.968,2402.99,2788.86
-0.0710302,0.65105,0.755704,-35.7369,239.347,279.297,-52.2276,320.253,374.578,-17.3393,159.058,184.624,-258.968,2402.99,2788.86
-0.0710302,0.65105,0.755704,-53.1292,324.378,379.45,-78.0821,429.305,503.931,-17.3393,159.058,184.624,-258.968,2402.99,2788.86
-0.0710302,0.65105,0.755704,-78.2404,429.922,504.666,-140.079,639.53,756.972,-17.3393,159.058,184.624,-258.968,2402.99,2788.86
-0.0710302,0.65105,0.755704,-140.3,640.19,757.774,-217.287,845.608,1011,-17.3393,159.058,184.624,-258.968,2402.99,2788.86
-0.0710302,0.65105,0.755704,-217.56,846.265,1011.82,-238.386,895.058,1073.04,-17.3393,159.058,184.624,-258.968,2402.99,2788.86
0.169621,0.971923,0.163076,24.7657,158.072,26.4439,34.8907,235.344,39.3048,27.5168,157.616,26.4462,417.6,2380.55,399.486
0.169621,0.971923,0.163076,35.3857,239.399,39.9787,44.6119,321.375,53.5896,27.5168,157.616,26.4462,417.6,2380.55,399.486
0.169621,0.971923,0.163076,45.0472,325.599,54.2902,54.7801,432.877,72.0618,27.5168,157.616,26.4462,417.6,2380.55,399.486
0.169621,0.971923,0.163076,54.8309,433.53,72.1699,66.8345,651.244,108.153,27.5168,157.616,26.4462,417.6,2380.55,399.486
0.169621,0.971923,0.163076,66.8571,651.964,108.272,68.5147,870.375,144.305,27.5168,157.616,26.4462,417.6,2380.55,399.486
0.169621,0.971923,0.163076,68.503,871.094,144.423,60.8534,1072.41,177.698,27.5168,157.616,26.4462,417.6,2380.55,399.486
-0.914275,-0.0903813,0.394882,-158.903,-18.7067,68.772,-236.091,-30.0027,102.199,-159.225,-15.7303,68.7699,-2405.4,-235.509,1038.81
-0.914275,-0.0903813,0.394882,-240.055,-30.6217,103.918,-321.417,-44.162,139.26,-159.225,-15.7303,68.7699,-2405.4,-235.509,1038.81
-0.914275,-0.0903813,0.394882,-325.618,-44.9047,141.088,-431.475,-65.0469,187.278,-159.225,-15.7303,68.7699,-2405.4,-235.509,1038.81
-0.914275,-0.0903813,0.394882,-432.096,-65.1733,187.55,-644.614,-114.073,281.058,-159.225,-15.7303,68.7699,-2405.4,-235.509,1038.81
-0.914275,-0.0903813,0.394882,-645.346,-114.262,281.382,-855.516,-174.06,375.081,-159.225,-15.7303,68.7699,-2405.4,-235.509,1038.81
-0.914275,-0.0903813,0.394882,-856.226,-174.281,375.4,-1047.17,-238.904,461.843,-159.225,-15.7303,68.7699,-2405.4,-235.509,1038.81
0.855821,0.209517,-0.472941,154.644,41.0515,-85.8971,229.354,63.3246,-127.795,155.413,38.0366,-85.8824,2348.14,572.422,-1297.31
0.855821,0.209517,-0.472941,233.239,64.5251,-129.98,311.83,89.7204,-174.333,155.413,38.0366,-85.8824,2348.14,572.422,-1297.31
0.855821,0.209517,-0.472941,315.837,91.0518,-176.603,417.678,126.432,-234.545,155.413,38.0366,-85.8824,2348.14,572.422,-1297.31
0.855821,0.209517,-0.472941,418.233,126.633,-234.862,621.306,206.349,-352.115,155.413,38.0366,-85.8824,2348.14,572.422,-1297.31
0.855821,0.209517,-0.472941,621.959,206.625,-352.496,820.889,297.195,-469.997,155.413,38.0366,-85.8824,2348.14,572.422,-1297.31
0.855821,0.209517,-0.472941,821.569,297.526,-470.403,1000.65,390.389,-578.862,155.413,38.0366,-85.8824,2348.14,572.422,-1297.31
0.69918,-0.500839,0.510203,131.909,-90.5539,94.8863,197.463,-132.808,141.053,130.066,-93.1821,94.9155,1963.41,-1409.41,1433.76
0.69918,-0.500839,0.510203,200.874,-134.958,143.44,271.106,-178.19,192.253,130.066,-93.1821,94.9155,1963.41,-1409.41,1433.76
0.69918,-0.500839,0.510203,274.775,-180.395,194.786,367.887,-234.604,258.55,130.066,-93.1821,94.9155,1963.41,-1409.41,1433.76
0.69918,-0.500839,0.510203,368.461,-234.928,258.94,561.342,-336.939,388.104,130.066,-93.1821,94.9155,1963.41,-1409.41,1433.76
0.69918,-0.500839,0.510203,561.956,-337.243,388.509,760.483,-428.779,517.938,130.066,-93.1821,94.9155,1963.41,-1409.41,1433.76
0.69918,-0.500839,0.510203,761.177,-429.076,518.385,948.633,-503.862,637.898,130.066,-93.1821,94.9155,1963.41,-1409.41,1433.76
0.455346,-0.714727,-0.530872,88.6733,-133.18,-100.236,133.793,-196.83,-149.012,85.9608,-134.947,-100.229,1296.55,-2039.69,-1514.03
0.455346,-0.714727,-0.530872,136.143,-200.073,-151.515,185.291,-266.368,-203.108,85.9608,-134.947,-100.229,1296.55,-2039.69,-1514.03
0.455346,-0.714727,-0.530872,187.846,-269.736,-205.751,254.209,-354.714,-273.163,85.9608,-134.947,-100.229,1296.55,-2039.69,-1514.03
0.455346,-0.714727,-0.530872,254.575,-355.17,-273.529,395.86,-521.444,-409.956,85.9608,-134.947,-100.229,1296.55,-2039.69,-1514.03
0.455346,-0.714727,-0.530872,396.33,-521.967,-410.396,546.909,-680.499,-547.145,85.9608,-134.947,-100.229,1296.55,-2039.69,-1514.03
0.455346,-0.714727,-0.530872,547.443,-681.031,-547.617,694.018,-819.772,-673.807,85.9608,-134.947,-100.229,1296.55,-2039.69,-1514.03
-0.250845,0.649482,-0.717809,-61.2971,147.793,-164.976,-93.7995,218.725,-245.441,-57.6333,149.26,-164.957,-867.98,2255.66,-2491.78
-0.250845,0.649482,-0.717809,-95.5171,222.352,-249.58,-131.825,296.459,-334.693,-57.6333,149.26,-164.957,-867.98,2255.66,-2491.78
-0.250845,0.649482,-0.717809,-133.75,300.258,-339.085,-184.138,395.617,-450.326,-57.6333,149.26,-164.957,-867.98,2255.66,-2491.78
-0.250845,0.649482,-0.717809,-184.433,396.155,-450.959,-296.044,583.889,-676.275,-57.6333,149.26,-164.957,-867.98,2255.66,-2491.78
-0.250845,0.649482,-0.717809,-296.441,584.509,-677.034,-420.882,764.901,-903.126,-57.6333,149.26,-164.957,-867.98,2255.66,-2491.78
-0.250845,0.649482,-0.717809,-421.323,765.496,-903.889,-541.356,917.774,-1103.94,-57.6333,149.26,-164.957,-867.98,2255.66,-2491.78
-0.529018,0.830262,-0.175515,-88.313,133.42,-28.5339,-132.954,197.392,-42.4931,-85.9697,134.942,-28.5252,-1296.96,2039.44,-430.891
-0.529018,0.830262,-0.175515,-135.278,200.659,-43.2104,-183.698,267.407,-57.9629,-85.9697,134.942,-28.5252,-1296.96,2039.44,-430.891
-0.529018,0.830262,-0.175515,-186.242,270.846,-58.7282,-251.376,356.663,-78.0031,-85.9697,134.942,-28.5252,-1296.96,2039.44,-430.891
-0.529018,0.830262,-0.175515,-251.767,357.166,-78.1172,-389.663,526.017,-117.13,-85.9697,134.942,-28.5252,-1296.96,2039.44,-430.891
-0.529018,0.830262,-0.175515,-390.159,526.596,-117.267,-536.175,688.98,-156.346,-85.9697,134.942,-28.5252,-1296.96,2039.44,-430.891
-0.529018,0.830262,-0.175515,-536.696,689.533,-156.482,-678.087,832.991,-192.519,-85.9697,134.942,-28.5252,-1296.96,2039.44,-430.891
0.841697,0.464484,-0.27532,138.687,79.786,-45.8265,205.242,120.408,-68.2109,140.09,77.2967,-45.822,2117.12,1165.84,-692.171
0.841697,0.464484,-0.27532,208.677,122.548,-69.3728,278.3,166.855,-93.0641,140.09,77.2967,-45.822,2117.12,1165.84,-692.171
0.841697,0.464484,-0.27532,281.835,169.153,-94.2744,371.398,228.972,-125.189,140.09,77.2967,-45.822,2117.12,1165.84,-692.171
0.841697,0.464484,-0.27532,371.955,229.355,-125.383,548.778,357.003,-187.994,140.09,77.2967,-45.822,2117.12,1165.84,-692.171
0.841697,0.464484,-0.27532,549.338,357.429,-188.196,720,493.768,-250.925,140.09,77.2967,-45.822,2117.12,1165.84,-692.171
0.841697,0.464484,-0.27532,720.569,494.245,-251.138,871.938,627.277,-309.01,140.09,77.2967,-45.822,2117.12,1165.84,-692.171
0.691801,-0.168483,-0.702158,156.322,-34.1107,-157.791,233.042,-47.9799,-234.649,155.453,-37.8726,-157.784,2347.57,-574.744,-2383.42
0.691801,-0.168483,-0.702158,237.058,-48.655,-238.664,318.639,-61.2877,-320.036,155.453,-37.8726,-157.784,2347.57,-574.744,-2383.42
0.691801,-0.168483,-0.702158,322.823,-61.88,-324.201,429.832,-75.2013,-430.488,155.453,-37.8726,-157.784,2347.57,-574.744,-2383.42
0.691801,-0.168483,-0.702158,430.452,-75.2683,-431.103,648.279,-91.5535,-646.439,155.453,-37.8726,-157.784,2347.57,-574.744,-2383.42
0.691801,-0.168483,-0.702158,648.953,-91.5816,-647.103,868.099,-93.4702,-863.145,155.453,-37.8726,-157.784,2347.57,-574.744,-2383.42
0.691801,-0.168483,-0.702158,868.771,-93.4538,-863.808,1070.97,-82.3515,-1063.43,155.453,-37.8726,-157.784,2347.57,-574.744,-2383.42
-0.162884,-0.940658,-0.29771,-24.4672,-158.118,-49.8937,-34.395,-235.484,-74.253,-27.3086,-157.652,-49.8961,-414.522,-2381.09,-753.712
-0.162884,-0.940658,-0.29771,-34.8697,-239.475,-75.508,-43.8236,-321.514,-101.284,-27.3086,-157.652,-49.8961,-414.522,-2381.09,-753.712
-0.162884,-0.940658,-0.29771,-44.2402,-325.709,-102.601,-53.5467,-433.077,-136.261,-27.3086,-157.652,-49.8961,-414.522,-2381.09,-753.712
-0.162884,-0.940658,-0.29771,-53.5919,-433.685,-136.452,-64.4566,-651.473,-204.554,-27.3086,-157.652,-49.8961,-414.522,-2381.09,-753.712
-0.162884,-0.940658,-0.29771,-64.475,-652.204,-204.783,-64.6425,-870.715,-273.025,-27.3086,-157.652,-49.8961,-414.522,-2381.09,-753.712
-0.162884,-0.940658,-0.29771,-64.6264,-871.39,-273.236,-55.2791,-1072.69,-336.169,-27.3086,-157.652,-49.8961,-414.522,-2381.09,-753.712
0.345206,-0.710432,-0.613286,73.0275,-142.362,-124.241,110.868,-210.558,-184.751,69.917,-143.915,-124.232,1053.92,-2175.01,-1876.6
0.345206,-0.710432,-0.613286,112.867,-214.068,-187.884,154.555,-285.313,-251.925,69.917,-143.915,-124.232,1053.92,-2175.01,-1876.6
0.345206,-0.710432,-0.613286,156.729,-288.929,-255.198,213.656,-380.47,-338.826,69.917,-143.915,-124.232,1053.92,-2175.01,-1876.6
0.345206,-0.710432,-0.613286,213.996,-380.999,-339.314,337.384,-561.093,-508.708,69.917,-143.915,-124.232,1053.92,-2175.01,-1876.6
0.345206,-0.710432,-0.613286,337.779,-561.634,-509.227,471.926,-734.52,-679.062,69.917,-143.915,-124.232,1053.92,-2175.01,-1876.6
0.345206,-0.710432,-0.613286,472.389,-735.082,-679.627,605.188,-887.379,-836.455,69.917,-143.915,-124.232,1053.92,-2175.01,-1876.6
-0.315904,0.690003,0.651231,-69.863,143.942,137.295,-106.258,212.922,204.148,-66.5933,145.483,137.304,-1003.6,2198.68,2074.06
-0.315904,0.690003,0.651231,-108.183,216.473,207.611,-148.412,288.547,278.382,-66.5933,145.483,137.304,-1003.6,2198.68,2074.06
-0.315904,0.690003,0.651231,-150.518,292.213,282.007,-205.702,384.871,374.475,-66.5933,145.483,137.304,-1003.6,2198.68,2074.06
-0.315904,0.690003,0.651231,-206.013,385.374,374.982,-326.27,567.6,562.202,-66.5933,145.483,137.304,-1003.6,2198.68,2074.06
-0.315904,0.690003,0.651231,-326.67,568.167,562.796,-458.33,743.137,750.554,-66.5933,145.483,137.304,-1003.6,2198.68,2074.06
-0.315904,0.690003,0.651231,-458.755,743.667,751.136,-589.721,897.765,924.525,-66.5933,145.483,137.304,-1003.6,2198.68,2074.06
-0.337002,-0.865567,0.370436,-55.2945,-150.142,63.8127,-80.2211,-223.981,94.7201,-58.0593,-149.094,63.8092,-878.974,-2251.4,963.878
-0.337002,-0.865567,0.370436,-81.492,-227.866,96.3411,-106.382,-306.566,129.07,-58.0593,-149.094,63.8092,-878.974,-2251.4,963.878
-0.337002,-0.865567,0.370436,-107.61,-310.586,130.736,-137.753,-414.056,173.463,-58.0593,-149.094,63.8092,-878.974,-2251.4,963.878
-0.337002,-0.865567,0.370436,-137.918,-414.648,173.706,-190.999,-626.167,260.18,-58.0593,-149.094,63.8092,-878.974,-2251.4,963.878
-0.337002,-0.865567,0.370436,-191.16,-626.885,260.472,-233.584,-841.275,347.157,-58.0593,-149.094,63.8092,-878.974,-2251.4,963.878
-0.337002,-0.865567,0.370436,-233.7,-841.951,347.429,-263.171,-1041.36,427.389,-58.0593,-149.094,63.8092,-878.974,-2251.4,963.878
-0.772255,0.559568,0.300842,-131.226,91.5411,50.4753,-196.387,134.401,75.0984,-129.557,93.8876,50.473,-1955.85,1419.88,762.426
-0.772255,0.559568,0.300842,-199.772,136.584,76.3701,-269.551,180.624,102.418,-129.557,93.8876,50.473,-1955.85,1419.88,762.426
-0.772255,0.559568,0.300842,-273.15,182.847,103.753,-365.533,238.314,137.771,-129.557,93.8876,50.473,-1955.85,1419.88,762.426
-0.772255,0.559568,0.300842,-366.074,238.63,137.969,-556.997,343.951,206.811,-129.557,93.8876,50.473,-1955.85,1419.88,762.426
-0.772255,0.559568,0.300842,-557.662,344.297,207.048,-753.931,440.32,276.02,-129.557,93.8876,50.473,-1955.85,1419.88,762.426
-0.772255,0.559568,0.300842,-754.56,440.609,276.239,-939.542,520.519,339.834,-129.557,93.8876,50.473,-1955.85,1419.88,762.426
0.459467,0.30777,-0.833167,160.946,117.035,-299.877,163.855,119.331,-305.459,132.942,89.0302,-241.052,2010.13,1341.93,-3641.24
0.459467,0.30777,-0.833167,168.599,123.089,-314.576,191.425,141.422,-358.68,132.942,89.0302,-241.052,2010.13,1341.93,-3641.24
0.459467,0.30777,-0.833167,194.532,143.949,-364.714,257.711,197.18,-489.197,132.942,89.0302,-241.052,2010.13,1341.93,-3641.24
0.459467,0.30777,-0.833167,260.888,199.952,-495.551,340.674,272.672,-658.229,132.942,89.0302,-241.052,2010.13,1341.93,-3641.24
0.459467,0.30777,-0.833167,341.128,273.105,-659.173,493.205,430.536,-989.042,132.942,89.0302,-241.052,2010.13,1341.93,-3641.24
0.459467,0.30777,-0.833167,493.673,431.062,-990.103,507.951,447.298,-1022.67,132.942,89.0302,-241.052,2010.13,1341.93,-3641.24
0.0215749,0.470146,0.882325,-3.16625,255.73,479.918,-3.59743,261.692,491.124,7.35403,159.831,299.957,115.216,2414.15,4531.04
0.0215749,0.470146,0.882325,-4.18422,269.468,505.741,-9.10936,324.328,608.996,7.35403,159.831,299.957,115.216,2414.15,4531.04
0.0215749,0.470146,0.882325,-9.54698,328.561,616.975,-23.4138,435.764,819.615,7.35403,159.831,299.957,115.216,2414.15,4531.04
0.0215749,0.470146,0.882325,-23.5046,436.351,820.729,-38.9565,524.306,988.082,7.35403,159.831,299.957,115.216,2414.15,4531.04
0.91597,0.222802,-0.333703,154.755,40.6297,-56.6477,229.594,62.5292,-84.2485,155.469,37.8066,-56.6391,2348.95,569.087,-855.569
0.91597,0.222802,-0.333703,233.465,63.7014,-85.6803,312.142,88.3689,-114.863,155.469,37.8066,-56.6391,2348.95,569.087,-855.569
0.91597,0.222802,-0.333703,316.226,89.6934,-116.382,418.28,124.237,-154.513,155.469,37.8066,-56.6391,2348.95,569.087,-855.569
0.91597,0.222802,-0.333703,418.887,124.451,-154.741,622.767,202.02,-231.928,155.469,37.8066,-56.6391,2348.95,569.087,-855.569
0.91597,0.222802,-0.333703,623.388,202.275,-232.166,823.511,290.028,-309.46,155.469,37.8066,-56.6391,2348.95,569.087,-855.569
0.91597,0.222802,-0.333703,824.142,290.323,-309.706,1004.61,379.98,-380.992,155.469,37.8066,-56.6391,2348.95,569.087,-855.569
0.100655,-0.846618,0.522596,22.0745,-158.47,98.0813,35.1501,-235.353,145.911,18.8788,-158.882,98.0733,282.91,-2400.28,1481.46
0.100655,-0.846618,0.522596,35.8681,-239.327,148.387,51.4208,-320.363,198.995,18.8788,-158.882,98.0733,282.91,-2400.28,1481.46
0.100655,-0.846618,0.522596,52.2651,-324.518,201.596,75.2019,-429.796,267.681,18.8788,-158.882,98.0733,282.91,-2400.28,1481.46
0.100655,-0.846618,0.522596,75.3508,-430.438,268.085,130.519,-641.55,401.924,18.8788,-158.882,98.0733,282.91,-2400.28,1481.46
0.100655,-0.846618,0.522596,130.712,-642.216,402.349,197.538,-850.404,536.465,18.8788,-158.882,98.0733,282.91,-2400.28,1481.46
0.100655,-0.846618,0.522596,197.785,-851.104,536.92,269.562,-1039.74,660.707,18.8788,-158.882,98.0733,282.91,-2400.28,1481.46
-0.649407,0.758169,0.0587323,-106.154,119.713,9.42415,-159.351,176.686,13.9783,-104.078,121.523,9.41342,-1570.68,1836.94,142.196
-0.649407,0.758169,0.0587323,-162.156,179.637,14.2161,-219.512,238.877,19.0322,-104.078,121.523,9.41342,-1570.68,1836.94,142.196
-0.649407,0.758169,0.0587323,-222.52,241.927,19.2823,-299.062,317.68,25.5691,-104.078,121.523,9.41342,-1570.68,1836.94,142.196
-0.649407,0.758169,0.0587323,-299.553,318.155,25.6089,-459.814,466.018,38.3351,-104.078,121.523,9.41342,-1570.68,1836.94,142.196
-0.649407,0.758169,0.0587323,-460.346,466.485,38.3765,-627.602,606.893,51.1206,-104.078,121.523,9.41342,-1570.68,1836.94,142.196
-0.649407,0.758169,0.0587323,-628.183,607.358,51.164,-788.082,729.736,62.9191,-104.078,121.523,9.41342,-1570.68,1836.94,142.196
-0.649407,0.758169,0.0587323,-105.635,120.172,8.30647,-212.535,83.2272,-200.849,-104.078,121.523,9.41342,-1570.68,1836.94,142.196
-0.649407,0.758169,0.0587323,-229.274,77.4423,-233.599,-306.582,50.7249,-384.855,-104.078,121.523,9.41342,-1570.68,1836.94,142.196
-0.649407,0.758169,0.0587323,-325.727,44.1084,-422.314,-418.274,12.1243,-603.386,-104.078,121.523,9.41342,-1570.68,1836.94,142.196
-0.649407,0.758169,0.0587323,-436.947,5.67127,-639.919,-616.413,-56.3519,-991.053,-104.078,121.523,9.41342,-1570.68,1836.94,142.196
-0.382063,-0.847758,0.367878,-63.0456,-147.055,63.303,-91.7326,-219.525,94.0575,-65.7491,-145.867,63.2993,-995.089,-2202.54,956.176
-0.382063,-0.847758,0.367878,-93.1989,-223.334,95.6679,-122.07,-300.613,128.223,-65.7491,-145.867,63.2993,-995.089,-2202.54,956.176
-0.382063,-0.847758,0.367878,-123.517,-304.61,129.901,-158.918,-406.415,172.432,-65.7491,-145.867,63.2993,-995.089,-2202.54,956.176
-0.382063,-0.847758,0.367878,-159.109,-406.987,172.67,-222.934,-615.533,258.729,-65.7491,-145.867,63.2993,-995.089,-2202.54,956.176
-0.382063,-0.847758,0.367878,-223.129,-616.231,259.015,-276.46,-828.19,345.251,-65.7491,-145.867,63.2993,-995.089,-2202.54,956.176
-0.382063,-0.847758,0.367878,-276.607,-828.846,345.516,-316.258,-1026.5,425.035,-65.7491,-145.867,63.2993,-995.089,-2202.54,956.176
0.41497,0.830476,0.371632,68.8678,144.42,64.0518,100.479,215.742,95.3032,71.526,143.122,64.0482,1082.32,2161.02,967.489
0.41497,0.830476,0.371632,102.069,219.422,96.9088,134.033,295.503,129.967,71.526,143.122,64.0482,1082.32,2161.02,967.489
0.41497,0.830476,0.371632,135.63,299.413,131.659,175.072,399.682,174.825,71.526,143.122,64.0482,1082.32,2161.02,967.489
0.41497,0.830476,0.371632,175.298,400.281,175.082,247.439,606.158,262.493,71.526,143.122,64.0482,1082.32,2161.02,967.489
0.41497,0.830476,0.371632,247.644,606.795,262.761,309.419,816.408,350.321,71.526,143.122,64.0482,1082.32,2161.02,967.489
0.41497,0.830476,0.371632,309.602,817.095,350.606,357.133,1012.96,431.372,71.526,143.122,64.0482,1082.32,2161.02,967.489
-0.47356,0.821305,-0.318117,-82.4107,137.144,-53.6934,-124.365,202.824,-79.8558,-79.9131,138.614,-53.6877,-1205.36,2094.88,-810.986
-0.47356,0.821305,-0.318117,-126.596,206.246,-81.2272,-172.337,274.94,-108.931,-79.9131,138.614,-53.6877,-1205.36,2094.88,-810.986
-0.47356,0.821305,-0.318117,-174.708,278.426,-110.346,-236.421,366.747,-146.509,-79.9131,138.614,-53.6877,-1205.36,2094.88,-810.986
-0.47356,0.821305,-0.318117,-236.793,367.265,-146.722,-368.184,541.284,-219.907,-79.9131,138.614,-53.6877,-1205.36,2094.88,-810.986
-0.47356,0.821305,-0.318117,-368.651,541.871,-220.159,-508.763,709.53,-293.494,-79.9131,138.614,-53.6877,-1205.36,2094.88,-810.986
-0.47356,0.821305,-0.318117,-509.228,710.06,-293.73,-645.65,858.363,-361.371,-79.9131,138.614,-53.6877,-1205.36,2094.88,-810.986
0.620328,0.0807766,-0.780172,177.202,28.6329,-223.935,234.559,40.3217,-296.953,158.662,20.6457,-199.544,2397.09,308.782,-3014.23
0.620328,0.0807766,-0.780172,238.473,41.1631,-301.946,318.949,59.7168,-404.956,158.662,20.6457,-199.544,2397.09,308.782,-3014.23
0.620328,0.0807766,-0.780172,323.042,60.7245,-410.214,427.283,88.5153,-544.78,158.662,20.6457,-199.544,2397.09,308.782,-3014.23
0.620328,0.0807766,-0.780172,427.889,88.6889,-545.566,635.65,156.745,-818.304,158.662,20.6457,-199.544,2397.09,308.782,-3014.23
0.620328,0.0807766,-0.780172,636.304,156.987,-819.173,813.17,229.041,-1057.46,158.662,20.6457,-199.544,2397.09,308.782,-3014.23
0.88393,-0.141778,-0.445608,158.436,-22.3163,-79.6358,235.896,-30.9217,-118.435,157.979,-25.3495,-79.6415,2386.03,-385.065,-1203.04
0.88393,-0.141778,-0.445608,239.963,-31.3332,-120.47,322.11,-38.7886,-161.535,157.979,-25.3495,-79.6415,2386.03,-385.065,-1203.04
0.88393,-0.141778,-0.445608,326.363,-39.1303,-163.659,433.864,-46.322,-217.298,157.979,-25.3495,-79.6415,2386.03,-385.065,-1203.04
0.88393,-0.141778,-0.445608,434.518,-46.3569,-217.624,652.601,-52.3931,-326.23,157.979,-25.3495,-79.6415,2386.03,-385.065,-1203.04
0.88393,-0.141778,-0.445608,653.286,-52.3942,-326.571,871.792,-47.0123,-435.373,157.979,-25.3495,-79.6415,2386.03,-385.065,-1203.04
0.88393,-0.141778,-0.445608,872.52,-46.9752,-435.736,1073.66,-31.8781,-536.162,157.979,-25.3495,-79.6415,2386.03,-385.065,-1203.04
-0.262428,-0.948457,0.177652,-39.9792,-154.925,28.8853,-57.528,-230.932,42.9439,-42.6761,-154.204,28.8838,-646.554,-2328.81,436.308
-0.262428,-0.948457,0.177652,-58.3956,-234.849,43.6669,-75.4765,-315.52,58.5299,-42.6761,-154.204,28.8838,-646.554,-2328.81,436.308
-0.262428,-0.948457,0.177652,-76.3239,-319.716,59.3015,-96.3642,-425.568,78.7189,-42.6761,-154.204,28.8838,-646.554,-2328.81,436.308
-0.262428,-0.948457,0.177652,-96.4762,-426.2,78.8346,-129.399,-641.702,118.142,-42.6761,-154.204,28.8838,-646.554,-2328.81,436.308
-0.262428,-0.948457,0.177652,-129.497,-642.462,118.28,-152.195,-859.715,157.692,-42.6761,-154.204,28.8838,-646.554,-2328.81,436.308
-0.262428,-0.948457,0.177652,-152.252,-860.417,157.819,-164.009,-1061.49,194.178,-42.6761,-154.204,28.8838,-646.554,-2328.81,436.308
0.348228,-0.574919,-0.740409,86.3586,-134.693,-176.259,87.2263,-135.972,-177.962,82.8805,-136.861,-176.247,1249.49,-2068.86,-2662.32
0.348228,-0.574919,-0.740409,91.8435,-142.758,-187.003,130.936,-198.733,-262.21,82.8805,-136.861,-176.247,1249.49,-2068.86,-2662.32
0.348228,-0.574919,-0.740409,133.271,-201.997,-266.632,182.227,-268.496,-357.616,82.8805,-136.861,-176.247,1249.49,-2068.86,-2662.32
0.348228,-0.574919,-0.740409,184.77,-271.852,-362.256,251.415,-356.643,-481.087,82.8805,-136.861,-176.247,1249.49,-2068.86,-2662.32
0.348228,-0.574919,-0.740409,251.814,-357.133,-481.783,395.606,-521.662,-722.539,82.8805,-136.861,-176.247,1249.49,-2068.86,-2662.32
0.348228,-0.574919,-0.740409,396.074,-522.161,-723.293,551.543,-676.825,-964.9,82.8805,-136.861,-176.247,1249.49,-2068.86,-2662.32
0.348228,-0.574919,-0.740409,552.054,-677.299,-965.667,632.635,-749.485,-1084.85,82.8805,-136.861,-176.247,1249.49,-2068.86,-2662.32
0.999223,-0.00853176,0.038491,159.994,1.37645,6.17598,237.904,4.11674,9.17783,159.994,-1.37523,6.16313,2416.79,-22.7204,93.0979
0.999223,-0.00853176,0.038491,241.962,4.29522,9.33423,324.315,8.68269,12.5105,159.994,-1.37523,6.16313,2416.79,-22.7204,93.0979
0.999223,-0.00853176,0.038491,328.578,8.94972,12.6752,435.987,16.9819,16.8274,159.994,-1.37523,6.16313,2416.79,-22.7204,93.0979
0.999223,-0.00853176,0.038491,436.651,17.0394,16.8531,653.414,40.9169,25.2444,159.994,-1.37523,6.16313,2416.79,-22.7204,93.0979
0.999223,-0.00853176,0.038491,654.099,41.0087,25.271,869.825,75.0856,33.6832,159.994,-1.37523,6.16313,2416.79,-22.7204,93.0979
0.999223,-0.00853176,0.038491,870.54,75.2159,33.7112,1067.83,115.571,41.47,159.994,-1.37523,6.16313,2416.79,-22.7204,93.0979
0.272431,-0.441401,0.854954,123.011,-180.584,360.222,126.314,-184.98,369.284,84.0195,-136.164,263.72,1265.97,-2058.81,3983.66
0.272431,-0.441401,0.854954,128.88,-188.382,376.307,134.756,-196.121,392.317,84.0195,-136.164,263.72,1265.97,-2058.81,3983.66
0.272431,-0.441401,0.854954,137.214,-199.34,398.992,188.517,-264.083,535.125,84.0195,-136.164,263.72,1265.97,-2058.81,3983.66
0.272431,-0.441401,0.854954,191.212,-267.361,542.118,261.718,-349.185,720.153,84.0195,-136.164,263.72,1265.97,-2058.81,3983.66
0.272431,-0.441401,0.854954,262.125,-349.635,721.154,382.838,-474.27,1007.24,84.0195,-136.164,263.72,1265.97,-2058.81,3983.66
-0.827205,0.540236,0.154521,-135.456,85.1575,25.0278,-202.515,124.894,37.1648,-133.957,87.4963,25.0239,-2022.42,1323.33,378.002
-0.827205,0.540236,0.154521,-206.035,126.939,37.7984,-277.782,167.696,50.6418,-133.957,87.4963,25.0239,-2022.42,1323.33,378.002
-0.827205,0.540236,0.154521,-281.476,169.749,51.2997,-376.251,220.922,68.0638,-133.957,87.4963,25.0239,-2022.42,1323.33,378.002
-0.827205,0.540236,0.154521,-376.843,221.233,68.1679,-572.277,317.993,102.116,-133.957,87.4963,25.0239,-2022.42,1323.33,378.002
-0.827205,0.540236,0.154521,-572.906,318.286,102.224,-773.017,405.797,136.217,-133.957,87.4963,25.0239,-2022.42,1323.33,378.002
-0.827205,0.540236,0.154521,-773.693,406.074,136.331,-961.715,478.243,167.691,-133.957,87.4963,25.0239,-2022.42,1323.33,378.002
0.361242,0.638886,-0.679212,75.4781,141.078,-148.125,109.854,211.05,-220.324,78.7619,139.272,-148.069,1192.05,2102.48,-2236.67
0.361242,0.638886,-0.679212,111.607,214.728,-224.096,146.176,289.698,-300.554,78.7619,139.272,-148.069,1192.05,2102.48,-2236.67
0.361242,0.638886,-0.679212,147.894,293.549,-304.46,190.199,392.76,-404.358,78.7619,139.272,-148.069,1192.05,2102.48,-2236.67
0.361242,0.638886,-0.679212,190.423,393.311,-404.909,266.389,598.025,-607.18,78.7619,139.272,-148.069,1192.05,2102.48,-2236.67
0.361242,0.638886,-0.679212,266.616,598.701,-607.841,329.542,808.504,-810.707,78.7619,139.272,-148.069,1192.05,2102.48,-2236.67
0.361242,0.638886,-0.679212,329.722,809.185,-811.36,375.807,1006.22,-998.734,78.7619,139.272,-148.069,1192.05,2102.48,-2236.67
-0.703659,0.59315,0.391199,-124.231,100.83,68.0156,-186.06,148.268,101.11,-122.328,103.13,68.0119,-1846.48,1559.46,1027.36
-0.703659,0.59315,0.391199,-189.329,150.727,102.847,-255.752,199.654,137.883,-122.328,103.13,68.0119,-1846.48,1559.46,1027.36
-0.703659,0.59315,0.391199,-259.198,202.139,139.687,-347.432,264.036,185.466,-122.328,103.13,68.0119,-1846.48,1559.46,1027.36
-0.703659,0.59315,0.391199,-347.935,264.378,185.725,-531.103,382.756,278.388,-122.328,103.13,68.0119,-1846.48,1559.46,1027.36
-0.703659,0.59315,0.391199,-531.727,383.137,278.699,-721.088,492.289,371.568,-122.328,103.13,68.0119,-1846.48,1559.46,1027.36
-0.703659,0.59315,0.391199,-721.685,492.613,371.856,-901.059,584.624,457.506,-122.328,103.13,68.0119,-1846.48,1559.46,1027.36
-0.716845,0.661389,0.220677,-119.483,106.414,36.2001,-179.1,156.739,53.87,-117.588,108.504,36.2008,-1774.89,1640.48,546.835
-0.716845,0.661389,0.220677,-182.181,159.293,54.7764,-246.218,211.358,73.4711,-117.588,108.504,36.2008,-1774.89,1640.48,546.835
-0.716845,0.661389,0.220677,-249.51,213.983,74.4245,-334.589,280.131,98.8372,-117.588,108.504,36.2008,-1774.89,1640.48,546.835
-0.716845,0.661389,0.220677,-335.074,280.499,98.9751,-511.905,408.073,148.379,-117.588,108.504,36.2008,-1774.89,1640.48,546.835
-0.716845,0.661389,0.220677,-512.509,408.487,148.545,-695.656,527.626,198.057,-117.588,108.504,36.2008,-1774.89,1640.48,546.835
-0.716845,0.661389,0.220677,-696.229,527.98,198.21,-870.021,629.915,243.888,-117.588,108.504,36.2008,-1774.89,1640.48,546.835
-0.963705,0.140657,0.226911,-158.702,20.3398,37.2661,-236.313,28.1752,55.3948,-158.321,23.1172,37.2782,-2391.25,351.176,563.11
-0.963705,0.140657,0.226911,-240.311,28.5424,56.3277,-322.548,35.3105,75.505,-158.321,23.1172,37.2782,-2391.25,351.176,563.11
-0.963705,0.140657,0.226911,-326.765,35.6171,76.4875,-434.319,42.1161,101.531,-158.321,23.1172,37.2782,-2391.25,351.176,563.11
-0.963705,0.140657,0.226911,-434.946,42.1465,101.677,-652.906,47.4809,152.345,-158.321,23.1172,37.2782,-2391.25,351.176,563.11
-0.963705,0.140657,0.226911,-653.661,47.4813,152.52,-872.065,42.3297,203.291,-158.321,23.1172,37.2782,-2391.25,351.176,563.11
-0.963705,0.140657,0.226911,-872.759,42.296,203.453,-1073.72,28.2218,250.273,-158.321,23.1172,37.2782,-2391.25,351.176,563.11
0.847234,-0.471649,0.244422,141.149,-75.346,40.3329,210.849,-110.267,60.0501,139.793,-77.8326,40.3308,2110.68,-1177.46,609.222
0.847234,-0.471649,0.244422,214.495,-112.052,61.077,288.884,-147.609,81.9271,139.793,-77.8326,40.3308,2110.68,-1177.46,609.222
0.847234,-0.471649,0.244422,292.774,-149.423,83.0124,390.993,-193.75,110.266,139.793,-77.8326,40.3308,2110.68,-1177.46,609.222
0.847234,-0.471649,0.244422,391.56,-193.998,110.422,593.402,-276.475,165.575,139.793,-77.8326,40.3308,2110.68,-1177.46,609.222
0.847234,-0.471649,0.244422,594.091,-276.737,165.762,800.084,-349.537,221.025,139.793,-77.8326,40.3308,2110.68,-1177.46,609.222
0.847234,-0.471649,0.244422,800.733,-349.749,221.198,993.608,-407.984,272.145,139.793,-77.8326,40.3308,2110.68,-1177.46,609.222
0.801846,-0.215509,-0.557315,155.341,-38.329,-107.413,231.573,-54.7906,-159.656,154.514,-41.5393,-107.395,2333.42,-629.74,-1622.27
0.801846,-0.215509,-0.557315,235.526,-55.6006,-162.359,316.525,-71.259,-217.623,154.514,-41.5393,-107.395,2333.42,-629.74,-1622.27
0.801846,-0.215509,-0.557315,320.713,-72.0201,-220.474,427.036,-89.764,-292.688,154.514,-41.5393,-107.395,2333.42,-629.74,-1622.27
0.801846,-0.215509,-0.557315,427.645,-89.857,-293.1,644.172,-116.658,-439.294,154.514,-41.5393,-107.395,2333.42,-629.74,-1622.27
0.801846,-0.215509,-0.557315,644.905,-116.728,-439.787,863.157,-131.273,-586.374,154.514,-41.5393,-107.395,2333.42,-629.74,-1622.27
0.801846,-0.215509,-0.557315,863.862,-131.3,-586.847,1065.77,-133.787,-722.18,154.514,-41.5393,-107.395,2333.42,-629.74,-1622.27
-0.543263,-0.00299807,-0.839557,-208.523,-9.73358,-322.724,-217.992,-10.5842,-337.416,-159.998,-0.866161,-247.26,-2416.88,-9.50319,-3735.01
-0.543263,-0.00299807,-0.839557,-218.242,-10.6072,-337.806,-237.637,-12.4636,-367.917,-159.998,-0.866161,-247.26,-2416.88,-9.50319,-3735.01
-0.543263,-0.00299807,-0.839557,-241.658,-12.8671,-374.161,-323.685,-22.5246,-501.804,-159.998,-0.866161,-247.26,-2416.88,-9.50319,-3735.01
-0.543263,-0.00299807,-0.839557,-327.888,-23.0926,-508.357,-434.542,-39.9137,-675.21,-159.998,-0.866161,-247.26,-2416.88,-9.50319,-3735.01
-0.543263,-0.00299807,-0.839557,-435.147,-40.0224,-676.16,-648.744,-88.0119,-1014.52,-159.998,-0.866161,-247.26,-2416.88,-9.50319,-3735.01
-0.543263,-0.00299807,-0.839557,-648.773,-88.0197,-1014.57,-648.773,-88.0197,-1014.57,-159.998,-0.866161,-247.26,-2416.88,-9.50319,-3735.01
-0.543263,-0.00299807,-0.839557,-649.422,-88.1951,-1015.61,-651.362,-88.7207,-1018.71,-159.998,-0.866161,-247.26,-2416.88,-9.50319,-3735.01
-0.365177,0.375226,0.851969,-159.239,149.616,355.639,-165.604,155.063,369.27,-111.579,114.674,260.346,-1682.8,1734.82,3932.69
-0.365177,0.375226,0.851969,-166.657,155.96,371.52,-174.083,162.261,387.367,-111.579,114.674,260.346,-1682.8,1734.82,3932.69
-0.365177,0.375226,0.851969,-177.161,164.857,393.92,-241.255,217.005,528.37,-111.579,114.674,260.346,-1682.8,1734.82,3932.69
-0.365177,0.375226,0.851969,-244.573,219.608,535.231,-331.064,284.321,710.967,-111.579,114.674,260.346,-1682.8,1734.82,3932.69
-0.365177,0.375226,0.851969,-331.544,284.663,711.926,-483.039,384.572,1007.2,-111.579,114.674,260.346,-1682.8,1734.82,3932.69
-0.365177,0.375226,0.851969,-484.376,385.383,1009.75,-485.048,385.79,1011.03,-111.579,114.674,260.346,-1682.8,1734.82,3932.69
0.731493,0.196475,0.652928,153.545,44.9897,137.927,227.588,69.399,205.231,154.526,41.4925,137.927,2334.88,624.289,2083.47
0.731493,0.196475,0.652928,231.437,70.7176,208.744,309.15,98.4151,279.97,154.526,41.4925,137.927,2334.88,624.289,2083.47
0.731493,0.196475,0.652928,313.152,99.8971,283.654,413.647,138.936,376.732,154.526,41.4925,137.927,2334.88,624.289,2083.47
0.731493,0.196475,0.652928,414.229,139.172,377.275,613.838,227.558,565.784,154.526,41.4925,137.927,2334.88,624.289,2083.47
0.731493,0.196475,0.652928,614.493,227.873,566.411,808.797,328.741,755.467,154.526,41.4925,137.927,2334.88,624.289,2083.47
0.731493,0.196475,0.652928,809.438,329.1,756.102,983.016,432.819,930.734,154.526,41.4925,137.927,2334.88,624.289,2083.47
0.19331,0.917566,0.347424,30.1225,157.139,59.2839,42.7034,234.134,88.2473,32.9938,156.561,59.2805,500.422,2364.53,895.469
0.19331,0.917566,0.347424,43.3119,238.093,89.7341,55.046,319.724,120.346,32.9938,156.561,59.2805,500.422,2364.53,895.469
0.19331,0.917566,0.347424,55.6123,323.961,121.933,68.5228,430.921,161.926,32.9938,156.561,59.2805,500.422,2364.53,895.469
0.19331,0.917566,0.347424,68.5926,431.566,162.167,86.6375,648.95,243.157,32.9938,156.561,59.2805,500.422,2364.53,895.469
0.19331,0.917566,0.347424,86.6767,649.626,243.408,93.8643,868.008,324.535,32.9938,156.561,59.2805,500.422,2364.53,895.469
0.19331,0.917566,0.347424,93.87,868.727,324.802,90.8186,1070.22,399.613,32.9938,156.561,59.2805,500.422,2364.53,895.469
-0.752324,-0.581014,-0.310534,-124.851,-100.061,-52.2724,-184.329,-150.466,-77.7061,-126.638,-97.7895,-52.2695,-1914.2,-1475.55,-789.564
-0.752324,-0.581014,-0.310534,-187.4,-153.118,-79.0297,-249.296,-207.623,-105.93,-126.638,-97.7895,-52.2695,-1914.2,-1475.55,-789.564
-0.752324,-0.581014,-0.310534,-252.474,-210.477,-107.323,-331.759,-283.511,-142.48,-126.638,-97.7895,-52.2695,-1914.2,-1475.55,-789.564
-0.752324,-0.581014,-0.310534,-332.185,-283.914,-142.671,-487.064,-437.458,-213.804,-126.638,-97.7895,-52.2695,-1914.2,-1475.55,-789.564
-0.752324,-0.581014,-0.310534,-487.555,-437.969,-214.036,-634.931,-599.216,-285.272,-126.638,-97.7895,-52.2695,-1914.2,-1475.55,-789.564
-0.752324,-0.581014,-0.310534,-635.422,-599.78,-285.516,-764.199,-754.827,-351.237,-126.638,-97.7895,-52.2695,-1914.2,-1475.55,-789.564
0.284011,-0.935735,-0.209137,49.1399,-152.267,-34.2193,75.0048,-225.798,-50.8283,46.4604,-153.106,-34.2187,699.909,-2313.34,-516.894
0.284011,-0.935735,-0.209137,76.3904,-229.627,-51.6959,105.187,-306.91,-69.2688,46.4604,-153.106,-34.2187,699.909,-2313.34,-516.894
0.284011,-0.935735,-0.209137,106.715,-310.895,-70.178,146.514,-410.995,-93.1288,46.4604,-153.106,-34.2187,699.909,-2313.34,-516.894
0.284011,-0.935735,-0.209137,146.763,-411.601,-93.2684,234.537,-611.185,-139.718,46.4604,-153.106,-34.2187,699.909,-2313.34,-516.894
0.284011,-0.935735,-0.209137,234.853,-611.859,-139.877,332.274,-807.368,-186.396,46.4604,-153.106,-34.2187,699.909,-2313.34,-516.894
0.284011,-0.935735,-0.209137,332.61,-808.003,-186.549,430.656,-983.956,-229.443,46.4604,-153.106,-34.2187,699.909,-2313.34,-516.894
-0.947789,0.279246,0.154008,-154.236,42.5593,24.933,-229.889,61.3276,37.1274,-153.475,45.2277,24.9388,-2317.77,685.08,376.717
-0.947789,0.279246,0.154008,-233.851,62.2731,37.7645,-314.285,80.6774,50.6721,-153.475,45.2277,24.9388,-2317.77,685.08,376.717
-0.947789,0.279246,0.154008,-318.415,81.5816,51.3333,-423.898,103.342,68.1775,-153.475,45.2277,24.9388,-2317.77,685.08,376.717
-0.947789,0.279246,0.154008,-424.557,103.47,68.2823,-639.558,139.942,102.379,-153.475,45.2277,24.9388,-2317.77,685.08,376.717
-0.947789,0.279246,0.154008,-640.246,140.042,102.488,-857.063,166.332,136.631,-153.475,45.2277,24.9388,-2317.77,685.08,376.717
-0.947789,0.279246,0.154008,-857.792,166.403,136.745,-1058.61,181.507,168.23,-153.475,45.2277,24.9388,-2317.77,685.08,376.717
-0.783473,0.61705,-0.073616,-127.383,96.8173,-11.818,-190.637,142.35,-17.591,-125.691,99.0038,-11.8106,-1897.43,1497.05,-178.407
-0.783473,0.61705,-0.073616,-193.97,144.705,-17.8932,-261.736,191.657,-23.9986,-125.691,99.0038,-11.8106,-1897.43,1497.05,-178.407
-0.783473,0.61705,-0.073616,-265.292,194.072,-24.317,-355.165,253.549,-32.3016,-125.691,99.0038,-11.8106,-1897.43,1497.05,-178.407
-0.783473,0.61705,-0.073616,-355.671,253.876,-32.3463,-541.609,367.745,-48.4922,-125.691,99.0038,-11.8106,-1897.43,1497.05,-178.407
-0.783473,0.61705,-0.073616,-542.238,368.11,-48.546,-733.601,473.286,-64.7249,-125.691,99.0038,-11.8106,-1897.43,1497.05,-178.407
-0.783473,0.61705,-0.073616,-734.278,473.638,-64.7814,-915.019,562.583,-79.7091,-125.691,99.0038,-11.8106,-1897.43,1497.05,-178.407
-0.833314,-0.549392,0.0612798,-132.052,-90.3458,9.81963,-195.192,-136.052,14.5697,-133.586,-88.0607,9.82322,-2018.98,-1328.58,148.386
-0.833314,-0.549392,0.0612798,-198.47,-138.469,14.8178,-264.382,-188.012,19.8395,-133.586,-88.0607,9.82322,-2018.98,-1328.58,148.386
-0.833314,-0.549392,0.0612798,-267.784,-190.619,20.1004,-352.548,-257.202,26.6627,-133.586,-88.0607,9.82322,-2018.98,-1328.58,148.386
-0.833314,-0.549392,0.0612798,-353.005,-257.57,26.6984,-519.645,-398.204,39.976,-133.586,-88.0607,9.82322,-2018.98,-1328.58,148.386
-0.833314,-0.549392,0.0612798,-520.178,-398.676,40.0193,-680.262,-547.212,53.3126,-133.586,-88.0607,9.82322,-2018.98,-1328.58,148.386
-0.833314,-0.549392,0.0612798,-680.797,-547.734,53.3581,-822.148,-691.279,65.6264,-133.586,-88.0607,9.82322,-2018.98,-1328.58,148.386
0.848533,0.527133,0.046063,134.444,86.7453,7.37921,198.861,130.645,11.0257,135.914,84.4231,7.37791,2054.1,1273.61,111.448
0.848533,0.527133,0.046063,202.199,132.964,11.2158,269.492,180.629,15.0712,135.914,84.4231,7.37791,2054.1,1273.61,111.448
0.848533,0.527133,0.046063,272.958,183.133,15.2708,359.5,247.24,20.2957,135.914,84.4231,7.37791,2054.1,1273.61,111.448
0.848533,0.527133,0.046063,360.036,247.646,20.327,530.599,383.511,30.4968,135.914,84.4231,7.37791,2054.1,1273.61,111.448
0.848533,0.527133,0.046063,531.134,383.958,30.5292,695.387,527.883,40.698,135.914,84.4231,7.37791,2054.1,1273.61,111.448
0.848533,0.527133,0.046063,695.926,528.378,40.7321,841.228,667.793,50.0961,135.914,84.4231,7.37791,2054.1,1273.61,111.448
-0.856332,-0.405532,-0.319749,-143.343,-71.0832,-54.0016,-212.185,-107.602,-80.3624,-144.609,-68.4714,-53.9944,-2185.28,-1032.45,-815.619
-0.856332,-0.405532,-0.319749,-215.783,-109.553,-81.7464,-287.932,-149.601,-109.649,-144.609,-68.4714,-53.9944,-2185.28,-1032.45,-815.619
-0.856332,-0.405532,-0.319749,-291.607,-151.688,-111.078,-384.638,-206.079,-147.52,-144.609,-68.4714,-53.9944,-2185.28,-1032.45,-815.619
-0.856332,-0.405532,-0.319749,-385.168,-206.398,-147.729,-569.271,-323.373,-221.503,-144.609,-68.4714,-53.9944,-2185.28,-1032.45,-815.619
-0.856332,-0.405532,-0.319749,-569.835,-323.752,-221.733,-748.229,-449.889,-295.643,-144.609,-68.4714,-53.9944,-2185.28,-1032.45,-815.619
-0.856332,-0.405532,-0.319749,-748.806,-450.319,-295.886,-907.602,-574.353,-364.031,-144.609,-68.4714,-53.9944,-2185.28,-1032.45,-815.619
-0.594772,0.715134,0.367192,-104.555,121.112,63.1663,-157.096,178.679,93.9601,-102.303,123.021,63.1629,-1543.74,1859.64,954.115
-0.594772,0.715134,0.367192,-159.877,181.668,95.5731,-216.634,241.482,128.149,-102.303,123.021,63.1629,-1543.74,1859.64,954.115
-0.594772,0.715134,0.367192,-219.618,244.565,129.844,-295.578,321.03,172.422,-102.303,123.021,63.1629,-1543.74,1859.64,954.115
-0.594772,0.715134,0.367192,-296.01,321.454,172.661,-455.426,470.28,258.821,-102.303,123.021,63.1629,-1543.74,1859.64,954.115
-0.594772,0.715134,0.367192,-455.971,470.763,259.108,-623.035,611.678,345.46,-102.303,123.021,63.1629,-1543.74,1859.64,954.115
-0.594772,0.715134,0.367192,-623.563,612.101,345.727,-783.794,734.462,425.367,-102.303,123.021,63.1629,-1543.74,1859.64,954.115
-0.595053,0.514234,0.617637,-123.306,101.959,125.663,-184.985,149.74,186.985,-121.051,104.626,125.654,-1826.94,1582.31,1898.08
-0.595053,0.514234,0.617637,-188.18,152.158,190.135,-254.584,201.209,255.017,-121.051,104.626,125.654,-1826.94,1582.31,1898.08
-0.595053,0.514234,0.617637,-257.998,203.668,258.323,-346.402,265.339,343.029,-121.051,104.626,125.654,-1826.94,1582.31,1898.08
-0.595053,0.514234,0.617637,-346.93,265.696,343.53,-531.372,382.477,515.071,-121.051,104.626,125.654,-1826.94,1582.31,1898.08
-0.595053,0.514234,0.617637,-531.954,382.821,515.603,-723.487,488.667,687.528,-121.051,104.626,125.654,-1826.94,1582.31,1898.08
-0.595053,0.514234,0.617637,-724.137,489.002,688.103,-906.3,576.458,846.853,-121.051,104.626,125.654,-1826.94,1582.31,1898.08
-0.305229,0.337357,-0.89052,-193.078,188.019,-527.871,-196.259,190.741,-536.063,-107.332,118.659,-313.188,-1618.14,1795.28,-4730.9
-0.305229,0.337357,-0.89052,-203.568,196.954,-554.834,-213.807,205.565,-581.013,-107.332,118.659,-313.188,-1618.14,1795.28,-4730.9
-0.305229,0.337357,-0.89052,-214.116,205.824,-581.802,-235.391,223.363,-635.757,-107.332,118.659,-313.188,-1618.14,1795.28,-4730.9
-0.305229,0.337357,-0.89052,-238.661,226.019,-644.001,-324.352,291.929,-855.571,-107.332,118.659,-313.188,-1618.14,1795.28,-4730.9
-0.305229,0.337357,-0.89052,-324.843,292.287,-856.76,-378.004,329.823,-984.125,-107.332,118.659,-313.188,-1618.14,1795.28,-4730.9
-0.301375,0.759728,-0.576183,-62.1104,147.453,-112.798,-94.5846,218.359,-167.905,-58.9872,148.73,-112.794,-888.826,2247.53,-1703.83
-0.301375,0.759728,-0.576183,-96.3052,222.012,-170.758,-132.304,296.255,-229.069,-58.9872,148.73,-112.794,-888.826,2247.53,-1703.83
-0.301375,0.759728,-0.576183,-134.2,300.057,-232.073,-183.716,395.829,-308.31,-58.9872,148.73,-112.794,-888.826,2247.53,-1703.83
-0.301375,0.759728,-0.576183,-183.999,396.357,-308.734,-292.426,585.728,-463.044,-58.9872,148.73,-112.794,-888.826,2247.53,-1703.83
-0.301375,0.759728,-0.576183,-292.801,586.34,-463.552,-412.217,769.66,-618.274,-58.9872,148.73,-112.794,-888.826,2247.53,-1703.83
-0.301375,0.759728,-0.576183,-412.61,770.227,-618.762,-532.023,933.094,-761.569,-58.9872,148.73,-112.794,-888.826,2247.53,-1703.83
-0.72618,-0.480448,-0.491764,-131.68,-90.8862,-90.3634,-194.565,-137.051,-134.603,-133.444,-88.2756,-90.3638,-2016.99,-1331.59,-1365
-0.72618,-0.480448,-0.491764,-197.776,-139.459,-136.879,-263.28,-189.666,-183.685,-133.444,-88.2756,-90.3638,-2016.99,-1331.59,-1365
-0.72618,-0.480448,-0.491764,-266.602,-192.268,-186.079,-350.499,-259.899,-247.19,-133.444,-88.2756,-90.3638,-2016.99,-1331.59,-1365
-0.72618,-0.480448,-0.491764,-350.991,-260.307,-247.553,-515.219,-403.977,-371.303,-133.444,-88.2756,-90.3638,-2016.99,-1331.59,-1365
-0.72618,-0.480448,-0.491764,-515.714,-404.434,-371.685,-672.279,-557.036,-495.694,-133.444,-88.2756,-90.3638,-2016.99,-1331.59,-1365
-0.72618,-0.480448,-0.491764,-672.78,-557.552,-496.102,-809.793,-705.707,-610.55,-133.444,-88.2756,-90.3638,-2016.99,-1331.59,-1365
0.249741,-0.859953,-0.445096,47.5494,-152.771,-79.5323,72.7687,-226.516,-118.265,44.6126,-153.655,-79.5274,671.814,-2321.65,-1201.31
0.249741,-0.859953,-0.445096,74.1279,-230.367,-120.295,102.384,-307.863,-161.288,44.6126,-153.655,-79.5274,671.814,-2321.65,-1201.31
0.249741,-0.859953,-0.445096,103.885,-311.852,-163.406,143.194,-412.172,-216.953,44.6126,-153.655,-79.5274,671.814,-2321.65,-1201.31
0.249741,-0.859953,-0.445096,143.438,-412.771,-217.275,230.905,-612.622,-325.697,44.6126,-153.655,-79.5274,671.814,-2321.65,-1201.31
0.249741,-0.859953,-0.445096,231.199,-613.249,-326.041,329.189,-808.625,-434.691,44.6126,-153.655,-79.5274,671.814,-2321.65,-1201.31
0.249741,-0.859953,-0.445096,329.53,-809.263,-435.051,428.948,-984.774,-535.361,44.6126,-153.655,-79.5274,671.814,-2321.65,-1201.31
0.286973,-0.906445,-0.309845,51.0361,-151.642,-52.1474,77.9166,-224.825,-77.5816,48.2832,-152.541,-52.1412,727.397,-2304.84,-787.625
0.286973,-0.906445,-0.309845,79.3509,-228.621,-78.9055,109.25,-305.483,-105.813,48.2832,-152.541,-52.1412,727.397,-2304.84,-787.625
0.286973,-0.906445,-0.309845,110.837,-309.449,-107.207,152.148,-409.015,-142.382,48.2832,-152.541,-52.1412,727.397,-2304.84,-787.625
0.286973,-0.906445,-0.309845,152.38,-409.554,-142.573,243.304,-607.785,-213.734,48.2832,-152.541,-52.1412,727.397,-2304.84,-787.625
0.286973,-0.906445,-0.309845,243.616,-608.423,-213.965,344.35,-802.258,-285.246,48.2832,-152.541,-52.1412,727.397,-2304.84,-787.625
0.286973,-0.906445,-0.309845,344.711,-802.914,-285.491,446.039,-977.143,-351.26,48.2832,-152.541,-52.1412,727.397,-2304.84,-787.625
-0.643834,0.759601,0.09211,-105.537,120.258,14.8039,-158.371,177.532,22.0235,-103.446,122.061,14.8005,-1561.13,1845.07,223.571
-0.643834,0.759601,0.09211,-161.175,180.518,22.403,-218.217,240.148,30.0535,-103.446,122.061,14.8005,-1561.13,1845.07,223.571
-0.643834,0.759601,0.09211,-221.161,243.169,30.4448,-297.281,319.42,40.4407,-103.446,122.061,14.8005,-1561.13,1845.07,223.571
-0.643834,0.759601,0.09211,-297.731,319.861,40.4991,-457.124,468.691,60.7415,-103.446,122.061,14.8005,-1561.13,1845.07,223.571
-0.643834,0.759601,0.09211,-457.635,469.146,60.805,-624.131,610.538,81.0854,-103.446,122.061,14.8005,-1561.13,1845.07,223.571
-0.643834,0.759601,0.09211,-624.668,610.973,81.1495,-783.943,734.257,99.8479,-103.446,122.061,14.8005,-1561.13,1845.07,223.571
-0.338415,-0.932257,-0.127949,-51.9929,-151.317,-20.6425,-75.3932,-225.656,-30.6182,-54.6038,-150.394,-20.6416,-826.669,-2271.13,-311.804
-0.338415,-0.932257,-0.127949,-76.5848,-229.562,-31.1411,-99.9124,-308.662,-41.7004,-54.6038,-150.394,-20.6416,-826.669,-2271.13,-311.804
-0.338415,-0.932257,-0.127949,-101.083,-312.772,-42.2476,-129.343,-416.775,-56.0465,-54.6038,-150.394,-20.6416,-826.669,-2271.13,-311.804
-0.338415,-0.932257,-0.127949,-129.493,-417.356,-56.1233,-179.222,-629.651,-84.0125,-54.6038,-150.394,-20.6416,-826.669,-2271.13,-311.804
-0.338415,-0.932257,-0.127949,-179.371,-630.36,-84.105,-219.093,-845.088,-112.031,-54.6038,-150.394,-20.6416,-826.669,-2271.13,-311.804
-0.338415,-0.932257,-0.127949,-219.213,-845.839,-112.128,-246.838,-1045.39,-137.919,-54.6038,-150.394,-20.6416,-826.669,-2271.13,-311.804
0.442199,-0.794653,-0.415917,80.4194,-138.321,-73.1779,121.595,-204.57,-108.789,77.7915,-139.816,-73.1763,1173.22,-2113.05,-1105.37
0.442199,-0.794653,-0.415917,123.751,-207.966,-110.625,168.692,-277.178,-148.298,77.7915,-139.816,-73.1763,1173.22,-2113.05,-1105.37
0.442199,-0.794653,-0.415917,171.03,-280.7,-150.227,231.808,-369.682,-199.416,77.7915,-139.816,-73.1763,1173.22,-2113.05,-1105.37
0.442199,-0.794653,-0.415917,232.174,-370.202,-199.707,362.027,-545.412,-299.273,77.7915,-139.816,-73.1763,1173.22,-2113.05,-1105.37
0.442199,-0.794653,-0.415917,362.494,-546.009,-299.619,501.513,-714.666,-399.421,77.7915,-139.816,-73.1763,1173.22,-2113.05,-1105.37
0.442199,-0.794653,-0.415917,501.979,-715.203,-399.745,637.76,-864.237,-491.815,77.7915,-139.816,-73.1763,1173.22,-2113.05,-1105.37
0.699373,-0.221649,0.679521,153.612,-44.7599,148.213,229.17,-63.9605,220.431,152.52,-48.3503,148.194,2303.1,-732.888,2238.56
0.699373,-0.221649,0.679521,233.131,-64.9164,224.205,313.627,-83.2784,300.683,152.52,-48.3503,148.194,2303.1,-732.888,2238.56
0.699373,-0.221649,0.679521,317.742,-84.163,304.582,423.543,-105.106,404.488,152.52,-48.3503,148.194,2303.1,-732.888,2238.56
0.699373,-0.221649,0.679521,424.128,-105.213,405.039,640.135,-137.341,607.352,152.52,-48.3503,148.194,2303.1,-732.888,2238.56
0.699373,-0.221649,0.679521,640.814,-137.42,607.986,859.083,-155.722,810.886,152.52,-48.3503,148.194,2303.1,-732.888,2238.56
0.699373,-0.221649,0.679521,859.789,-155.758,811.541,1062.08,-160.216,998.979,152.52,-48.3503,148.194,2303.1,-732.888,2238.56
-0.55602,-0.831097,0.0108907,-86.6807,-134.486,1.74273,-127.268,-201.05,2.58479,-88.9761,-132.978,1.74262,-1345.66,-2007.64,26.3234
-0.55602,-0.831097,0.0108907,-129.348,-204.531,2.62846,-171.01,-275.713,3.51482,-88.9761,-132.978,1.74262,-1345.66,-2007.64,26.3234
-0.55602,-0.831097,0.0108907,-173.129,-279.41,3.56057,-225.53,-373.524,4.70935,-88.9761,-132.978,1.74262,-1345.66,-2007.64,26.3234
-0.55602,-0.831097,0.0108907,-225.842,-374.099,4.71628,-325.186,-568.238,7.03042,-88.9761,-132.978,1.74262,-1345.66,-2007.64,26.3234
-0.55602,-0.831097,0.0108907,-325.481,-568.849,7.0376,-415.76,-767.723,9.34631,-88.9761,-132.978,1.74262,-1345.66,-2007.64,26.3234
-0.55602,-0.831097,0.0108907,-416.04,-768.38,9.35385,-490.942,-955.316,11.4746,-88.9761,-132.978,1.74262,-1345.66,-2007.64,26.3234
0.681392,0.593478,0.428356,118.649,107.342,75.8631,174.949,161.234,112.815,120.659,105.078,75.848,1824.04,1585.64,1145.73
0.681392,0.593478,0.428356,177.874,164.088,114.753,236.337,222.325,153.881,120.659,105.078,75.848,1824.04,1585.64,1145.73
0.681392,0.593478,0.428356,239.302,225.34,155.887,313.818,303.136,206.973,120.659,105.078,75.848,1824.04,1585.64,1145.73
0.681392,0.593478,0.428356,314.273,303.623,207.289,458.917,466.853,310.734,120.659,105.078,75.848,1824.04,1585.64,1145.73
0.681392,0.593478,0.428356,459.395,467.422,311.087,595.688,638.342,414.772,120.659,105.078,75.848,1824.04,1585.64,1145.73
0.681392,0.593478,0.428356,596.094,638.881,415.093,713.79,802.654,510.699,120.659,105.078,75.848,1824.04,1585.64,1145.73
-0.521999,-0.851704,0.0460208,-81.2609,-137.828,7.36285,-119.152,-205.953,10.9847,-83.6163,-136.412,7.37114,-1264.74,-2059.58,111.346
-0.521999,-0.851704,0.0460208,-121.097,-209.522,11.1736,-159.877,-282.299,14.9992,-83.6163,-136.412,7.37114,-1264.74,-2059.58,111.346
-0.521999,-0.851704,0.0460208,-161.852,-286.09,15.1975,-210.474,-382.19,20.1909,-83.6163,-136.412,7.37114,-1264.74,-2059.58,111.346
-0.521999,-0.851704,0.0460208,-210.77,-382.793,20.222,-302.331,-580.7,30.3265,-83.6163,-136.412,7.37114,-1264.74,-2059.58,111.346
-0.521999,-0.851704,0.0460208,-302.609,-581.339,30.3587,-384.913,-783.686,40.47,-83.6163,-136.412,7.37114,-1264.74,-2059.58,111.346
-0.521999,-0.851704,0.0460208,-385.153,-784.318,40.5013,-452.511,-974.087,49.8269,-83.6163,-136.412,7.37114,-1264.74,-2059.58,111.346
-0.5189,-0.84528,-0.127455,-81.3425,-137.78,-20.5614,-119.245,-205.934,-30.6003,-83.7145,-136.352,-20.5604,-1266.23,-2058.66,-310.578
-0.5189,-0.84528,-0.127455,-121.174,-209.477,-31.1197,-159.938,-282.266,-41.7359,-83.7145,-136.352,-20.5604,-1266.23,-2058.66,-310.578
-0.5189,-0.84528,-0.127455,-161.912,-286.056,-42.2859,-210.521,-382.245,-56.1555,-83.7145,-136.352,-20.5604,-1266.23,-2058.66,-310.578
-0.5189,-0.84528,-0.127455,-210.785,-382.784,-56.2329,-302.197,-580.737,-84.2949,-83.7145,-136.352,-20.5604,-1266.23,-2058.66,-310.578
-0.5189,-0.84528,-0.127455,-302.486,-581.403,-84.3884,-384.581,-783.836,-112.512,-83.7145,-136.352,-20.5604,-1266.23,-2058.66,-310.578
-0.5189,-0.84528,-0.127455,-384.824,-784.479,-112.601,-451.939,-974.427,-138.532,-83.7145,-136.352,-20.5604,-1266.23,-2058.66,-310.578
-0.811397,0.288311,-0.508441,-151.8,50.5645,-94.4795,-226.519,72.9537,-140.522,-150.762,53.5809,-94.4732,-2276.59,811.501,-1427.08
-0.811397,0.288311,-0.508441,-230.386,74.0698,-142.898,-309.877,96.0849,-191.587,-150.762,53.5809,-94.4732,-2276.59,811.501,-1427.08
-0.811397,0.288311,-0.508441,-314.006,97.1806,-194.109,-418.534,123.366,-257.717,-150.762,53.5809,-94.4732,-2276.59,811.501,-1427.08
-0.811397,0.288311,-0.508441,-419.164,123.515,-258.1,-632.809,167.9,-386.912,-150.762,53.5809,-94.4732,-2276.59,811.501,-1427.08
-0.811397,0.288311,-0.508441,-633.48,168.021,-387.314,-849.661,200.773,-516.365,-150.762,53.5809,-94.4732,-2276.59,811.501,-1427.08
-0.811397,0.288311,-0.508441,-850.383,200.863,-516.794,-1051.23,220.593,-635.897,-150.762,53.5809,-94.4732,-2276.59,811.501,-1427.08
-0.929671,-0.224198,0.292312,-154.845,-40.2862,48.9003,-229.703,-61.9311,72.7151,-155.543,-37.5006,48.9061,-2350.05,-564.493,738.757
-0.929671,-0.224198,0.292312,-233.627,-63.1048,73.9669,-312.394,-87.4981,99.1703,-155.543,-37.5006,48.9061,-2350.05,-564.493,738.757
-0.929671,-0.224198,0.292312,-316.476,-88.8058,100.48,-418.634,-122.944,133.392,-155.543,-37.5006,48.9061,-2350.05,-564.493,738.757
-0.929671,-0.224198,0.292312,-419.267,-123.164,133.596,-623.453,-199.805,200.208,-155.543,-37.5006,48.9061,-2350.05,-564.493,738.757
-0.929671,-0.224198,0.292312,-624.1,-200.066,200.421,-824.613,-286.758,267.146,-155.543,-37.5006,48.9061,-2350.05,-564.493,738.757
-0.929671,-0.224198,0.292312,-825.282,-287.067,267.37,-1006.3,-375.696,328.926,-155.543,-37.5006,48.9061,-2350.05,-564.493,738.757
0.569758,0.787193,0.236014,91.5108,131.247,38.8564,134.461,196.337,57.7286,93.8192,129.607,38.86,1418.82,1956.62,587.005
0.569758,0.787193,0.236014,136.653,199.725,58.705,180.798,269.402,78.6669,93.8192,129.607,38.86,1418.82,1956.62,587.005
0.569758,0.787193,0.236014,183.042,273.019,79.6969,238.722,365.3,105.778,93.8192,129.607,38.86,1418.82,1956.62,587.005
0.569758,0.787193,0.236014,239.025,365.816,105.923,344.885,556.481,158.741,93.8192,129.607,38.86,1418.82,1956.62,587.005
0.569758,0.787193,0.236014,345.208,557.098,158.91,441.911,752.95,211.824,93.8192,129.607,38.86,1418.82,1956.62,587.005
0.569758,0.787193,0.236014,442.22,753.617,212.002,522.93,938.158,260.791,93.8192,129.607,38.86,1418.82,1956.62,587.005
0.524495,0.0902803,0.846614,204.062,43.9908,332.253,207.203,44.8068,337.419,157.684,27.1244,254.521,2382.53,406.129,3844.7
0.524495,0.0902803,0.846614,213.504,46.4574,347.789,232.336,51.4954,378.822,157.684,27.1244,254.521,2382.53,406.129,3844.7
0.524495,0.0902803,0.846614,236.224,52.5552,385.237,315.523,75.6608,516.72,157.684,27.1244,254.521,2382.53,406.129,3844.7
0.524495,0.0902803,0.846614,319.574,76.9185,523.472,421.95,111.244,695.382,157.684,27.1244,254.521,2382.53,406.129,3844.7
0.524495,0.0902803,0.846614,422.531,111.453,696.365,605.61,185.709,1010.97,157.684,27.1244,254.521,2382.53,406.129,3844.7
0.0139732,0.529875,0.84796,-3.26229,208.725,334.003,-3.38524,210.842,337.395,4.23506,159.944,255.959,67.6419,2415.95,3866.43
0.0139732,0.529875,0.84796,-3.8431,218.466,349.611,-5.11933,237.939,380.821,4.23506,159.944,255.959,67.6419,2415.95,3866.43
0.0139732,0.529875,0.84796,-5.40043,241.94,387.235,-12.6202,324.207,519.324,4.23506,159.944,255.959,67.6419,2415.95,3866.43
0.0139732,0.529875,0.84796,-13.0668,328.44,526.131,-26.8356,435.531,698.819,4.23506,159.944,255.959,67.6419,2415.95,3866.43
0.0139732,0.529875,0.84796,-26.9296,436.153,699.826,-63.5296,627.187,1010.98,4.23506,159.944,255.959,67.6419,2415.95,3866.43
0.586063,0.292377,0.755676,149.734,79.967,195.916,208.625,114.428,274.674,143.179,71.4137,184.608,2164.12,1076.09,2788.62
0.586063,0.292377,0.755676,212.102,116.518,279.357,282.26,160.057,374.657,143.179,71.4137,184.608,2164.12,1076.09,2788.62
0.586063,0.292377,0.755676,285.817,162.334,379.532,375.562,222.154,504.028,143.179,71.4137,184.608,2164.12,1076.09,2788.62
0.586063,0.292377,0.755676,376.086,222.517,504.763,551.183,353.294,757.073,143.179,71.4137,184.608,2164.12,1076.09,2788.62
0.586063,0.292377,0.755676,551.726,353.731,757.878,717.62,497.275,1011.17,143.179,71.4137,184.608,2164.12,1076.09,2788.62
0.586063,0.292377,0.755676,718.144,497.762,1011.99,756.575,534.144,1073.08,143.179,71.4137,184.608,2164.12,1076.09,2788.62
0.586063,0.292377,0.755676,761.382,536.339,1075.96,1033.7,-216.859,-558.909,143.179,71.4137,184.608,2164.12,1076.09,2788.62
0.585316,0.673255,-0.45181,102.641,122.739,-81.0368,150.953,183.964,-120.552,104.984,120.741,-81.0318,1587.49,1822.44,-1224.04
0.585316,0.673255,-0.45181,153.42,187.154,-122.595,203.215,252.962,-164.399,104.984,120.741,-81.0318,1587.49,1822.44,-1224.04
0.585316,0.673255,-0.45181,205.729,256.357,-166.54,268.692,343.82,-221.131,104.984,120.741,-81.0318,1587.49,1822.44,-1224.04
0.585316,0.673255,-0.45181,269.052,344.333,-221.448,389.44,526.201,-331.934,104.984,120.741,-81.0318,1587.49,1822.44,-1224.04
0.585316,0.673255,-0.45181,389.836,526.835,-332.312,500.76,715.202,-443.059,104.984,120.741,-81.0318,1587.49,1822.44,-1224.04
0.585316,0.673255,-0.45181,501.101,715.818,-443.416,594.51,894.532,-545.59,104.984,120.741,-81.0318,1587.49,1822.44,-1224.04
-0.273206,-0.59505,0.755827,-66.5399,-156.165,195.953,-90.8408,-219.98,274.778,-66.7732,-145.401,184.694,-1011.35,-2195.13,2789.92
-0.273206,-0.59505,0.755827,-92.2215,-223.739,279.4,-119.593,-301.64,374.708,-66.7732,-145.401,184.694,-1011.35,-2195.13,2789.92
-0.273206,-0.59505,0.755827,-120.936,-305.644,379.582,-153.362,-408.511,504.064,-66.7732,-145.401,184.694,-1011.35,-2195.13,2789.92
-0.273206,-0.59505,0.755827,-153.542,-409.12,504.797,-208.019,-620.77,757.023,-66.7732,-145.401,184.694,-1011.35,-2195.13,2789.92
-0.273206,-0.59505,0.755827,-208.167,-621.445,757.82,-247.469,-837.274,1010.98,-66.7732,-145.401,184.694,-1011.35,-2195.13,2789.92
-0.273206,-0.59505,0.755827,-247.571,-837.977,1011.8,-254.73,-890.551,1073.03,-66.7732,-145.401,184.694,-1011.35,-2195.13,2789.92
0.308834,-0.782805,0.54022,61.725,-147.614,102.701,93.9558,-218.59,152.674,58.709,-148.84,102.713,884.685,-2249.16,1551.54
0.308834,-0.782805,0.54022,95.6795,-222.282,155.287,131.405,-296.661,208.189,58.709,-148.84,102.713,884.685,-2249.16,1551.54
0.308834,-0.782805,0.54022,133.284,-300.465,210.909,182.384,-396.411,280.009,58.709,-148.84,102.713,884.685,-2249.16,1551.54
0.308834,-0.782805,0.54022,182.678,-396.967,280.412,290.068,-586.864,420.303,58.709,-148.84,102.713,884.685,-2249.16,1551.54
0.308834,-0.782805,0.54022,290.455,-587.506,420.784,408.551,-771.584,561.034,58.709,-148.84,102.713,884.685,-2249.16,1551.54
0.308834,-0.782805,0.54022,408.954,-772.175,561.492,526.948,-935.996,690.93,58.709,-148.84,102.713,884.685,-2249.16,1551.54
-0.153933,-0.48235,-0.862347,-58.8325,-220.538,-388.939,-60.3356,-227.565,-401.186,-48.6613,-152.421,-272.508,-738.718,-2301.24,-4116.41
-0.153933,-0.48235,-0.862347,-61.6932,-234.004,-412.399,-77.2115,-315.165,-553.224,-48.6613,-152.421,-272.508,-738.718,-2301.24,-4116.41
-0.153933,-0.48235,-0.862347,-77.9286,-319.329,-560.425,-93.7126,-426.212,-744.564,-48.6613,-152.421,-272.508,-738.718,-2301.24,-4116.41
-0.153933,-0.48235,-0.862347,-93.7858,-426.8,-745.576,-107.608,-577.427,-1003.4,-48.6613,-152.421,-272.508,-738.718,-2301.24,-4116.41
0.669137,0.0945993,-0.737093,157.806,26.4068,-174.481,160.925,27.0113,-177.944,158.427,22.3839,-174.514,2393.53,335.272,-2636.14
0.669137,0.0945993,-0.737093,167.379,28.2724,-185.114,234.214,42.1536,-259.532,158.427,22.3839,-174.514,2393.53,335.272,-2636.14
0.669137,0.0945993,-0.737093,238.146,43.0171,-263.92,318.512,61.8196,-353.898,158.427,22.3839,-174.514,2393.53,335.272,-2636.14
0.669137,0.0945993,-0.737093,322.636,62.8444,-358.531,426.858,90.7128,-476.146,158.427,22.3839,-174.514,2393.53,335.272,-2636.14
0.669137,0.0945993,-0.737093,427.429,90.8761,-476.794,635.272,158.187,-715.021,158.427,22.3839,-174.514,2393.53,335.272,-2636.14
0.669137,0.0945993,-0.737093,635.946,158.431,-715.802,839.348,240.277,-954.858,158.427,22.3839,-174.514,2393.53,335.272,-2636.14
0.669137,0.0945993,-0.737093,840.013,240.572,-955.652,950.577,292.172,-1088.68,158.427,22.3839,-174.514,2393.53,335.272,-2636.14
0.0705281,-0.741864,-0.666831,18.7863,-158.893,-143.186,30.5885,-235.958,-212.962,15.1305,-159.283,-143.172,225.957,-2406.31,-2162.7
0.0705281,-0.741864,-0.666831,31.252,-239.974,-216.604,45.7111,-321.211,-290.444,15.1305,-159.283,-143.172,225.957,-2406.31,-2162.7
0.0705281,-0.741864,-0.666831,46.5092,-325.393,-294.253,68.4199,-430.978,-390.755,15.1305,-159.283,-143.172,225.957,-2406.31,-2162.7
0.0705281,-0.741864,-0.666831,68.5529,-431.573,-391.3,122.911,-643.016,-586.677,15.1305,-159.283,-143.172,225.957,-2406.31,-2162.7
0.0705281,-0.741864,-0.666831,123.115,-643.716,-587.329,190.896,-851.948,-783.284,15.1305,-159.283,-143.172,225.957,-2406.31,-2162.7
0.0705281,-0.741864,-0.666831,191.139,-852.621,-783.924,265.306,-1040.82,-964.885,15.1305,-159.283,-143.172,225.957,-2406.31,-2162.7
-0.994046,0.0918126,-0.0586775,-159.551,11.9781,-9.41425,-237.405,15.808,-13.9824,-159.321,14.7245,-9.4046,-2406.46,224.363,-142.062
-0.994046,0.0918126,-0.0586775,-241.472,15.9724,-14.2209,-323.889,18.5342,-19.0554,-159.321,14.7245,-9.4046,-2406.46,224.363,-142.062
-0.994046,0.0918126,-0.0586775,-328.172,18.6275,-19.3066,-435.856,19.6827,-25.6321,-159.321,14.7245,-9.4046,-2406.46,224.363,-142.062
-0.994046,0.0918126,-0.0586775,-436.54,19.6814,-25.6723,-654.523,14.1724,-38.496,-159.321,14.7245,-9.4046,-2406.46,224.363,-142.062
-0.994046,0.0918126,-0.0586775,-655.231,14.1379,-38.5377,-873.041,-1.60145,-51.3918,-159.321,14.7245,-9.4046,-2406.46,224.363,-142.062
-0.994046,0.0918126,-0.0586775,-873.782,-1.6725,-51.4356,-1073.83,-25.2394,-63.3053,-159.321,14.7245,-9.4046,-2406.46,224.363,-142.062
-0.341934,0.689668,0.63831,-74.2374,141.735,132.691,-112.66,209.585,197.323,-71.061,143.354,132.674,-1071.16,2166.57,2004.12
-0.341934,0.689668,0.63831,-114.699,213.092,200.685,-157.021,283.912,269.081,-71.061,143.354,132.674,-1071.16,2166.57,2004.12
-0.341934,0.689668,0.63831,-159.253,287.545,272.616,-217.096,378.518,361.989,-71.061,143.354,132.674,-1071.16,2166.57,2004.12
-0.341934,0.689668,0.63831,-217.441,379.043,362.51,-342.851,557.769,543.529,-71.061,143.354,132.674,-1071.16,2166.57,2004.12
-0.341934,0.689668,0.63831,-343.252,558.306,544.085,-479.676,729.48,725.567,-71.061,143.354,132.674,-1071.16,2166.57,2004.12
-0.341934,0.689668,0.63831,-480.149,730.037,726.173,-615.232,880.457,893.775,-71.061,143.354,132.674,-1071.16,2166.57,2004.12
-0.348426,-0.643604,0.68145,-72.863,-142.446,148.996,-105.958,-213.088,221.637,-76.1837,-140.698,148.978,-1153.14,-2124.07,2250.41
-0.348426,-0.643604,0.68145,-107.622,-216.752,225.385,-140.797,-292.357,302.264,-76.1837,-140.698,148.978,-1153.14,-2124.07,2250.41
-0.348426,-0.643604,0.68145,-142.44,-296.234,306.184,-182.867,-396.178,406.576,-76.1837,-140.698,148.978,-1153.14,-2124.07,2250.41
-0.348426,-0.643604,0.68145,-183.097,-396.775,407.172,-255.199,-602.911,610.605,-76.1837,-140.698,148.978,-1153.14,-2124.07,2250.41
-0.348426,-0.643604,0.68145,-255.405,-603.569,611.247,-314.314,-814.566,815.362,-76.1837,-140.698,148.978,-1153.14,-2124.07,2250.41
-0.348426,-0.643604,0.68145,-314.477,-815.231,815.999,-356.753,-1013.15,1004.58,-76.1837,-140.698,148.978,-1153.14,-2124.07,2250.41
-0.955551,-0.293893,0.0234569,-152.101,-49.6526,3.75274,-225.581,-75.7021,5.57267,-152.933,-47.027,3.75414,-2310.72,-708.512,56.7087
-0.955551,-0.293893,0.0234569,-229.393,-77.0913,5.66734,-306.617,-106.048,7.59157,-152.933,-47.027,3.75414,-2310.72,-708.512,56.7087
-0.955551,-0.293893,0.0234569,-310.596,-107.582,7.69114,-410.626,-147.536,10.2032,-152.933,-47.027,3.75414,-2310.72,-708.512,56.7087
-0.955551,-0.293893,0.0234569,-411.234,-147.787,10.2186,-610.762,-235.655,15.3107,-152.933,-47.027,3.75414,-2310.72,-708.512,56.7087
-0.955551,-0.293893,0.0234569,-611.43,-235.968,15.3279,-806.978,-333.221,20.4004,-152.933,-47.027,3.75414,-2310.72,-708.512,56.7087
-0.955551,-0.293893,0.0234569,-807.612,-333.556,20.417,-983.698,-431.258,25.0851,-152.933,-47.027,3.75414,-2310.72,-708.512,56.7087
