energies,initx,inity,initz,tot_dist,dEdx,beta_gamma
1999.93,-116.955,-112.418,-177.948,3.32693,0.000192178,19.9031
1999.91,-169.553,-166.945,-261.016,104.66,0.000192178,19.903
1999.89,-228.06,-230.815,-355.985,227.211,0.000192178,19.9028
1999.87,-301.15,-315.836,-478.939,387.344,0.000192178,19.9026
1999.82,-435.039,-489.23,-719.241,711.731,0.000192177,19.9021
1999.78,-557.067,-672.258,-960.517,1037.28,0.000192177,19.9018
1999.76,-616.63,-772.863,-1088.72,1209.73,0.000192176,19.9016
1999.87,73.5132,-211.474,369.233,10.4927,0.000192178,19.9026
1999.86,78.7962,-224.565,392.509,29.3165,0.000192178,19.9025
1999.85,112.873,-304.197,535.331,188.678,0.000192177,19.9024
1999.79,161.221,-405.491,720.402,397.006,0.000192177,19.9019
1999.75,245.273,-557.767,1007.23,731.3,0.000192176,19.9014
1999.27,-206.186,118.795,-189.422,99.7597,0.000192171,19.8969
1999.26,-282.981,158.661,-258.349,205.313,0.000192171,19.8968
1999.24,-383.795,207.571,-347.621,343.2,0.00019217,19.8966
1999.19,-584.904,294.127,-522.053,622.355,0.00019217,19.8962
1999.14,-791.451,368.695,-696.965,902.238,0.000192169,19.8957
1999.09,-985.818,426.388,-858.432,1160.68,0.000192169,19.8952
1999.62,-227.617,-69.3856,-32.3839,78.7378,0.000192175,19.9003
1999.62,-309.413,-97.5168,-44.1538,162.038,0.000192175,19.9002
1999.6,-414.56,-136.217,-59.3995,270.825,0.000192175,19.9
1999.57,-616.92,-219.012,-89.1484,490.953,0.000192174,19.8998
1999.54,-815.6,-311.485,-118.965,711.451,0.000192174,19.8995
1999.52,-994.818,-405.041,-146.47,914.796,0.000192174,19.8993
1999.94,-196.301,13.7619,-273.582,12.9721,0.000192178,19.9032
1999.89,-237.525,14.854,-330.861,79.7727,0.000192178,19.9028
1999.88,-324.104,15.1176,-451.129,221.169,0.000192178,19.9027
1999.85,-436.242,11.3815,-606.991,405.961,0.000192178,19.9025
1999.81,-654.597,-9.17993,-911.732,780.53,0.000192177,19.902
1999.79,-741.974,-22.4045,-1034.49,930.612,0.000192177,19.9018
1999.93,-107.72,212.201,325.788,82.686,0.000192178,19.9032
1999.91,-151.397,286.99,444.308,222.697,0.000192178,19.903
1999.88,-211.428,381.756,597.795,405.652,0.000192178,19.9027
1999.83,-339.692,559.64,897.915,776.477,0.000192177,19.9022
1999.81,-404.514,639.298,1038.42,949.37,0.000192177,19.902
1999.52,129.895,-199.368,189.33,99.6942,0.000192174,19.8992
1999.5,180.283,-269.732,258.162,205.184,0.000192173,19.8991
1999.48,247.965,-359.037,347.288,342.982,0.000192173,19.8989
1999.43,387.933,-527.341,521.414,621.968,0.000192173,19.8985
1999.4,538.19,-687.436,696.041,901.69,0.000192172,19.8981
1999.37,685.26,-827.096,857.305,1159.96,0.000192172,19.8978
1999.39,66.7675,228.369,-213.059,104.743,0.000192172,19.8981
1999.37,87.206,312.553,-290.632,215.575,0.000192172,19.8979
1999.35,110.536,422.163,-390.979,360.356,0.000192172,19.8977
1999.31,145.891,638.191,-586.993,653.512,0.000192171,19.8973
1999.26,167.685,856.812,-783.737,947.544,0.000192171,19.8968
1999.22,175.548,1059.65,-965.515,1219.16,0.00019217,19.8965
1999.59,228.866,-65.1218,35.3671,78.8715,0.000192174,19.9
1999.58,312.923,-85.8709,48.2041,162.313,0.000192174,19.8999
1999.57,422.147,-110.363,64.7993,271.284,0.000192174,19.8997
1999.53,637.164,-150.558,97.2226,491.786,0.000192174,19.8994
1999.5,854.196,-180.587,129.695,712.658,0.000192173,19.8991
1999.48,1055.46,-199.135,159.649,916.35,0.000192173,19.8989
1999.94,-235.769,32.1034,-270.974,103.474,0.000192179,19.9033
1999.93,-322.074,39.2549,-369.575,228.623,0.000192178,19.9031
1999.9,-434.036,44.9198,-497.227,392.148,0.000192178,19.9029
1999.86,-653.198,44.2708,-746.889,723.463,0.000192178,19.9025
1999.82,-872.633,28.0142,-997.602,1056.08,0.000192177,19.9021
1999.8,-941.831,19.5984,-1077.01,1160.69,0.000192177,19.902
1999.44,-156.268,-179.502,42.5017,79.2487,0.000192173,19.8985
1999.43,-210.711,-246.684,57.9145,163.089,0.000192173,19.8984
1999.42,-279.341,-335.215,77.8725,272.58,0.000192172,19.8983
1999.39,-407.01,-512.716,116.83,494.137,0.000192172,19.898
1999.35,-526.399,-696.554,155.903,716.074,0.000192172,19.8976
1999.32,-628.612,-870.935,191.945,920.754,0.000192171,19.8974
1999.57,-57.281,230.949,-1.61456,78.0203,0.000192174,19.8998
1999.56,-81.0232,314.162,-2.26546,160.561,0.000192174,19.8997
1999.55,-114.048,421.221,-3.10989,268.355,0.000192174,19.8995
1999.5,-185.853,627.774,-4.75389,486.472,0.000192173,19.8991
1999.47,-267.374,831.124,-6.38614,704.947,0.000192173,19.8988
1999.45,-350.936,1015.13,-7.90273,906.417,0.000192173,19.8986
1999.53,-224.83,-77.9169,84.7148,82.8313,0.000192174,19.8994
1999.52,-305.535,-109.289,115.586,170.464,0.000192174,19.8993
1999.51,-408.925,-152.185,155.496,284.914,0.000192174,19.8992
1999.47,-607.713,-243.55,233.482,516.517,0.000192173,19.8988
1999.45,-802.062,-344.867,311.59,748.544,0.000192173,19.8986
1999.42,-976.713,-446.806,383.657,962.569,0.000192172,19.8983
1999.41,-58.4712,-230.682,96.4994,84.1944,0.000192172,19.8982
1999.39,-76.5766,-315.289,131.595,173.27,0.000192172,19.8981
1999.38,-97.4899,-425.283,177.004,289.605,0.000192172,19.8979
1999.35,-130.097,-641.629,265.728,525.032,0.000192172,19.8976
1999.31,-151.736,-859.759,354.613,760.912,0.000192171,19.8973
1999.29,-161.877,-1061.87,436.683,978.517,0.000192171,19.8971
1999.56,106.694,212.721,135.57,89.7857,0.000192174,19.8997
1999.55,142.368,291.568,184.844,184.779,0.000192174,19.8995
1999.54,186.027,394.685,248.595,308.847,0.000192174,19.8994
1999.51,263.087,599.51,373.185,559.961,0.000192173,19.8991
1999.48,329.126,808.635,498.071,811.639,0.000192173,19.8989
1999.45,380.017,1004.65,613.382,1043.88,0.000192173,19.8986
1999.18,111.644,210.133,-185.452,98.8907,0.00019217,19.8961
1999.17,148.891,288.288,-252.865,203.526,0.00019217,19.896
1999.15,194.343,390.66,-340.084,340.208,0.000192169,19.8958
1999.12,274.108,594.548,-510.577,616.926,0.000192169,19.8954
1999.08,341.8,803.433,-681.566,894.376,0.000192169,19.8951
1999.05,393.166,999.534,-839.424,1150.56,0.000192168,19.8948
1999.59,-193.783,138.124,-66.7265,81.0394,0.000192174,19.8999
1999.57,-266.01,185.693,-91.0172,166.776,0.000192174,19.8998
1999.56,-360.912,245.219,-122.479,278.748,0.000192174,19.8996
1999.54,-550.389,354.568,-183.911,505.33,0.000192174,19.8994
1999.5,-745.289,454.756,-245.459,732.317,0.000192173,19.8991
1999.48,-929.234,538.67,-302.235,941.672,0.000192173,19.8989
1999.51,-16.2124,-237.426,175.982,97.001,0.000192174,19.8992
1999.5,-18.3218,-323.975,239.922,199.636,0.000192173,19.8991
1999.49,-18.0925,-435.984,322.647,333.702,0.000192173,19.899
1999.46,-8.01454,-654.592,484.289,605.108,0.000192173,19.8987
1999.43,14.8687,-872.944,646.441,877.201,0.000192173,19.8984
1999.38,47.2559,-1073.08,796.161,1128.4,0.000192172,19.8979
1999.1,-188.514,145.154,16.7461,78.2107,0.000192169,19.8953
1999.09,-258.874,195.512,22.8264,160.953,0.000192169,19.8952
1999.08,-351.375,258.784,30.7042,269.011,0.000192169,19.8951
1999.02,-536.1,375.74,46.0784,487.663,0.000192168,19.8945
1998.99,-726.502,484.115,61.481,706.677,0.000192168,19.8942
1998.96,-906.568,576.112,75.7172,908.648,0.000192167,19.894
1999.93,232.265,51.9181,-248.508,112.818,0.000192178,19.9031
1999.91,315.708,75.0151,-338.909,232.205,0.000192178,19.903
1999.88,422.759,108.23,-455.956,388.194,0.000192178,19.9027
1999.83,628.341,183.8,-684.758,704.176,0.000192177,19.9023
1999.79,829.117,273.518,-914.498,1021.27,0.000192177,19.9019
1999.76,986.539,355.857,-1100.12,1277.24,0.000192176,19.9016
1999.27,-44.782,233.698,-110.569,86.0321,0.000192171,19.8969
1999.26,-64.3003,317.999,-150.776,177.054,0.000192171,19.8968
1999.25,-92.1309,426.547,-202.851,295.936,0.000192171,19.8967
1999.22,-154.687,636.125,-304.512,536.543,0.00019217,19.8964
1999.19,-228.208,842.755,-406.47,777.64,0.00019217,19.8961
1999.16,-305.428,1029.76,-500.521,1000.07,0.00019217,19.8959
1999.38,64.9499,-228.938,-114.621,86.6307,0.000192172,19.8979
1999.36,91.795,-311.173,-156.358,178.284,0.000192172,19.8978
1999.33,129.058,-416.796,-210.398,297.991,0.000192171,19.8975
1999.3,209.893,-620.069,-315.954,540.263,0.000192171,19.8972
1999.24,301.451,-819.386,-421.785,783.027,0.00019217,19.8966
1999.21,394.98,-998.806,-519.421,1007.01,0.00019217,19.8963
1999.66,-84.9348,222.252,14.622,78.1665,0.000192175,19.9006
1999.63,-118.624,302.016,19.9753,160.862,0.000192175,19.9003
1999.62,-164.396,404.248,26.8867,268.858,0.000192175,19.9002
1999.59,-260.742,600.509,40.3663,487.383,0.000192174,19.9
1999.57,-366.39,792.437,53.8622,706.267,0.000192174,19.8997
1999.53,-471.805,964.983,66.3117,908.119,0.000192174,19.8994
1999.57,74.4969,-226,31.5919,78.7054,0.000192174,19.8998
1999.56,104.433,-307.165,43.1027,161.972,0.000192174,19.8996
1999.54,145.443,-411.421,58.0038,270.713,0.000192174,19.8995
1999.47,232.666,-611.898,87.0833,490.749,0.000192173,19.8988
1999.44,329.487,-808.558,116.237,711.152,0.000192173,19.8985
1999.41,426.92,-985.635,143.127,914.412,0.000192172,19.8983
1999.45,20.4282,-237.056,-50.0464,79.7268,0.000192173,19.8986
1999.43,30.8636,-322.97,-68.2631,164.074,0.000192173,19.8984
1999.42,46.7775,-433.824,-91.8364,274.229,0.000192172,19.8983
1999.36,85.6509,-649.086,-137.907,497.137,0.000192172,19.8977
1999.33,134.843,-862.602,-184.04,720.424,0.000192172,19.8975
1999.3,189.231,-1057.28,-226.596,926.35,0.000192171,19.8972
1999.6,33.048,235.676,-44.0895,79.3397,0.000192175,19.9
1999.58,42.0694,321.671,-60.0693,163.276,0.000192174,19.8998
1999.56,51.3607,433.295,-80.7594,272.891,0.000192174,19.8997
1999.53,61.7185,651.75,-121.166,494.698,0.000192174,19.8994
1999.5,61.6694,870.888,-161.663,716.885,0.000192173,19.8991
1999.48,52.3838,1072.8,-199.014,921.792,0.000192173,19.8989
1999.19,-182.006,153.244,-118.482,87.1524,0.00019217,19.8962
1999.18,-250.369,206.336,-161.564,179.361,0.00019217,19.8961
1999.16,-340.441,272.92,-217.305,299.789,0.00019217,19.8959
1999.14,-521.387,395.972,-326.15,543.494,0.000192169,19.8957
1999.11,-708.882,509.633,-435.168,787.679,0.000192169,19.8954
1999.08,-887.066,605.717,-535.82,1012.98,0.000192169,19.8951
1999.55,86.2457,221.753,36.2977,78.9251,0.000192174,19.8996
1999.54,114.761,303.51,49.5279,162.423,0.000192174,19.8995
1999.5,149.356,409.964,66.6306,271.467,0.000192173,19.8991
1999.47,209.474,620.283,100.043,492.116,0.000192173,19.8988
1999.45,259.633,833.565,133.511,713.138,0.000192173,19.8986
1999.42,296.857,1032.23,164.378,916.971,0.000192173,19.8984
1999.95,-175.56,16.9414,-209.806,10.3684,0.000192179,19.9034
1999.88,-237.082,20.4342,-283.097,101.326,0.000192178,19.9027
1999.86,-323.606,23.2215,-386.064,229.665,0.000192178,19.9025
1999.84,-435.746,23.1387,-519.447,397.359,0.000192177,19.9023
1999.8,-654.608,10.8956,-780.274,737.154,0.000192177,19.9019
1999.74,-872.925,-17.4085,-1042.24,1078.33,0.000192176,19.9013
1999.73,-891.938,-20.6457,-1065.19,1107.25,0.000192176,19.9013
1999.66,-895.183,-21.2114,-1069.11,1112.21,0.000192175,19.9006
1999.45,-85.9336,-221.93,65.4097,80.9091,0.000192173,19.8986
1999.43,-114.245,-303.654,89.164,166.506,0.000192173,19.8984
1999.42,-148.574,-410.294,119.927,278.294,0.000192172,19.8983
1999.22,-207.911,-620.745,179.968,504.505,0.00019217,19.8964
1999.18,-257.103,-834.392,240.119,731.103,0.00019217,19.8961
1999.14,-293.209,-1033.31,295.604,940.104,0.000192169,19.8957
1999.81,-367.613,-125.478,905.862,15.0376,0.000192177,19.902
1999.8,-390.432,-136.257,964.606,48.2394,0.000192177,19.9019
1998.53,-133.142,-197.195,151.99,92.6069,0.000192162,19.8899
1998.52,-178.63,-270.875,207.359,190.593,0.000192162,19.8898
1998.5,-235.053,-367.651,278.993,318.58,0.000192162,19.8896
1998.47,-337.183,-561.135,418.95,577.674,0.000192162,19.8893
1998.44,-428.639,-760.624,559.312,837.36,0.000192161,19.889
1998.4,-503.083,-949.052,688.872,1077.04,0.000192161,19.8887
1999.27,232.219,51.8835,-69.02,81.253,0.000192171,19.8969
1999.26,315.976,73.7683,-94.2046,167.215,0.000192171,19.8968
1999.24,423.695,104.472,-126.794,279.482,0.00019217,19.8966
1999.21,631.633,172.116,-190.407,506.664,0.00019217,19.8964
1999.18,836.469,249.99,-254.169,734.255,0.00019217,19.8961
1999.16,1021.96,330.678,-313.043,944.178,0.000192169,19.8958
1999.52,94.772,-218.21,-23.1249,78.3823,0.000192174,19.8993
1999.51,132.012,-296.41,-31.5046,161.306,0.000192174,19.8992
1999.5,182.295,-396.444,-42.3328,269.6,0.000192173,19.899
1999.46,287.381,-588.171,-63.4868,488.732,0.000192173,19.8987
1999.43,401.628,-775.165,-84.6846,708.228,0.000192173,19.8984
1999.4,514.747,-942.749,-104.249,910.647,0.000192172,19.8981
1999.82,-62.9063,-382.315,905.824,12.6013,0.000192177,19.9022
1999.81,-64.1818,-407.457,964.561,43.252,0.000192177,19.902
1999.65,96.7034,217.418,32.8683,78.7616,0.000192175,19.9005
1999.64,129.062,297.634,44.8374,162.087,0.000192175,19.9004
1999.63,168.74,402.414,60.3363,270.906,0.000192175,19.9003
1999.6,238.816,609.522,90.5862,491.101,0.000192175,19.9
1999.57,299.205,820.233,120.91,711.664,0.000192174,19.8997
1999.54,345.994,1016.86,148.889,915.072,0.000192174,19.8994
1999.44,232.989,48.5016,-139.359,90.4591,0.000192173,19.8985
1999.43,316.915,69.5366,-190.117,186.167,0.000192173,19.8984
1999.41,424.884,99.4423,-255.843,311.174,0.000192172,19.8983
1999.38,633.137,166.437,-384.188,564.194,0.000192172,19.8979
1999.35,838.046,244.87,-512.916,817.778,0.000192172,19.8977
1999.33,1023.07,327.027,-631.678,1051.79,0.000192171,19.8974
1999.63,-24.1212,236.693,-18.0597,78.2449,0.000192175,19.9003
1999.62,-35.8795,322.412,-24.6644,161.023,0.000192175,19.9002
1999.6,-53.4729,433.104,-33.2195,269.128,0.000192175,19.9001
1999.58,-95.4121,647.665,-49.9254,487.875,0.000192174,19.8998
1999.55,-147.48,860.474,-66.6721,706.985,0.000192174,19.8995
1999.51,-204.35,1054.51,-82.1045,909.042,0.000192174,19.8992
1999.9,-257.747,-25.0806,-491.068,6.99497,0.000192178,19.9029
1999.89,-281.197,-28.9081,-536.104,35.3204,0.000192178,19.9028
1999.88,-322.443,-36.2781,-615.53,123.944,0.000192178,19.9027
1999.85,-432.236,-59.9275,-828.482,355.689,0.000192177,19.9024
1999.83,-513.611,-81.3222,-988.055,534.843,0.000192177,19.9022
1999.95,22.3317,183.74,-241.72,9.23722,0.000192179,19.9033
1999.94,26.5535,236.486,-310.793,89.454,0.000192178,19.9032
1999.92,31.3399,322.955,-423.841,225.28,0.000192178,19.9031
1999.9,33.6232,435.102,-570.285,402.789,0.000192178,19.9028
1999.85,25.3002,654.187,-856.522,762.479,0.000192178,19.9024
1999.75,10.512,798.59,-1046,1000.1,0.000192176,19.9015
1999.48,189.65,143.705,-3.41153,78.0249,0.000192173,19.8989
1999.47,256.789,198.296,-4.65666,160.571,0.000192173,19.8988
1999.46,342.152,270.768,-6.26796,268.371,0.000192173,19.8987
1999.43,503.781,418.144,-9.41475,486.502,0.000192173,19.8985
1999.41,658.587,573.164,-12.5608,704.991,0.000192172,19.8982
1999.39,794.801,722.455,-15.4586,906.476,0.000192172,19.898
1999.84,334.886,-151.921,-847.145,7.94336,0.000192177,19.9023
1999.83,359.122,-159.964,-905.884,34.6567,0.000192177,19.9022
1999.82,385.034,-168.16,-968.392,84.2815,0.000192177,19.9021
1999.59,-215.911,100.03,91.1975,83.5623,0.000192174,19.8999
1999.57,-295.739,133.48,124.393,171.968,0.000192174,19.8998
1999.56,-399.985,174.408,167.344,287.428,0.000192174,19.8997
1999.54,-606.423,246.573,251.204,521.079,0.000192174,19.8994
1999.48,-816.784,308.462,335.282,755.169,0.000192173,19.8989
1999.45,-1013.34,356.104,412.828,971.109,0.000192173,19.8986
1999.18,44.3676,-233.803,108.831,85.8041,0.00019217,19.896
1999.16,63.7019,-318.156,148.443,176.585,0.00019217,19.8959
1999.15,91.2554,-426.691,199.699,295.151,0.000192169,19.8958
1999.12,153.319,-636.506,299.872,535.113,0.000192169,19.8955
1999.09,226.247,-843.246,400.232,775.551,0.000192169,19.8952
1999.06,302.92,-1030.46,492.855,997.379,0.000192168,19.8949
1999.51,105.959,213.09,199.451,101.79,0.000192174,19.8992
1999.5,140.953,292.241,271.96,209.503,0.000192173,19.8991
1999.47,183.408,395.938,365.846,350.211,0.000192173,19.8988
1999.44,256.936,602.193,549.307,635.083,0.000192173,19.8985
1999.4,317.887,813.13,733.226,920.729,0.000192172,19.8982
1999.37,362.626,1011.03,903.161,1184.53,0.000192172,19.8978
1999.92,-80.5341,-208.677,369.243,10.0821,0.000192178,19.9031
1999.92,-85.0308,-222.274,392.872,28.9145,0.000192178,19.9031
1999.89,-110.506,-305.056,535.801,188.369,0.000192178,19.9028
1999.86,-139.088,-413.595,721.018,396.821,0.000192178,19.9025
1999.82,-173.303,-583.591,1007.18,730.308,0.000192177,19.9021
1999.51,-230.353,-59.7401,29.4125,78.6091,0.000192173,19.8991
1999.49,-313.284,-84.3393,40.0873,161.773,0.000192173,19.899
1999.48,-420,-118.493,53.9139,270.382,0.000192173,19.8989
1999.45,-625.727,-192.509,80.9009,490.151,0.000192173,19.8986
1999.22,-828.151,-276.333,107.928,710.286,0.00019217,19.8964
1999.19,-1011.27,-362.095,132.878,913.296,0.00019217,19.8961
1999.62,-108.82,211.564,-40.2176,79.125,0.000192175,19.9002
1999.6,-151.171,287.077,-54.8409,162.835,0.000192175,19.9001
1999.59,-208.064,383.58,-73.7581,272.157,0.000192174,19.9
1999.56,-325.785,567.834,-110.671,493.369,0.000192174,19.8997
1999.53,-452.369,746.675,-147.656,714.953,0.000192174,19.8994
1999.5,-576.572,906.2,-181.799,919.306,0.000192173,19.8991
1999.49,134.725,196.118,-212.68,104.68,0.000192173,19.899
1999.47,180.38,269.687,-290.118,215.454,0.000192173,19.8988
1999.42,236.759,366.568,-390.386,360.171,0.000192173,19.8983
1999.38,337.798,560.78,-586.23,653.198,0.000192172,19.8979
1999.35,426.74,761.677,-782.798,947.113,0.000192172,19.8976
1999.21,497.54,951.919,-964.325,1218.56,0.00019217,19.8963
1999.55,199.491,-129.687,-132.521,89.342,0.000192174,19.8995
1999.53,273.894,-173.927,-180.805,183.866,0.000192174,19.8994
1999.52,371.52,-228.813,-243.278,307.325,0.000192174,19.8992
1999.48,566.448,-328.273,-365.379,557.216,0.000192173,19.8989
1999.45,766.853,-417.318,-487.767,807.662,0.000192173,19.8986
1999.42,955.91,-489.871,-600.784,1038.77,0.000192173,19.8983
1999.94,56.3949,-178.494,241.674,12.6588,0.000192179,19.9033
1999.93,73.7212,-226.273,307.274,92.3127,0.000192178,19.9032
1999.91,105.194,-306.962,419.074,227.19,0.000192178,19.903
1999.89,149.528,-409.923,563.789,403.449,0.000192178,19.9028
1999.81,247.729,-605.999,846.939,760.635,0.000192177,19.902
1999.77,327.175,-741.599,1049.85,1016.18,0.000192177,19.9017
1999.59,-229.839,-61.663,150.345,92.3036,0.000192174,19.8999
1999.57,-312.429,-87.4349,205.036,189.965,0.000192174,19.8998
1999.55,-418.505,-123.486,275.863,317.529,0.000192174,19.8996
1999.52,-622.596,-202.53,414.266,575.755,0.000192174,19.8993
1999.49,-822.445,-292.95,552.983,834.579,0.000192173,19.899
1999.47,-1002.3,-386.179,681.097,1073.46,0.000192173,19.8988
1999.84,-296.188,190.76,788.451,13.9238,0.000192177,19.9023
1999.83,-319.545,202.712,847.096,48.0208,0.000192177,19.9022
1999.82,-368.355,226.402,968.38,170.769,0.000192177,19.9021
1999.22,-207.059,-117.25,33.5182,78.7855,0.00019217,19.8964
1999.21,-280.788,-162.476,45.6791,162.136,0.00019217,19.8963
1999.19,-375.016,-223.088,61.4252,270.988,0.00019217,19.8962
1999.16,-554.561,-347.856,92.1556,491.248,0.00019217,19.8959
1999.12,-728.445,-481.316,122.954,711.877,0.000192169,19.8954
1999.09,-883.006,-611.554,151.345,915.344,0.000192169,19.8952
1999.54,237.854,-8.06576,124.673,88.0777,0.000192174,19.8995
1999.53,324.379,-7.68817,170.001,181.265,0.000192174,19.8994
1999.52,436.297,-4.51493,228.654,302.975,0.000192174,19.8992
1999.49,654.607,10.4128,343.29,549.308,0.000192173,19.899
1999.45,872.289,36.9132,458.157,796.151,0.000192173,19.8987
1999.42,1071.74,71.5699,564.186,1023.91,0.000192173,19.8984
1999.6,-12.3962,-237.584,-63.6583,80.7598,0.000192175,19.9001
1999.59,-13.7598,-324.168,-86.8083,166.2,0.000192175,19.9
1999.58,-13.0661,-436.203,-116.772,277.787,0.000192174,19.8999
1999.54,-3.71934,-654.666,-175.253,503.592,0.000192174,19.8995
1999.46,16.2325,-872.889,-233.85,729.791,0.000192173,19.8987
1999.43,44.042,-1073.24,-287.926,938.417,0.000192173,19.8984
1999.49,113.764,-209,121.397,87.5831,0.000192173,19.899
1999.48,158.08,-283.345,165.537,180.247,0.000192173,19.8989
1999.47,217.694,-378.147,222.65,301.272,0.000192173,19.8988
1999.4,341.425,-558.627,334.252,546.215,0.000192172,19.8982
1999.37,474.696,-732.732,446.098,791.673,0.000192172,19.8978
1999.31,605.742,-887.041,549.381,1018.16,0.000192171,19.8973
1999.6,-193.465,-138.526,3.95802,78.0295,0.000192175,19.9001
1999.59,-262.017,-191.334,5.41754,160.58,0.000192175,19.9
1999.58,-349.241,-261.532,7.30655,268.387,0.000192174,19.8998
1999.55,-514.701,-404.625,10.9821,486.53,0.000192174,19.8995
1999.52,-673.525,-555.533,14.6586,705.032,0.000192174,19.8992
1999.48,-813.619,-701.193,18.0426,906.528,0.000192173,19.8989
1999.43,64.0767,-229.112,-41.735,79.2116,0.000192173,19.8984
1999.42,90.3012,-311.612,-56.939,163.014,0.000192173,19.8983
1999.39,126.528,-417.609,-76.6141,272.457,0.000192172,19.8981
1999.37,204.618,-621.833,-115.023,493.917,0.000192172,19.8978
1999.3,292.54,-822.629,-153.507,715.748,0.000192171,19.8972
1999.27,381.992,-1003.88,-188.988,920.327,0.000192171,19.8969
1999.6,168.071,168.428,-8.8022,78.0685,0.000192175,19.9
1999.59,227.045,231.749,-11.9336,160.66,0.000192174,19.8999
1999.57,301.602,315.296,-15.9812,268.521,0.000192174,19.8998
1999.52,441.38,483.54,-23.8902,486.772,0.000192174,19.8992
1999.49,573.356,658.408,-31.8179,705.382,0.000192173,19.899
1999.46,687.722,825.026,-39.1374,906.977,0.000192173,19.8987
1999.53,-39.9543,234.62,205.789,103.207,0.000192174,19.8993
1999.51,-58.3868,319.201,280.724,212.41,0.000192174,19.8992
1999.49,-85.2952,427.919,377.669,355.062,0.000192173,19.899
1999.45,-147.815,637.788,567.278,643.927,0.000192173,19.8986
1999.41,-223.503,844.016,757.508,933.645,0.000192172,19.8982
1999.37,-304.698,1030.01,933.278,1201.27,0.000192172,19.8979
1999.93,-194.613,1.10152,-273.619,9.28915,0.000192178,19.9031
1999.92,-237.979,-0.558342,-334.618,76.6192,0.000192178,19.903
1999.9,-324.41,-5.94821,-456.35,219.133,0.000192178,19.9029
1999.88,-436.035,-17.0254,-613.998,405.357,0.000192178,19.9027
1999.83,-652.625,-52.0195,-922.391,782.838,0.000192177,19.9022
1999.81,-730.567,-69.0723,-1034.52,919.288,0.000192177,19.902
1999.55,-117.458,-206.901,18.7472,78.2627,0.000192174,19.8996
1999.54,-157.529,-283.697,25.595,161.06,0.000192174,19.8995
1999.53,-207.177,-384.005,34.4512,269.19,0.000192174,19.8994
1999.5,-297.176,-583.313,51.76,487.988,0.000192173,19.8991
1999.47,-377.919,-787.089,69.1082,707.147,0.000192173,19.8988
1999.43,-443.797,-978.156,85.0998,909.252,0.000192173,19.8984
1999.52,63.1063,-229.429,48.3787,79.6063,0.000192174,19.8993
1999.52,88.995,-312.019,65.9326,163.826,0.000192174,19.8992
1999.5,124.804,-418.137,88.6448,273.815,0.000192173,19.8991
1999.47,202.142,-622.652,132.976,496.378,0.000192173,19.8988
1999.43,289.351,-823.68,177.412,719.324,0.000192173,19.8984
1999.41,378.293,-1005.29,218.434,924.942,0.000192172,19.8982
1999.6,-13.3366,237.598,-125.571,88.2464,0.000192175,19.9
1999.58,-21.5381,323.702,-171.278,181.611,0.000192174,19.8998
1999.57,-34.8392,434.982,-230.5,303.553,0.000192174,19.8997
1999.54,-69.4959,650.956,-346.099,550.36,0.000192174,19.8994
1999.51,-115.692,865.401,-462.041,797.696,0.000192174,19.8992
1999.48,-168.359,1060.81,-569.016,1025.92,0.000192173,19.8989
1999.55,63.1923,229.402,98.6758,84.4586,0.000192174,19.8995
1999.52,82.989,313.702,134.568,173.814,0.000192174,19.8993
1999.51,106.065,423.263,180.964,290.512,0.000192174,19.8992
1999.48,142.918,638.838,271.606,526.684,0.000192173,19.8989
1999.44,168.858,856.593,362.515,763.32,0.000192173,19.8985
1999.39,182.978,1058.39,446.376,981.619,0.000192172,19.8981
1999.37,-12.653,-237.59,205.625,103.159,0.000192172,19.8978
1999.36,-13.2996,-324.155,280.484,212.314,0.000192172,19.8977
1999.34,-10.9804,-436.203,377.419,354.919,0.000192172,19.8975
1999.3,3.8271,-654.688,566.897,643.698,0.000192171,19.8972
1999.26,32.2075,-872.521,756.952,933.296,0.000192171,19.8968
1999.22,70.4128,-1071.83,932.549,1200.8,0.00019217,19.8964
1999.18,-126.894,-201.289,-34.0816,78.8154,0.00019217,19.8961
1999.17,-170.426,-276.029,-46.4815,162.198,0.00019217,19.896
1999.16,-224.726,-374.029,-62.5451,271.093,0.000192169,19.8958
1999.13,-323.808,-568.93,-93.8984,491.441,0.000192169,19.8956
1999.11,-413.795,-768.803,-125.34,712.16,0.000192169,19.8954
1999,-488.314,-956.677,-154.363,915.713,0.000192168,19.8943
1999.01,237.707,-10.481,157.249,93.5248,0.000192168,19.8944
1998.99,324.246,-10.6565,214.434,192.476,0.000192168,19.8943
1998.96,436.287,-8.03129,288.492,321.724,0.000192167,19.894
1998.92,654.612,6.36628,433.078,583.345,0.000192167,19.8935
1998.88,872.458,33.0971,578.101,845.581,0.000192166,19.8932
1998.83,1071.94,68.6268,711.998,1087.64,0.000192166,19.8928
1999.49,-176.769,-159.226,87.855,83.1765,0.000192173,19.899
1999.47,-238.888,-219.525,119.845,171.176,0.000192173,19.8988
1999.46,-317.477,-299.341,161.238,286.105,0.000192173,19.8987
1999.42,-464.928,-460.84,242.054,518.685,0.000192172,19.8983
1999.39,-604.518,-629.942,323.098,751.705,0.000192172,19.898
1999.15,-725.616,-791.937,397.867,966.659,0.000192169,19.8958
1999.93,119.126,-206.014,-228.836,108.241,0.000192178,19.9032
1999.92,166.002,-278.748,-312.009,222.773,0.000192178,19.903
1999.8,229.469,-371.131,-419.759,372.408,0.000192177,19.9019
1999.71,362.229,-545.372,-630.445,675.49,0.000192176,19.9011
1999.68,506.526,-711.087,-841.826,979.572,0.000192175,19.9008
1999.63,649.304,-855.668,-1037.28,1260.53,0.000192175,19.9004
1999.64,227.194,70.7755,-103.738,85.1149,0.000192175,19.9004
1999.62,308.813,99.6407,-141.486,175.166,0.000192175,19.9003
1999.61,413.523,139.421,-190.326,292.776,0.000192175,19.9001
1999.58,614.824,224.921,-285.687,530.792,0.000192174,19.8998
1999.55,811.951,320.817,-381.264,769.273,0.000192174,19.8995
1999.52,989.365,418.194,-469.492,989.28,0.000192174,19.8992
1999.45,-210.85,-110.235,61.299,80.5978,0.000192173,19.8986
1999.44,-286.098,-153.101,83.7389,165.865,0.000192173,19.8985
1999.42,-382.132,-210.633,112.745,277.222,0.000192173,19.8984
1999.38,-565.554,-329.845,169.431,502.563,0.000192172,19.8979
1999.34,-743.257,-458.074,226.198,728.301,0.000192172,19.8976
1999.29,-901.514,-583.885,278.543,936.495,0.000192171,19.8971
1999.56,190.65,-142.334,128.973,88.7067,0.000192174,19.8997
1999.55,262.005,-191.384,175.815,182.56,0.000192174,19.8995
1999.53,355.83,-252.592,236.421,305.142,0.000192174,19.8994
1999.5,543.69,-364.646,354.77,553.247,0.000192173,19.8991
1999.48,737.811,-466.826,473.466,801.884,0.000192173,19.8989
1999.43,921.504,-551.793,582.97,1031.31,0.000192173,19.8985
1999.56,-112.835,-209.445,-22.1125,78.351,0.000192174,19.8997
1999.54,-151.221,-287.092,-30.1141,161.241,0.000192174,19.8995
1999.52,-198.676,-388.465,-40.4491,269.492,0.000192174,19.8993
1999.49,-284.272,-589.687,-60.6779,488.539,0.000192173,19.899
1999.46,-360.47,-795.209,-80.974,707.952,0.000192173,19.8987
1999.43,-422.077,-987.7,-99.6977,910.296,0.000192173,19.8985
1998.66,-200.765,-127.763,-207.518,103.496,0.000192164,19.8912
1998.62,-271.563,-177.556,-282.947,213.017,0.000192163,19.8908
1998.6,-361.374,-244.578,-380.608,356.087,0.000192163,19.8906
1998.57,-530.503,-383.634,-571.442,645.776,0.000192163,19.8902
1998.52,-691.153,-533.42,-762.862,936.3,0.000192162,19.8898
1998.49,-831.02,-680.491,-939.737,1204.65,0.000192162,19.8895
1998.02,147.717,-186.496,-101.16,84.7793,0.000192156,19.8851
1998.01,204.042,-252.263,-137.969,174.474,0.000192156,19.8849
1997.99,278.859,-335.647,-185.597,291.622,0.000192156,19.8847
1997.95,431.062,-492.702,-278.589,528.703,0.000192156,19.8844
1997.9,591.501,-642.215,-371.821,766.241,0.000192155,19.884
1997.86,746.066,-772.706,-457.808,985.373,0.000192155,19.8835
1999.93,103.342,-214.342,-270.467,103.374,0.000192178,19.9032
1999.92,145.015,-290.263,-368.903,228.401,0.000192178,19.903
1999.89,202.102,-386.753,-496.333,391.762,0.000192178,19.9028
1999.85,323.625,-569.071,-745.376,722.667,0.000192177,19.9024
1999.79,458.37,-743.114,-995.497,1054.78,0.000192177,19.9019
1999.76,504.919,-797.708,-1077.02,1162.36,0.000192176,19.9016
1999.62,204.156,122.206,49.7636,79.7065,0.000192175,19.9002
1999.61,276.819,169.221,67.8681,164.032,0.000192175,19.9001
1999.6,369.504,232.082,91.2971,274.158,0.000192175,19.9
1999.56,545.9,361.276,137.046,497.005,0.000192174,19.8997
1999.54,716.34,499.128,182.912,720.236,0.000192174,19.8994
1999.51,867.483,633.307,225.207,926.113,0.000192174,19.8992
1999.54,104.877,-213.586,142.285,90.8993,0.000192174,19.8995
1999.51,146.139,-289.7,194.039,187.075,0.000192174,19.8992
1999.49,201.948,-386.822,260.995,312.691,0.000192173,19.899
1999.45,318.684,-571.866,391.785,566.951,0.000192173,19.8986
1999.41,445.689,-750.759,522.93,821.776,0.000192172,19.8982
1999.36,571.394,-909.464,643.981,1056.96,0.000192172,19.8978
1999.61,-27.3628,236.408,-158.269,93.7232,0.000192175,19.9001
1999.59,-40.8673,321.862,-215.842,192.886,0.000192174,19.8999
1999.57,-61.1619,432.013,-290.389,322.415,0.000192174,19.8997
1999.53,-109.932,645.391,-436.085,584.616,0.000192174,19.8994
1999.5,-170.777,856.172,-582.114,847.439,0.000192173,19.8991
1999.47,-237.454,1047.52,-716.978,1090.03,0.000192173,19.8988
1999.66,203.985,-122.58,43.8715,79.3315,0.000192175,19.9006
1999.65,279.62,-164.487,59.8022,163.26,0.000192175,19.9005
1999.63,378.744,-216.65,80.4443,272.868,0.000192175,19.9003
1999.61,575.865,-311.477,120.755,494.663,0.000192175,19.9001
1999.58,777.607,-396.96,161.133,716.835,0.000192174,19.8998
1999.43,967.137,-467.211,198.368,921.729,0.000192173,19.8984
1999.94,-105.076,159.322,-273.575,2.88003,0.000192179,19.9033
1999.93,-132.753,197.502,-341.134,71.0745,0.000192178,19.9032
1999.91,-185.321,266.328,-465.235,215.432,0.000192178,19.903
1999.89,-256.682,352.876,-626,404.123,0.000192178,19.9028
1999.77,-406.494,513.206,-940.512,786.602,0.000192177,19.9017
1999.76,-451.744,556.785,-1030.54,895.237,0.000192176,19.9015
1999.42,43.8294,-233.914,-65.5471,80.9228,0.000192172,19.8983
1999.41,62.8223,-318.291,-89.3614,166.536,0.000192172,19.8982
1999.39,89.818,-427.019,-120.204,278.345,0.000192172,19.8981
1998.64,150.249,-637.163,-180.438,504.607,0.000192164,19.8909
1998.61,220.979,-844.671,-240.903,731.289,0.000192163,19.8907
1998.59,295.066,-1032.78,-296.669,940.363,0.000192163,19.8904
0.00540762,430.275,-469.512,-223.995,1311.97,0.0443891,inf
1999.94,-176.264,41.91,-241.7,2.86146,0.000192179,19.9033
1999.93,-232.054,52.6753,-317.51,84.2067,0.000192178,19.9032
1999.91,-317.473,66.9105,-433.067,221.954,0.000192178,19.9029
1999.88,-428.724,81.433,-582.788,401.966,0.000192178,19.9027
1999.83,-647.446,96.9415,-875.428,766.77,0.000192177,19.9022
1999.81,-772.431,98.1409,-1042.24,974.06,0.000192177,19.902
1999.55,237.084,-20.6842,153.951,92.9349,0.000192174,19.8996
1999.54,323.481,-24.7174,209.921,191.263,0.000192174,19.8995
1999.45,435.546,-27.1057,282.472,319.704,0.000192173,19.8987
1999.39,654.282,-22.5393,424.126,579.712,0.000192172,19.8981
1999.36,873.086,-5.73223,566.22,840.332,0.000192172,19.8978
1999.33,1073.88,20.6146,697.35,1080.89,0.000192172,19.8975
1999.91,-232.005,101.135,-446.163,22.517,0.000192178,19.9029
1999.88,-299.43,125.039,-572.215,162.08,0.000192178,19.9027
1999.85,-406.66,158.316,-770.047,381.025,0.000192177,19.9024
1999.82,-530.832,189.857,-995.85,639.45,0.000192177,19.9022
1999.82,-532.907,190.323,-999.597,640.516,0.000192177,19.9022
1999.49,-161.634,174.661,-214.533,105.062,0.000192173,19.899
1999.47,-223.354,235.369,-292.576,216.228,0.000192173,19.8988
1999.45,-305.433,311.597,-393.549,361.447,0.000192173,19.8986
1999.42,-472.833,452.799,-590.978,655.501,0.000192172,19.8983
1999.39,-649.409,583.564,-789.046,950.431,0.000192172,19.898
1999.34,-819.636,694.197,-972.036,1222.88,0.000192172,19.8976
1999.76,403.52,-44.2995,964.571,14.1402,0.000192176,19.9016
1999.92,-209.766,-46.5605,-337.35,11.4853,0.000192178,19.903
1999.91,-232.073,-52.6354,-373.628,47.8069,0.000192178,19.903
1999.89,-315.156,-77.2283,-509.596,201.561,0.000192178,19.9028
1999.86,-421.421,-113.314,-685.687,402.531,0.000192178,19.9025
1999.81,-615.226,-193.372,-1014.79,791.751,0.000192177,19.902
1999.93,220.893,-88.4643,-347.962,69.1545,0.000192178,19.9031
1999.91,303.195,-115.632,-474.723,215.536,0.000192178,19.9029
1999.88,410.976,-146.747,-638.818,406.875,0.000192178,19.9027
1999.82,625.182,-194.243,-959.831,794.781,0.000192177,19.9021
1999.8,670.203,-201.874,-1026.62,874.456,0.000192177,19.902
1999.76,-212.491,300.325,-847.154,8.3329,0.000192176,19.9016
1999.75,-229.355,319.51,-905.846,35.4872,0.000192176,19.9015
1999.74,-247.605,339.689,-968.363,85.6057,0.000192176,19.9014
1999.47,21.0422,-237.05,-191.539,100.179,0.000192173,19.8988
1999.46,32.5364,-322.811,-261.198,206.171,0.000192173,19.8987
1999.44,50.44,-433.411,-351.391,344.623,0.000192173,19.8985
1999.4,95.2213,-647.735,-527.645,624.921,0.000192172,19.8982
1999.37,152.98,-859.534,-704.345,905.971,0.000192172,19.8978
1999.33,217.578,-1051.81,-867.601,1165.5,0.000192171,19.8975
1999.95,4.45614,-176.329,209.823,10.363,0.000192179,19.9034
1999.94,8.44323,-237.81,283.099,101.32,0.000192178,19.9032
1999.92,16.171,-324.035,386.073,229.663,0.000192178,19.9031
1999.9,29.8648,-435.337,519.453,397.356,0.000192178,19.9029
1999.85,68.561,-651.102,780.191,737.08,0.000192177,19.9024
1999.81,123.071,-864.365,1042.05,1078.19,0.000192177,19.902
1999.8,129.579,-886.138,1069.08,1112.49,0.000192177,19.902
1999.52,194.404,-137.147,-52.7741,79.9146,0.000192174,19.8993
1999.51,266.839,-184.496,-71.97,164.461,0.000192174,19.8992
1999.49,361.963,-243.767,-96.8286,274.875,0.000192173,19.899
1999.47,551.578,-352.586,-145.31,498.301,0.000192173,19.8988
1999.44,746.647,-452.448,-193.905,722.111,0.000192173,19.8985
1999.41,930.709,-536.199,-238.754,928.525,0.000192172,19.8982
1999.41,-237.854,-5.74695,-182.699,98.3594,0.000192172,19.8982
1999.39,-324.254,-11.5887,-249.166,202.433,0.000192172,19.8981
1999.37,-435.786,-22.1357,-335.163,338.385,0.000192172,19.8979
1999.34,-652.605,-52.4366,-503.254,613.63,0.000192172,19.8976
1999.3,-867.826,-95.5601,-671.798,889.602,0.000192171,19.8972
1999.27,-1064.04,-146.653,-827.488,1144.42,0.000192171,19.8969
1999.97,-90.016,-138.897,177.945,8.13114,0.000192179,19.9035
1999.95,-127.152,-201.186,255.907,108.389,0.000192179,19.9034
1999.44,-169.586,-276.65,348.977,229.637,0.000192173,19.8986
1999.42,-221.413,-375.984,469.421,388.05,0.000192172,19.8983
1999.38,-312.537,-575.252,704.991,708.913,0.000192172,19.8979
1999.34,-390.007,-781.115,941.455,1030.91,0.000192172,19.8976
1999.32,-432.005,-915.274,1092.53,1236.23,0.000192171,19.8974
1999.62,-192.016,140.557,103.641,85.1145,0.000192175,19.9002
1999.61,-263.781,188.98,141.383,175.164,0.000192175,19.9001
1999.59,-358.061,249.464,190.212,292.771,0.000192175,19.9
1999.56,-546.564,360.371,285.548,530.779,0.000192174,19.8997
1999.53,-740.936,461.74,381.099,769.252,0.000192174,19.8994
1999.51,-924.763,546.392,469.313,989.255,0.000192174,19.8992
1999.57,147.045,-187.027,40.2632,79.1216,0.000192174,19.8998
1999.57,202.864,-253.205,54.8888,162.829,0.000192174,19.8997
1999.55,276.914,-337.258,73.8143,272.147,0.000192174,19.8996
1999.52,427.236,-496.026,110.749,493.354,0.000192174,19.8993
1999.49,585.276,-647.776,147.763,714.937,0.000192173,19.899
1999.47,737.4,-781.013,181.949,919.293,0.000192173,19.8988
1999.38,237.628,13.1357,-217.453,105.681,0.000192172,19.898
1999.37,323.723,22.0075,-296.497,217.505,0.000192172,19.8979
1999.34,434.852,36.703,-398.863,363.579,0.000192172,19.8976
1999.31,650.312,75.8128,-598.846,659.37,0.000192171,19.8972
1999.27,863.518,128.69,-799.423,956.037,0.000192171,19.8969
1999.22,1057.29,189.544,-984.873,1230.1,0.00019217,19.8965
1999.92,145.352,-71.1144,-177.92,2.76406,0.000192178,19.9031
1999.91,214.971,-101.978,-261.638,104.244,0.000192178,19.903
1999.89,295.033,-135.02,-356.851,226.969,0.000192178,19.9028
1999.87,399.968,-174.498,-480.102,387.316,0.000192178,19.9026
1999.83,608.777,-240.753,-720.994,712.142,0.000192177,19.9022
1999.79,822.646,-292.539,-962.982,1038.17,0.000192177,19.9018
1999.77,931.587,-312.919,-1084.84,1201.97,0.000192177,19.9016
1998.12,935.024,-313.494,-1088.67,1203.84,0.000192157,19.886
1999.6,113.207,-209.272,-14.0258,78.1547,0.000192175,19.9001
1999.59,156.992,-283.902,-19.1522,160.838,0.000192174,19.8999
1999.57,215.752,-379.336,-25.7806,268.817,0.000192174,19.8998
1999.55,336.899,-561.337,-38.7038,487.309,0.000192174,19.8995
1999.52,466.709,-737.825,-51.6413,706.161,0.000192174,19.8993
1999.48,593.672,-895.065,-63.5594,907.98,0.000192173,19.8989
1999.91,21.786,209.633,-337.369,3.86246,0.000192178,19.903
1999.91,23.3043,236.846,-380.989,40.7002,0.000192178,19.903
1999.83,26.1467,323.393,-519.576,196.639,0.000192177,19.9022
1999.8,25.3205,435.613,-699.175,400.48,0.000192177,19.9019
1999.67,11.81,629.929,-1010.99,767.027,0.000192175,19.9007
1999.47,235.496,34.1679,58.1386,80.3058,0.000192173,19.8988
1999.46,320.626,49.5998,79.2482,165.267,0.000192173,19.8987
1999.45,430.329,71.9725,106.571,276.225,0.000192173,19.8986
1999.36,642.935,123.45,159.993,500.764,0.000192172,19.8978
1999.33,853.169,185.225,213.514,725.697,0.000192172,19.8975
1999.31,1044.36,251.172,263.044,933.181,0.000192171,19.8973
1999.58,-196.195,-134.709,183.371,98.4918,0.000192174,19.8998
1999.56,-265.357,-186.677,250.014,202.705,0.000192174,19.8997
1999.54,-353.085,-256.338,336.324,338.84,0.000192174,19.8995
1999.51,-518.275,-400.006,504.996,614.437,0.000192174,19.8992
1999,-675.115,-553.667,674.154,890.756,0.000192168,19.8944
1998.95,-811.592,-703.533,830.262,1145.86,0.000192167,19.8938
1999.63,183.327,-151.687,48.8534,79.6463,0.000192175,19.9003
1999.62,251.953,-204.429,66.6173,163.908,0.000192175,19.9002
1999.61,342.214,-270.734,89.6034,273.951,0.000192175,19.9001
1999.57,522.993,-393.731,134.465,496.623,0.000192174,19.8998
1999.54,709.922,-508.24,179.435,719.677,0.000192174,19.8995
1999.52,886.967,-605.793,220.895,925.388,0.000192174,19.8992
1999.41,44.1717,-233.809,-4.30638,78.0319,0.000192172,19.8982
1999.39,63.2353,-318.218,-5.86085,160.585,0.000192172,19.8981
1999.38,90.2139,-426.9,-7.8712,268.395,0.000192172,19.898
1999.36,150.384,-637.199,-11.808,486.544,0.000192172,19.8977
1999.31,220.454,-844.779,-15.7627,705.053,0.000192171,19.8973
1999.29,293.687,-1033.15,-19.3919,906.56,0.000192171,19.8971
1999.92,-97.0573,217.26,-219.181,106.083,0.000192178,19.9031
1999.91,-136.068,294.586,-298.932,218.326,0.000192178,19.9029
1999.87,-189.393,393.124,-402.089,364.946,0.000192178,19.9026
1999.83,-302.722,580.48,-603.677,661.823,0.000192177,19.9022
1999.71,-428.17,760.855,-806.008,959.642,0.000192176,19.901
1999.66,-554.104,920.116,-993.004,1234.8,0.000192175,19.9006
1999.59,-217.147,97.1973,88.0682,83.1794,0.000192175,19.9
1999.58,-297.395,129.671,120.07,171.18,0.000192174,19.8998
1999.57,-402.15,169.326,161.482,286.113,0.000192174,19.8997
1999.54,-609.527,239.019,242.369,518.701,0.000192174,19.8994
1999.5,-820.504,298.393,323.413,751.727,0.000192173,19.8991
1999.47,-1017.64,343.773,398.216,966.681,0.000192173,19.8988
1999.94,-229.426,63.2515,265.79,102.344,0.000192179,19.9033
1999.93,-313.973,81.8936,362.439,226.114,0.000192178,19.9032
1999.91,-424.14,102.531,487.565,387.832,0.000192178,19.903
1999.87,-641.378,131.419,732.227,715.401,0.000192178,19.9026
1999.77,-860.967,145.036,977.834,1044.17,0.000192177,19.9017
1999.76,-953.335,146.138,1080.91,1181.62,0.000192176,19.9015
1998.71,-956.874,146.123,1084.86,1183.98,0.000192164,19.8916
1999.47,237.814,7.96577,116.483,86.862,0.000192173,19.8988
1999.46,324.171,14.2435,158.845,178.76,0.000192173,19.8987
1999.44,435.614,24.9989,213.618,298.784,0.000192173,19.8985
1999.4,652.396,54.5621,320.642,541.688,0.000192172,19.8981
1999.36,867.801,95.4348,427.855,785.071,0.000192172,19.8978
1999.34,1064.54,143.09,526.836,1009.62,0.000192172,19.8975
1996.85,93.093,-218.976,-116.794,86.8982,0.000192143,19.874
1996.84,130.065,-297.269,-159.248,178.836,0.000192143,19.8738
1996.82,180.285,-397.402,-214.176,298.913,0.000192143,19.8737
1996.79,285.98,-588.898,-321.443,541.941,0.000192142,19.8734
1996.75,401.843,-775.141,-429.055,785.485,0.000192142,19.8731
1996.65,517.227,-941.365,-528.311,1010.18,0.000192141,19.8721
1999.94,-176.875,40.6263,-241.707,3.35348,0.000192179,19.9033
1999.93,-232.459,50.922,-316.966,84.5834,0.000192178,19.9032
1999.91,-318,64.5198,-432.298,222.14,0.000192178,19.903
1999.89,-429.289,78.1909,-581.616,401.914,0.000192178,19.9028
1999.85,-648.18,92.0487,-873.795,766.29,0.000192177,19.9024
1999.81,-774.66,92.2362,-1042.23,975.82,0.000192177,19.902
1999.9,148.801,-185.729,238.85,110.545,0.000192178,19.9029
1999.89,206.2,-250.562,325.738,227.525,0.000192178,19.9028
1999.87,282.937,-332.177,438.148,380.352,0.000192178,19.9026
1999.82,440.799,-484.07,657.954,689.832,0.000192177,19.9022
1999.79,608.983,-625.653,878.519,1000.33,0.000192177,19.9018
1999.76,772.484,-746.31,1082.38,1287.26,0.000192176,19.9015
1999.26,177.074,-158.981,90.2368,83.4445,0.000192171,19.8968
1999.25,243.562,-214.402,123.067,171.725,0.00019217,19.8967
1999.23,331.197,-284.142,165.548,287.022,0.00019217,19.8965
1999.18,507.337,-413.748,248.531,520.359,0.00019217,19.8961
1999.16,690.234,-534.7,331.739,754.137,0.000192169,19.8958
1999.13,864.107,-637.989,408.508,969.797,0.000192169,19.8955
1999.52,64.9775,228.951,-158.017,93.6565,0.000192174,19.8993
1999.49,85.033,313.092,-215.421,192.739,0.000192173,19.8989
1999.46,108.224,422.716,-289.779,322.155,0.000192173,19.8987
1999.43,144.404,638.579,-435.039,584.125,0.000192173,19.8984
1999.39,168.45,856.649,-580.629,846.709,0.000192172,19.8981
1999.36,179.733,1058.97,-715.098,1089.09,0.000192172,19.8978
1999.61,-96.338,-217.545,51.8453,79.8338,0.000192175,19.9002
1999.59,-128.567,-297.861,70.612,164.292,0.000192174,19.9
1999.58,-168.006,-402.672,94.8951,274.591,0.000192174,19.8999
1999.55,-237.587,-610.058,142.348,497.79,0.000192174,19.8996
1999.52,-297.245,-820.895,189.874,721.373,0.000192174,19.8993
1999.47,-343.244,-1017.74,233.725,927.579,0.000192173,19.8988
1999.96,220.496,89.5755,-241.74,111.222,0.000192179,19.9034
1999.94,298.986,126.091,-329.654,228.914,0.000192179,19.9033
1999.92,399.121,176.423,-443.461,382.668,0.000192178,19.9031
1999.86,589.607,284.495,-665.884,694.062,0.000192178,19.9025
1999.81,773.188,405.577,-889.244,1006.52,0.000192177,19.902
1999.75,935.306,528.172,-1095.65,1295.27,0.000192176,19.9015
1999.94,59.8492,-185.133,-273.6,9.24931,0.000192179,19.9033
1999.94,75.0837,-225.799,-334.863,76.7483,0.000192178,19.9032
1999.91,107.421,-306.192,-457.118,219.619,0.000192178,19.903
1999.88,153.07,-408.639,-615.36,406.342,0.000192178,19.9027
1999.81,254.479,-603.227,-924.975,784.809,0.000192177,19.902
1998.87,292.628,-667.679,-1030.55,913.143,0.000192166,19.8931
1998.55,294.084,-670.054,-1034.48,917.122,0.000192162,19.8901
1999.58,47.113,233.212,-138.69,90.3031,0.000192174,19.8999
1999.57,60.86,318.719,-189.151,185.844,0.000192174,19.8997
1999.55,75.917,429.742,-254.436,310.633,0.000192174,19.8996
1999.52,96.4186,647.54,-381.903,563.207,0.000192174,19.8992
1999.48,105.106,866.683,-509.696,816.341,0.000192173,19.8989
1999.41,102.553,1069.16,-627.692,1049.95,0.000192172,19.8982
1999.64,219.254,92.393,-15.7167,78.1901,0.000192175,19.9004
1999.63,297.759,128.775,-21.4547,160.91,0.000192175,19.9003
1999.62,398.418,178.048,-28.8862,268.939,0.000192175,19.9002
1999.59,591.23,281.036,-43.397,487.532,0.000192174,19.8999
1999.55,779.466,393.218,-57.9605,706.487,0.000192174,19.8995
1999.52,948.313,504.464,-71.4075,908.403,0.000192174,19.8993
1999.61,-229.507,62.8846,-120.78,87.4892,0.000192175,19.9001
1999.6,-313.81,82.5004,-164.696,180.054,0.000192175,19.9
1999.58,-423.461,105.275,-221.519,300.951,0.000192174,19.8998
1999.54,-639.212,141.247,-332.51,545.637,0.000192174,19.8994
1999.51,-857.166,165.927,-443.839,790.84,0.000192174,19.8992
1999.49,-1059.13,178.512,-546.55,1017.09,0.000192173,19.899
1999.59,-148.673,-185.809,140.998,90.6855,0.000192174,19.8999
1999.57,-199.983,-255.45,192.243,186.634,0.000192174,19.8998
1999.56,-264.186,-347.248,258.609,311.955,0.000192174,19.8996
1999.52,-382.139,-531.588,388.265,565.612,0.000192174,19.8993
1999.49,-490.131,-722.485,518.177,819.818,0.000192173,19.899
1999.46,-580.484,-903.745,638.102,1054.4,0.000192173,19.8987
1999.95,45.1976,-233.631,-218.761,105.991,0.000192179,19.9033
1999.93,65.6314,-317.72,-298.314,218.15,0.000192178,19.9032
1999.92,95.243,-425.857,-401.392,364.676,0.000192178,19.903
1999.88,163.162,-634,-602.717,661.393,0.000192178,19.9027
1999.84,244.482,-838.139,-804.81,959.04,0.000192177,19.9023
1999.79,331.046,-1021.8,-991.524,1234,0.000192177,19.9019
1999.94,19.3605,181.973,241.697,5.86642,0.000192179,19.9033
1999.93,22.8615,236.861,314.321,86.6727,0.000192178,19.9032
1999.91,26.2059,323.433,428.724,223.497,0.000192178,19.903
1999.89,26.5816,435.579,576.813,402.3,0.000192178,19.9028
1999.85,14.4797,654.503,866.403,764.666,0.000192177,19.9024
1999.82,-1.5589,789.581,1046.04,988.848,0.000192177,19.9021
1999.77,305.214,-87.1286,671.006,15.6472,0.000192177,19.9017
1999.76,332.516,-92.417,729.726,54.1859,0.000192176,19.9015
1999.72,423.007,-107.154,923.309,264.874,0.000192176,19.9012
1999.71,447.88,-110.461,976.284,322.064,0.000192176,19.9011
1999.89,212.163,-15.0149,-337.361,7.47168,0.000192178,19.9028
1999.89,237.489,-15.5889,-377.538,44.0713,0.000192178,19.9028
1999.87,324.108,-15.6007,-514.912,198.999,0.000192178,19.9026
1999.85,436.216,-11.1394,-692.857,401.523,0.000192177,19.9024
1999.8,635.743,9.35296,-1011,776.523,0.000192177,19.902
1999.2,638.098,9.69386,-1014.78,779.1,0.00019217,19.8963
1999.5,90.5922,-220.007,-138.544,90.2481,0.000192173,19.8991
1999.49,126.84,-298.668,-188.887,185.734,0.000192173,19.899
1999.45,176.194,-399.188,-253.98,310.451,0.000192173,19.8987
1999.42,280.619,-591.496,-381.218,562.901,0.000192173,19.8983
1999.39,395.549,-778.295,-508.755,815.912,0.000192172,19.898
1999.35,510.533,-945.023,-626.52,1049.4,0.000192172,19.8977
1999.89,-239.944,177.207,-625.991,3.0922,0.000192178,19.9027
1999.85,-258.171,188.553,-671.007,23.9785,0.000192177,19.9024
1999.82,-359.742,247.015,-916.772,275.314,0.000192177,19.9021
1999.81,-384.831,260.27,-976.28,339.864,0.000192177,19.902
1999.93,-158.812,-159.683,369.237,12.9889,0.000192178,19.9032
1999.93,-167.369,-169.178,390.187,31.7312,0.000192178,19.9032
1999.91,-224.045,-234.702,532.196,190.408,0.000192178,19.903
1999.88,-293.949,-322.515,716.193,397.854,0.000192178,19.9027
1999.84,-396.007,-467.717,1007.18,737.623,0.000192177,19.9023
1999.95,51.2985,232.393,235.269,109.718,0.000192179,19.9033
1999.94,65.7829,317.722,320.823,225.827,0.000192178,19.9032
1999.92,81.2334,428.704,431.612,377.533,0.000192178,19.903
1999.88,100.599,646.908,648.284,684.806,0.000192178,19.9027
1999.83,105.501,866.689,865.729,993.096,0.000192177,19.9022
1999.79,97.0917,1069.71,1066.69,1277.98,0.000192177,19.9018
1999.63,220.946,-88.4529,-95.4158,84.0478,0.000192175,19.9003
1999.62,302.434,-117.561,-130.078,172.969,0.000192175,19.9002
1999.6,408.694,-152.803,-174.924,289.103,0.000192175,19.9001
1999.55,618.851,-213.722,-262.577,524.127,0.000192174,19.8996
1999.52,832.197,-264.024,-350.41,759.611,0.000192174,19.8993
1999.44,1031.09,-300.811,-431.491,976.857,0.000192173,19.8985
1999.92,27.0294,-202.71,305.468,9.97584,0.000192178,19.9031
1999.91,32.9728,-235.682,355.498,62.5926,0.000192178,19.903
1999.9,50.3032,-320.545,484.848,211.086,0.000192178,19.9028
1999.86,76.9479,-429.525,652.38,405.164,0.000192178,19.9025
1999.8,142.49,-638.989,980.212,798.66,0.000192177,19.902
1999.8,152.272,-665.716,1022.71,848.558,0.000192177,19.9019
1999.6,-38.5811,234.786,36.4482,78.9227,0.000192175,19.9001
1999.51,-55.6117,319.64,49.6604,162.418,0.000192174,19.8992
1999.5,-80.0117,428.912,66.7575,271.461,0.000192173,19.8991
1999.47,-135.287,640.568,100.169,492.111,0.000192173,19.8988
1999.44,-200.635,849.698,133.619,713.131,0.000192173,19.8985
1999.38,-269.621,1039.68,164.47,916.956,0.000192172,19.898
1999.58,183.514,151.462,160.635,94.117,0.000192174,19.8999
1999.57,247.874,209.298,218.996,193.695,0.000192174,19.8997
1999.55,329.267,286.301,294.566,323.761,0.000192174,19.8995
1999.47,481.719,443.366,442.191,587.038,0.000192173,19.8988
1999.44,625.401,609.194,590.174,850.947,0.000192173,19.8985
1999.4,749.568,769.316,726.821,1094.55,0.000192172,19.8981
1999.37,-194.8,136.733,-143.912,91.214,0.000192172,19.8979
1999.35,-267.584,183.47,-196.288,187.722,0.000192172,19.8977
1999.34,-363.363,241.665,-264.146,313.772,0.000192172,19.8975
1999.29,-554.875,347.426,-396.629,568.916,0.000192171,19.8971
1999.23,-752.428,442.817,-529.482,824.637,0.00019217,19.8966
1999.2,-939.176,521.165,-652.122,1060.64,0.00019217,19.8963
1999.4,-67.8755,228.068,33.0833,78.7661,0.000192172,19.8982
1999.39,-95.4408,310.054,45.0767,162.095,0.000192172,19.898
1999.37,-133.403,415.481,60.606,270.917,0.000192172,19.8979
1999.35,-214.763,618.406,90.9124,491.119,0.000192172,19.8976
1999.32,-305.848,817.778,121.316,711.692,0.000192171,19.8974
1999.29,-398.106,997.607,149.343,915.105,0.000192171,19.8971
1999.93,44.1515,211.52,337.406,13.6188,0.000192178,19.9031
1999.92,47.6053,233.137,371.584,49.8099,0.000192178,19.9031
1999.89,59.4302,318.989,506.869,202.995,0.000192178,19.9027
1999.85,70.3501,430.663,682.03,403.229,0.000192177,19.9024
1999.8,77.4418,643.661,1014.79,797.344,0.000192177,19.902
1999.65,-237.932,-0.0613635,36.894,78.9473,0.000192175,19.9005
1999.63,-324.39,-3.0855,50.2899,162.469,0.000192175,19.9003
1999.62,-436.217,-9.39386,67.6331,271.545,0.000192175,19.9002
1999.59,-654.028,-29.5206,101.499,492.26,0.000192174,19.8999
1999.56,-870.996,-59.9847,135.424,713.346,0.000192174,19.8997
1999.54,-1069.66,-97.1946,166.735,917.24,0.000192174,19.8994
1999.63,-237.147,19.4768,-92.1378,83.6603,0.000192175,19.9003
1999.62,-323.611,23.325,-125.629,172.169,0.000192175,19.9002
1999.61,-435.617,25.7613,-168.983,287.764,0.000192175,19.9001
1999.57,-654.33,22.2141,-253.638,521.698,0.000192174,19.8998
1999.53,-873.034,7.66439,-338.466,756.074,0.000192174,19.8994
1999.49,-1073.95,-15.5111,-416.76,972.289,0.000192173,19.899
1999.93,-91.0024,219.866,-347.859,69.108,0.000192178,19.9031
1999.91,-128.975,297.714,-474.408,215.381,0.000192178,19.9029
1999.81,-181.905,396.624,-638.347,406.586,0.000192177,19.902
1999.76,-297.385,583.233,-959.128,794.232,0.000192176,19.9015
1999.75,-323.618,621.215,-1026.59,874.802,0.000192176,19.9014
1999.53,236.177,28.8366,-173.258,96.6723,0.000192174,19.8994
1999.51,321.623,42.8076,-236.597,198.956,0.000192174,19.8992
1999.49,431.652,63.7849,-318.544,332.562,0.000192173,19.899
1999.46,644.675,114.147,-478.705,603.037,0.000192173,19.8987
1999.43,854.916,176.989,-639.323,874.242,0.000192173,19.8984
1999.4,1045.58,245.852,-787.795,1124.68,0.000192172,19.8981
1999.95,127.494,200.954,245.675,112.143,0.000192179,19.9033
1999.93,170.157,276.241,334.99,230.816,0.000192178,19.9032
1999.92,222.43,375.42,450.685,385.846,0.000192178,19.903
1999.87,314.571,574.194,676.801,699.834,0.000192178,19.9026
1999.84,393.385,779.472,903.741,1014.9,0.000192177,19.9023
1999.81,451.249,964.588,1103.91,1292.76,0.000192177,19.902
1999.64,192.497,-139.834,15.9377,78.1914,0.000192175,19.9004
1999.63,264.226,-188.222,21.71,160.913,0.000192175,19.9003
1999.61,358.447,-248.903,29.1888,268.944,0.000192175,19.9002
1999.57,546.328,-360.676,43.7746,487.542,0.000192174,19.8998
1999.51,739.674,-463.76,58.1945,706.486,0.000192174,19.8992
1999.48,922.2,-550.756,71.4151,908.385,0.000192173,19.8989
1999.6,237.483,-14.1722,80.7379,82.3926,0.000192175,19.9
1999.59,324.069,-16.1637,110.138,169.561,0.000192174,19.8999
1999.57,436.024,-16.2258,148.143,283.404,0.000192174,19.8998
1999.53,654.648,-8.16895,222.404,513.781,0.000192174,19.8994
1999.51,872.996,10.7287,296.805,744.585,0.000192174,19.8992
1999.28,1073.4,37.7341,365.429,957.471,0.000192171,19.897
0.0106423,1056.13,12.2121,682.018,1504.63,0.0493765,inf
1999.96,-69.0282,-158.975,209.835,5.63078,0.000192179,19.9034
1999.95,-92.4112,-219.312,288.175,97.5462,0.000192179,19.9033
1999.92,-121.64,-300.822,392.993,227.225,0.000192178,19.9031
1999.9,-155.946,-407.551,528.668,396.65,0.000192178,19.9029
1999.86,-211.317,-619.67,793.975,739.886,0.000192178,19.9025
1999.81,-251.068,-836.237,1060.45,1084.54,0.000192177,19.902
1999.81,-251.068,-836.24,1060.46,1084.54,0.000192177,19.902
1999.81,-251.631,-840.122,1065.2,1089.64,0.000192177,19.902
1999.53,174.213,-162.059,-92.9796,83.7444,0.000192174,19.8994
1999.52,239.742,-218.589,-126.729,172.343,0.000192174,19.8993
1999.5,326.206,-289.804,-170.413,288.056,0.000192173,19.8991
1999.48,500.233,-422.355,-255.74,522.232,0.000192173,19.8989
1999.43,681.081,-546.231,-341.233,756.851,0.000192173,19.8984
1999.39,853.341,-652.364,-420.181,973.293,0.000192172,19.898
1999.83,-351.608,112.011,847.167,11.1184,0.000192177,19.9022
1999.82,-376.693,117.166,905.847,41.1936,0.000192177,19.9021
1999.81,-403.508,122.281,968.392,94.3712,0.000192177,19.902
1999.9,15.5157,-260.966,491.146,12.1063,0.000192178,19.9029
1999.88,23.93,-323.601,609.84,129.403,0.000192178,19.9027
1999.86,43.3005,-434.211,820.771,359.449,0.000192178,19.9025
1999.83,62.6837,-521.178,988.091,547.728,0.000192177,19.9022
1999.8,47.4878,-380.099,905.83,1.37173,0.000192177,19.9019
1999.79,53.3241,-404.286,964.567,20.2166,0.000192177,19.9018
1999.57,119.699,205.677,159.031,93.853,0.000192174,19.8998
1999.56,160.092,282.209,216.888,193.158,0.000192174,19.8997
1999.54,209.846,382.613,291.805,322.867,0.000192174,19.8995
1999.51,298.573,582.613,438.055,585.405,0.000192174,19.8992
1999.39,376.142,787.922,584.712,848.544,0.000192172,19.898
1999.36,437.348,981,720.042,1091.43,0.000192172,19.8978
1999.53,-227.112,70.9796,-34.5342,78.8376,0.000192174,19.8994
1999.52,-310.61,93.9168,-47.118,162.243,0.000192174,19.8993
1999.48,-419.167,121.249,-63.375,271.166,0.000192173,19.8989
1999.44,-633.002,167.036,-95.1413,491.571,0.000192173,19.8986
1999.41,-849.219,202.738,-126.971,712.346,0.000192172,19.8982
1999.37,-1049.93,226.542,-156.317,915.948,0.000192172,19.8979
1999.93,217.297,97.0574,275.35,104.416,0.000192178,19.9032
1999.88,294.351,136.494,375.49,230.707,0.000192178,19.9026
1999.85,392.471,190.791,505.244,395.732,0.000192177,19.9024
1999.81,578.171,307.095,758.812,730.05,0.000192177,19.902
1999.74,755.805,437.019,1013.45,1065.64,0.000192176,19.9013
1999.73,796.016,469.265,1073.07,1143.34,0.000192176,19.9012
1999.65,-64.8493,228.934,-8.11233,78.0619,0.000192175,19.9005
1999.63,-91.2805,311.329,-11.0496,160.647,0.000192175,19.9003
1999.61,-127.753,417.238,-14.8535,268.499,0.000192175,19.9001
1999.59,-206.239,621.364,-22.294,486.734,0.000192174,19.8999
1999.56,-294.364,821.942,-29.7576,705.33,0.000192174,19.8996
1999.54,-383.911,1003.12,-36.6476,906.914,0.000192174,19.8994
1999.9,-140.694,191.918,323.286,82.2896,0.000192178,19.9029
1999.88,-195.925,258.674,440.99,221.638,0.000192178,19.9027
1999.86,-270.473,342.42,593.328,403.763,0.000192178,19.9025
1998.84,-425.827,497.278,891.468,772.928,0.000192166,19.8928
1998.82,-506.762,569.021,1038.47,954.266,0.000192166,19.8926
1999.62,96.9492,-217.286,12.4463,78.1254,0.000192175,19.9003
1999.61,134.908,-295.043,16.9992,160.777,0.000192175,19.9002
1999.6,186.149,-394.604,22.8852,268.716,0.000192175,19.9
1999.57,293.069,-585.423,34.3769,487.126,0.000192174,19.8997
1999.54,409.005,-771.316,45.8867,705.896,0.000192174,19.8995
1999.47,523.586,-937.794,56.4925,907.642,0.000192173,19.8988
1999.57,126.998,-201.182,71.975,81.519,0.000192174,19.8998
1999.56,175.804,-272.665,98.1944,167.764,0.000192174,19.8997
1999.55,240.991,-363.737,132.116,280.398,0.000192174,19.8995
1999.52,374.809,-536.798,198.383,508.328,0.000192174,19.8993
1999.46,517.182,-703.396,264.703,736.65,0.000192173,19.8988
1999.44,655.654,-850.727,325.874,947.242,0.000192173,19.8985
1999.58,-115.606,-208,-164.072,94.6981,0.000192174,19.8999
1999.56,-154.508,-285.353,-223.627,194.895,0.000192174,19.8996
1999.54,-202.24,-386.692,-300.667,325.764,0.000192174,19.8994
1999.5,-286.842,-588.482,-451.159,590.686,0.000192173,19.8991
1999.39,-360.056,-795.376,-602.091,856.244,0.000192172,19.8981
1999.37,-417.08,-989.788,-741.368,1101.35,0.000192172,19.8978
1999.56,66.8699,-228.346,-85.6111,82.9354,0.000192174,19.8996
1999.54,94.3187,-310.465,-116.826,170.68,0.000192174,19.8995
1999.53,132.217,-415.885,-157.217,285.278,0.000192174,19.8994
1999.5,213.87,-618.756,-236.08,517.191,0.000192173,19.8991
1999.46,305.762,-817.739,-315.162,749.554,0.000192173,19.8987
1999.39,399.353,-997.126,-388.22,963.916,0.000192172,19.8981
1999.92,237.54,-14.5413,265.762,102.345,0.000192178,19.903
1999.9,324.115,-15.3416,362.421,226.122,0.000192178,19.9029
1999.88,436.17,-12.8098,487.538,387.831,0.000192178,19.9027
1999.84,654.694,3.77592,732.16,715.371,0.000192177,19.9023
1999.79,872.365,35.7935,977.675,1044.08,0.000192177,19.9018
1999.77,963.169,53.8273,1080.94,1181.76,0.000192176,19.9016
1998.8,966.628,54.5711,1084.88,1184.39,0.000192165,19.8925
1999.55,187.612,-146.354,-165.008,94.9218,0.000192174,19.8996
1999.54,258.076,-196.659,-224.99,195.356,0.000192174,19.8994
1999.51,350.891,-259.364,-302.59,326.54,0.000192174,19.8992
1999.47,537.418,-373.923,-454.3,592.129,0.000192173,19.8988
1999.41,730.653,-477.879,-606.394,858.382,0.000192172,19.8983
1999.38,914.153,-563.942,-746.854,1104.15,0.000192172,19.8979
1999.55,115.778,207.894,146.426,91.5736,0.000192174,19.8996
1999.54,154.786,285.155,199.601,188.461,0.000192174,19.8994
1999.52,202.759,386.343,268.413,315.014,0.000192174,19.8993
1999.49,288.247,587.812,402.93,571.185,0.000192173,19.899
1999.46,362.716,794.12,537.768,827.948,0.000192173,19.8987
1999.43,421.329,988.013,662.307,1064.92,0.000192173,19.8984
1999.51,-88.278,220.984,83.5374,82.6949,0.000192174,19.8992
1999.5,-123.303,300.143,113.948,170.183,0.000192173,19.8991
1999.48,-170.923,401.486,153.279,284.441,0.000192173,19.8989
1999.43,-271.309,595.765,230.124,515.675,0.000192173,19.8985
1999.38,-381.536,785.316,307.204,747.349,0.000192172,19.8979
1999.35,-491.436,955.067,378.317,961.058,0.000192172,19.8977
1999.51,186.757,-147.466,-150.743,92.3812,0.000192174,19.8992
1999.5,256.835,-198.204,-205.585,190.124,0.000192173,19.8991
1999.48,349.231,-261.615,-276.623,317.793,0.000192173,19.8989
1999.45,534.703,-377.781,-415.375,576.222,0.000192173,19.8986
1999.41,726.846,-483.753,-554.493,835.249,0.000192172,19.8982
1999.38,909.165,-571.953,-682.908,1074.33,0.000192172,19.8979
1999.66,-89.0879,-220.598,21.5201,78.3341,0.000192175,19.9006
1999.66,-118.709,-301.993,29.3219,161.207,0.000192175,19.9006
1999.64,-154.749,-407.997,39.4059,269.434,0.000192175,19.9004
1999.62,-217.729,-617.366,59.0996,488.43,0.000192175,19.9002
1999.59,-270.932,-830,78.8461,707.79,0.000192174,19.8999
1999.56,-311.083,-1028.1,97.0592,910.081,0.000192174,19.8997
1999.32,146.637,187.374,-143.08,91.0279,0.000192171,19.8974
1999.29,197.189,257.655,-195.115,187.343,0.000192171,19.8971
1999.27,260.318,350.18,-262.436,313.143,0.000192171,19.8969
1999.24,376.09,535.907,-393.98,567.771,0.00019217,19.8966
1999.21,481.734,728.123,-525.824,822.981,0.00019217,19.8963
1999.17,569.806,910.53,-647.587,1058.52,0.00019217,19.896
1999.93,56.1678,225.465,-401.192,8.21316,0.000192178,19.9031
1999.9,72.2066,316.316,-560.454,173.1,0.000192178,19.9029
1999.87,86.8859,427.639,-754.267,388.649,0.000192178,19.9026
1999.82,97.7814,569.373,-999.604,671.048,0.000192177,19.9022
1999.37,-79.3479,-224.354,167.712,95.4615,0.000192172,19.8978
1999.35,-104.735,-307.101,228.727,196.468,0.000192172,19.8977
1999.33,-134.795,-414.977,307.678,328.407,0.000192171,19.8975
1999.29,-184.367,-628.189,462.027,595.502,0.000192171,19.8971
1999.26,-221.736,-844.489,616.816,863.264,0.000192171,19.8968
1999.23,-245.158,-1045.73,759.691,1110.45,0.00019217,19.8965
1999.28,75.0937,-225.786,-2.02241,78.0209,0.000192171,19.897
1999.28,105.235,-306.901,-2.76437,160.562,0.000192171,19.897
1999.26,146.459,-411.016,-3.72638,268.357,0.000192171,19.8968
1999.23,234.128,-611.412,-5.60719,486.475,0.00019217,19.8965
1999.2,331.231,-807.827,-7.48346,704.951,0.00019217,19.8962
1999.17,428.849,-984.754,-9.20371,906.424,0.00019217,19.896
1999.39,-46.763,-233.334,56.6872,80.2081,0.000192172,19.898
1999.37,-60.7052,-318.727,77.328,165.065,0.000192172,19.8979
1999.36,-76.3367,-429.598,104.04,275.887,0.000192172,19.8977
1999.32,-98.9875,-647.176,156.253,500.146,0.000192171,19.8974
1999.29,-111.156,-865.961,208.558,724.796,0.000192171,19.8971
1999.27,-113.027,-1068.11,256.834,931.993,0.000192171,19.8969
1999.34,219.304,-92.2916,92.8969,83.7678,0.000192172,19.8976
1999.33,300.271,-122.855,126.722,172.393,0.000192171,19.8975
1999.31,405.912,-160.01,170.49,288.139,0.000192171,19.8973
1999.29,614.912,-224.706,256.016,522.381,0.000192171,19.8971
1999.25,827.297,-278.898,341.717,757.076,0.000192171,19.8967
1999.22,1025.55,-319.391,420.84,973.578,0.00019217,19.8964
1999.64,52.0517,-232.166,-61.4602,80.5723,0.000192175,19.9004
1999.63,73.963,-315.95,-83.7999,165.814,0.000192175,19.9003
1999.61,104.659,-423.607,-112.678,277.138,0.000192175,19.9001
1999.57,172.29,-631.542,-169.075,502.409,0.000192174,19.8998
1999.54,250.1,-836.494,-225.635,728.081,0.000192174,19.8995
1999.52,330.551,-1021.96,-277.781,936.214,0.000192174,19.8992
1999.56,198.895,130.697,54.5978,80.0467,0.000192174,19.8997
1999.55,269.444,180.804,74.4479,164.732,0.000192174,19.8996
1999.54,359.303,247.619,100.134,275.329,0.000192174,19.8995
1999.51,529.92,384.37,150.292,499.127,0.000192174,19.8992
1999.48,694.192,529.534,200.578,723.314,0.000192173,19.8989
1999.44,839.301,670.284,246.95,930.079,0.000192173,19.8985
1997.91,230.575,58.8686,-163.346,94.6697,0.000192155,19.8841
1997.9,313.424,83.7456,-222.79,194.838,0.000192155,19.8839
1997.89,419.925,118.737,-299.833,325.68,0.000192155,19.8838
1997.86,624.67,195.91,-450.235,590.551,0.000192154,19.8835
1997.82,825.319,284.884,-601.098,856.061,0.000192154,19.8831
1997.78,1005.74,377.009,-740.307,1101.14,0.000192154,19.8828
1999.57,207.261,-116.799,53.6582,79.9698,0.000192174,19.8998
1999.56,284.187,-156.642,73.1581,164.574,0.000192174,19.8997
1999.55,384.714,-205.971,98.3621,275.065,0.000192174,19.8996
1999.5,584.363,-295.125,147.573,498.647,0.000192173,19.8991
1999.47,788.485,-374.782,196.893,722.616,0.000192173,19.8988
1999.43,980.079,-439.535,242.409,929.174,0.000192173,19.8984
1999.93,-176.017,57.2388,241.675,9.29441,0.000192178,19.9031
1999.92,-226.98,71.4787,310.783,89.5399,0.000192178,19.903
1999.9,-310.935,92.724,423.902,225.423,0.000192178,19.9028
1999.88,-420.571,116.435,570.455,403.02,0.000192178,19.9027
1999.83,-637.196,150.205,857.022,762.983,0.000192177,19.9022
1999.79,-781.212,163.291,1046.02,999.842,0.000192177,19.9018
1999.61,-165.119,171.364,-75.3401,81.8366,0.000192175,19.9001
1999.59,-227.373,231.478,-102.743,168.417,0.000192174,19.8999
1999.58,-309.643,307.449,-138.202,281.491,0.000192174,19.8998
1999.55,-475.688,449.736,-207.45,510.313,0.000192174,19.8996
1999.52,-648.985,584.039,-276.893,739.554,0.000192174,19.8993
1999.49,-814.471,700.217,-340.934,950.997,0.000192173,19.899
1999.93,230.611,-58.6236,-277.259,104.861,0.000192178,19.9031
1999.9,315.573,-75.4463,-378.18,231.676,0.000192178,19.9029
1999.88,426.219,-93.6306,-508.814,397.356,0.000192178,19.9027
1999.82,644.056,-117.364,-764.14,733.01,0.000192177,19.9021
1999.76,864.062,-125.375,-1020.64,1069.96,0.000192176,19.9016
1999.76,909.051,-125.051,-1073.05,1138.03,0.000192176,19.9015
1999.85,278.742,-103.27,626.05,0.627426,0.000192177,19.9024
1999.84,299.282,-109.079,670.96,18.9262,0.000192177,19.9023
1999.84,326.242,-116.352,729.703,60.2897,0.000192177,19.9023
1999.82,414.205,-137.328,919.975,270.357,0.000192177,19.9021
1999.81,440.39,-142.773,976.25,331.301,0.000192177,19.902
1999.59,-216.783,98.222,-101.473,84.8246,0.000192174,19.8999
1999.57,-296.867,130.9,-138.372,174.567,0.000192174,19.8998
1999.56,-401.541,170.818,-186.163,291.775,0.000192174,19.8996
1999.53,-608.735,240.831,-279.474,528.981,0.000192174,19.8994
1999.49,-819.802,300.365,-373.049,766.652,0.000192173,19.899
1999.45,-1016.96,345.671,-459.386,985.918,0.000192173,19.8986
1999.51,-234.686,39.2738,197.588,101.318,0.000192174,19.8992
1999.5,-320.613,49.7261,269.27,208.515,0.000192173,19.8991
1999.47,-432.191,60.188,362.085,348.552,0.000192173,19.8988
1999.44,-650.824,70.6156,543.433,632.111,0.000192173,19.8985
1999.4,-870.433,67.7147,725.417,916.471,0.000192172,19.8982
1999.36,-1072.77,53.1369,893.492,1179.08,0.000192172,19.8978
1998.77,-235.863,31.7489,101.888,84.8746,0.000192165,19.8922
1998.76,-321.957,40.0462,138.928,174.671,0.000192165,19.8921
1998.75,-433.682,48.2134,186.903,291.948,0.000192165,19.892
1998.72,-652.258,55.733,280.536,529.279,0.000192164,19.8917
1998.67,-871.532,52.0817,374.381,767.057,0.000192164,19.8912
1998.64,-1073.38,38.7969,460.938,986.414,0.000192164,19.891
1999.92,236.995,72.2796,446.112,11.9752,0.000192178,19.903
1999.89,308.696,99.9101,584.397,153.807,0.000192178,19.9028
1999.86,411.732,144.613,786.556,376.349,0.000192178,19.9025
1999.52,515.911,196.155,995.803,614.551,0.000192174,19.8993
1999.57,-197.391,132.816,-129.307,88.7649,0.000192174,19.8997
1999.56,-271.115,178.229,-176.277,182.679,0.000192174,19.8996
1999.54,-367.889,234.655,-237.033,305.336,0.000192174,19.8994
1999.51,-561.143,337.151,-355.692,553.592,0.000192174,19.8992
1999.49,-760.142,429.488,-474.663,802.365,0.000192173,19.8989
1999.46,-947.869,505.141,-584.443,1031.93,0.000192173,19.8987
1999.47,52.3894,232.106,137.257,90.1,0.000192173,19.8988
1999.46,68.0559,317.203,187.225,185.426,0.000192173,19.8987
1999.44,85.6283,427.867,251.925,309.93,0.000192173,19.8986
1999.41,111.063,645.143,378.256,561.936,0.000192172,19.8983
1999.38,124.729,864.119,504.942,814.489,0.000192172,19.898
1999.35,126.801,1066.61,621.851,1047.54,0.000192172,19.8976
1999.52,-148.545,-185.935,191.192,100.128,0.000192174,19.8993
1999.5,-199.526,-255.827,260.759,206.071,0.000192173,19.8991
1999.49,-263.075,-348.114,350.919,344.494,0.000192173,19.899
1999.46,-378.945,-533.888,527.079,624.726,0.000192173,19.8987
1999.42,-483.714,-726.795,703.662,905.695,0.000192173,19.8984
1999.38,-570.031,-910.343,866.816,1165.15,0.000192172,19.898
1999.48,-131.71,-198.213,191.569,100.163,0.000192173,19.8989
1999.46,-176.255,-272.383,261.193,206.142,0.000192173,19.8987
1999.44,-231.297,-369.99,351.36,344.574,0.000192173,19.8986
1999.38,-330.075,-565.406,527.527,624.824,0.000192172,19.898
1999.35,-417.149,-766.939,704.12,905.811,0.000192172,19.8977
1999.31,-486.695,-957.491,867.257,1165.27,0.000192171,19.8973
1999.63,207.042,117.263,-59.9836,80.4589,0.000192175,19.9003
1999.62,280.763,162.532,-81.7898,165.58,0.000192175,19.9002
1999.6,374.938,223.247,-110.036,276.748,0.000192175,19.9001
1999.57,554.31,348.376,-165.168,501.703,0.000192174,19.8998
1999.55,727.809,482.297,-220.424,727.052,0.000192174,19.8995
1999.52,881.928,613.12,-271.408,934.896,0.000192174,19.8993
1999.43,-231.474,55.2831,187.567,99.3506,0.000192173,19.8984
1999.42,-316.465,71.6822,255.786,204.47,0.000192172,19.8983
1999.4,-426.961,89.9186,344.056,341.786,0.000192172,19.8981
1999.36,-644.362,115.817,516.647,619.796,0.000192172,19.8978
1999.31,-863.549,128.802,689.646,898.487,0.000192171,19.8973
1999.26,-1066.29,129.144,849.354,1155.81,0.000192171,19.8969
1999.52,166.022,-170.5,44.667,79.3716,0.000192174,19.8993
1999.51,228.504,-230.271,60.8311,163.341,0.000192174,19.8992
1999.5,311.095,-305.934,81.7694,273.003,0.000192173,19.8991
1999.47,477.602,-447.798,122.678,494.908,0.000192173,19.8988
1999.44,650.958,-581.797,163.672,717.194,0.000192173,19.8985
1999.4,816.375,-697.963,201.494,922.196,0.000192172,19.8982
1999.68,-205.322,-120.343,-81.31,82.4683,0.000192175,19.9008
1999.66,-278.299,-166.802,-110.94,169.718,0.000192175,19.9007
1999.65,-371.364,-229.03,-149.292,283.67,0.000192175,19.9005
1999.63,-548.547,-357.352,-224.242,514.271,0.000192175,19.9003
1999.6,-719.475,-494.532,-299.325,745.295,0.000192175,19.9
1999.57,-871.038,-628.541,-368.637,958.395,0.000192174,19.8998
1999.47,237.681,-11.2339,-2.64711,78.0227,0.000192173,19.8988
1999.45,324.208,-12.3088,-3.58272,160.566,0.000192173,19.8986
1999.44,436.183,-11.3188,-4.79455,268.363,0.000192173,19.8985
1999.38,654.704,-1.64701,-7.14875,486.487,0.000192172,19.8979
1999.35,872.872,18.296,-9.4998,704.972,0.000192172,19.8976
1999.32,1073.11,45.7489,-11.6445,906.453,0.000192171,19.8973
1999.56,234.139,42.2769,-106.338,85.45,0.000192174,19.8997
1999.55,318.675,60.8684,-145.007,175.858,0.000192174,19.8996
1999.53,427.467,87.4619,-195.043,293.937,0.000192174,19.8994
1999.49,637.837,147.608,-292.814,532.909,0.000192173,19.899
1999.47,845.244,218.595,-390.79,772.361,0.000192173,19.8988
1999.44,1033.26,293.51,-481.231,993.266,0.000192173,19.8985
1999.54,-212.352,107.389,-176.848,97.1695,0.000192174,19.8994
1999.53,-291.241,143.033,-241.098,199.984,0.000192174,19.8993
1999.51,-394.49,186.442,-324.222,334.281,0.000192174,19.8992
1999.47,-599.837,262.331,-486.687,606.139,0.000192173,19.8988
1999.44,-809.77,326.301,-649.543,878.683,0.000192173,19.8985
1999.38,-1006.73,374.383,-799.972,1130.31,0.000192172,19.898
1999.94,-36.6966,-235.122,-232.72,109.141,0.000192178,19.9032
1999.92,-45.8641,-321.207,-317.343,224.612,0.000192178,19.903
1999.9,-54.4141,-432.957,-426.89,375.46,0.000192178,19.9028
1999.87,-60.29,-651.935,-641.027,680.953,0.000192178,19.9026
1999.82,-51.7696,-871.514,-855.807,987.413,0.000192177,19.9021
1999.79,-31.0851,-1073.68,-1054.44,1270.6,0.000192177,19.9019
1999.6,-234.186,-42.408,42.1397,79.2349,0.000192175,19.9001
1999.59,-318.683,-60.7863,57.4728,163.061,0.000192174,19.8999
1999.58,-427.6,-86.9528,77.3346,272.536,0.000192174,19.8998
1999.54,-638.226,-145.622,116.108,494.059,0.000192174,19.8995
1999.49,-846.349,-214.435,154.981,715.961,0.000192173,19.899
1999.47,-1035.19,-286.607,190.835,920.606,0.000192173,19.8988
1999.82,334.155,225.75,-964.561,7.25094,0.000192177,19.9021
1999.66,179.161,156.572,-11.6018,78.1088,0.000192175,19.9006
1999.64,242.292,215.717,-15.7869,160.743,0.000192175,19.9005
1999.62,322.378,294.005,-21.2006,268.66,0.000192175,19.9003
1999.59,473.28,452.349,-31.7743,487.025,0.000192174,19.9
1999.31,616.852,617.83,-42.342,705.746,0.000192171,19.8972
1999.28,742.275,776.297,-52.086,907.446,0.000192171,19.897
1999.46,-194.15,137.555,49.3952,79.6825,0.000192173,19.8987
1999.45,-266.485,185.077,67.3621,163.981,0.000192173,19.8986
1999.44,-361.426,244.543,90.6142,274.073,0.000192173,19.8985
1999.4,-550.765,353.826,135.996,496.847,0.000192172,19.8981
1999.37,-745.632,454.22,181.525,720.007,0.000192172,19.8978
1999.34,-929.397,538.423,223.498,925.817,0.000192172,19.8976
1999.49,182.855,152.313,214.184,104.98,0.000192173,19.899
1999.47,246.745,210.733,292.1,216.062,0.000192173,19.8988
1999.45,327.211,288.647,392.903,361.173,0.000192173,19.8986
1999.42,477.1,448.318,590.025,655.01,0.000192172,19.8983
1999.37,617.079,617.666,787.818,949.749,0.000192172,19.8979
1999.31,736.667,781.702,970.588,1222.03,0.000192171,19.8973
1999.95,-120.562,132.62,-209.803,14.6727,0.000192179,19.9034
1999.94,-161.787,174.535,-278.62,104.788,0.000192179,19.9033
1999.92,-223.929,234.766,-379.916,231.934,0.000192178,19.9031
1999.9,-306.987,310.166,-511.223,398.067,0.000192178,19.9029
1999.86,-477.016,448.394,-767.761,734.642,0.000192178,19.9025
1999.79,-657.372,574.535,-1025.47,1072.57,0.000192177,19.9019
1999.79,-688.783,594.579,-1069.1,1128.88,0.000192177,19.9018
1999.3,-691.617,596.363,-1073.02,1132.68,0.000192171,19.8972
1999.94,-84.956,222.272,240.314,110.896,0.000192178,19.9032
1999.93,-119.809,301.54,327.756,228.25,0.000192178,19.9031
1999.9,-167.995,402.72,440.929,381.57,0.000192178,19.9029
1999.86,-272.018,595.526,662.149,692.054,0.000192178,19.9025
1999.82,-389.092,781.623,884.078,1003.52,0.000192177,19.9021
1999.77,-508.173,946.305,1089.19,1291.37,0.000192177,19.9016
1999.63,-116.858,207.232,101.259,84.7821,0.000192175,19.9003
1999.62,-162.192,281.004,138.079,174.479,0.000192175,19.9002
1999.6,-223.033,375.07,185.718,291.629,0.000192175,19.9001
1999.57,-348.792,553.999,278.727,528.714,0.000192174,19.8998
1999.42,-483.843,726.75,372.011,766.273,0.000192173,19.8984
1999.4,-616.078,879.846,458.107,985.438,0.000192172,19.8981
1999.51,-234.751,38.8361,-69.2818,81.2801,0.000192174,19.8992
1999.5,-320.629,49.9113,-94.5801,167.271,0.000192173,19.8991
1999.49,-431.984,61.7768,-127.301,279.575,0.000192173,19.899
1999.45,-650.095,76.9151,-191.187,506.835,0.000192173,19.8986
1999.42,-869.312,81.416,-255.269,734.505,0.000192172,19.8983
1999.39,-1071.42,76.0586,-314.366,944.497,0.000192172,19.898
1999.96,-215.19,101.59,-232.861,109.18,0.000192179,19.9034
1999.94,-295.179,134.693,-317.571,224.711,0.000192179,19.9033
1999.92,-399.961,174.456,-427.245,375.647,0.000192178,19.903
1999.87,-608.31,241.921,-641.582,681.317,0.000192178,19.9026
1999.83,-821.488,295.763,-856.78,987.985,0.000192177,19.9022
1999.79,-1021.21,332.952,-1055.63,1271.37,0.000192177,19.9018
1999.93,-214.822,102.344,-270.475,103.356,0.000192178,19.9032
1999.91,-294.856,135.438,-368.874,228.355,0.000192178,19.903
1999.9,-399.787,174.917,-496.256,391.679,0.000192178,19.9028
1999.84,-608.696,240.963,-745.257,722.556,0.000192177,19.9023
1999.73,-822.711,292.238,-995.409,1054.72,0.000192176,19.9012
1999.7,-893.252,305.654,-1077,1162.36,0.000192176,19.901
1999.57,237.885,5.29964,-77.6451,82.0597,0.000192174,19.8997
1999.53,324.268,10.329,-105.856,168.877,0.000192174,19.8994
1999.51,435.97,19.3299,-142.395,282.26,0.000192174,19.8992
1999.48,653.13,44.9925,-213.683,511.704,0.000192173,19.8989
1999.44,869.239,81.4114,-285.128,741.566,0.000192173,19.8986
1999.42,1066.9,124.437,-351.083,953.589,0.000192172,19.8983
1999.89,101.767,188.994,337.351,11.0838,0.000192178,19.9028
1999.87,111.852,210.056,374.036,47.4356,0.000192178,19.9026
1999.86,147.539,288.985,510.126,201.319,0.000192178,19.9025
1999.83,189.689,392.988,686.446,402.48,0.000192177,19.9023
1999.78,255.62,591.255,1014.8,790.62,0.000192177,19.9017
1999.63,-234.095,-42.4026,-22.4676,78.3648,0.000192175,19.9003
1999.62,-318.734,-60.7971,-30.6459,161.27,0.000192175,19.9002
1999.6,-427.611,-86.8986,-41.2163,269.541,0.000192175,19.9001
1999.57,-638.28,-145.385,-61.8731,488.625,0.000192174,19.8998
1999.55,-846.492,-213.875,-82.5837,708.073,0.000192174,19.8996
1999.53,-1035.42,-285.641,-101.68,910.444,0.000192174,19.8993
1999.85,-343.087,-130.129,-847.118,5.97233,0.000192177,19.9024
1999.8,-365.83,-141.636,-905.891,30.5961,0.000192177,19.9019
1999.79,-388.363,-153.432,-964.541,73.8446,0.000192177,19.9018
1999.79,-389.844,-154.221,-968.412,75.857,0.000192177,19.9018
1999.95,-143.865,-92.1043,209.796,1.78081,0.000192179,19.9034
1999.94,-198.935,-130.587,292.305,94.4869,0.000192178,19.9032
1999.92,-268.618,-182.046,398.695,225.301,0.000192178,19.9031
1999.89,-356.538,-251.644,536.408,396.227,0.000192178,19.9028
1999.85,-520.514,-397.072,805.593,742.522,0.000192177,19.9024
1999.8,-665.845,-546.06,1061.26,1071.11,0.000192177,19.902
1999.58,115.397,-208.099,33.4598,78.777,0.000192174,19.8999
1999.57,160.049,-282.18,45.5329,162.118,0.000192174,19.8998
1999.55,219.931,-376.879,61.1614,270.958,0.000192174,19.8996
1999.53,343.323,-557.382,91.6518,491.192,0.000192174,19.8994
1999.5,475.453,-732.287,122.218,711.797,0.000192173,19.8991
1999.45,604.514,-887.843,150.424,915.246,0.000192173,19.8986
1999.53,105.932,-213.1,-199.534,101.82,0.000192174,19.8994
1999.52,147.971,-288.747,-272.081,209.558,0.000192174,19.8993
1999.5,205.084,-385.139,-366.007,350.298,0.000192173,19.8991
1999.42,325.291,-568.183,-549.586,635.244,0.000192173,19.8984
1999.39,456.831,-743.996,-733.61,920.963,0.000192172,19.898
1999.36,587.71,-899.034,-903.644,1184.83,0.000192172,19.8977
1999.5,-237.697,10.3254,-51.7344,79.8357,0.000192173,19.8991
1999.49,-324.237,11.0309,-70.5235,164.298,0.000192173,19.899
1999.48,-436.21,9.52129,-94.8378,274.603,0.000192173,19.8989
1999.45,-654.687,-1.33322,-142.337,497.811,0.000192173,19.8986
1999.42,-872.759,-22.6731,-189.937,721.408,0.000192172,19.8983
1999.38,-1072.82,-51.6136,-233.844,927.623,0.000192172,19.898
1999.59,41.082,-234.362,-69.9246,81.3347,0.000192175,19.9
1999.58,59.0446,-319.041,-95.4266,167.382,0.000192174,19.8999
1999.57,84.7088,-428.067,-128.425,279.759,0.000192174,19.8997
1999.53,142.639,-638.917,-192.862,507.172,0.000192174,19.8994
1999.5,210.96,-847.211,-257.466,734.993,0.000192173,19.8991
1999.46,282.929,-1036.17,-317.039,945.117,0.000192173,19.8987
1999.95,-85.2651,-153.946,209.793,9.78522,0.000192179,19.9034
1999.93,-113.125,-209.337,283.704,100.864,0.000192178,19.9031
1999.91,-150.13,-287.664,386.969,229.37,0.000192178,19.903
1999.89,-194.662,-390.576,520.676,397.31,0.000192178,19.9028
1999.84,-270.482,-596.189,782.005,737.545,0.000192177,19.9023
1999.8,-331.361,-807.732,1044.48,1079.13,0.000192177,19.9019
1999.8,-335.504,-824.61,1065.2,1105.04,0.000192177,19.9019
1998.38,-336.281,-827.83,1069.14,1106.95,0.000192161,19.8885
1999.95,132.206,117.743,209.787,11.3939,0.000192179,19.9033
1999.94,176.118,160.055,282.038,102.146,0.000192178,19.9032
1999.92,236.973,221.639,384.632,230.206,0.000192178,19.9031
1999.9,313.126,303.965,517.542,397.546,0.000192178,19.9029
1999.86,452.873,472.76,777.336,736.608,0.000192178,19.9025
1999.75,580.572,652.119,1038.44,1077.09,0.000192176,19.9015
1999.75,594.696,673.782,1069.12,1116.19,0.000192176,19.9014
1998.44,74.7777,-225.886,169.598,95.7652,0.000192161,19.8891
1998.43,105.439,-306.815,231.18,197.09,0.000192161,19.8889
1998.41,147.872,-410.573,310.949,329.44,0.000192161,19.8887
1998.37,239.401,-609.372,466.686,597.354,0.00019216,19.8884
1998.32,342.492,-803.078,622.826,865.933,0.00019216,19.8879
1998.29,447.514,-976.445,767.048,1113.88,0.000192159,19.8876
1999.59,208.999,-113.789,-30.6793,78.6578,0.000192175,19.9
1999.58,286.378,-152.454,-41.7772,161.873,0.000192174,19.8999
1999.57,387.659,-200.378,-56.1516,270.55,0.000192174,19.8997
1999.55,588.501,-286.786,-84.1943,490.454,0.000192174,19.8995
1999.52,793.62,-363.787,-112.299,710.726,0.000192174,19.8993
1999.49,985.962,-426.192,-138.234,913.861,0.000192173,19.8989
1999.51,-18.6025,237.267,-54.1038,79.998,0.000192174,19.8992
1999.49,-28.4504,323.244,-73.7032,164.629,0.000192173,19.899
1999.38,-43.5957,434.192,-99.0678,275.155,0.000192172,19.8979
1999.32,-80.9947,649.623,-148.625,498.816,0.000192171,19.8973
1999.29,-128.803,863.561,-198.325,722.866,0.000192171,19.8971
1999.26,-181.942,1058.6,-244.155,929.501,0.000192171,19.8968
1999.91,-58.4333,217.829,-369.252,13.5717,0.000192178,19.903
1999.91,-62.2487,229.702,-389.667,32.2968,0.000192178,19.9029
1999.89,-90.4302,311.627,-531.501,190.827,0.000192178,19.9027
1999.85,-131.239,416.172,-715.248,398.081,0.000192177,19.9024
1999.7,-205.853,578.131,-1007.23,739.081,0.000192176,19.901
1999.78,241.25,61.6868,446.102,14.4867,0.000192177,19.9017
1999.76,312.975,85.5917,581.464,155.759,0.000192176,19.9016
1999.73,417.941,125.456,782.505,377.407,0.000192176,19.9013
1999.7,527.036,173.358,995.82,620.516,0.000192176,19.901
1999.58,159.392,-176.655,36.2211,78.9256,0.000192174,19.8998
1999.56,219.592,-238.889,49.4723,162.425,0.000192174,19.8997
1999.55,299.123,-317.652,66.6082,271.472,0.000192174,19.8995
1999.52,459.954,-465.909,100.103,492.131,0.000192174,19.8993
1999.5,627.913,-606.601,133.65,713.163,0.000192173,19.8991
1999.47,788.607,-729.196,164.585,917.001,0.000192173,19.8988
1999.61,177.71,-158.233,-2.93948,78.0236,0.000192175,19.9001
1999.59,244.284,-213.512,-4.03553,160.568,0.000192174,19.9
1999.56,331.938,-283.197,-5.45963,268.367,0.000192174,19.8997
1999.54,507.876,-413.161,-8.24773,486.495,0.000192174,19.8994
1999.51,689.994,-534.942,-11.0491,704.983,0.000192174,19.8992
1999.49,862.911,-639.625,-13.661,906.466,0.000192173,19.899
1999.43,234.273,-41.6568,68.99,81.2249,0.000192173,19.8984
1999.41,320,-53.7123,94.0616,167.158,0.000192172,19.8983
1999.4,431.24,-66.8559,126.5,279.386,0.000192172,19.8982
1999.37,649.194,-84.4992,189.806,506.485,0.000192172,19.8978
1999.24,868.299,-91.4995,253.231,733.98,0.00019217,19.8966
1999.21,1070.48,-88.4783,311.691,943.794,0.00019217,19.8964
1999.52,-177.358,-158.64,-136.906,90.0073,0.000192174,19.8993
1999.51,-239.519,-218.836,-186.669,185.234,0.000192174,19.8992
1999.49,-318.082,-298.733,-251.12,309.616,0.000192173,19.899
1999.46,-464.973,-460.832,-376.972,561.379,0.000192173,19.8987
1999.42,-603.275,-631.129,-503.177,813.691,0.000192173,19.8984
1999.31,-722.53,-794.721,-619.648,1046.54,0.000192171,19.8973
1999.54,29.9104,-236.053,-69.8995,81.292,0.000192174,19.8994
1999.53,43.8764,-321.485,-95.2363,167.296,0.000192174,19.8993
1999.51,64.386,-431.601,-128.019,279.616,0.000192174,19.8992
1999.48,112.321,-644.947,-192.014,506.906,0.000192173,19.8989
1999.44,170.756,-856.255,-256.166,734.599,0.000192173,19.8985
1999.41,233.72,-1048.38,-315.295,944.599,0.000192172,19.8982
1999.18,97.757,216.904,79.7897,82.3031,0.00019217,19.8961
1999.18,130.44,297.065,108.865,169.376,0.00019217,19.896
1999.16,170.394,401.701,146.473,283.09,0.00019217,19.8959
1999.12,240.741,608.845,219.934,513.211,0.000192169,19.8955
1999.08,300.882,819.598,293.53,743.753,0.000192169,19.8951
1999.06,347.06,1016.46,361.435,956.405,0.000192168,19.8949
1999.58,189.368,144.155,148.943,92.0513,0.000192174,19.8998
1999.56,256.03,199.355,203.119,189.443,0.000192174,19.8996
1999.54,340.494,272.952,273.245,316.651,0.000192174,19.8995
1999.5,499.3,423.439,410.2,574.138,0.000192173,19.8991
1999.47,650.004,582.941,547.574,832.22,0.000192173,19.8988
1999.43,781.058,737.325,674.348,1070.41,0.000192173,19.8984
1999.88,201.143,-0.318501,305.459,3.98581,0.000192178,19.9027
1999.86,237.971,1.32782,361.439,57.2186,0.000192178,19.9025
1999.84,324.393,7.26315,492.972,207.438,0.000192177,19.9023
1999.82,435.948,19.2536,663.354,403.799,0.000192177,19.9021
1999.77,652.23,56.7196,996.775,801.956,0.000192177,19.9016
1999.76,666.338,59.8327,1018.71,827.042,0.000192176,19.9016
1999.61,-14.7915,237.468,112.038,86.2259,0.000192175,19.9002
1999.6,-23.4287,323.647,152.792,177.452,0.000192175,19.9001
1999.58,-37.2067,434.753,205.484,296.604,0.000192174,19.8998
1999.54,-72.6009,650.678,308.436,537.735,0.000192174,19.8995
1999.5,-119.213,864.897,411.55,779.334,0.000192173,19.8991
1999.47,-172.02,1060.2,506.716,1002.24,0.000192173,19.8988
1999.49,156.95,-178.906,-54.7006,80.0547,0.000192173,19.899
1999.48,216.29,-241.884,-74.5969,164.748,0.000192173,19.8989
1999.46,294.798,-321.646,-100.326,275.356,0.000192173,19.8987
1999.14,453.769,-471.855,-150.608,499.175,0.000192169,19.8957
1999.11,620.131,-614.584,-201.026,723.386,0.000192169,19.8954
1999.09,779.472,-739.005,-247.521,930.168,0.000192169,19.8952
1999.6,-218.474,-94.313,57.8517,80.3053,0.000192175,19.9001
1999.59,-296.666,-131.341,78.9617,165.265,0.000192174,19.9
1999.58,-396.783,-181.456,106.282,276.221,0.000192174,19.8998
1999.55,-588.709,-286.407,159.646,500.743,0.000192174,19.8996
1999.52,-775.673,-400.674,213.093,725.654,0.000192174,19.8993
1999.5,-943.17,-514.024,262.411,933.083,0.000192173,19.8991
1999.14,-156.977,-178.841,-46.6725,79.5022,0.000192169,19.8957
1999.13,-211.716,-245.894,-63.6283,163.611,0.000192169,19.8956
1999.12,-280.652,-334.171,-85.5621,273.454,0.000192169,19.8954
1999.09,-408.928,-511.239,-128.382,495.724,0.000192169,19.8952
1999.06,-528.849,-694.624,-171.297,718.376,0.000192168,19.8949
1999.04,-631.636,-868.793,-210.904,923.718,0.000192168,19.8947
1999.51,85.3765,222.092,-10.6799,78.097,0.000192173,19.8991
1999.49,113.605,303.887,-14.5787,160.719,0.000192173,19.899
1999.48,147.878,410.489,-19.6261,268.619,0.000192173,19.8989
1999.46,207.406,620.967,-29.4923,486.952,0.000192173,19.8987
1999.43,257.089,834.344,-39.3839,705.645,0.000192173,19.8984
1999.39,293.996,1033.04,-48.5144,907.32,0.000192172,19.8981
1999.53,68.9934,227.702,117.977,87.0615,0.000192174,19.8994
1999.52,90.902,311.457,160.841,179.172,0.000192174,19.8993
1999.5,116.677,420.462,216.301,299.475,0.000192173,19.8991
1999.46,158.584,635.133,324.607,542.954,0.000192173,19.8987
1999.43,189.301,852.309,433.221,786.936,0.000192173,19.8984
1999.39,207.555,1053.82,533.416,1012.04,0.000192172,19.8981
1999.35,-182.532,-152.628,63.1234,80.7297,0.000192172,19.8977
1999.34,-246.895,-210.497,86.1351,166.138,0.000192172,19.8976
1999.33,-328.489,-287.16,115.902,277.68,0.000192171,19.8975
1999.3,-482.334,-442.678,174.068,503.394,0.000192171,19.8972
1999.27,-628.721,-605.74,232.331,729.505,0.000192171,19.8969
1999.25,-756.67,-762.392,286.109,938.05,0.00019217,19.8967
1999.92,-228.68,-5.44083,401.16,1.05071,0.000192178,19.903
1999.91,-254.255,-7.45974,446.157,26.0752,0.000192178,19.903
1999.89,-324.165,-14.4416,569.396,165.161,0.000192178,19.9028
1999.85,-435.365,-29.9766,766.367,383.372,0.000192177,19.9024
1999.82,-565.834,-55.2881,999.57,650.701,0.000192177,19.9021
1999.45,-234.352,-41.4918,-174.876,96.8215,0.000192173,19.8986
1999.44,-318.799,-60.2243,-238.432,199.269,0.000192173,19.8985
1999.38,-427.557,-87.3683,-320.794,333.087,0.000192172,19.8979
1999.34,-637.348,-149.622,-481.592,603.987,0.000192172,19.8976
1999.31,-843.819,-224.229,-642.878,875.561,0.000192171,19.8972
1999.27,-1030.25,-303.657,-791.77,1126.3,0.000192171,19.8969
1999.61,-208.382,-114.87,4.51342,78.0316,0.000192175,19.9001
1999.59,-282.661,-159.261,6.11148,160.584,0.000192174,19.8999
1999.57,-377.542,-218.733,8.18175,268.394,0.000192174,19.8998
1999.55,-558.651,-341.389,12.2327,486.543,0.000192174,19.8995
1999.52,-734.099,-472.6,16.3,705.051,0.000192174,19.8993
1999.49,-890.326,-600.804,20.0529,906.554,0.000192173,19.899
1999.5,-216.383,99.0337,57.3326,80.2505,0.000192173,19.8991
1999.49,-296.317,132.226,78.1835,165.152,0.000192173,19.899
1999.48,-400.603,172.89,105.147,276.031,0.000192173,19.8989
1999.42,-607.165,244.894,157.847,500.402,0.000192172,19.8983
1999.39,-817.315,306.961,210.656,725.17,0.000192172,19.898
1999.35,-1013.63,355.191,259.393,932.472,0.000192172,19.8977
1999.46,235.925,31.0794,-176.595,97.1534,0.000192173,19.8987
1999.44,321.18,46.0263,-240.816,199.953,0.000192173,19.8985
1999.42,430.956,68.2798,-323.917,334.228,0.000192173,19.8983
1999.39,643.383,121.177,-486.328,606.049,0.000192172,19.8981
1999.35,852.876,186.562,-649.14,878.565,0.000192172,19.8977
1999.31,1042.7,257.782,-799.535,1130.17,0.000192171,19.8973
1999.5,147.278,-186.88,137.655,90.156,0.000192173,19.8991
1999.49,203.565,-252.708,187.8,185.543,0.000192173,19.8989
1999.47,278.391,-335.991,252.623,310.131,0.000192173,19.8988
1999.44,431.18,-492.669,379.372,562.321,0.000192173,19.8985
1999.41,592.568,-641.17,506.398,815.067,0.000192172,19.8982
1999.38,748.538,-770.354,623.683,1048.3,0.000192172,19.8979
1995.39,-53.5116,231.806,-22.9621,78.3781,0.000192126,19.8601
1995.38,-75.8627,315.486,-31.3112,161.298,0.000192126,19.86
1995.37,-107.057,423.012,-42.0966,269.586,0.000192126,19.8599
1995.33,-175.413,630.731,-63.1674,488.707,0.000192125,19.8596
1995.3,-253.657,835.43,-84.2763,708.192,0.000192125,19.8593
1995.28,-334.306,1020.75,-103.731,910.601,0.000192125,19.8591
0.0569247,31.3501,226.087,108.222,1056.02,0.0322163,inf
0.0569247,101.105,293.843,182.847,1176.31,0.0322163,inf
0.0569247,185,375.334,272.6,1322.51,0.0322163,inf
0.0569247,347.813,533.483,446.783,1606.96,0.0322163,inf
0.0569247,507.387,688.484,617.499,1886.27,0.0322163,inf
0.0569247,653.128,830.049,773.416,2141.53,0.0322163,inf
0.0547795,-120.588,193.795,68.7147,2249.72,0.0328878,inf
0.0547795,-202.765,235.482,109.899,2349.45,0.0328878,inf
0.0547795,-304.455,287.067,160.862,2473.64,0.0328878,inf
0.0547795,-504.564,388.579,261.149,2718.2,0.0328878,inf
0.0547795,-701.888,488.678,360.041,2959.66,0.0328878,inf
0.0547795,-882.502,580.3,450.558,3180.79,0.0328878,inf
0.0216542,193.706,-120.732,78.9906,3264.94,0.0464535,inf
0.0216542,250.454,-183.952,95.9891,3351.32,0.0464535,inf
0.0216542,323.54,-265.372,117.881,3462.73,0.0464535,inf
0.0216542,470.547,-429.143,161.916,3686.37,0.0464535,inf
0.0216542,616.979,-592.275,205.778,3909.2,0.0464535,inf
0.0216542,751.513,-742.15,246.076,4113.98,0.0464535,inf
1999.94,-60.7788,162.24,209.8,5.57566,0.000192179,19.9033
1999.93,-85.9156,221.937,288.22,97.4927,0.000192178,19.9032
1999.91,-121.543,300.865,393.055,227.181,0.000192178,19.903
1999.88,-171.003,401.45,528.676,396.58,0.000192178,19.9027
1999.84,-278.436,592.498,793.641,739.581,0.000192177,19.9023
1999.8,-400.24,775.941,1059.77,1083.94,0.000192177,19.9019
1999.8,-402.851,779.567,1065.16,1089.89,0.000192177,19.9019
1999.53,112.01,-209.975,-210.426,104.162,0.000192174,19.8994
1999.51,156.228,-284.354,-286.947,214.384,0.000192174,19.8992
1999.5,216.229,-379.059,-386.092,358.37,0.000192173,19.899
1999.44,341.994,-558.25,-579.713,649.921,0.000192173,19.8985
1999.39,479.21,-729.826,-774.028,942.336,0.000192172,19.898
1999.36,615.322,-880.402,-953.545,1212.44,0.000192172,19.8977
1999.59,-235.351,-34.905,15.9274,78.1928,0.000192174,19.9
1999.58,-320.447,-50.5641,21.7248,160.916,0.000192174,19.8999
1999.57,-430.175,-73.1785,29.2307,268.949,0.000192174,19.8998
1999.54,-642.649,-124.869,43.8695,487.548,0.000192174,19.8995
1999.52,-852.86,-186.593,58.5055,706.507,0.000192174,19.8993
1999.5,-1044.1,-252.266,72.0119,908.428,0.000192173,19.899
1999.95,210.078,-111.803,-242.708,111.444,0.000192179,19.9033
1999.93,288.395,-148.662,-330.978,229.384,0.000192178,19.9031
1999.91,391.189,-193.291,-445.253,383.464,0.000192178,19.903
1999.86,596.28,-270.254,-668.656,695.522,0.000192178,19.9025
1999.83,806.861,-333.556,-892.894,1008.62,0.000192177,19.9022
1999.77,1004.89,-379.311,-1100.13,1297.99,0.000192177,19.9017
1999.6,236.321,27.6641,11.8192,78.1147,0.000192175,19.9001
1999.59,321.893,40.6891,16.1449,160.756,0.000192174,19.8999
1999.58,432.179,59.8921,21.7358,268.681,0.000192174,19.8999
1999.45,646.203,105.041,32.656,487.064,0.000192173,19.8986
1999.42,858.214,160.274,43.5579,705.807,0.000192173,19.8984
1999.35,1051.29,219.976,53.5931,907.524,0.000192172,19.8977
1999.62,237.967,0.944936,-83.4451,82.658,0.000192175,19.9002
1999.61,324.397,4.45695,-113.715,170.108,0.000192175,19.9001
1999.6,436.211,11.5243,-152.917,284.318,0.000192175,19.9
1999.57,653.786,33.4777,-229.416,515.435,0.000192174,19.8998
1999.54,870.581,66.2551,-306.114,746.975,0.000192174,19.8995
1999.52,1068.86,105.975,-376.852,960.549,0.000192174,19.8992
1999.56,226.042,74.3004,-9.25598,78.0744,0.000192174,19.8997
1999.55,307.26,104.152,-12.5512,160.672,0.000192174,19.8995
1999.53,411.513,145.019,-16.8061,268.541,0.000192174,19.8994
1999.5,612.218,231.978,-25.1295,486.809,0.000192173,19.8991
1999.47,808.95,328.381,-33.48,705.436,0.000192173,19.8988
1999.44,986.242,425.386,-41.1786,907.047,0.000192173,19.8986
1999.95,76.7383,-165.864,-241.731,5.42262,0.000192179,19.9033
1999.94,102.025,-214.973,-314.757,86.2908,0.000192178,19.9032
1999.92,143.606,-290.974,-429.297,223.224,0.000192178,19.9031
1999.9,200.857,-387.401,-577.577,402.177,0.000192178,19.9029
1999.81,323.718,-569.078,-867.6,764.825,0.000192177,19.902
1999.78,406.199,-675.894,-1046.03,987.484,0.000192177,19.9018
1999.53,144.199,-189.328,-43.3694,79.2921,0.000192174,19.8994
1999.52,198.998,-256.217,-59.059,163.18,0.000192174,19.8993
1999.51,271.832,-341.319,-79.3836,272.734,0.000192174,19.8992
1999.47,419.956,-502.281,-119.094,494.422,0.000192173,19.8988
1999.44,575.823,-656.272,-158.881,716.489,0.000192173,19.8985
1999.41,725.968,-791.598,-195.594,921.289,0.000192172,19.8982
1999.51,-23.0605,236.801,-38.3675,79.0309,0.000192174,19.8992
1999.5,-34.5482,322.619,-52.3455,162.641,0.000192173,19.8991
1999.46,-51.7949,433.313,-70.4302,271.831,0.000192173,19.8987
1999.43,-93.1628,648.012,-105.719,492.778,0.000192173,19.8985
1999.41,-144.795,860.949,-141.075,714.098,0.000192172,19.8982
1999.38,-201.331,1055.02,-173.641,918.196,0.000192172,19.8979
1999.61,142.849,190.355,-139.528,90.4544,0.000192175,19.9001
1999.59,191.99,261.553,-190.276,186.159,0.000192174,19.8999
1999.58,253.341,355.293,-256.009,311.168,0.000192174,19.8998
1999.54,365.528,543.093,-384.393,564.204,0.000192174,19.8994
1999.51,467.642,737.285,-513.172,817.81,0.000192174,19.8992
1999.48,552.358,921.151,-632.007,1051.86,0.000192173,19.8989
1999.91,-107.355,221.888,446.162,9.32051,0.000192178,19.903
1999.89,-146.319,289.639,587.602,151.758,0.000192178,19.9028
1999.42,-206.345,384.48,790.792,375.286,0.000192173,19.8984
1999.39,-270.262,475.306,991.986,603.875,0.000192172,19.8981
1999.39,-271.517,476.997,995.8,606.741,0.000192172,19.898
1999.57,-212.638,106.788,0.112012,78.0176,0.000192174,19.8997
1999.56,-291.264,142.927,0.0971402,160.556,0.000192174,19.8996
1999.55,-393.979,187.525,0.0773143,268.346,0.000192174,19.8995
1999.51,-597.551,267.5,0.0345249,486.454,0.000192174,19.8992
1999.48,-804.999,337.985,-0.0179899,704.922,0.000192173,19.8989
1999.45,-999.083,394.319,-0.0746671,906.386,0.000192173,19.8986
1999.5,-237.836,6.46039,-51.5031,79.817,0.000192173,19.899
1999.48,-324.43,5.74529,-70.2061,164.26,0.000192173,19.8989
1999.47,-436.319,2.39027,-94.3871,274.541,0.000192173,19.8988
1999.44,-654.581,-12.0756,-141.633,497.698,0.000192173,19.8985
1999.42,-872.272,-37.0236,-188.951,721.237,0.000192172,19.8983
1999.39,-1071.83,-69.2766,-232.602,927.4,0.000192172,19.898
1999.94,-170.535,-165.942,296.38,93.495,0.000192179,19.9033
1999.92,-229.149,-229.679,404.235,225.427,0.000192178,19.9031
1999.87,-302.219,-314.758,543.912,397.813,0.000192178,19.9026
1999.82,-435.444,-488.843,816.984,747.111,0.000192177,19.9021
1999.77,-541.719,-649.982,1057.47,1054.34,0.000192177,19.9017
1999.51,-116.532,207.481,168.112,95.5203,0.000192174,19.8992
1999.49,-162.117,281.057,229.233,196.587,0.000192173,19.899
1999.48,-223.6,374.756,308.372,328.601,0.000192173,19.8989
1999.45,-351.464,552.333,462.918,595.848,0.000192173,19.8986
1999.41,-489.752,722.808,617.98,863.774,0.000192172,19.8983
1999.38,-625.924,872.842,761.118,1111.12,0.000192172,19.898
1999.56,52.0196,-232.195,-116.285,86.8252,0.000192174,19.8997
1999.54,74.1608,-315.9,-158.567,178.688,0.000192174,19.8994
1999.52,105.347,-423.492,-213.278,298.67,0.000192174,19.8993
1999.48,174.45,-631.009,-320.085,541.487,0.000192173,19.8989
1999.45,254.436,-835.139,-427.144,784.796,0.000192173,19.8986
1999.42,337.63,-1019.67,-525.982,1009.28,0.000192173,19.8984
1999.66,-204.357,121.98,25.2351,78.4483,0.000192175,19.9006
1999.65,-280.125,163.733,34.3453,161.442,0.000192175,19.9005
1999.63,-379.305,215.669,46.1415,269.829,0.000192175,19.9003
1999.59,-576.561,310.194,69.1889,489.148,0.000192174,19.8999
1999.56,-778.377,395.481,92.2534,708.828,0.000192174,19.8996
1999.52,-967.899,465.645,113.53,911.416,0.000192174,19.8993
1999.59,203.14,123.863,-16.27,78.2009,0.000192174,19.9
1999.58,275.402,171.451,-22.1994,160.933,0.000192174,19.8999
1999.57,367.65,235.058,-29.8742,268.977,0.000192174,19.8997
1999.53,543.146,365.484,-44.8502,487.6,0.000192174,19.8994
1999.51,712.665,504.274,-59.8522,706.585,0.000192173,19.8991
1999.48,863.177,639.298,-73.6914,908.528,0.000192173,19.8989
1999.52,-21.3048,236.99,-20.1137,78.2894,0.000192174,19.8993
1999.51,-32.0221,322.91,-27.3491,161.115,0.000192174,19.8992
1999.49,-48.2382,433.683,-36.6997,269.28,0.000192173,19.899
1999.09,-87.5781,648.822,-54.9579,488.149,0.000192169,19.8952
1999.01,-137.113,862.277,-73.2618,707.385,0.000192168,19.8945
1998.99,-191.657,1056.88,-90.1348,909.561,0.000192168,19.8942
1999.52,61.295,-229.874,22.0234,78.3505,0.000192174,19.8993
1999.5,86.4917,-312.744,30.0329,161.241,0.000192173,19.8991
1999.49,121.347,-419.176,40.3916,269.491,0.000192173,19.899
1999.46,196.704,-624.379,60.6048,488.533,0.000192173,19.8987
1999.31,281.845,-826.354,80.8764,707.938,0.000192171,19.8973
1999.28,368.65,-1008.86,99.5751,910.268,0.000192171,19.897
1999.59,-237.058,20.5008,160.463,94.1417,0.000192174,19.9
1999.58,-323.575,24.4444,218.935,193.746,0.000192174,19.8999
1999.57,-435.51,26.6755,294.514,323.844,0.000192174,19.8997
1999.53,-654.333,21.7084,442.275,587.188,0.000192174,19.8994
1999.5,-873.033,4.33695,590.343,851.146,0.000192173,19.8991
1999.47,-1073.86,-22.6703,727.101,1094.79,0.000192173,19.8988
1999.94,-12.5759,-193.17,273.587,7.56497,0.000192178,19.9032
1999.93,-13.5211,-237.56,336.341,75.1422,0.000192178,19.9031
1999.91,-13.2599,-324.202,458.8,218.173,0.000192178,19.903
1999.89,-8.80901,-436.303,617.372,405.106,0.000192178,19.9027
1999.84,13.3069,-654.55,927.501,784.038,0.000192177,19.9023
1999.82,24.5792,-726.596,1030.56,909.124,0.000192177,19.9021
1999.59,4.30886,237.889,-61.583,80.5841,0.000192174,19.8999
1999.58,2.82508,324.477,-83.9765,165.838,0.000192174,19.8998
1999.56,-1.5488,436.338,-112.918,277.178,0.000192174,19.8997
1999.53,-18.0894,654.466,-169.489,502.485,0.000192174,19.8994
1999.51,-45.1992,871.887,-226.148,728.188,0.000192174,19.8992
1999.48,-79.5223,1071.14,-278.412,936.349,0.000192173,19.8989
1999.92,-153.756,-162.727,369.243,10.4625,0.000192178,19.9031
1999.91,-162.942,-173.457,392.538,29.2892,0.000192178,19.903
1999.88,-217.913,-240.431,535.436,188.676,0.000192178,19.9027
1999.85,-285.517,-330.001,720.52,397.042,0.000192177,19.9024
1999.81,-381.841,-474.673,1007.22,731.182,0.000192177,19.902
1999.55,-80.9799,-223.779,-171.475,96.1728,0.000192174,19.8996
1999.53,-106.874,-306.341,-233.832,197.936,0.000192174,19.8994
1999.52,-137.596,-414.088,-314.584,330.865,0.000192174,19.8992
1999.47,-188.379,-627.027,-472.361,599.955,0.000192173,19.8988
1999.44,-226.896,-843.062,-630.56,869.741,0.000192173,19.8985
1999.4,-251.291,-1044.3,-776.692,1118.81,0.000192172,19.8982
1999.46,109.334,211.364,-30.6098,78.6547,0.000192173,19.8987
1999.44,146.36,289.541,-41.6761,161.866,0.000192173,19.8986
1999.43,192.14,391.808,-56.0111,270.537,0.000192173,19.8984
1999.4,274.305,594.422,-84.0022,490.434,0.000192172,19.8981
1999.37,346.96,801.12,-112.053,710.699,0.000192172,19.8978
1999.34,405.276,994.743,-137.936,913.83,0.000192172,19.8976
1999.93,97.4584,217.081,247.147,112.498,0.000192178,19.9032
1999.91,128.938,297.748,337.079,231.555,0.000192178,19.903
1999.89,166.47,403.378,453.498,387.095,0.000192178,19.9028
1999.86,229.138,613.248,680.947,702.098,0.000192178,19.9025
1999.81,277.686,827.718,909.323,1018.2,0.000192177,19.902
1999.77,307.059,1009.06,1100.11,1282.09,0.000192177,19.9017
1997.98,307.541,1012.72,1103.95,1285.33,0.000192156,19.8847
1999.63,209.657,-112.609,-43.5702,79.3165,0.000192175,19.9003
1999.62,287.288,-150.805,-59.4126,163.229,0.000192175,19.9002
1999.61,388.791,-198.061,-79.9169,272.816,0.000192175,19.9001
1999.58,590.288,-283.2,-119.99,494.57,0.000192174,19.8998
1999.52,795.938,-358.773,-160.158,716.707,0.000192174,19.8993
1999.49,988.67,-419.733,-197.234,921.573,0.000192173,19.899
1999.43,-2.60429,237.936,-91.8226,83.6173,0.000192173,19.8985
1999.42,-6.80784,324.385,-125.188,172.083,0.000192172,19.8983
1999.4,-14.7926,436.093,-168.361,287.621,0.000192172,19.8982
1999.37,-38.6448,653.574,-252.713,521.441,0.000192172,19.8978
1999.34,-73.4629,869.98,-337.23,755.707,0.000192172,19.8976
1999.31,-115.189,1067.88,-415.213,971.808,0.000192171,19.8973
1999.22,-230.568,58.7984,-1.79526,78.0191,0.00019217,19.8964
1999.21,-315.101,77.2915,-2.41183,160.559,0.00019217,19.8963
1999.18,-424.976,98.8923,-3.21609,268.351,0.00019217,19.8961
1999.16,-640.961,133.454,-4.77955,486.466,0.00019217,19.8959
1999.13,-858.673,157.917,-6.33822,704.939,0.000192169,19.8956
1999.1,-1060.32,171.416,-7.78837,906.409,0.000192169,19.8953
1999.92,157.681,-151.699,369.297,0.617863,0.000192178,19.9031
1999.92,171.936,-164.095,401.155,19.1744,0.000192178,19.9031
1999.9,238.814,-219.687,547.821,181.215,0.000192178,19.9029
1999.87,328.057,-287.764,737.126,393.062,0.000192178,19.9026
1999.82,458.771,-376.241,1003.42,701.49,0.000192177,19.9022
1999.55,-198.243,-131.621,-200.311,102.021,0.000192174,19.8995
1999.53,-268.115,-182.668,-273.203,209.973,0.000192174,19.8994
1999.51,-356.778,-251.292,-367.645,350.988,0.000192174,19.8992
1999.46,-523.493,-393.123,-552.025,636.496,0.000192173,19.8987
1999.43,-681.745,-545.453,-737.004,922.78,0.000192173,19.8984
1999.39,-819.369,-694.538,-907.871,1187.18,0.000192172,19.8981
1999.41,225.721,75.1921,106.8,85.5326,0.000192172,19.8983
1999.4,306.721,105.702,145.677,176.024,0.000192172,19.8982
1999.39,410.664,147.64,196.021,294.21,0.000192172,19.898
1999.36,610.169,237.267,294.28,533.403,0.000192172,19.8977
1999.31,805.263,337.261,392.77,773.071,0.000192171,19.8973
1999.29,980.578,438.354,483.69,994.182,0.000192171,19.8971
1999.96,92.2409,-151.569,209.832,11.9347,0.000192179,19.9034
1999.95,125.759,-202.052,281.497,102.591,0.000192179,19.9033
1999.92,175.398,-272.994,383.899,230.506,0.000192178,19.9031
1999.9,242.649,-362.67,516.442,397.624,0.000192178,19.9029
1999.86,383.582,-530.561,775.685,736.205,0.000192178,19.9025
1999.82,536.995,-688.407,1036.01,1076.14,0.000192177,19.9021
1999.81,557.326,-707.677,1069.14,1118.43,0.000192177,19.902
1999.54,8.96151,237.784,-168.836,95.6565,0.000192174,19.8995
1999.53,8.44327,324.309,-230.192,196.867,0.000192174,19.8994
1999.51,4.85735,436.333,-309.674,329.069,0.000192174,19.8992
1999.48,-11.6298,654.548,-464.858,596.683,0.000192173,19.8989
1999.44,-40.723,872.156,-620.51,864.944,0.000192173,19.8985
1999.41,-78.6581,1071.25,-764.217,1112.6,0.000192172,19.8983
1999.63,-128.617,-200.186,49.1127,79.658,0.000192175,19.9004
1999.61,-172.774,-274.626,66.9432,163.932,0.000192175,19.9001
1999.58,-227.802,-372.17,90.0176,273.991,0.000192174,19.8998
1999.55,-328.291,-566.361,135.082,496.703,0.000192174,19.8995
1999.52,-419.627,-765.64,180.263,719.797,0.000192174,19.8993
1999.49,-495.308,-953.079,221.921,925.546,0.000192173,19.899
1999.42,237.951,-4.28769,206.503,103.29,0.000192172,19.8983
1999.4,324.48,-1.89337,281.578,212.582,0.000192172,19.8982
1999.38,436.375,4.36049,378.783,355.358,0.000192172,19.898
1999.31,654.133,26.7846,568.649,644.429,0.000192171,19.8972
1999.27,870.836,62.8079,759.144,934.316,0.000192171,19.8969
1999.23,1068.69,107.975,935.086,1202.04,0.00019217,19.8965
1999.95,-0.964944,-237.958,-226.1,107.628,0.000192179,19.9033
1999.94,2.81731,-324.426,-308.314,221.513,0.000192178,19.9032
1999.9,10.9929,-436.256,-414.838,370.301,0.000192178,19.9029
1999.86,37.6,-653.596,-622.89,671.614,0.000192178,19.9025
1999.82,78.3449,-869.56,-831.735,973.888,0.000192177,19.9021
1999.79,128.382,-1066.4,-1024.75,1253.19,0.000192177,19.9019
1999.34,234.842,38.6326,129.14,88.8081,0.000192172,19.8976
1999.33,319.568,56.0431,176.169,182.77,0.000192171,19.8975
1999.32,428.719,81.2366,237.08,305.495,0.000192171,19.8973
1999.29,639.708,138.97,356.03,553.889,0.000192171,19.8971
1999.26,847.916,208.076,475.307,802.806,0.000192171,19.8968
1999.23,1036.57,281.635,585.4,1032.5,0.00019217,19.8965
1999.55,-215.345,101.332,-179.052,97.637,0.000192174,19.8996
1999.54,-295.166,134.782,-244.154,200.944,0.000192174,19.8995
1999.52,-399.555,175.307,-328.391,335.889,0.000192174,19.8993
1999.47,-606.94,245.428,-493.099,609.087,0.000192173,19.8988
1999.43,-818.661,303.435,-658.263,882.99,0.000192173,19.8984
1999.39,-1016.86,345.894,-810.778,1135.89,0.000192172,19.8981
1999.61,116.656,207.443,24.5541,78.4416,0.000192175,19.9001
1999.59,156.355,284.31,33.5743,161.429,0.000192175,19.9
1999.58,205.592,384.862,45.2456,269.807,0.000192174,19.8999
1999.56,294.743,584.612,68.0615,489.108,0.000192174,19.8997
1999.53,374.515,788.669,90.9256,708.777,0.000192174,19.8994
1999.5,439.495,980.051,112.02,911.355,0.000192173,19.8991
1999.82,-197.252,-293.598,788.396,17.3836,0.000192177,19.9021
1999.81,-209.715,-316.852,847.159,55.1117,0.000192177,19.902
1999.79,-234.405,-365.349,968.376,181.702,0.000192177,19.9018
1999.84,61.6242,-186.693,-273.563,12.6953,0.000192177,19.9023
1999.82,76.3039,-225.426,-331.174,79.5559,0.000192177,19.9022
1999.8,108.868,-305.633,-451.582,221.075,0.000192177,19.9019
1999.77,154.816,-407.987,-607.661,406.04,0.000192177,19.9016
1999.73,256.642,-602.305,-912.892,780.94,0.000192176,19.9012
1999.71,301.518,-677.357,-1034.49,929.608,0.000192176,19.901
1999.58,-107.679,212.203,-58.2731,80.3211,0.000192174,19.8998
1999.56,-149.607,287.884,-79.4399,165.297,0.000192174,19.8997
1999.54,-206.045,384.695,-106.859,276.275,0.000192174,19.8995
1999.47,-322.981,569.46,-160.374,500.849,0.000192173,19.8988
1999.43,-449.011,748.79,-214.013,725.816,0.000192173,19.8984
1999.4,-572.795,908.673,-263.502,933.298,0.000192172,19.8981
1999.56,-235.933,31.1626,-82.2248,82.5439,0.000192174,19.8996
1999.54,-322.051,39.3548,-112.11,169.873,0.000192174,19.8994
1999.52,-433.799,47.4612,-150.821,283.926,0.000192174,19.8993
1999.49,-652.343,55.1062,-226.371,514.73,0.000192173,19.899
1999.46,-871.484,51.9011,-302.095,745.963,0.000192173,19.8987
1999.43,-1073.4,39.2864,-372.005,959.258,0.000192173,19.8984
1999.92,224.402,-12.227,369.273,12.0462,0.000192178,19.9031
1999.92,237.647,-12.3007,391.022,30.8128,0.000192178,19.9031
1999.9,324.266,-11.0045,533.275,189.695,0.000192178,19.9029
1999.87,436.357,-4.74711,717.609,397.379,0.000192178,19.9026
1999.63,611.502,15.4378,1007.18,735.342,0.000192175,19.9003
1999.55,236.705,-24.4774,-176.469,97.1088,0.000192174,19.8995
1999.53,323.124,-29.6003,-240.61,199.861,0.000192174,19.8994
1999.49,435.068,-33.2732,-323.606,334.083,0.000192173,19.899
1999.45,653.96,-30.7919,-485.795,605.787,0.000192173,19.8986
1999.41,872.913,-15.5038,-648.386,878.17,0.000192172,19.8983
1999.39,1074.05,9.95804,-798.562,1129.64,0.000192172,19.898
1999.95,148.629,-185.862,273.657,103.967,0.000192179,19.9034
1999.94,206.233,-250.515,372.756,229.482,0.000192178,19.9032
1999.91,283.471,-331.758,501.042,393.478,0.000192178,19.903
1999.86,442.829,-482.24,751.874,725.678,0.000192178,19.9025
1999.81,613.252,-621.475,1003.67,1059.12,0.000192177,19.9021
1999.8,664.69,-659.674,1076.96,1155.51,0.000192177,19.9019
1999.95,-149.491,-185.126,226.673,107.759,0.000192179,19.9034
1999.94,-200.62,-255.045,309.163,221.784,0.000192178,19.9032
1999.92,-264.086,-347.393,415.863,370.736,0.000192178,19.903
1999.88,-379.157,-533.681,624.39,672.375,0.000192178,19.9027
1999.84,-482.329,-727.738,833.674,974.95,0.000192177,19.9024
1999.79,-566.299,-912.665,1027.06,1254.51,0.000192177,19.9019
1999.95,-171.475,-53.874,241.749,0.400233,0.000192179,19.9033
1999.93,-226.273,-73.6854,320.112,82.1576,0.000192178,19.9031
1999.86,-306.916,-105.227,436.56,220.591,0.000192178,19.9025
1999.84,-409.849,-149.777,587.383,401.491,0.000192177,19.9023
1999.43,-605.592,-248.765,882.334,768.086,0.000192173,19.8984
1999.39,-708.295,-308.774,1042.23,966.278,0.000192172,19.898
1999.6,222.882,83.3083,6.69653,78.0504,0.000192175,19.9001
1999.59,302.821,116.439,9.15994,160.623,0.000192175,19.9
1999.58,405.334,161.501,12.3482,268.459,0.000192174,19.8998
1999.55,602.344,256.541,18.5813,486.66,0.000192174,19.8996
1999.53,794.996,360.868,24.8326,705.221,0.000192174,19.8994
1999.49,968.186,465.03,30.6068,906.775,0.000192173,19.899
1999.56,231.117,-56.5655,142.613,90.9647,0.000192174,19.8997
1999.55,315.977,-73.7222,194.503,187.208,0.000192174,19.8995
1999.53,426.283,-93.1977,261.637,312.914,0.000192174,19.8994
1999.44,643.11,-122.293,392.754,567.35,0.000192173,19.8986
1999.4,861.853,-139.524,524.238,822.347,0.000192172,19.8982
1999.37,1064.34,-144.782,645.61,1057.68,0.000192172,19.8979
1999.59,56.7161,231.046,-40.9588,79.1643,0.000192174,19.8999
1999.57,74.4087,315.8,-55.8567,162.916,0.000192174,19.8998
1999.55,94.9285,425.916,-75.1342,272.293,0.000192174,19.8995
1999.52,127.244,642.159,-112.771,493.621,0.000192174,19.8993
1999.49,149.304,860.247,-150.512,715.325,0.000192173,19.899
1999.47,160.433,1062.07,-185.31,919.787,0.000192173,19.8988
1999.51,104.979,213.589,-210.057,104.056,0.000192174,19.8992
1999.5,139.58,292.901,-286.403,214.163,0.000192173,19.8991
1999.48,181.461,396.816,-385.261,358.004,0.000192173,19.8989
1999.45,253.623,603.575,-578.517,649.265,0.000192173,19.8986
1999.41,312.88,815.125,-772.371,941.371,0.000192172,19.8983
1999.38,355.751,1013.52,-951.465,1211.19,0.000192172,19.898
1999.6,236.712,24.0026,-148.119,91.8895,0.000192175,19.9001
1999.59,322.464,36.2413,-202.014,189.116,0.000192174,19.8999
1999.57,432.881,54.8293,-271.678,316.106,0.000192174,19.8998
1999.54,647.006,100.12,-407.866,573.157,0.000192174,19.8994
1999.49,858.774,157.294,-544.331,830.784,0.000192173,19.899
1999.46,1051.27,220.405,-670.36,1068.56,0.000192173,19.8987
1991.87,-133.885,196.769,206.181,103.21,0.000192085,19.8268
1991.86,-185.869,265.99,281.119,212.418,0.000192085,19.8267
1991.84,-255.623,353.619,378.078,355.08,0.000192085,19.8265
1991.8,-399.902,518.364,567.671,643.94,0.000192085,19.8261
1991.74,-554.639,674.309,757.884,933.654,0.000192084,19.8255
1991.69,-705.984,809.535,933.655,1201.29,0.000192083,19.8251
1999.47,142.261,190.783,74.11,81.7276,0.000192173,19.8988
1999.46,191.469,261.978,101.111,168.192,0.000192173,19.8987
1999.45,253.075,355.496,136.051,281.116,0.000192173,19.8986
1999.41,366.517,542.437,204.286,509.633,0.000192172,19.8983
1999.39,470.923,735.225,272.71,738.567,0.000192172,19.898
1999.36,558.687,917.38,335.816,949.731,0.000192172,19.8978
1999.56,124.565,202.731,7.4299,78.0571,0.000192174,19.8996
1999.55,167.246,278.005,10.142,160.637,0.000192174,19.8995
1999.53,220.397,376.567,13.6551,268.482,0.000192174,19.8994
1999.51,317.351,572.641,20.5212,486.702,0.000192174,19.8992
1999.48,405.15,773.366,27.3874,705.282,0.000192173,19.8989
1999.46,477.721,961.986,33.7192,906.85,0.000192173,19.8987
1999.59,-177.041,158.924,-53.2462,79.9456,0.000192174,19.9
1999.58,-243.424,214.437,-72.599,164.523,0.000192174,19.8999
1999.57,-330.943,284.447,-97.666,274.981,0.000192174,19.8997
1999.51,-506.519,414.758,-146.584,498.498,0.000192174,19.8992
1999.49,-688.523,536.764,-195.589,722.397,0.000192173,19.8989
1999.46,-861.53,641.501,-240.82,928.894,0.000192173,19.8987
1999.35,-207.512,-116.484,-29.9071,78.6329,0.000192172,19.8976
1999.33,-281.415,-161.44,-40.786,161.822,0.000192172,19.8975
1999.32,-375.875,-221.706,-54.8787,270.463,0.000192171,19.8974
1999.29,-555.886,-345.801,-82.3768,490.298,0.000192171,19.8971
1999.27,-730.201,-478.529,-109.934,710.501,0.000192171,19.8969
1999.24,-885.359,-608.204,-135.387,913.574,0.00019217,19.8967
1999.54,174.485,161.828,-175.906,97.0138,0.000192174,19.8995
1999.43,235.277,223.472,-239.858,199.657,0.000192173,19.8984
1999.41,311.8,305.27,-322.589,333.727,0.000192172,19.8982
1999.38,454.13,471.507,-484.241,605.144,0.000192172,19.8979
1999.32,586.94,646.333,-646.451,877.278,0.000192171,19.8974
1999.29,700.32,814.415,-796.248,1128.53,0.000192171,19.8971
1999.9,257.965,-60.2242,491.083,19.378,0.000192178,19.9029
1999.88,316.961,-69.4925,601.728,135.436,0.000192178,19.9027
1999.85,428.48,-82.601,809.774,363.031,0.000192177,19.9024
1999.83,526.591,-89.4262,991.983,568.88,0.000192177,19.9022
1999.09,126.95,-201.255,-84.6452,82.822,0.000192169,19.8952
1998.99,175.843,-272.72,-115.476,170.442,0.000192168,19.8942
1998.97,241.124,-363.65,-155.324,284.873,0.000192167,19.8941
1998.94,375.303,-536.453,-233.201,516.441,0.000192167,19.8937
1998.91,518.163,-702.672,-311.201,748.434,0.000192167,19.8935
1998.89,657.16,-849.559,-383.154,962.424,0.000192166,19.8933
1999.61,127.038,-201.214,-31.6991,78.7048,0.000192175,19.9002
1999.59,175.778,-272.673,-43.1913,161.97,0.000192174,19.8999
1999.57,240.881,-363.865,-58.0762,270.71,0.000192174,19.8997
1999.53,374.18,-537.174,-87.1108,490.744,0.000192174,19.8994
1999.5,515.876,-704.415,-116.222,711.146,0.000192173,19.8991
1999.46,653.405,-852.526,-143.067,914.404,0.000192173,19.8987
1999.56,-229.762,-61.8828,-155.862,93.2707,0.000192174,19.8997
1999.55,-312.323,-87.9014,-212.565,191.961,0.000192174,19.8996
1999.54,-418.256,-124.262,-285.928,320.866,0.000192174,19.8994
1999.5,-622.09,-204.018,-429.299,581.79,0.000192173,19.8991
1999.46,-821.591,-295.283,-572.999,843.33,0.000192173,19.8987
1999.43,-1001.03,-389.394,-705.696,1084.73,0.000192173,19.8984
1999.54,69.234,-227.676,207.521,103.502,0.000192174,19.8994
1999.52,98.1859,-309.244,282.948,213.02,0.000192174,19.8993
1999.5,138.627,-413.762,380.614,356.087,0.000192173,19.8991
1999.46,227.103,-613.987,571.413,645.778,0.000192173,19.8988
1999.42,328.221,-809.012,762.898,936.317,0.000192172,19.8983
1999.36,432.273,-983.258,939.805,1204.69,0.000192172,19.8978
1999.62,-42.2344,-234.169,-1.1262,78.0193,0.000192175,19.9002
1999.61,-54.6105,-319.813,-1.52518,160.559,0.000192175,19.9001
1999.6,-68.2698,-430.957,-2.04125,268.351,0.000192175,19.9
1999.57,-87.2388,-648.869,-3.04683,486.466,0.000192174,19.8998
1999.54,-95.9988,-867.779,-4.06294,704.94,0.000192174,19.8995
1999.5,-94.9838,-1069.87,-5.00486,906.41,0.000192173,19.8991
1999.6,210.295,111.4,28.2699,78.5655,0.000192175,19.9
1999.59,285.259,154.571,38.5246,161.683,0.000192174,19.8999
1999.57,381.059,212.5,51.7995,270.231,0.000192174,19.8998
1999.54,564.092,332.278,77.736,489.877,0.000192174,19.8995
1999.51,741.554,460.769,103.7,709.888,0.000192174,19.8992
1999.48,899.706,586.62,127.653,912.785,0.000192173,19.8989
1999.95,-164.609,-1.53569,-177.927,6.85552,0.000192179,19.9034
1999.94,-237.902,-4.96566,-257.244,107.412,0.000192179,19.9033
1999.92,-324.29,-11.1946,-350.866,229.018,0.000192178,19.9031
1999.9,-435.744,-22.7507,-471.995,387.905,0.000192178,19.9028
1999.85,-652.226,-56.6755,-708.932,709.759,0.000192177,19.9024
1999.37,-866.675,-105.584,-946.698,1032.71,0.000192172,19.8979
1999.34,-996.316,-142.873,-1092.48,1230.37,0.000192172,19.8976
1999.9,-223.994,-134.525,-491.122,11.8345,0.000192178,19.9028
1999.88,-275.726,-171.076,-610.061,129.11,0.000192178,19.9027
1999.85,-364.77,-239.494,-820.955,359.128,0.000192177,19.9024
1999.82,-432.776,-296.902,-988.073,547.201,0.000192177,19.9021
1999.59,-6.02492,-237.903,74.7804,81.7687,0.000192174,19.8999
1999.58,-5.04943,-324.442,101.927,168.276,0.000192174,19.8999
1999.57,-1.30769,-436.366,137.055,281.255,0.000192174,19.8997
1999.54,14.0727,-654.495,205.653,509.882,0.000192174,19.8995
1999.51,40.2097,-872.177,274.431,738.923,0.000192174,19.8992
1999.49,73.7791,-1071.57,337.86,950.184,0.000192173,19.899
1999.95,230.55,58.8981,222.755,106.879,0.000192179,19.9034
1999.93,313.329,84.2588,303.799,219.981,0.000192178,19.9032
1999.9,419.495,120.188,408.723,367.737,0.000192178,19.9029
1999.87,623.242,200.36,613.745,666.967,0.000192178,19.9026
1999.82,822.144,293.796,819.562,967.156,0.000192177,19.9021
1999.78,1000.26,391.325,1009.75,1244.5,0.000192177,19.9018
1999.56,-173.475,-162.932,175,96.8623,0.000192174,19.8997
1999.55,-233.898,-224.829,238.626,199.351,0.000192174,19.8996
1999.54,-310.056,-307.077,321.089,333.228,0.000192174,19.8994
1999.5,-451.547,-474.019,482.091,604.252,0.000192173,19.8991
1999.47,-583.492,-649.429,643.594,875.973,0.000192173,19.8988
1999.44,-696.142,-818.025,792.823,1126.85,0.000192173,19.8985
1999.63,235.644,32.8929,14.2763,78.1623,0.000192175,19.9003
1999.62,320.868,47.8541,19.5305,160.853,0.000192175,19.9002
1999.6,430.815,69.5829,26.3374,268.844,0.000192175,19.9001
1999.57,643.669,119.536,39.6227,487.36,0.000192174,19.8998
1999.55,854.38,179.539,52.9593,706.238,0.000192174,19.8995
1999.52,1046.15,243.637,65.2761,908.084,0.000192174,19.8993
1999.96,159.722,-49.4033,-177.963,10.5072,0.000192179,19.9035
1999.94,228.099,-67.8169,-253.328,110.227,0.000192179,19.9033
1999.93,312.257,-88.2795,-345.518,230.833,0.000192178,19.9031
1999.91,421.9,-111.364,-464.784,388.405,0.000192178,19.903
1999.87,638.359,-145.349,-698.066,707.583,0.000192178,19.9026
1999.83,857.459,-164.488,-932.217,1027.88,0.000192177,19.9023
1999.8,1011.56,-168.924,-1096.33,1252.07,0.000192177,19.9019
1999.63,12.2168,237.621,12.1713,78.1186,0.000192175,19.9003
1999.62,13.6872,324.136,16.5829,160.763,0.000192175,19.9002
1999.57,13.2119,436.147,22.2928,268.693,0.000192174,19.8998
1999.55,4.5287,654.668,33.4533,487.087,0.000192174,19.8996
1999.52,-14.44,872.931,44.6275,705.841,0.000192174,19.8993
1999.5,-40.9848,1073.28,54.9284,907.571,0.000192173,19.8991
1999.67,-220.797,-88.6443,15.468,78.1827,0.000192175,19.9007
1999.65,-299.914,-123.674,21.0919,160.896,0.000192175,19.9005
1999.64,-401.402,-171.217,28.3795,268.915,0.000192175,19.9004
1999.59,-595.985,-270.913,42.5807,487.488,0.000192174,19.8999
1999.56,-786.072,-379.844,56.7972,706.42,0.000192174,19.8997
1999.54,-956.791,-488.198,69.9111,908.315,0.000192174,19.8994
1997.53,115.567,-207.979,-50.6353,79.7583,0.000192151,19.8804
1997.51,160.259,-282.092,-69.0143,164.139,0.000192151,19.8803
1997.5,220.158,-376.717,-92.7932,274.337,0.00019215,19.8802
1997.47,343.771,-557.191,-139.26,497.33,0.00019215,19.8799
1997.43,476.09,-731.841,-185.804,720.706,0.00019215,19.8794
1997.4,605.446,-887.172,-228.736,926.716,0.000192149,19.8792
1999.59,-237.805,9.59854,-88.1675,83.2061,0.000192174,19.8999
1999.58,-324.281,9.84947,-120.218,171.237,0.000192174,19.8998
1999.56,-436.271,7.63601,-161.734,286.208,0.000192174,19.8997
1999.53,-654.692,-4.93173,-242.818,518.871,0.000192174,19.8994
1999.51,-872.609,-28.4254,-324.058,751.972,0.000192174,19.8992
1999.48,-1072.41,-59.7437,-399.025,966.998,0.000192173,19.8989
1999.56,215.69,100.445,-13.541,78.1455,0.000192174,19.8997
1999.55,292.836,139.703,-18.4893,160.819,0.000192174,19.8996
1999.52,391.544,192.592,-24.8867,268.786,0.000192174,19.8993
1999.48,580.533,302.629,-37.3688,487.251,0.000192173,19.8989
1999.46,764.492,421.614,-49.8871,706.078,0.000192173,19.8987
1999.43,929.061,538.921,-61.4428,907.877,0.000192173,19.8984
1999.58,114.811,208.449,28.8927,78.5843,0.000192174,19.8998
1999.57,153.872,285.634,39.332,161.722,0.000192174,19.8997
1999.55,202.28,386.577,52.8454,270.296,0.000192174,19.8996
1999.53,289.797,587.043,79.2527,489.994,0.000192174,19.8994
1999.5,367.9,791.741,105.696,710.057,0.000192173,19.8991
1999.48,431.345,983.737,130.096,912.999,0.000192173,19.8989
1999.71,-60.4525,-154.603,-177.93,8.85144,0.000192176,19.9011
1999.7,-84.1471,-222.555,-255.045,108.935,0.000192176,19.901
1999.68,-110.626,-305.025,-347.86,229.973,0.000192175,19.9008
1999.66,-141.555,-412.754,-467.972,388.116,0.000192175,19.9006
1999.61,-191.023,-626.214,-702.847,708.455,0.000192175,19.9001
1999.57,-225.822,-843.386,-938.582,1029.92,0.000192174,19.8997
1999.54,-240.444,-986.265,-1092.49,1239.48,0.000192174,19.8994
1999.57,174.638,161.606,-9.81695,78.0834,0.000192174,19.8998
1999.56,236.049,222.567,-13.3444,160.691,0.000192174,19.8997
1999.55,313.824,303.128,-17.9074,268.572,0.000192174,19.8995
1999.52,460.09,465.767,-26.8097,486.865,0.000192174,19.8993
1999.5,598.806,635.345,-35.7209,705.517,0.000192173,19.8991
1999.47,719.588,797.38,-43.9329,907.152,0.000192173,19.8988
1999.95,128.605,-148.858,273.633,12.809,0.000192179,19.9033
1999.94,156.943,-178.909,331.078,79.6672,0.000192179,19.9033
1999.93,217.79,-240.485,451.47,221.171,0.000192178,19.9031
1999.91,299.498,-317.372,607.511,406.106,0.000192178,19.9029
1999.87,468.109,-457.726,912.665,780.946,0.000192178,19.9026
1999.85,538.504,-509.896,1034.52,929.891,0.000192177,19.9024
1999.61,-92.2703,-219.32,122.504,87.74,0.000192175,19.9001
1999.6,-122.741,-300.32,167.027,180.57,0.000192175,19.9
1999.58,-159.682,-406.124,224.683,301.814,0.000192174,19.8999
1999.55,-223.497,-615.339,337.212,547.199,0.000192174,19.8996
1999.49,-276.337,-828.233,450.045,793.09,0.000192173,19.899
1999.46,-315.045,-1026.86,554.132,1019.97,0.000192173,19.8987
1999.93,-195.268,-135.978,296.363,93.4847,0.000192178,19.9031
1999.91,-263.47,-189.333,404.186,225.393,0.000192178,19.903
1999.89,-349.415,-261.402,543.853,397.76,0.000192178,19.9028
1999.84,-509.218,-411.519,816.887,746.99,0.000192177,19.9023
1999.8,-640.413,-553.366,1057.46,1054.51,0.000192177,19.9019
1999.4,-217.988,95.3544,-209.421,103.921,0.000192172,19.8981
1999.34,-298.847,126.399,-285.591,213.872,0.000192172,19.8976
1999.32,-404.533,163.586,-384.119,357.504,0.000192171,19.8973
1999.25,-614.233,226.455,-576.643,648.32,0.000192171,19.8967
1999.22,-828.196,276.276,-769.842,939.992,0.00019217,19.8964
1999.19,-1028.28,310.334,-948.335,1209.41,0.00019217,19.8961
1999.6,68.7224,-227.786,-111.976,86.2394,0.000192175,19.9
1999.59,96.8924,-309.689,-152.759,177.479,0.000192174,19.8999
1999.57,135.787,-414.675,-205.477,296.643,0.000192174,19.8997
1999.54,219.767,-616.724,-308.516,537.815,0.000192174,19.8995
1999.44,314.24,-814.557,-411.765,779.473,0.000192173,19.8986
1999.41,410.41,-992.557,-507.045,1002.43,0.000192172,19.8982
1999.57,232.321,-51.2472,-80.7001,82.3823,0.000192174,19.8997
1999.55,317.517,-66.8329,-110.062,169.538,0.000192174,19.8996
1999.53,428.066,-84.5144,-148.001,283.359,0.000192174,19.8994
1999.5,645.228,-110.979,-222.128,513.689,0.000192173,19.8991
1999.47,863.878,-126.659,-296.402,744.446,0.000192173,19.8988
1999.43,1065.99,-131.492,-364.884,957.292,0.000192173,19.8984
1986.97,129.846,-199.421,-45.6499,79.4533,0.000192029,19.7803
1986.96,179.663,-270.212,-62.3203,163.511,0.000192029,19.7802
1986.94,246.036,-360.313,-83.8663,273.287,0.000192028,19.7801
1986.89,382.08,-531.616,-125.983,495.424,0.000192028,19.7796
1986.87,526.431,-696.472,-168.139,717.94,0.000192027,19.7794
1986.84,666.548,-842.319,-207.047,923.159,0.000192027,19.7791
0.0830023,113.357,-198.112,140.904,1016.14,0.0259556,inf
0.0767286,136.351,-290.083,190.823,1112.42,0.0272229,inf
0.0767286,245.528,-338.846,178.788,1242.54,0.0272229,inf
0.0767286,463.86,-436.362,154.721,1480.49,0.0272229,inf
0.0767286,671.825,-529.249,131.797,1708.23,0.0272229,inf
0.0767286,859.923,-613.262,111.062,1914.48,0.0272229,inf
1999.62,214.399,-103.172,78.6953,82.1739,0.000192175,19.9003
1999.61,293.684,-137.817,107.304,169.111,0.000192175,19.9002
1999.6,397.345,-180.386,144.363,282.653,0.000192175,19.9
1999.57,602.578,-255.869,216.689,512.424,0.000192174,19.8997
1999.54,811.842,-321.296,289.2,742.614,0.000192174,19.8995
1999.51,1007.43,-372.393,356.049,954.937,0.000192174,19.8992
1999.51,234.797,-38.8998,54.3002,80.0122,0.000192174,19.8992
1999.5,320.612,-50.0179,73.9876,164.661,0.000192173,19.8991
1999.49,431.949,-61.9724,99.4691,275.212,0.000192173,19.899
1999.45,650.057,-77.4059,149.235,498.919,0.000192173,19.8986
1999.42,869.218,-82.3605,199.114,723.011,0.000192172,19.8983
1999.39,1071.31,-77.5941,245.1,929.682,0.000192172,19.8981
0.135786,890.84,51.3217,362.473,1219.05,0.0188705,inf
0.135786,639.476,212.682,567.636,1589.07,0.0188705,inf
0.135786,148.981,527.551,967.978,2307.46,0.0188705,inf
1999.24,-82.2873,-223.286,-176.238,97.1254,0.00019217,19.8966
1999.23,-108.689,-305.73,-240.412,199.894,0.00019217,19.8965
1999.21,-140.016,-413.261,-323.439,334.133,0.00019217,19.8963
1999.17,-191.942,-625.929,-485.753,605.9,0.00019217,19.896
1998.31,-231.4,-841.816,-648.566,878.425,0.00019216,19.8878
1998.27,-256.597,-1042.99,-798.982,1130.04,0.000192159,19.8875
1999.59,-61.4693,-229.86,-147.211,91.7801,0.000192175,19.9
1999.58,-80.4359,-314.296,-200.825,188.89,0.000192174,19.8999
1999.56,-102.261,-424.209,-270.26,315.734,0.000192174,19.8996
1999.53,-135.932,-640.374,-405.832,572.485,0.000192174,19.8993
1999.49,-157.698,-858.721,-541.804,829.818,0.000192173,19.899
1999.46,-167.045,-1061.07,-667.314,1067.31,0.000192173,19.8987
1999.65,237.956,3.7378,26.7663,78.5108,0.000192175,19.9005
1999.63,324.352,8.19631,36.4905,161.571,0.000192175,19.9004
1999.62,436.022,16.3545,49.0765,270.045,0.000192175,19.9002
1999.59,653.468,40.0414,73.6557,489.537,0.000192174,19.8999
1999.56,869.917,74.0048,98.2683,709.395,0.000192174,19.8997
1999.53,1067.96,114.35,120.982,912.149,0.000192174,19.8994
1999.95,-209.382,113.133,238.584,110.483,0.000192179,19.9034
1999.93,-287.429,150.478,325.303,227.396,0.000192178,19.9032
1999.92,-389.948,195.817,437.659,380.135,0.000192178,19.903
1999.87,-594.48,274.278,657.266,689.477,0.000192178,19.9026
1999.82,-804.528,339.186,877.658,999.851,0.000192177,19.9021
1999.68,-1002.12,386.622,1081.39,1286.71,0.000192176,19.9008
1999.27,-196.997,133.515,-203.348,102.603,0.000192171,19.8969
1999.25,-270.729,178.766,-277.221,211.174,0.000192171,19.8967
1999.23,-367.862,234.714,-372.956,353.009,0.00019217,19.8966
1999.18,-562.45,335.025,-559.97,640.207,0.00019217,19.8961
1999.1,-763.545,423.463,-747.634,928.224,0.000192169,19.8953
1999.08,-953.775,493.954,-920.924,1194.24,0.000192169,19.8951
1999.95,-220.98,-88.2085,227.256,107.9,0.000192179,19.9033
1999.93,-299.787,-124.146,309.975,222.079,0.000192178,19.9032
1999.91,-400.328,-173.605,416.983,371.241,0.000192178,19.903
1999.88,-591.907,-279.792,626.193,673.306,0.000192178,19.9027
1999.84,-776.828,-398.572,836.086,976.306,0.000192177,19.9023
1999.79,-940.54,-518.782,1030.06,1256.27,0.000192177,19.9018
1999.5,192.106,-140.472,-158.789,93.7245,0.000192173,19.8991
1999.48,263.971,-188.688,-216.393,192.892,0.000192173,19.8989
1999.47,358.522,-248.674,-290.925,322.42,0.000192173,19.8988
1999.43,548.158,-357.963,-436.623,584.617,0.000192173,19.8984
1999.41,744.098,-456.637,-582.635,847.425,0.000192172,19.8982
1999.38,929.743,-537.831,-717.468,1090,0.000192172,19.8979
1999.21,237.963,-0.7105,142.308,90.7289,0.00019217,19.8964
1999.2,324.487,2.61676,193.694,186.725,0.00019217,19.8962
1999.18,436.289,9.6835,260.185,312.113,0.00019217,19.8961
1999.15,653.874,32.4454,390.032,565.902,0.000192169,19.8958
1999.12,870.45,67.1172,520.212,820.257,0.000192169,19.8955
1999.09,1068.5,109.578,640.415,1054.99,0.000192169,19.8952
1999.62,-203.676,123.021,10.8457,78.0946,0.000192175,19.9002
1999.61,-279.233,165.176,14.6953,160.714,0.000192175,19.9001
1999.59,-378.155,217.643,19.6791,268.611,0.000192174,19.8999
1999.56,-574.866,313.219,29.4374,486.937,0.000192174,19.8996
1999.53,-776.216,399.644,39.2198,705.623,0.000192174,19.8994
1999.51,-965.333,470.901,48.2357,907.29,0.000192173,19.8991
1999.96,-0.0350241,176.704,-209.821,10.8498,0.000192179,19.9034
1999.95,-2.47226,237.957,-282.608,101.718,0.000192179,19.9033
1999.93,-8.0443,324.351,-385.413,229.937,0.000192178,19.9032
1999.91,-18.9678,435.963,-518.599,397.485,0.000192178,19.9029
1999.87,-52.2892,652.562,-778.877,736.918,0.000192178,19.9026
1999.83,-101.526,867.177,-1040.39,1077.7,0.000192177,19.9022
1999.82,-107.886,890.519,-1069.12,1114.23,0.000192177,19.9021
1999.53,-57.996,230.754,117.347,87.0083,0.000192174,19.8994
1999.51,-82.3328,313.84,160.077,179.062,0.000192174,19.8992
1999.5,-116.369,420.578,215.377,299.294,0.000192173,19.8991
1999.47,-190.99,626.162,323.333,542.627,0.000192173,19.8988
1999.44,-276.474,828.125,431.581,786.456,0.000192173,19.8985
1999.4,-364.619,1010.3,531.464,1011.42,0.000192172,19.8981
1999.95,187.074,-20.1407,241.723,14.1331,0.000192179,19.9033
1999.94,236.818,-23.4306,305.785,93.5656,0.000192178,19.9032
1999.92,323.322,-27.0938,417.047,228.061,0.000192178,19.9031
1999.9,435.5,-27.9623,561.192,403.801,0.000192178,19.9029
1999.86,654.451,-16.9959,842.913,759.919,0.000192178,19.9025
1999.83,814.417,1.69146,1049.87,1021.01,0.000192177,19.9022
1999.45,-51.1323,232.418,-210.642,104.236,0.000192173,19.8986
1999.43,-73.6338,315.985,-287.296,214.534,0.000192173,19.8984
1999.41,-105.853,423.348,-386.608,358.64,0.000192172,19.8982
1999.37,-178.608,629.815,-580.6,650.446,0.000192172,19.8979
1999.34,-264.459,832.06,-775.287,943.102,0.000192172,19.8976
1999.31,-354.929,1013.77,-955.141,1213.44,0.000192171,19.8973
1999.92,-102.277,176.503,-305.492,9.04727,0.000192178,19.9031
1999.91,-120.644,205.099,-356.383,61.7639,0.000192178,19.9029
1999.88,-169.163,276.918,-486.152,210.52,0.000192178,19.9027
1999.85,-235.465,367.408,-654.119,404.955,0.000192178,19.9024
1999.81,-376.224,535.818,-982.746,799.108,0.000192177,19.902
1999.8,-394.291,555.474,-1022.7,845.968,0.000192177,19.9019
1999.49,-154.659,180.812,147.598,91.8131,0.000192173,19.899
1999.47,-213.538,244.235,201.272,188.954,0.000192173,19.8988
1999.46,-291.806,324.431,270.776,315.834,0.000192173,19.8987
1999.43,-450.996,474.502,406.494,572.665,0.000192173,19.8984
1999.39,-618.736,615.973,542.635,830.093,0.000192172,19.8981
1999.36,-780.295,738.181,668.308,1067.68,0.000192172,19.8977
1999.64,87.5891,-221.225,-12.7325,78.1258,0.000192175,19.9004
1999.63,122.174,-300.539,-17.305,160.778,0.000192175,19.9003
1999.61,169.141,-402.278,-23.2171,268.718,0.000192175,19.9002
1999.56,267.755,-597.425,-34.7699,487.13,0.000192174,19.8997
1999.52,375.6,-788.123,-46.3543,705.902,0.000192174,19.8993
1999.46,482.911,-959.373,-57.0599,907.65,0.000192173,19.8987
1999.63,229.017,64.7663,54.0546,80.0042,0.000192175,19.9003
1999.61,311.395,91.2569,73.7077,164.646,0.000192175,19.9001
1999.59,417.222,127.856,99.155,275.19,0.000192174,19.9
1999.56,621.134,206.783,148.857,498.884,0.000192174,19.8997
1999.53,821.536,295.64,198.677,722.964,0.000192174,19.8994
1999.51,1002.35,386.024,244.62,929.627,0.000192174,19.8992
1999.79,-214.347,-339.49,-964.523,2.69247,0.000192177,19.9018
1999.93,195.837,43.665,305.482,3.05914,0.000192178,19.9032
1999.93,231.872,53.4656,362.35,56.397,0.000192178,19.9031
1999.91,314.883,78.2024,494.243,206.911,0.000192178,19.9029
1999.88,421.13,114.409,665.156,403.643,0.000192178,19.9027
1999.83,623.895,198.493,999.51,802.585,0.000192177,19.9022
1999.83,635.344,203.86,1018.77,824.407,0.000192177,19.9022
1999.52,-235.649,-33.0022,-68.9172,81.2231,0.000192174,19.8993
1999.51,-320.89,-48.1142,-93.9792,167.154,0.000192174,19.8992
1999.5,-430.725,-70.099,-126.404,279.378,0.000192173,19.8991
1999.46,-643.425,-120.831,-189.652,506.458,0.000192173,19.8987
1999.41,-853.854,-181.998,-253.026,733.941,0.000192172,19.8982
1999.38,-1045.23,-247.513,-311.534,943.761,0.000192172,19.8979
1999.46,225.783,-75.2222,-206.883,103.353,0.000192173,19.8987
1999.44,309.068,-98.806,-282.06,212.711,0.000192173,19.8985
1999.36,417.652,-126.289,-379.352,355.574,0.000192172,19.8978
1999.33,632.206,-170.018,-569.554,644.834,0.000192171,19.8975
1999.29,849.767,-200.431,-760.388,934.943,0.000192171,19.8971
1999.25,1052.04,-216.437,-936.638,1202.9,0.00019217,19.8967
1999.38,-63.772,-229.252,136.721,89.9965,0.000192172,19.898
1999.37,-83.5423,-313.497,186.461,185.215,0.000192172,19.8979
1999.35,-106.46,-423.185,250.879,309.584,0.000192172,19.8977
1999.32,-142.431,-638.97,376.64,561.309,0.000192171,19.8974
1999.29,-166.753,-857.022,502.766,813.586,0.000192171,19.8971
1999.26,-178.675,-1059.11,619.136,1046.39,0.000192171,19.8968
1999.62,234.662,-39.6911,-64.4853,80.8314,0.000192175,19.9002
1999.61,320.398,-51.0472,-87.9211,166.349,0.000192175,19.9001
1999.6,431.766,-63.3093,-118.283,278.034,0.000192175,19.9
1999.55,649.842,-79.2794,-177.555,504.042,0.000192174,19.8996
1999.53,868.911,-84.6764,-236.97,730.452,0.000192174,19.8993
1999.5,1071.12,-80.2382,-291.807,939.27,0.000192173,19.8991
1999.51,185.401,-149.121,-138.431,90.2429,0.000192174,19.8992
1999.49,254.971,-200.702,-188.771,185.724,0.000192173,19.899
1999.48,346.506,-265.161,-253.85,310.435,0.000192173,19.8989
1999.45,530.431,-383.747,-381.065,562.852,0.000192173,19.8986
1999.4,720.911,-492.437,-508.551,815.825,0.000192172,19.8981
1999.38,901.805,-583.495,-626.277,1049.28,0.000192172,19.8979
1999.67,-225.195,-76.952,28.1074,78.5593,0.000192175,19.9007
1999.66,-306.03,-107.755,38.3135,161.67,0.000192175,19.9006
1999.64,-409.768,-149.846,51.5213,270.209,0.000192175,19.9004
1999.62,-609.401,-239.25,77.3293,489.837,0.000192175,19.9002
1999.59,-804.951,-338.146,103.188,709.831,0.000192174,19.8999
1999.55,-980.943,-437.435,127.025,912.711,0.000192174,19.8996
1999.59,237.827,8.46578,140.406,90.5971,0.000192174,19.9
1999.58,324.086,15.005,191.455,186.45,0.000192174,19.8998
1999.56,435.55,26.2205,257.568,311.646,0.000192174,19.8996
1999.52,652.216,57.0509,386.717,565.046,0.000192174,19.8993
1999.49,867.347,99.7195,516.146,819.01,0.000192173,19.899
1999.46,1063.67,149.487,635.672,1053.39,0.000192173,19.8987
1999.54,-85.8164,221.924,-216.03,105.444,0.000192174,19.8995
1999.53,-120.75,301.118,-294.698,217.019,0.000192174,19.8994
1999.5,-168.943,402.37,-396.617,362.776,0.000192173,19.8991
1999.47,-272.381,595.308,-595.611,657.928,0.000192173,19.8988
1999.41,-388.265,782.013,-795.32,953.943,0.000192172,19.8982
1999.38,-505.649,947.65,-979.821,1227.4,0.000192172,19.8979
1999.56,-209.601,-112.633,-2.32395,78.0214,0.000192174,19.8997
1999.55,-284.37,-156.193,-3.19686,160.563,0.000192174,19.8996
1999.53,-379.909,-214.601,-4.32539,268.359,0.000192174,19.8994
1999.46,-562.383,-335.211,-6.56807,486.478,0.000192173,19.8987
1999.42,-739.293,-464.436,-8.86331,704.957,0.000192172,19.8983
1999.39,-896.931,-590.903,-11.0301,906.437,0.000192172,19.8981
1999.58,-122.787,-203.781,106.911,85.5426,0.000192174,19.8998
1999.52,-164.575,-279.581,145.805,176.04,0.000192174,19.8992
1999.5,-216.357,-378.91,196.13,294.23,0.000192173,19.8991
1999.46,-309.894,-576.687,294.437,533.43,0.000192173,19.8987
1999.42,-393.329,-779.412,392.963,773.111,0.000192173,19.8984
1999.39,-461.021,-970.149,483.928,994.234,0.000192172,19.8981
1999.95,182.799,-10.8921,241.69,6.07432,0.000192179,19.9033
1999.93,237.674,-11.8395,314.085,86.826,0.000192178,19.9032
1999.9,324.25,-11.1673,428.288,223.556,0.000192178,19.9029
1999.88,436.296,-6.36223,576.218,402.233,0.000192178,19.9027
1999.84,654.477,15.8405,865.543,764.333,0.000192177,19.9023
1999.81,789.439,38.2261,1046.01,989.696,0.000192177,19.9021
1999.56,-14.5245,-237.545,-124.784,88.0888,0.000192174,19.8997
1999.55,-16.3437,-324.057,-170.129,181.287,0.000192174,19.8996
1999.54,-16.0187,-436.023,-228.807,303.013,0.000192174,19.8994
1999.51,-6.64819,-654.653,-343.512,549.388,0.000192174,19.8992
1999.46,14.3289,-872.956,-458.45,796.273,0.000192173,19.8987
1999.43,43.9144,-1073.22,-564.548,1024.08,0.000192173,19.8985
1999.93,-215.096,101.789,222.306,106.769,0.000192178,19.9032
1999.91,-295.035,135.05,303.165,219.748,0.000192178,19.903
1999.89,-399.73,175.085,407.851,367.345,0.000192178,19.9028
1999.85,-607.798,243.27,612.368,666.236,0.000192177,19.9024
1999.82,-820.604,298.128,817.677,966.083,0.000192177,19.9021
1999.76,-1020.01,336.554,1007.39,1243.11,0.000192176,19.9015
1999.4,-17.9015,-237.259,122.634,87.7952,0.000192172,19.8981
1999.39,-21.0465,-323.743,167.282,180.682,0.000192172,19.898
1999.37,-22.4373,-435.8,225.102,302,0.000192172,19.8979
1999.34,-16.462,-654.451,337.994,547.554,0.000192172,19.8976
1999.31,1.07427,-873.102,451.222,793.626,0.000192171,19.8973
1999.28,27.4618,-1073.72,555.665,1020.67,0.000192171,19.897
1999.52,100.365,215.715,100.467,84.6858,0.000192174,19.8993
1999.51,133.866,295.566,137.012,174.282,0.000192174,19.8992
1999.49,174.819,399.847,184.289,291.295,0.000192173,19.899
1999.45,246.895,606.335,276.573,528.1,0.000192173,19.8987
1999.43,308.524,816.702,369.026,765.348,0.000192173,19.8984
1999.4,355.851,1013.46,454.367,984.21,0.000192172,19.8982
1999.92,-57.9265,-244.444,-446.169,18.81,0.000192178,19.9031
1999.9,-69.7645,-316.872,-576.442,159.158,0.000192178,19.9029
1999.88,-83.3876,-428.343,-775.814,379.361,0.000192178,19.9027
1999.85,-92.0429,-551.962,-995.832,630.688,0.000192177,19.9024
1999.43,-17.4519,-237.354,-139.41,90.4368,0.000192173,19.8984
1999.41,-20.3052,-323.821,-190.114,186.121,0.000192172,19.8983
1999.4,-21.2444,-435.854,-255.764,311.09,0.000192172,19.8981
1999.37,-14.11,-654.5,-383.956,564.033,0.000192172,19.8978
1999.05,4.94552,-873.081,-512.523,817.535,0.000192168,19.8948
1999.02,33.038,-1073.58,-631.097,1051.45,0.000192168,19.8945
1999.6,207.278,-116.919,96.5148,84.1727,0.000192175,19.9001
1999.58,284.161,-156.61,131.544,173.224,0.000192174,19.8998
1999.56,384.798,-205.68,176.87,289.527,0.000192174,19.8996
1999.54,584.954,-294.02,265.451,524.895,0.000192174,19.8994
1999.5,789.696,-372.293,354.198,760.713,0.000192173,19.8991
1999.47,981.996,-435.265,436.132,978.259,0.000192173,19.8988
1999.25,-227.568,-69.5314,-185.201,98.8594,0.000192171,19.8967
1999.24,-309.177,-98.4465,-252.545,203.454,0.00019217,19.8966
1999.21,-413.713,-138.683,-339.672,340.082,0.00019217,19.8964
1999.18,-614.307,-226.403,-509.983,616.689,0.00019217,19.8961
1999.14,-809.843,-326.132,-680.722,894.022,0.000192169,19.8957
1999.11,-984.932,-428.449,-838.482,1150.11,0.000192169,19.8954
1999.51,-152.182,182.94,164.013,94.7469,0.000192174,19.8992
1999.5,-210.28,247.136,223.665,194.998,0.000192173,19.8991
1999.49,-287.562,328.222,300.848,325.949,0.000192173,19.899
1999.45,-445.181,479.985,451.66,591.052,0.000192173,19.8986
1999.41,-611.678,622.996,602.994,856.828,0.000192172,19.8982
1999.38,-772.433,746.403,742.748,1102.18,0.000192172,19.898
1999.41,228.311,66.9632,-78.7958,82.1978,0.000192172,19.8982
1999.39,310.395,94.3199,-107.487,169.159,0.000192172,19.898
1999.38,415.887,132.118,-144.653,282.734,0.000192172,19.8979
1999.34,618.853,213.501,-217.225,512.582,0.000192172,19.8975
1999.31,818.085,305.036,-289.975,742.847,0.000192171,19.8973
1999.28,997.603,398.102,-357.066,955.241,0.000192171,19.897
1999.53,24.7428,-236.683,-103.041,85.0252,0.000192174,19.8994
1999.51,36.9196,-322.306,-140.506,174.981,0.000192174,19.8992
1999.48,55.2524,-432.809,-189.036,292.47,0.000192173,19.8989
1999.45,99.3108,-647.118,-283.809,530.229,0.000192173,19.8986
1999.42,154.348,-859.303,-378.738,768.444,0.000192173,19.8984
1999.4,214.714,-1052.46,-466.362,988.201,0.000192172,19.8981
1999.54,-220.153,90.238,138.352,90.2481,0.000192174,19.8994
1999.53,-301.554,119.82,188.684,185.727,0.000192174,19.8993
1999.51,-407.688,155.457,253.752,310.436,0.000192174,19.8992
1999.48,-617.829,216.577,380.964,562.86,0.000192173,19.8989
1999.45,-831.432,266.317,508.477,815.857,0.000192173,19.8986
1999.42,-1030.78,301.995,626.28,1049.35,0.000192173,19.8983
1999.53,-220.498,89.48,-164.091,94.7558,0.000192174,19.8993
1999.52,-302.02,118.65,-223.751,195.011,0.000192174,19.8992
1999.47,-408.428,153.654,-300.932,325.961,0.000192173,19.8988
1999.43,-619.025,213.034,-451.696,591.037,0.000192173,19.8984
1999.39,-833.327,260.484,-602.917,856.751,0.000192172,19.898
1999.34,-1033.3,293.379,-742.546,1102.04,0.000192172,19.8976
1999.85,-94.9483,-218.205,-273.075,103.93,0.000192178,19.9024
1999.83,-125.265,-299.309,-372.416,229.623,0.000192177,19.9023
1999.81,-161.09,-405.516,-501.049,393.878,0.000192177,19.902
1999.76,-219.824,-616.677,-752.645,726.651,0.000192176,19.9016
1999.72,-263.472,-832.369,-1005.22,1060.68,0.000192176,19.9012
1999.71,-273.043,-894.211,-1077.02,1154.83,0.000192176,19.9011
1999.57,-202.07,125.624,132.986,89.3766,0.000192174,19.8998
1999.55,-277.308,168.378,181.34,183.938,0.000192174,19.8996
1999.54,-376.012,221.341,243.929,307.445,0.000192174,19.8995
1999.51,-572.868,316.925,366.208,557.42,0.000192174,19.8992
1999.47,-774.988,401.998,488.74,807.933,0.000192173,19.8988
1999.44,-965.423,470.836,601.898,1039.11,0.000192173,19.8985
1999.51,182.153,-153.075,-50.3406,79.7522,0.000192174,19.8992
1999.5,250.367,-206.34,-68.6776,164.125,0.000192173,19.8991
1999.48,340.108,-273.337,-92.4065,274.314,0.000192173,19.8989
1999.45,520.014,-397.779,-138.753,497.285,0.000192173,19.8987
1999.3,705.986,-513.651,-185.191,720.643,0.000192171,19.8972
1999.27,882.289,-612.542,-228.056,926.642,0.000192171,19.8969
1999.53,-47.7051,-233.133,184.747,98.7566,0.000192174,19.8994
1999.51,-61.4279,-318.618,251.919,203.247,0.000192174,19.8992
1999.49,-76.1927,-429.653,338.817,339.734,0.000192173,19.899
1999.43,-95.3219,-647.74,508.677,616.058,0.000192173,19.8985
1999.4,-101.487,-867.145,678.978,893.114,0.000192172,19.8981
1999.37,-95.5787,-1069.85,836.288,1148.92,0.000192172,19.8979
1999.58,-227.016,-71.2822,-77.4724,82.0638,0.000192174,19.8999
1999.57,-308.561,-100.231,-105.689,168.884,0.000192174,19.8998
1999.55,-413.307,-140.073,-142.234,282.273,0.000192174,19.8996
1999.52,-614.666,-225.356,-213.575,511.739,0.000192174,19.8993
1999.49,-812.066,-320.69,-285.113,741.629,0.000192173,19.8989
1999.46,-989.806,-417.186,-351.13,953.683,0.000192173,19.8987
1999.91,-138.033,205.054,446.176,10.7021,0.000192178,19.9029
1999.88,-185.661,266.094,585.695,152.662,0.000192178,19.9027
1999.86,-258.403,351.639,788.062,375.403,0.000192178,19.9025
1999.82,-337.382,435.603,995.774,611.795,0.000192177,19.9022
1999.48,-28.9338,236.204,184.627,98.6917,0.000192173,19.8989
1999.46,-43.2808,321.596,251.677,203.113,0.000192173,19.8987
1999.43,-64.8004,431.53,338.413,339.508,0.000192173,19.8985
1999.4,-116.4,644.22,507.89,615.644,0.000192172,19.8981
1999.37,-180.712,854.169,677.933,892.513,0.000192172,19.8978
1999.33,-251.093,1044.36,834.975,1148.16,0.000192171,19.8975
1999.6,232.672,49.7631,70.0531,81.3451,0.000192175,19.9001
1999.59,316.616,70.8999,95.596,167.404,0.000192175,19.9
1999.58,424.6,100.645,128.649,279.798,0.000192174,19.8998
1999.52,633.136,166.423,193.191,507.241,0.000192174,19.8993
1999.49,838.749,242.502,257.899,735.09,0.000192173,19.899
1999.46,1024.86,321.502,317.568,945.245,0.000192173,19.8987
1999.03,234.659,-39.5562,-45.569,79.4382,0.000192168,19.8946
1999.01,320.474,-50.903,-62.1514,163.479,0.000192168,19.8945
1998.99,431.786,-63.1845,-83.6039,273.233,0.000192168,19.8942
1998.96,649.859,-79.3129,-125.486,495.323,0.000192167,19.894
1998.93,868.897,-85.0037,-167.449,717.794,0.000192167,19.8937
1998.91,1071.09,-80.9762,-206.196,922.97,0.000192167,19.8935
1999.93,-114.668,208.528,-277.352,104.858,0.000192178,19.9031
1999.91,-160.379,282.092,-378.284,231.682,0.000192178,19.903
1999.89,-222.623,375.318,-508.946,397.412,0.000192178,19.9028
1999.83,-354.07,550.64,-764.431,733.193,0.000192177,19.9022
1999.79,-498.515,716.791,-1021.14,1070.31,0.000192177,19.9018
1999.78,-529.171,749.103,-1073.07,1137.68,0.000192177,19.9018
1999.9,-79.1676,-246.222,491.081,6.28058,0.000192178,19.9029
1999.88,-84.9486,-269.215,536.052,33.8642,0.000192178,19.9027
1999.87,-94.6368,-310.365,616.234,122.525,0.000192178,19.9026
1999.85,-116.478,-420.534,829.277,354.348,0.000192177,19.9024
1999.73,-129.048,-503.314,988.055,532.597,0.000192176,19.9013
1999.39,-237.225,-19.0928,25.1137,78.4541,0.000192172,19.898
1999.38,-323.159,-29.0911,34.2583,161.454,0.000192172,19.8979
1999.37,-434.066,-44.4059,46.0888,269.848,0.000192172,19.8978
1999.34,-649.548,-82.0243,69.2087,489.181,0.000192172,19.8975
1999.3,-863.366,-129.826,92.3863,708.882,0.000192171,19.8972
1999.27,-1058.41,-182.8,113.775,911.49,0.000192171,19.897
1999.85,-367.16,52.4259,-847.149,15.7581,0.000192177,19.9024
1999.82,-392.877,53.3628,-905.819,50.7176,0.000192177,19.9022
1999.82,-420.308,53.974,-968.37,109.028,0.000192177,19.9021
1999.43,237.722,11.2306,202.8,102.525,0.000192173,19.8984
1999.42,323.863,19.2687,276.535,211.009,0.000192172,19.8983
1999.37,435.143,32.7933,372.095,352.736,0.000192172,19.8979
1999.34,650.982,69.2843,558.751,639.719,0.000192172,19.8975
1999.26,864.907,119.154,746.065,927.524,0.000192171,19.8968
1999.22,1059.45,176.832,919.091,1193.33,0.00019217,19.8964
1999.57,-37.0589,-235.037,8.33988,78.0663,0.000192174,19.8997
1999.55,-47.5302,-320.933,11.367,160.656,0.000192174,19.8996
1999.54,-58.7106,-432.352,15.2943,268.514,0.000192174,19.8995
1999.51,-72.8481,-650.631,22.9573,486.76,0.000192173,19.8991
1999.47,-76.7464,-869.682,30.6401,705.367,0.000192173,19.8988
1999.45,-71.2209,-1071.71,37.7168,906.962,0.000192173,19.8986
1999.4,-51.9644,232.214,-115.711,86.7714,0.000192172,19.8981
1999.38,-74.0985,315.924,-157.85,178.574,0.000192172,19.898
1999.37,-105.256,423.434,-212.328,298.476,0.000192172,19.8979
1999.34,-174.39,631.038,-318.832,541.144,0.000192172,19.8976
1999.29,-254.404,835.161,-425.531,784.299,0.000192171,19.8971
1999.26,-337.627,1019.69,-524.024,1008.63,0.000192171,19.8968
1999.85,-231.888,-234.873,729.739,3.3235,0.000192177,19.9024
1999.84,-248.748,-255.451,788.454,27.4434,0.000192177,19.9023
1999.82,-297.864,-318.903,965.576,202.376,0.000192177,19.9021
1999.82,-299.678,-321.353,972.304,208.341,0.000192177,19.9021
1999.59,188.171,-145.573,72.6844,81.574,0.000192174,19.8999
1999.58,258.495,-196.029,99.1084,167.876,0.000192174,19.8998
1999.56,350.919,-259.28,133.306,280.588,0.000192174,19.8997
1999.53,535.906,-376.063,200.079,508.667,0.000192174,19.8994
1999.5,726.728,-483.826,266.942,737.149,0.000192173,19.8991
1999.47,907.35,-574.901,328.651,947.887,0.000192173,19.8988
1999.51,119.458,205.815,154.461,93.0765,0.000192174,19.8992
1999.49,159.759,282.373,210.725,191.552,0.000192173,19.899
1999.47,209.427,382.823,283.599,320.175,0.000192173,19.8988
1999.45,298.038,582.868,425.895,580.538,0.000192173,19.8986
1999.33,375.596,788.162,568.609,841.5,0.000192171,19.8975
1999.3,436.901,981.273,700.368,1082.37,0.000192171,19.8972
1999.64,50.929,232.416,-86.2682,82.9874,0.000192175,19.9004
1999.62,66.3062,317.601,-117.646,170.787,0.000192175,19.9002
1999.59,83.7171,428.28,-158.258,285.453,0.000192174,19.8999
1999.56,109.566,645.431,-237.535,517.503,0.000192174,19.8996
1999.53,124.591,864.09,-316.996,749.99,0.000192174,19.8993
1999.5,128.734,1066.37,-390.365,964.451,0.000192173,19.8991
1999.64,-235.787,-31.8058,-106.47,85.472,0.000192175,19.9005
1999.63,-321.072,-46.5833,-145.19,175.899,0.000192175,19.9004
1999.62,-430.946,-68.266,-195.283,293.998,0.000192175,19.9002
1999.56,-643.802,-118.908,-293.137,533.003,0.000192174,19.8997
1999.53,-854.19,-180.487,-391.198,772.486,0.000192174,19.8994
1999.51,-1045.38,-246.856,-481.731,993.425,0.000192174,19.8992
1999.4,189.796,143.598,54.2057,80.0135,0.000192172,19.8981
1999.38,256.886,198.251,73.895,164.664,0.000192172,19.898
1999.37,342.122,270.829,99.3635,275.214,0.000192172,19.8978
1999.34,503.371,418.549,149.114,498.919,0.000192172,19.8976
1999.31,657.692,574.25,198.977,723.011,0.000192171,19.8972
1999.27,793.213,724.25,244.941,929.682,0.000192171,19.8969
1999.94,180.028,-81.6543,-273.611,14.4365,0.000192179,19.9033
1999.94,217.433,-96.7013,-329.383,81.0595,0.000192178,19.9032
1999.92,298.502,-127.163,-449.185,222.065,0.000192178,19.9031
1999.9,404.88,-162.795,-604.361,406.331,0.000192178,19.9029
1999.82,616.732,-219.743,-907.872,779.84,0.000192177,19.9021
1999.8,706.325,-238.423,-1034.48,934.986,0.000192177,19.9019
1999.55,236.412,27.3881,88.6384,83.2484,0.000192174,19.8996
1999.54,321.891,40.4648,120.827,171.324,0.000192174,19.8994
1999.52,432.198,59.9019,162.52,286.351,0.000192174,19.8993
1999.49,646.064,105.959,243.97,519.136,0.000192173,19.899
1999.46,857.759,162.754,325.573,752.358,0.000192173,19.8987
1999.43,1050.35,224.462,400.848,967.484,0.000192173,19.8985
1999.86,-283.989,11.3297,-581.092,2.20932,0.000192178,19.9025
1999.85,-305.956,10.558,-625.987,23.1446,0.000192177,19.9024
1999.85,-324.328,9.7305,-663.544,54.504,0.000192177,19.9024
1999.82,-436.383,1.1019,-893.061,300.462,0.000192177,19.9021
1999.81,-478.796,-3.78235,-980.241,396.166,0.000192177,19.902
1999.93,186.894,-147.348,303.514,94.8549,0.000192178,19.9032
1999.9,257.814,-197.051,413.933,228.697,0.000192178,19.9029
1999.79,351.781,-258.179,556.894,403.62,0.000192177,19.9019
1999.73,542.165,-366.989,836.614,758.098,0.000192176,19.9013
1999.7,695.276,-441.274,1053.65,1032.82,0.000192176,19.901
1999.56,-137.534,-194.212,-82.5299,82.5712,0.000192174,19.8997
1999.55,-184.835,-266.644,-112.496,169.928,0.000192174,19.8995
1999.54,-243.978,-361.807,-151.307,284.016,0.000192174,19.8994
1999.51,-352.391,-551.726,-227.051,514.889,0.000192174,19.8992
1999.49,-451.493,-747.21,-302.973,746.191,0.000192173,19.899
1999.46,-534.262,-931.82,-373.055,959.545,0.000192173,19.8987
1999.48,-28.1643,236.309,-129.841,88.8925,0.000192173,19.8989
1999.46,-41.7582,321.733,-177.07,182.944,0.000192173,19.8987
1999.45,-62.0314,431.899,-238.231,305.784,0.000192173,19.8986
1999.42,-110.286,645.344,-357.723,554.412,0.000192172,19.8983
1999.39,-170.023,856.339,-477.473,803.58,0.000192172,19.898
1999.36,-235.098,1048.08,-588.041,1033.5,0.000192172,19.8977
1999.94,-125.858,201.926,277.755,104.947,0.000192178,19.9033
1999.92,-175.538,272.877,378.828,231.868,0.000192178,19.9031
1999.88,-242.806,362.576,509.652,397.696,0.000192178,19.9027
1999.84,-383.661,530.516,765.458,733.66,0.000192177,19.9023
1999.79,-536.903,688.494,1022.37,1070.98,0.000192177,19.9018
1999.77,-568.473,718.335,1073.06,1136.7,0.000192177,19.9017
1999.47,-236.744,24.1078,-207.582,103.523,0.000192173,19.8988
1999.46,-323.147,28.9064,-283.026,213.062,0.000192173,19.8987
1999.44,-435.183,31.9593,-380.756,356.167,0.000192173,19.8985
1999.4,-654.129,27.6358,-571.739,645.933,0.000192172,19.8981
1999.36,-873.001,9.64907,-763.271,936.548,0.000192172,19.8978
1999.33,-1073.91,-19.0708,-940.238,1204.96,0.000192171,19.8974
1999.61,80.0485,-224.099,30.5369,78.6624,0.000192175,19.9002
1999.6,111.987,-304.488,41.6744,161.883,0.000192175,19.9
1999.59,155.576,-407.708,56.1015,270.565,0.000192174,19.8999
1999.55,247.772,-605.96,84.2794,490.486,0.000192174,19.8995
1999.51,349.426,-800.046,112.514,710.775,0.000192174,19.8992
1999.49,451.275,-974.736,138.574,913.926,0.000192173,19.899
1999.58,-183.149,151.906,-48.4989,79.623,0.000192174,19.8998
1999.57,-251.716,204.726,-66.1348,163.86,0.000192174,19.8997
1999.55,-341.902,271.135,-88.9636,273.873,0.000192174,19.8996
1999.51,-522.532,394.35,-133.546,496.489,0.000192174,19.8992
1999.48,-709.325,509.08,-178.244,719.489,0.000192173,19.8989
1999.46,-886.25,606.85,-219.456,925.149,0.000192173,19.8987
1999.57,-200,-128.944,-57.8701,80.2928,0.000192174,19.8998
1999.55,-271.009,-178.374,-78.915,165.239,0.000192174,19.8996
1999.53,-361.479,-244.333,-106.142,276.176,0.000192174,19.8994
1999.49,-533.431,-379.555,-159.35,500.667,0.000192173,19.899
1999.46,-698.949,-523.147,-212.674,725.554,0.000192173,19.8987
1999.44,-845.422,-662.613,-261.887,932.963,0.000192173,19.8985
1999.61,-37.345,235.035,-27.301,78.5279,0.000192175,19.9001
1999.6,-53.8784,319.948,-37.2118,161.606,0.000192175,19.9001
1999.59,-77.6135,429.356,-50.0406,270.103,0.000192174,19.8999
1999.56,-131.569,641.333,-75.0978,489.643,0.000192174,19.8997
1999.53,-195.568,850.87,-100.194,709.55,0.000192174,19.8994
1999.51,-263.316,1041.29,-123.334,912.348,0.000192174,19.8992
1999.46,-191.518,-141.286,-144.482,91.2486,0.000192173,19.8988
1999.45,-258.98,-195.393,-196.923,187.792,0.000192173,19.8986
1999.43,-344.651,-267.663,-264.897,313.894,0.000192173,19.8985
1999.4,-505.914,-415.494,-397.565,569.126,0.000192172,19.8982
1999.35,-659.3,-572.391,-530.613,824.925,0.000192172,19.8977
1999.31,-793.003,-724.431,-653.369,1061,0.000192171,19.8973
1999.43,-237.646,11.9272,208.739,103.77,0.000192173,19.8984
1999.41,-324.267,12.1805,284.676,213.576,0.000192172,19.8983
1999.39,-436.288,9.34312,382.913,357.018,0.000192172,19.8981
1999.28,-654.622,-6.47261,574.82,647.451,0.000192171,19.897
1999.25,-872.338,-36.0276,767.491,938.777,0.000192171,19.8967
1999.21,-1071.46,-75.3715,945.493,1207.88,0.00019217,19.8964
1999.85,-181.447,257.27,671.028,9.623,0.000192177,19.9024
1999.84,-199.242,278.336,729.73,41.7567,0.000192177,19.9023
1999.81,-262.434,348.64,930.979,253.894,0.000192177,19.9021
1999.8,-277.1,364.036,976.243,302.524,0.000192177,19.9019
1999.63,-237.427,15.0685,-22.4277,78.3629,0.000192175,19.9003
1999.62,-324.007,17.5441,-30.5845,161.266,0.000192175,19.9002
1999.6,-435.965,18.36,-41.1327,269.535,0.000192175,19.9001
1999.57,-654.515,12.1937,-61.7337,488.614,0.000192174,19.8998
1999.55,-873.083,-4.28243,-82.3954,708.057,0.000192174,19.8995
1999.52,-1073.72,-28.5932,-101.445,910.427,0.000192174,19.8993
1998.46,75.9924,225.539,-73.1766,81.6144,0.000192161,19.8892
1998.45,100.646,308.404,-99.7328,167.961,0.000192161,19.8891
1998.43,130.195,416.428,-134.13,280.729,0.000192161,19.889
1998.4,180.064,629.431,-201.307,508.923,0.000192161,19.8887
1998.37,219.509,844.998,-268.57,737.52,0.00019216,19.8884
1998.3,246.498,1045.47,-330.625,948.358,0.00019216,19.8877
1999.61,13.1564,237.549,20.025,78.2908,0.000192175,19.9001
1999.6,14.9428,324.15,27.2784,161.118,0.000192175,19.9
1999.58,14.8607,436.115,36.6523,269.286,0.000192174,19.8999
1999.55,6.92945,654.608,54.963,488.163,0.000192174,19.8995
1999.51,-11.3017,873.004,73.3326,707.404,0.000192174,19.8992
1999.49,-37.1911,1073.47,90.272,909.583,0.000192173,19.899
1999.27,-160.561,175.647,90.1096,83.4176,0.000192171,19.8969
1999.25,-221.31,237.32,122.856,171.67,0.000192171,19.8967
1999.23,-301.69,315.304,165.221,286.929,0.00019217,19.8965
1999.2,-464.286,461.548,247.937,520.175,0.00019217,19.8962
1999.14,-634.382,599.781,330.831,753.857,0.000192169,19.8957
1999.11,-797.365,719.68,407.35,969.416,0.000192169,19.8954
1999.57,-150.676,184.212,144.83,91.3222,0.000192174,19.8998
1999.56,-208.107,248.974,197.482,187.944,0.000192174,19.8996
1999.54,-284.466,330.898,265.623,314.155,0.000192174,19.8995
1999.51,-440.12,484.619,398.769,569.635,0.000192174,19.8992
1999.46,-604.457,630.003,532.36,825.718,0.000192173,19.8987
1999.43,-763.004,755.982,655.676,1062.07,0.000192173,19.8984
1999.55,-192.236,-140.235,48.423,79.6205,0.000192174,19.8996
1999.54,-260.302,-193.694,66.0505,163.855,0.000192174,19.8995
1999.53,-346.851,-264.764,88.8584,273.863,0.000192174,19.8993
1999.49,-510.711,-409.546,133.375,496.464,0.000192173,19.899
1999.47,-667.87,-562.369,177.985,719.443,0.000192173,19.8988
1999.37,-806.167,-709.79,219.137,925.088,0.000192172,19.8979
1999.58,-233.169,47.508,-46.9676,79.5231,0.000192174,19.8998
1999.57,-318.538,61.7955,-64.0519,163.655,0.000192174,19.8997
1999.55,-429.377,77.8886,-86.159,273.528,0.000192174,19.8995
1999.52,-646.749,101.475,-129.329,495.863,0.000192174,19.8993
1999.49,-865.458,114.702,-172.604,718.58,0.000192173,19.899
1999.45,-1067.67,117.643,-212.556,923.981,0.000192173,19.8986
1999.55,-214.609,-102.667,-22.7865,78.3762,0.000192174,19.8996
1999.54,-291.382,-142.769,-31.0892,161.294,0.000192174,19.8995
1999.51,-389.493,-196.713,-41.8098,269.579,0.000192173,19.8991
1999.48,-577.219,-308.793,-62.7464,488.692,0.000192173,19.8989
1999.45,-759.93,-429.876,-83.725,708.168,0.000192173,19.8986
1999.42,-923.177,-549.029,-103.059,910.565,0.000192172,19.8983
1999.63,-105.794,-213.178,-97.4621,84.3107,0.000192175,19.9003
1999.62,-141.293,-292.054,-132.885,173.509,0.000192175,19.9002
1999.6,-184.919,-395.263,-178.777,290.008,0.000192175,19.9001
1999.52,-262.322,-599.805,-268.352,525.77,0.000192174,19.8993
1999.49,-329.451,-808.571,-358.192,761.994,0.000192173,19.899
1999.46,-381.924,-1003.91,-441.053,979.91,0.000192173,19.8988
1998.78,202.758,124.534,-77.325,82.0297,0.000192165,19.8922
1998.77,274.805,172.458,-105.423,168.814,0.000192165,19.8922
1998.75,366.627,236.54,-141.786,282.155,0.000192165,19.892
1998.72,541.247,368.322,-212.847,511.521,0.000192164,19.8917
1998.69,709.476,508.775,-284.07,741.315,0.000192164,19.8914
1998.65,858.418,645.601,-349.804,953.273,0.000192164,19.891
1999.56,193.58,-138.436,158.09,93.7136,0.000192174,19.8996
1999.54,266.03,-185.776,215.67,192.871,0.000192174,19.8995
1999.53,361.298,-244.626,290.172,322.387,0.000192174,19.8993
1999.49,552.234,-351.645,435.821,584.564,0.000192173,19.899
1999.41,749.347,-447.974,581.776,847.348,0.000192172,19.8983
1999.39,935.949,-526.959,716.569,1089.9,0.000192172,19.898
1999.88,-221.125,-165.226,536.103,14.326,0.000192178,19.9027
1999.87,-257.728,-197.167,630.404,104.625,0.000192178,19.9026
1999.83,-339.501,-274.136,848.37,340.707,0.000192177,19.9022
1999.81,-388.363,-324.228,984.157,492.127,0.000192177,19.902
1999.65,70.4435,227.283,-101.273,84.8077,0.000192175,19.9005
1999.63,92.904,310.862,-138.149,174.534,0.000192175,19.9003
1999.62,119.468,419.695,-185.884,291.721,0.000192175,19.9002
1999.58,163.118,633.999,-279.095,528.888,0.000192174,19.8998
1999.55,195.906,850.836,-372.549,766.51,0.000192174,19.8995
1999.51,216.326,1052.08,-458.768,985.731,0.000192174,19.8992
1999.56,-75.2097,-225.734,85.8345,82.9592,0.000192174,19.8996
1999.55,-99.5334,-308.829,117.124,170.727,0.000192174,19.8995
1999.54,-128.564,-417.024,157.608,285.353,0.000192174,19.8994
1999.5,-177.243,-630.221,236.635,517.318,0.000192173,19.8991
1999.48,-215.349,-846.056,315.85,749.719,0.000192173,19.8989
1999.45,-240.937,-1046.75,388.972,964.091,0.000192173,19.8986
1999.52,-223.852,80.835,162.062,94.391,0.000192174,19.8993
1999.51,-306.321,106.851,220.947,194.266,0.000192173,19.8991
1999.49,-414.031,137.801,297.251,324.715,0.000192173,19.899
1999.45,-626.717,189.165,446.237,588.783,0.000192173,19.8986
1999.41,-842.636,228.527,595.676,853.482,0.000192172,19.8983
1999.36,-1043.69,253.907,733.656,1097.83,0.000192172,19.8977
1999.54,-235.952,-30.8084,-84.3222,82.7765,0.000192174,19.8994
1999.53,-321.251,-45.1435,-114.987,170.353,0.000192174,19.8993
1999.51,-431.287,-66.1881,-154.712,284.731,0.000192174,19.8992
1999.47,-644.474,-115.314,-232.312,516.201,0.000192173,19.8988
1999.44,-855.338,-175.071,-310.041,748.097,0.000192173,19.8985
1999.41,-1047.04,-239.444,-381.75,961.999,0.000192172,19.8983
1999.49,232.481,50.5718,112.572,86.3212,0.000192173,19.899
1999.48,316.336,72.2392,153.563,177.647,0.000192173,19.8989
1999.47,424.04,102.794,206.576,296.935,0.000192173,19.8988
1999.43,632.046,170.705,310.201,538.359,0.000192173,19.8985
1999.4,836.662,249.43,414.014,780.262,0.000192172,19.8981
1999.36,1021.72,331.441,509.868,1003.45,0.000192172,19.8978
1999.6,202.151,125.529,-104.349,85.1886,0.000192175,19.9
1999.59,273.892,173.98,-142.303,175.32,0.000192174,19.8999
1999.57,365.237,238.804,-191.419,293.038,0.000192174,19.8998
1999.54,538.578,372.169,-287.325,531.275,0.000192174,19.8995
1999.51,705.333,514.609,-383.517,769.988,0.000192174,19.8992
1999.48,852.495,653.409,-472.251,990.217,0.000192173,19.8989
1999.94,-206.515,-118.275,303.909,94.9259,0.000192179,19.9033
1999.93,-279.12,-165.469,414.453,228.867,0.000192178,19.9031
1999.91,-370.949,-229.77,557.567,403.901,0.000192178,19.903
1999.87,-543.058,-365.646,837.529,758.568,0.000192178,19.9026
1999.84,-668.542,-479.239,1053.65,1031.98,0.000192177,19.9023
1999.87,259.023,-37.7936,-491.084,12.8768,0.000192178,19.9026
1999.85,321.696,-42.2641,-608.84,129.973,0.000192177,19.9024
1999.82,433.987,-45.7938,-819.414,359.627,0.000192177,19.9022
1999.8,523.96,-44.4829,-988.044,549.598,0.000192177,19.9019
1999.94,75.7532,-225.554,268.163,102.866,0.000192178,19.9032
1999.92,107.581,-306.12,365.758,227.275,0.000192178,19.9031
1999.9,152.092,-409.035,492.103,389.834,0.000192178,19.9029
1999.86,249.679,-605.194,739.023,719.148,0.000192178,19.9025
1999.8,361.345,-794.777,986.991,1049.7,0.000192177,19.902
1999.79,407.107,-864.461,1080.93,1174.25,0.000192177,19.9018
1999.93,165.529,113.886,305.481,3.56032,0.000192178,19.9032
1999.92,195.074,136.293,361.835,56.8228,0.000192178,19.9031
1999.87,262.811,190.285,493.482,207.137,0.000192178,19.9026
1999.73,347.771,263.562,664.001,403.617,0.000192176,19.9013
1999.68,504.371,417.386,997.812,802.106,0.000192175,19.9008
1999.67,513.751,427.477,1018.76,825.912,0.000192175,19.9007
1999.6,141.177,-191.572,29.5234,78.6168,0.000192175,19.9001
1999.59,194.888,-259.38,40.2631,161.789,0.000192174,19.8999
1999.56,266.319,-345.707,54.1698,270.407,0.000192174,19.8997
1999.54,411.614,-509.084,81.3061,490.195,0.000192174,19.8994
1999.23,564.781,-665.742,108.508,710.353,0.00019217,19.8965
1999.2,712.58,-803.747,133.626,913.387,0.00019217,19.8962
1999.62,75.0493,225.763,-20.8381,78.3135,0.000192175,19.9002
1999.61,99.4849,308.863,-28.3879,161.165,0.000192175,19.9001
1999.59,128.776,416.929,-38.1477,269.366,0.000192175,19.9
1999.54,178.45,629.848,-57.2181,488.307,0.000192174,19.8995
1999.51,218.157,845.411,-76.3448,707.613,0.000192174,19.8992
1999.49,245.745,1045.62,-93.972,909.854,0.000192173,19.899
1999.51,-217.428,-96.7563,149.405,92.1342,0.000192174,19.8992
1999.5,-294.966,-135.16,203.741,189.615,0.000192173,19.8991
1999.48,-394.092,-187.393,274.108,316.942,0.000192173,19.8989
1999.44,-583.223,-297.371,411.527,574.676,0.000192173,19.8986
1999.4,-766.527,-418.013,549.339,832.992,0.000192172,19.8982
1999.35,-929.504,-538.198,676.501,1071.4,0.000192172,19.8976
1999.94,150.9,-90.6721,209.855,9.80467,0.000192179,19.9033
1999.94,205.209,-120.454,283.672,100.869,0.000192178,19.9032
1999.91,282.17,-160.224,386.911,229.355,0.000192178,19.903
1999.89,383.372,-208.368,520.472,397.242,0.000192178,19.9028
1999.85,586.208,-291.497,781.721,737.354,0.000192177,19.9024
1999.79,795.471,-359.892,1044.06,1078.8,0.000192177,19.9019
1999.79,812.528,-364.73,1065.18,1105.33,0.000192177,19.9018
1998.8,815.711,-365.626,1069.13,1107.86,0.000192165,19.8924
1999.95,-67.8171,-228.072,234.106,109.446,0.000192179,19.9034
1999.94,-88.4274,-312.214,319.304,225.264,0.000192178,19.9033
1999.92,-111.825,-421.809,429.521,376.572,0.000192178,19.9031
1999.88,-146.853,-637.978,644.919,682.998,0.000192178,19.9027
1999.8,-167.652,-856.82,861.106,990.398,0.000192177,19.9019
1999.75,-174,-1059.96,1060.96,1274.45,0.000192176,19.9015
1999.61,-225.557,-75.9082,65.3918,80.8996,0.000192175,19.9001
1999.58,-306.482,-106.432,89.1086,166.488,0.000192174,19.8999
1999.55,-410.434,-148.28,119.836,278.265,0.000192174,19.8996
1999.52,-610.112,-237.329,179.778,504.453,0.000192174,19.8993
1994.65,-805.739,-336.238,239.866,731.041,0.000192118,19.8532
1994.63,-981.67,-435.935,295.121,939.996,0.000192117,19.8529
1999.91,-236.55,9.21965,-401.174,16.7347,0.000192178,19.903
1999.9,-324.429,6.64182,-550.092,179.297,0.000192178,19.9028
1999.87,-436.377,-1.35314,-740.167,391.795,0.000192178,19.9026
1999.83,-590.565,-21.1202,-1003.38,696.39,0.000192177,19.9022
1999.6,107.009,212.494,79.7127,82.2919,0.000192175,19.9
1999.59,143.078,291.241,108.761,169.353,0.000192174,19.8999
1999.58,187.414,394.051,146.305,283.055,0.000192174,19.8998
1999.54,266.463,597.941,219.64,513.147,0.000192174,19.8995
1999.51,335.559,806.024,293.173,743.66,0.000192174,19.8992
1999.48,390.135,1000.72,361.006,956.285,0.000192173,19.8989
1999.34,237.858,6.13331,78.0961,82.1189,0.000192172,19.8976
1999.33,324.218,11.5169,106.514,168.999,0.000192171,19.8974
1999.31,435.88,20.992,143.32,282.465,0.000192171,19.8973
1999.28,652.933,47.5771,215.155,512.082,0.000192171,19.897
1999.26,868.887,84.9099,287.155,742.122,0.000192171,19.8968
1999.23,1066.37,128.779,353.617,954.306,0.00019217,19.8966
1999.54,-219.172,92.6359,151.631,92.5143,0.000192174,19.8995
1999.53,-300.235,123.087,206.802,190.397,0.000192174,19.8994
1999.51,-406.066,159.828,278.174,318.245,0.000192174,19.8992
1999.48,-615.569,222.862,417.561,577.028,0.000192173,19.8989
1999.45,-828.901,274.304,557.31,836.378,0.000192173,19.8986
1999.34,-1028.02,311.187,686.243,1075.74,0.000192172,19.8976
1999.59,-15.044,-237.488,31.0429,78.6807,0.000192174,19.8999
1999.58,-17.483,-323.954,42.3372,161.92,0.000192174,19.8998
1999.56,-18.2487,-435.997,56.9701,270.628,0.000192174,19.8997
1999.51,-11.9711,-654.546,85.5269,490.595,0.000192174,19.8992
1999.48,4.6467,-873.009,114.148,710.932,0.000192173,19.8989
1999.46,29.098,-1073.73,140.545,914.123,0.000192173,19.8987
1999.43,6.38251,237.877,-115.574,86.7249,0.000192173,19.8984
1999.41,5.39504,324.37,-157.561,178.482,0.000192172,19.8982
1999.4,1.47645,436.327,-211.944,298.324,0.000192172,19.8981
1999.36,-14.771,654.533,-318.177,540.873,0.000192172,19.8978
1999.33,-42.4146,872.026,-424.63,783.92,0.000192172,19.8975
1999.31,-77.966,1071.24,-522.901,1008.17,0.000192171,19.8972
1998.48,-9.35971,-237.789,56.7198,80.2177,0.000192162,19.8894
1998.46,-9.66504,-324.311,77.407,165.085,0.000192161,19.8893
1998.45,-7.6203,-436.259,104.177,275.919,0.000192161,19.8891
1998.42,4.34121,-654.686,156.485,500.201,0.000192161,19.8889
1998.39,26.8735,-872.65,208.898,724.879,0.000192161,19.8886
1998.36,56.9618,-1072.56,257.254,932.097,0.00019216,19.8883
1999.46,-211.145,-109.663,156.918,93.5102,0.000192173,19.8987
1999.45,-286.229,-152.721,214.084,192.445,0.000192173,19.8986
1999.43,-381.996,-210.932,288.097,321.667,0.000192173,19.8984
1999.4,-563.971,-332.413,432.607,583.245,0.000192172,19.8981
1999.35,-739.372,-464.328,577.534,845.429,0.000192172,19.8977
1999.31,-894.488,-594.7,711.321,1087.42,0.000192171,19.8973
1999.93,200.237,128.622,-224.704,107.312,0.000192178,19.9032
1999.91,270.754,178.823,-306.432,220.872,0.000192178,19.9029
1999.88,360.111,246.458,-412.252,369.231,0.000192178,19.9027
1999.84,528.057,386.949,-619.039,669.675,0.000192177,19.9023
1999.81,687.18,538.536,-826.606,971.068,0.000192177,19.902
1999.77,825.248,687.471,-1018.41,1249.53,0.000192177,19.9017
1999.55,0.985449,237.977,-144.973,91.3883,0.000192174,19.8996
1999.54,-2.26235,324.477,-197.757,188.081,0.000192174,19.8995
1999.52,-9.24908,436.274,-266.058,314.371,0.000192174,19.8993
1999.49,-31.9351,653.889,-399.487,570.005,0.000192173,19.899
1999.46,-66.631,870.527,-533.3,826.225,0.000192173,19.8987
1999.43,-109.19,1068.57,-656.85,1062.69,0.000192173,19.8984
1999.32,115.657,208.006,-41.7041,79.2084,0.000192171,19.8974
1999.31,154.976,285.025,-56.8591,163.006,0.000192171,19.8973
1999.3,203.747,385.869,-76.4895,272.443,0.000192171,19.8972
1999.27,291.81,585.998,-114.81,493.89,0.000192171,19.8969
1999.24,370.473,790.601,-153.219,715.711,0.00019217,19.8966
1999.21,434.311,982.382,-188.64,920.281,0.00019217,19.8964
1999.55,28.368,-236.236,61.0943,80.5418,0.000192174,19.8996
1999.54,41.7317,-321.802,83.3,165.752,0.000192174,19.8995
1999.53,61.427,-432.005,112.013,277.036,0.000192174,19.8994
1999.5,107.719,-645.705,168.101,502.23,0.000192173,19.8991
1999.46,164.449,-857.461,224.325,727.817,0.000192173,19.8988
1999.44,225.791,-1050.09,276.174,935.877,0.000192173,19.8985
1999.59,217.862,95.6929,68.49,81.1982,0.000192174,19.8999
1999.57,295.834,133.305,93.4609,167.103,0.000192174,19.8998
1999.56,395.548,184.151,125.748,279.295,0.000192174,19.8996
1999.53,586.626,290.637,188.841,506.326,0.000192174,19.8993
1999.47,772.684,406.555,252.035,733.751,0.000192173,19.8988
1999.44,939.082,521.436,310.324,943.518,0.000192173,19.8985
1999.53,-215.001,-101.886,-38.4313,79.0343,0.000192174,19.8993
1999.52,-291.88,-141.712,-52.4434,162.648,0.000192174,19.8992
1999.5,-390.223,-195.367,-70.5737,271.844,0.000192173,19.8991
1999.48,-578.29,-306.884,-105.957,492.802,0.000192173,19.8989
1999.44,-761.24,-427.448,-141.4,714.132,0.000192173,19.8985
1999.41,-924.831,-546.328,-174.095,918.246,0.000192172,19.8982
1999.95,218.836,93.4355,223.035,106.946,0.000192179,19.9034
1999.94,296.747,131.191,304.173,220.112,0.000192178,19.9032
1999.92,396.144,182.986,409.215,367.948,0.000192178,19.9031
1999.11,585.271,293.437,614.644,667.414,0.000192169,19.8954
1999.04,767.46,416.193,820.753,967.849,0.000192168,19.8948
1999.01,928.571,539.935,1011.34,1245.42,0.000192168,19.8945
1999.46,161.623,-174.639,177.088,97.2778,0.000192173,19.8987
1999.45,223.105,-235.573,241.532,200.203,0.000192173,19.8986
1999.43,304.767,-312.333,324.97,334.646,0.000192173,19.8985
1999.4,470.658,-455.057,487.882,606.803,0.000192172,19.8982
1999.37,645.169,-588.269,651.302,879.648,0.000192172,19.8978
1999.28,812.991,-702.023,802.211,1131.56,0.000192171,19.897
1999.91,-61.1723,-252.656,491.077,9.08542,0.000192178,19.9029
1999.89,-71.6792,-316.459,613.144,126.853,0.000192178,19.9028
1999.86,-85.451,-427.934,825.23,357.84,0.000192178,19.9025
1999.84,-92.1441,-513.886,988.056,540.866,0.000192177,19.9023
1999.94,60.4403,230.162,229.348,108.36,0.000192179,19.9033
1999.93,78.3853,314.879,312.791,223.027,0.000192178,19.9031
1999.91,98.3579,425.115,420.739,372.828,0.000192178,19.903
1999.86,126.751,642.312,631.826,676.194,0.000192178,19.9025
1999.83,140.992,861.648,843.613,980.51,0.000192177,19.9022
1999.8,141.4,1064.77,1039.3,1261.68,0.000192177,19.9019
1999.56,227.071,-71.0045,94.2947,83.9351,0.000192174,19.8996
1999.54,310.758,-93.4294,128.624,172.733,0.000192174,19.8995
1999.53,419.561,-119.945,172.998,288.704,0.000192174,19.8994
1999.49,633.869,-163.629,259.684,523.406,0.000192173,19.899
1999.45,850.693,-196.54,346.62,758.56,0.000192173,19.8986
1999.42,1051.91,-217.191,426.764,975.469,0.000192172,19.8983
1999.93,177.604,158.402,-228.641,108.204,0.000192178,19.9031
1999.9,239.341,219.035,-311.759,222.698,0.000192178,19.9029
1999.88,316.978,299.907,-419.444,372.274,0.000192178,19.9027
1999.84,460.658,465.146,-629.85,675.218,0.000192177,19.9023
1999.81,593.789,640.034,-841.079,979.148,0.000192177,19.902
1999.76,706.506,809.098,-1036.29,1259.93,0.000192176,19.9016
1999.47,-212.661,106.796,-150.42,92.2728,0.000192173,19.8988
1999.46,-291.521,142.393,-205.038,189.899,0.000192173,19.8987
1999.44,-394.763,185.913,-275.766,317.413,0.000192173,19.8986
1999.41,-599.749,262.384,-413.893,575.526,0.000192172,19.8982
1999.37,-809.282,327.58,-552.452,834.243,0.000192172,19.8979
1999.34,-1005.66,377.356,-680.409,1073.05,0.000192172,19.8975
1999.56,184.642,-150.106,-32.1557,78.7216,0.000192174,19.8997
1999.55,253.6,-202.323,-43.8052,162.004,0.000192174,19.8995
1999.54,344.352,-268.03,-58.8991,270.769,0.000192174,19.8994
1999.51,525.885,-389.836,-88.3569,490.854,0.000192173,19.8991
1999.47,713.487,-503.248,-117.887,711.307,0.000192173,19.8988
1999.44,891.018,-599.847,-145.11,914.609,0.000192173,19.8985
1999.56,236.963,-21.9374,28.6572,78.5848,0.000192174,19.8997
1999.53,323.329,-26.861,39.0976,161.723,0.000192174,19.8993
1999.51,435.21,-30.8384,52.611,270.299,0.000192174,19.8992
1999.49,653.951,-30.8125,79.0137,490.001,0.000192173,19.899
1999.46,872.81,-20.4382,105.454,710.07,0.000192173,19.8987
1999.42,1074.15,-1.70807,129.859,913.018,0.000192172,19.8983
1999.62,63.7822,229.232,117.201,86.9262,0.000192175,19.9002
1999.6,83.8127,313.461,159.736,178.896,0.000192175,19.9001
1999.59,107.153,423.017,214.782,299.02,0.000192174,19.8999
1999.56,144.27,638.563,322.273,542.137,0.000192174,19.8997
1999.53,170.154,856.309,430.029,785.747,0.000192174,19.8993
1999.48,183.895,1058.26,529.501,1010.52,0.000192173,19.8989
1999.95,-229.418,-63.2378,-276.015,104.56,0.000192179,19.9034
1999.94,-311.53,-90.6413,-376.373,231.005,0.000192178,19.9032
1999.89,-416.685,-129.582,-506.362,396.211,0.000192178,19.9027
1999.73,-617.802,-216.718,-760.49,730.9,0.000192176,19.9012
1999.68,-812.935,-318.483,-1015.71,1066.93,0.000192176,19.9008
1999.67,-855.739,-343.269,-1073.07,1141.63,0.000192175,19.9007
1999.95,118.805,-206.196,-322.797,82.2114,0.000192179,19.9033
1999.92,166.352,-278.581,-440.289,221.437,0.000192178,19.9031
1999.89,231.246,-370.075,-592.407,403.33,0.000192178,19.9028
1999.86,368.607,-541.093,-889.832,771.914,0.000192178,19.9025
1999.83,442.214,-622.347,-1038.46,955.503,0.000192177,19.9022
1999.95,-111.835,132.827,-209.803,6.17233,0.000192179,19.9034
1999.94,-155.255,180.386,-287.607,97.9759,0.000192179,19.9033
1999.92,-215.194,242.805,-392.143,227.495,0.000192178,19.9031
1999.87,-295.526,321.089,-527.634,396.73,0.000192178,19.9026
1999.83,-460.718,465.104,-792.437,739.638,0.000192177,19.9022
1999.79,-636.913,597.204,-1058.54,1083.96,0.000192177,19.9018
1999.79,-641.409,600.317,-1065.15,1091.54,0.000192177,19.9018
1998.99,-44.691,233.705,182.188,98.1882,0.000192167,19.8942
1998.98,-64.7503,317.959,248.346,202.083,0.000192167,19.8941
1998.96,-93.6062,426.222,333.928,337.791,0.000192167,19.894
1998.81,-159.34,634.962,501.096,612.529,0.000192165,19.8925
1998.76,-237.594,840.14,668.778,887.956,0.000192165,19.8921
1998.73,-320.504,1025.2,823.614,1142.26,0.000192165,19.8918
1999.55,-131.794,198.117,-175.831,97.0157,0.000192174,19.8995
1999.53,-182.745,268.062,-239.773,199.665,0.000192174,19.8994
1999.52,-251.099,356.87,-322.584,333.749,0.000192174,19.8992
1999.48,-392.075,524.242,-484.297,605.19,0.000192173,19.8989
1999.44,-543.043,683.63,-646.53,877.325,0.000192173,19.8985
1999.41,-690.502,822.756,-796.344,1128.57,0.000192172,19.8982
1999.89,180.696,-120.6,337.405,15.7203,0.000192178,19.9028
1999.89,198.486,-131.304,369.639,51.7679,0.000192178,19.9028
1999.87,273.635,-174.38,504.137,204.371,0.000192178,19.9026
1999.83,373.087,-226.314,678.359,403.851,0.000192177,19.9022
1999.77,571.16,-313.876,1014.81,802.904,0.000192177,19.9016
1999.43,-178.261,157.59,99.5905,84.5792,0.000192173,19.8984
1999.42,-245.302,212.409,135.832,174.063,0.000192172,19.8983
1999.41,-333.575,281.258,182.678,290.93,0.000192172,19.8982
1999.38,-511.128,409.114,274.245,527.444,0.000192172,19.8979
1999.35,-695.299,528.001,366.009,764.427,0.000192172,19.8976
1999.32,-870.482,629.317,450.727,983.049,0.000192171,19.8974
1999.61,-168.639,167.91,-145.605,91.4083,0.000192175,19.9001
1999.59,-232.385,226.463,-198.437,188.122,0.000192174,19.8999
1999.57,-316.724,300.147,-266.78,314.435,0.000192174,19.8997
1999.54,-487.313,437.114,-400.295,570.112,0.000192174,19.8994
1999.5,-665.678,564.912,-534.215,826.368,0.000192173,19.8991
1999.47,-836.321,674.043,-657.839,1062.86,0.000192173,19.8988
1999.63,-31.182,-235.945,113.247,86.4227,0.000192175,19.9003
1999.61,-39.2286,-322.083,154.46,177.857,0.000192175,19.9002
1999.6,-47.0216,-433.852,207.833,297.275,0.000192175,19.9
1999.56,-53.6531,-652.428,312.034,538.972,0.000192174,19.8996
1999.52,-48.9517,-871.658,416.521,781.155,0.000192174,19.8993
1999.49,-34.5169,-1073.56,512.971,1004.6,0.000192173,19.899
1999.52,228.695,65.8256,56.2816,80.158,0.000192174,19.8993
1999.51,310.943,92.6935,76.6772,164.96,0.000192174,19.8992
1999.5,416.595,129.771,103.074,275.71,0.000192173,19.899
1999.47,620.235,209.665,154.647,499.82,0.000192173,19.8988
1999.44,820.124,299.418,206.291,724.316,0.000192173,19.8985
1999.41,1000.52,390.648,253.918,931.357,0.000192172,19.8982
1999.96,-90.0606,-137.795,177.923,6.86151,0.000192179,19.9035
1999.95,-127.87,-200.678,257.235,107.414,0.000192179,19.9033
1999.93,-170.604,-275.976,350.815,229.015,0.000192178,19.9032
1999.91,-222.848,-375.139,471.97,387.895,0.000192178,19.903
1999.87,-314.736,-574.069,708.863,709.717,0.000192178,19.9026
1999.82,-392.94,-779.656,946.67,1032.71,0.000192177,19.9021
1999.79,-433.801,-908.226,1092.51,1230.37,0.000192177,19.9019
1999.52,-145.182,-188.527,77.0865,82.0161,0.000192174,19.8992
1999.5,-195.465,-258.949,105.134,168.785,0.000192173,19.8991
1999.49,-258.498,-351.494,141.439,282.108,0.000192173,19.899
1999.45,-374.851,-536.752,212.365,511.431,0.000192173,19.8986
1999.43,-482.127,-727.852,283.403,741.167,0.000192173,19.8984
1999.4,-572.68,-908.749,348.979,953.073,0.000192172,19.8981
1999.97,-94.9838,-130.755,177.895,2.49827,0.000192179,19.9035
1999.95,-137.451,-194.221,262.006,104.087,0.000192179,19.9034
1999.93,-183.723,-267.415,357.378,226.941,0.000192178,19.9032
1999.91,-240.608,-364.026,480.854,387.453,0.000192178,19.9029
1999.85,-341.711,-558.453,722.262,712.609,0.000192177,19.9024
1999.8,-429.323,-760.245,964.62,1038.97,0.000192177,19.9019
1999.74,-467.485,-862.519,1084.9,1200.37,0.000192176,19.9014
1998.64,-213.415,-105.266,-200.118,101.961,0.000192164,19.8909
1998.62,-289.214,-147.016,-272.902,209.845,0.000192163,19.8908
1998.61,-385.817,-203.779,-367.139,350.774,0.000192163,19.8906
1998.56,-569.278,-323.319,-551.35,636.13,0.000192163,19.8902
1998.53,-745.624,-454.265,-736.101,922.272,0.000192162,19.8899
1998.48,-901.089,-584.644,-906.752,1186.54,0.000192162,19.8895
1999.93,-147.573,-185.035,-401.156,16.6548,0.000192178,19.9031
1999.91,-197.602,-257.389,-550.211,179.259,0.000192178,19.9029
1999.88,-257.502,-352.297,-740.364,391.826,0.000192178,19.9027
1999.84,-332.893,-488.046,-1003.45,696.128,0.000192177,19.9024
1999.63,-173.416,162.986,89.3176,83.3057,0.000192175,19.9003
1999.62,-238.531,219.882,121.688,171.442,0.000192175,19.9002
1999.6,-324.526,291.641,163.628,286.553,0.000192175,19.9
1999.57,-497.678,425.365,245.538,519.498,0.000192174,19.8998
1999.55,-677.63,550.487,327.594,752.88,0.000192174,19.8995
1999.51,-849.118,657.86,403.344,968.164,0.000192174,19.8992
1999.38,171.83,164.581,92.9087,83.7571,0.000192172,19.8979
1999.37,232.048,226.741,126.695,172.368,0.000192172,19.8978
1999.35,308.112,308.929,170.408,288.095,0.000192172,19.8977
1999.32,450.52,475.026,255.754,522.272,0.000192171,19.8974
1999.29,584.648,648.384,341.218,756.879,0.000192171,19.8971
1999.26,700.576,814.229,420.115,973.299,0.000192171,19.8968
1999.53,119.053,-206.055,-125.648,88.2158,0.000192174,19.8994
1999.52,165.279,-279.23,-171.297,181.542,0.000192174,19.8993
1999.5,227.361,-372.473,-230.375,303.433,0.000192173,19.8991
1999.47,355.776,-549.551,-345.75,550.139,0.000192173,19.8988
1999.42,493.772,-720.031,-461.452,797.373,0.000192173,19.8984
1999.39,628.988,-870.661,-568.23,1025.5,0.000192172,19.8981
1999.92,52.9619,213.09,-369.238,2.18722,0.000192178,19.903
1999.91,56.5089,231.145,-400.167,21.2813,0.000192178,19.903
1999.89,71.3361,316.533,-545.864,182.935,0.000192178,19.9028
1999.86,85.9319,427.845,-734.63,394.298,0.000192178,19.9025
1999.83,97.6823,587.258,-1003.37,705.928,0.000192177,19.9022
1999.6,-8.74619,237.822,114.201,86.5482,0.000192175,19.9
1999.59,-15.2361,324.085,155.737,178.117,0.000192174,19.8999
1999.55,-26.2607,435.53,209.509,297.711,0.000192174,19.8995
1999.52,-56.3082,652.221,314.547,539.749,0.000192174,19.8993
1999.49,-97.6526,867.618,419.849,782.273,0.000192173,19.899
1999.44,-145.639,1064.17,516.968,1006.02,0.000192173,19.8985
1999.42,-23.7988,-236.758,-185.345,98.8801,0.000192172,19.8983
1999.4,-28.7024,-323.197,-252.73,203.499,0.000192172,19.8981
1999.37,-32.0371,-435.156,-339.907,340.155,0.000192172,19.8979
1999.33,-28.7345,-654.065,-510.323,616.824,0.000192171,19.8974
1999.29,-12.3694,-872.999,-681.205,894.223,0.000192171,19.8971
1999.26,14.2892,-1073.99,-838.994,1150.35,0.000192171,19.8968
1999.93,-223.024,-72.6425,-401.118,12.5992,0.000192178,19.9031
1999.91,-306.528,-106.363,-555.018,176.243,0.000192178,19.9029
1999.88,-408.723,-152.82,-746.851,390.175,0.000192178,19.9027
1999.85,-541.755,-222.474,-1003.44,686.258,0.000192177,19.9024
1999.9,-56.6427,-254.681,491.083,11.0777,0.000192178,19.9029
1999.89,-65.8656,-317.7,610.923,128.536,0.000192178,19.9028
1999.86,-77.6666,-429.421,822.305,358.879,0.000192178,19.9025
1999.83,-82.9244,-517.377,988.087,545.389,0.000192177,19.9022
1999.56,189.783,-143.581,-108.822,85.7924,0.000192174,19.8997
1999.54,260.755,-193.105,-148.39,176.557,0.000192174,19.8995
1999.52,354.055,-255.03,-199.589,295.101,0.000192174,19.8993
1999.49,540.927,-368.848,-299.638,535.015,0.000192173,19.899
1999.46,733.785,-473.094,-399.871,775.403,0.000192173,19.8987
1999.42,916.312,-560.346,-492.379,997.187,0.000192172,19.8983
1999.25,133.881,196.683,161.058,94.3099,0.000192171,19.8968
1999.24,179.548,270.268,219.854,194.094,0.00019217,19.8967
1999.22,236.159,366.952,295.904,324.421,0.00019217,19.8964
1999.16,338.55,560.323,444.453,588.25,0.00019217,19.8959
1999.13,430.093,759.806,593.502,852.738,0.000192169,19.8956
1999.1,504.405,948.261,731.07,1096.88,0.000192169,19.8953
1999.65,222.584,84.131,-47.9284,79.5788,0.000192175,19.9005
1999.64,302.423,117.556,-65.333,163.77,0.000192175,19.9004
1999.62,404.781,163.038,-87.8493,273.72,0.000192175,19.9002
1999.58,601.25,258.966,-131.801,496.207,0.000192174,19.8998
1999.55,793.419,364.431,-175.858,719.072,0.000192174,19.8995
1999.51,965.974,469.703,-216.508,924.613,0.000192174,19.8992
1999.79,-196.39,-313.08,-847.144,12.5445,0.000192177,19.9018
1999.78,-207.648,-336.119,-905.871,44.0718,0.000192177,19.9017
1999.77,-219.283,-360.82,-968.402,98.7229,0.000192177,19.9017
1999.52,-6.30924,237.834,18.5357,78.2543,0.000192174,19.8993
1999.51,-11.6086,324.276,25.2874,161.043,0.000192174,19.8992
1999.49,-20.8417,435.879,34.0169,269.161,0.000192173,19.899
1999.46,-46.6012,652.992,51.0554,487.935,0.000192173,19.8987
1999.42,-82.6075,869.102,68.1234,707.072,0.000192173,19.8984
1999.39,-124.817,1066.85,83.8751,909.156,0.000192172,19.8981
1999.59,50.7235,232.448,38.0512,79.0267,0.000192175,19.9
1999.58,66.2237,317.634,52.023,162.633,0.000192174,19.8999
1999.57,83.9041,428.257,70.0939,271.819,0.000192174,19.8997
1999.45,110.644,645.258,105.343,492.753,0.000192173,19.8986
1999.43,127.087,863.742,140.651,714.06,0.000192173,19.8984
1999.39,133.073,1065.87,173.24,918.152,0.000192172,19.8981
1999.6,150.162,-184.59,47.7062,79.5668,0.000192175,19.9001
1999.59,207.081,-249.796,65.0419,163.744,0.000192174,19.9
1999.58,282.543,-332.554,87.4697,273.677,0.000192174,19.8998
1999.55,435.597,-488.697,131.241,496.126,0.000192174,19.8995
1999.52,596.369,-637.709,175.11,718.956,0.000192174,19.8993
1999.49,750.78,-768.156,215.554,924.46,0.000192173,19.8989
1999.53,-237.99,0.910768,88.711,83.2646,0.000192174,19.8994
1999.51,-324.415,-2.04315,120.938,171.356,0.000192174,19.8992
1999.5,-436.245,-8.40901,162.676,286.403,0.000192173,19.8991
1999.47,-654.053,-29.0805,244.191,519.22,0.000192173,19.8988
1999.44,-870.951,-60.6696,325.85,752.471,0.000192173,19.8986
1999.42,-1069.45,-99.3973,401.195,967.633,0.000192172,19.8983
1999.92,-57.6338,230.909,-366.452,53.7368,0.000192178,19.903
1999.9,-83.9153,313.415,-499.713,205.383,0.000192178,19.9029
1999.84,-122.082,418.942,-672.439,403.617,0.000192177,19.9023
1999.74,-210.077,620.063,-1010.39,805.577,0.000192176,19.9013
1999.74,-212.479,624.951,-1018.77,814.29,0.000192176,19.9013
1999.05,150.006,-184.763,73.5974,81.6785,0.000192168,19.8948
1999.04,206.976,-249.918,100.41,168.091,0.000192168,19.8947
1999.02,282.552,-332.563,135.104,280.945,0.000192168,19.8946
1998.99,436.005,-488.351,202.851,509.321,0.000192168,19.8943
1998.97,597.257,-636.76,270.747,738.11,0.000192167,19.8941
1998.92,752.41,-766.564,333.43,949.141,0.000192167,19.8936
1999.46,135.175,195.853,-109.216,85.8376,0.000192173,19.8987
1999.44,181.584,268.896,-148.914,176.654,0.000192173,19.8985
1999.42,239.415,364.789,-200.282,295.265,0.000192173,19.8983
1999.38,345.016,556.419,-300.642,535.308,0.000192172,19.898
1999.36,440.8,753.615,-401.205,775.832,0.000192172,19.8977
1999.32,520.106,939.829,-494.052,997.737,0.000192171,19.8974
1999.37,135.325,-195.747,-203.301,102.7,0.000192172,19.8979
1999.36,187.678,-264.707,-277.401,211.372,0.000192172,19.8977
1999.33,257.877,-351.993,-373.276,353.335,0.000192172,19.8975
1999.3,402.905,-516.033,-560.695,640.77,0.000192171,19.8972
1998.92,558.188,-671.3,-748.615,928.995,0.000192167,19.8936
1998.89,709.949,-806.02,-922.287,1195.21,0.000192166,19.8933
1999.61,234.058,42.7252,114.468,86.5621,0.000192175,19.9002
1999.59,318.557,61.5082,156.061,178.143,0.000192174,19.9
1999.58,427.319,88.3851,209.902,297.756,0.000192174,19.8998
1999.53,637.431,149.148,314.996,539.828,0.000192174,19.8994
1999.5,844.672,220.968,420.298,782.355,0.000192173,19.8991
1999.47,1032.29,296.706,517.414,1006.11,0.000192173,19.8988
1999.63,-236.614,-24.939,-93.5276,83.8432,0.000192175,19.9003
1999.62,-322.28,-37.2012,-127.582,172.548,0.000192175,19.9002
1999.6,-432.83,-55.6078,-171.684,288.399,0.000192175,19.9001
1999.58,-647.032,-99.6957,-257.746,522.849,0.000192174,19.8998
1999.54,-859.228,-154.615,-344.002,757.743,0.000192174,19.8995
1999.52,-1052.43,-214.746,-423.639,974.433,0.000192174,19.8993
1999.38,126.267,-201.674,-92.5116,83.7009,0.000192172,19.898
1999.37,174.887,-273.273,-126.13,172.253,0.000192172,19.8979
1999.35,239.894,-364.461,-169.622,287.901,0.000192172,19.8977
1999.32,373.567,-537.659,-254.601,521.945,0.000192171,19.8974
1999.29,516.049,-704.24,-339.742,756.432,0.000192171,19.8971
1999.26,654.838,-851.46,-418.311,972.733,0.000192171,19.8968
1999.95,-176.665,-6.1005,209.796,10.9816,0.000192179,19.9034
1999.94,-237.733,-10.6425,282.487,101.835,0.000192178,19.9032
1999.93,-323.886,-19.1827,385.261,230.03,0.000192178,19.9031
1999.9,-435.057,-33.9267,518.404,397.547,0.000192178,19.9029
1999.85,-650.387,-74.6392,778.641,736.948,0.000192178,19.9025
1999.82,-863.183,-131.203,1040.11,1077.71,0.000192177,19.9021
1999.81,-886.542,-138.44,1069.15,1114.59,0.000192177,19.902
1999.51,-196.124,-134.754,91.2668,83.5646,0.000192174,19.8992
1999.5,-265.624,-186.337,124.475,171.974,0.000192173,19.8991
1999.48,-354.01,-255.112,167.446,287.439,0.000192173,19.8989
1999.46,-521.393,-395.848,251.354,521.105,0.000192173,19.8987
1999.43,-681.947,-545.217,335.491,755.213,0.000192173,19.8984
1999.4,-823.176,-689.958,413.063,971.163,0.000192172,19.8981
1999.63,-222.223,-85.004,-59.7877,80.436,0.000192175,19.9004
1999.61,-301.897,-118.766,-81.4988,165.534,0.000192175,19.9002
1999.58,-404.1,-164.743,-109.614,276.67,0.000192174,19.8999
1999.55,-600.089,-261.653,-164.472,501.563,0.000192174,19.8996
1999.53,-791.676,-368.203,-219.485,726.852,0.000192174,19.8993
1999.5,-963.596,-474.561,-270.221,934.637,0.000192173,19.8991
1999.58,162.079,-174.203,-7.8163,78.0605,0.000192174,19.8998
1999.57,223.212,-235.445,-10.6487,160.644,0.000192174,19.8997
1999.55,303.984,-313.002,-14.3237,268.494,0.000192174,19.8996
1999.53,467.02,-458.825,-21.5055,486.724,0.000192174,19.8993
1999.5,636.977,-597.077,-28.7017,705.313,0.000192173,19.8991
1999.47,799.336,-717.422,-35.349,906.89,0.000192173,19.8988
1999.62,-150.448,-184.397,26.7293,78.51,0.000192175,19.9003
1999.61,-202.743,-253.311,36.4554,161.569,0.000192175,19.9001
1999.58,-268.499,-343.921,49.0451,270.041,0.000192174,19.8999
1999.55,-390.588,-525.419,73.6505,489.534,0.000192174,19.8995
1999.5,-504.174,-712.77,98.3038,709.393,0.000192173,19.8991
1999.47,-601.001,-890.179,121.071,912.152,0.000192173,19.8988
1999.96,170.184,37.2799,-209.835,7.03092,0.000192179,19.9034
1999.95,231.881,53.4056,-286.647,98.6699,0.000192179,19.9033
1999.93,315.094,77.4086,-390.969,227.973,0.000192178,19.9032
1999.91,421.718,112.059,-526.024,396.934,0.000192178,19.9029
1999.85,626.089,191.287,-790.106,739.263,0.000192177,19.9024
1999.79,825.023,285.729,-1055.33,1082.91,0.000192177,19.9019
1999.79,832.261,289.51,-1065.16,1094.67,0.000192177,19.9018
1999.93,-200.465,17.8102,305.511,4.12384,0.000192178,19.9032
1999.93,-237.19,19.3719,361.286,57.3279,0.000192178,19.9031
1999.91,-323.801,20.9875,492.747,207.488,0.000192178,19.903
1999.88,-435.976,18.7493,663.032,403.771,0.000192178,19.9027
1999.83,-654.7,0.257818,996.256,801.761,0.000192177,19.9022
1999.82,-669.404,-1.66407,1018.76,827.489,0.000192177,19.9022
1999.58,177.274,-158.672,87.572,83.1302,0.000192174,19.8999
1999.57,243.881,-213.976,119.415,171.08,0.000192174,19.8998
1999.53,331.688,-283.582,160.628,285.945,0.000192174,19.8993
1999.49,508.024,-412.863,241.077,518.402,0.000192173,19.899
1999.46,691.105,-533.534,321.731,751.286,0.000192173,19.8987
1999.43,865.094,-636.611,396.135,966.111,0.000192173,19.8984
1999.59,50.5435,-232.515,92.1118,83.6627,0.000192174,19.8999
1999.57,72.0268,-316.354,125.621,172.176,0.000192174,19.8998
1999.56,102.289,-424.174,168.979,287.777,0.000192174,19.8996
1999.53,169.349,-632.403,253.702,521.728,0.000192174,19.8993
1999.5,246.907,-837.425,338.625,756.131,0.000192173,19.8991
1999.47,327.51,-1022.91,416.991,972.363,0.000192173,19.8988
1999.64,-211.806,108.393,70.4081,81.373,0.000192175,19.9004
1999.63,-290.275,144.948,96.0551,167.463,0.000192175,19.9003
1999.61,-392.827,189.991,129.238,279.895,0.000192175,19.9001
1999.58,-596.146,270.48,194.022,507.414,0.000192174,19.8999
1999.54,-803.702,341.116,258.967,735.338,0.000192174,19.8995
1999.52,-997.967,397.174,318.853,945.564,0.000192174,19.8993
1999.93,-72.1411,176.071,273.596,1.85405,0.000192178,19.9032
1999.92,-92.1862,219.366,342.182,70.2068,0.000192178,19.9031
1999.9,-130.564,297.061,466.764,214.886,0.000192178,19.9029
1999.88,-183.951,395.709,628.018,403.971,0.000192178,19.9027
1999.83,-300.201,581.825,943.539,787.283,0.000192177,19.9022
1999.82,-334.94,631.442,1030.6,892.151,0.000192177,19.9021
1999.56,237.954,3.07412,-167.706,95.4401,0.000192174,19.8996
1999.54,324.378,7.8417,-228.68,196.424,0.000192174,19.8995
1999.53,435.998,16.9159,-307.566,328.325,0.000192174,19.8993
1999.49,653.202,44.1107,-461.798,595.355,0.000192173,19.899
1999.46,869.005,83.812,-616.402,863.046,0.000192173,19.8987
1999.42,1066.02,131.442,-759.224,1110.17,0.000192173,19.8984
1999.49,121.978,-204.347,135.324,89.7403,0.000192173,19.899
1999.45,169.256,-276.835,184.499,184.685,0.000192173,19.8986
1999.43,232.741,-369.151,248.168,308.698,0.000192173,19.8984
1999.38,363.942,-544.227,372.516,559.709,0.000192172,19.898
1999.35,504.718,-712.397,497.161,811.263,0.000192172,19.8977
1999.32,642.548,-860.692,612.22,1043.4,0.000192171,19.8974
1999.57,-96.0745,-217.656,-106.821,85.519,0.000192174,19.8998
1999.56,-127.997,-298.109,-145.667,175.996,0.000192174,19.8997
1999.55,-166.874,-403.137,-195.921,294.161,0.000192174,19.8995
1999.52,-234.817,-611.12,-294.104,533.302,0.000192174,19.8993
1999.49,-292.114,-822.72,-392.496,772.925,0.000192173,19.899
1999.46,-335.285,-1020.45,-483.355,994.003,0.000192173,19.8987
1999.56,209.191,-113.458,-82.6155,82.5783,0.000192174,19.8997
1999.55,286.698,-151.876,-112.62,169.945,0.000192174,19.8995
1999.53,388.174,-199.37,-151.483,284.048,0.000192174,19.8994
1999.48,589.566,-284.589,-227.31,514.944,0.000192173,19.8989
1999.45,795.424,-359.896,-303.334,746.272,0.000192173,19.8986
1999.42,988.49,-420.248,-373.511,959.659,0.000192172,19.8983
1999.32,81.1736,-223.707,-28.0978,78.5613,0.000192171,19.8974
1999.31,113.46,-303.961,-38.3351,161.675,0.000192171,19.8973
1999.3,157.437,-406.911,-51.5954,270.218,0.000192171,19.8972
1999.27,250.477,-604.871,-77.5176,489.856,0.000192171,19.8969
1999.24,352.907,-798.542,-103.484,709.86,0.00019217,19.8966
1999.21,455.389,-972.737,-127.432,912.746,0.00019217,19.8963
1999.22,-211.522,-109.048,-28.8405,78.5844,0.00019217,19.8965
1999.21,-286.979,-151.348,-39.277,161.721,0.00019217,19.8964
1999.19,-383.441,-208.164,-52.779,270.295,0.00019217,19.8962
1999.16,-567.842,-325.819,-79.1489,489.989,0.00019217,19.8959
1999.14,-746.785,-452.235,-105.557,710.049,0.000192169,19.8957
1999.11,-906.408,-576.204,-129.898,912.985,0.000192169,19.8954
1999.67,-4.39886,-237.957,41.7127,79.2153,0.000192175,19.9007
1999.67,-2.94927,-324.418,56.9178,163.021,0.000192175,19.9007
1999.66,1.33804,-436.354,76.613,272.468,0.000192175,19.9006
1999.62,17.5717,-654.396,115.069,493.939,0.000192175,19.9003
1999.6,44.2608,-871.973,153.649,715.792,0.000192175,19.9
1999.57,78.0159,-1071.26,189.212,920.391,0.000192174,19.8997
1999.65,-67.2474,-228.23,-36.9747,78.9547,0.000192175,19.9005
1999.64,-88.807,-312.088,-50.433,162.484,0.000192175,19.9005
1999.63,-114.343,-421.067,-67.8351,271.572,0.000192175,19.9003
1999.6,-156.589,-635.689,-101.85,492.311,0.000192175,19.9001
1999.57,-188.663,-852.429,-135.922,713.423,0.000192174,19.8997
1999.54,-209.108,-1053.51,-167.351,917.337,0.000192174,19.8995
1999.63,-150.211,184.552,32.8293,78.7484,0.000192175,19.9004
1999.62,-207.16,249.659,44.684,162.06,0.000192175,19.9003
1999.61,-282.714,332.394,60.0395,270.861,0.000192175,19.9001
1999.58,-435.822,488.479,90.0094,491.02,0.000192174,19.8999
1999.55,-596.536,637.539,120.047,711.547,0.000192174,19.8996
1999.53,-750.835,768.091,147.743,914.92,0.000192174,19.8994
1999.92,196.122,-134.742,348.224,69.1652,0.000192178,19.9031
1999.91,270.421,-179.36,474.993,215.551,0.000192178,19.903
1999.88,368.698,-233.457,639.107,406.894,0.000192178,19.9027
1999.83,567.174,-327.01,960.172,794.807,0.000192177,19.9022
1999.81,609.166,-344.28,1026.59,874.116,0.000192177,19.9021
1999.55,-237.112,19.6047,-62.3636,80.6468,0.000192174,19.8995
1999.54,-323.615,23.6587,-85.0401,165.97,0.000192174,19.8994
1999.52,-435.524,26.4472,-114.36,277.402,0.000192174,19.8993
1999.49,-654.265,23.8987,-171.65,502.892,0.000192173,19.899
1999.46,-872.999,10.7205,-229.035,728.78,0.000192173,19.8987
1999.43,-1074.01,-10.834,-281.979,937.12,0.000192173,19.8985
1999.55,-27.0256,236.447,149.325,92.1165,0.000192174,19.8995
1999.53,-40.2823,321.951,203.629,189.578,0.000192174,19.8994
1999.52,-60.2146,432.208,273.938,316.871,0.000192174,19.8992
1999.47,-108.088,645.681,411.191,574.51,0.000192173,19.8988
1999.43,-167.865,856.814,548.847,832.736,0.000192173,19.8984
1999.4,-233.316,1048.43,675.884,1071.07,0.000192172,19.8981
1999.57,225.468,-76.0901,-103.59,85.131,0.000192174,19.8997
1999.56,308.481,-100.659,-141.377,175.196,0.000192174,19.8997
1999.54,416.596,-129.945,-190.261,292.823,0.000192174,19.8995
1999.52,629.744,-178.933,-285.711,530.875,0.000192174,19.8992
1999.49,845.619,-217.055,-381.39,769.397,0.000192173,19.899
1999.46,1046.4,-242.408,-469.736,989.45,0.000192173,19.8987
1999.93,154.603,125.382,305.458,0.18704,0.000192178,19.9032
1999.92,183.678,151.285,365.199,53.804,0.000192178,19.9031
1999.9,246.957,210.503,498.183,205.132,0.000192178,19.9029
1999.87,325.807,290.263,670.282,402.934,0.000192178,19.9026
1999.74,469.639,456.106,1007.17,804,0.000192176,19.9013
1999.74,474.324,462.02,1018.75,816.544,0.000192176,19.9013
1999.53,-232.256,-51.7431,98.3367,84.4296,0.000192174,19.8994
1999.52,-315.928,-73.7294,134.114,173.754,0.000192174,19.8993
1999.5,-423.61,-104.694,180.444,290.414,0.000192173,19.8991
1999.46,-631.323,-173.143,270.879,526.505,0.000192173,19.8987
1999.43,-835.855,-252.251,361.547,763.047,0.000192173,19.8984
1999.4,-1020.72,-334.359,445.151,981.252,0.000192172,19.8982
1999.51,189.835,-143.532,158.251,93.6943,0.000192174,19.8992
1999.46,260.949,-192.854,215.782,192.823,0.000192173,19.8987
1999.44,354.558,-254.305,290.218,322.301,0.000192173,19.8985
1999.4,542.475,-366.53,435.73,584.398,0.000192172,19.8981
1999.37,736.866,-468.228,581.571,847.115,0.000192172,19.8978
1999.34,921.223,-552.309,716.254,1089.6,0.000192172,19.8975
1999.47,-186.562,147.745,-120.117,87.3777,0.000192173,19.8988
1999.46,-256.443,198.825,-163.763,179.825,0.000192173,19.8987
1999.44,-348.363,262.729,-220.216,300.569,0.000192173,19.8985
1999.41,-532.784,380.414,-330.546,544.944,0.000192172,19.8982
1999.24,-723.621,488.56,-441.181,789.829,0.00019217,19.8966
1999.21,-904.464,579.321,-543.234,1015.78,0.00019217,19.8963
1999.48,-202.315,-125.304,-102.806,85.0058,0.000192173,19.8989
1999.47,-274.108,-173.527,-140.2,174.934,0.000192173,19.8988
1999.44,-365.639,-238.098,-188.613,292.376,0.000192173,19.8985
1999.42,-539.421,-371.023,-283.164,530.047,0.000192172,19.8983
1999.38,-706.515,-512.903,-377.898,768.184,0.000192172,19.898
1999.35,-854.167,-651.294,-465.378,987.884,0.000192172,19.8976
1999.94,0.43701,237.99,231.653,108.886,0.000192178,19.9032
1999.92,-3.5971,324.475,315.908,224.106,0.000192178,19.9031
1999.91,-12.124,436.163,424.91,374.626,0.000192178,19.903
1999.87,-39.5414,653.493,638.041,679.411,0.000192178,19.9026
1999.84,-81.2362,869.305,851.876,985.156,0.000192177,19.9023
1999.8,-132.262,1065.93,1049.49,1267.67,0.000192177,19.9019
1999.52,143.129,-190.129,191.786,100.187,0.000192174,19.8993
1999.5,198.219,-256.853,261.47,206.195,0.000192173,19.8991
1999.49,271.878,-341.274,351.703,344.673,0.000192173,19.899
1999.46,423.171,-499.548,528.063,625.039,0.000192173,19.8987
1999.42,584.17,-648.86,704.934,906.171,0.000192173,19.8983
1999.38,740.605,-777.907,868.294,1165.79,0.000192172,19.898
1999.53,-230.948,57.1764,118.162,87.103,0.000192174,19.8994
1999.52,-315.719,74.7364,161.138,179.261,0.000192174,19.8992
1999.5,-425.937,94.8495,216.765,299.631,0.000192173,19.8991
1999.47,-642.554,125.573,325.422,543.256,0.000192173,19.8988
1999.43,-860.948,144.971,434.305,787.38,0.000192173,19.8984
1999.4,-1063.24,152.713,534.799,1012.61,0.000192172,19.8981
1999.93,6.41845,237.885,-301.478,94.4595,0.000192178,19.9031
1999.91,3.88472,324.463,-411.181,227.752,0.000192178,19.903
1999.89,-3.23788,436.359,-553.199,401.936,0.000192178,19.9027
1999.84,-29.6804,654.034,-831.009,754.914,0.000192177,19.9023
1999.8,-62.7337,826.646,-1053.65,1037.51,0.000192177,19.9019
1999.62,77.4591,-225.037,124.529,88.0403,0.000192175,19.9002
1999.6,108.772,-305.702,169.764,181.187,0.000192175,19.9001
1999.59,151.783,-409.076,228.3,302.846,0.000192174,19.8999
1999.56,243.82,-607.601,342.736,549.088,0.000192174,19.8997
1999.53,346.414,-801.385,457.417,795.852,0.000192174,19.8994
1999.5,450.132,-975.258,563.33,1023.56,0.000192173,19.8991
1999.95,96.0742,-158.93,-241.724,10.2322,0.000192179,19.9033
1999.93,124.984,-202.531,-309.799,90.2926,0.000192178,19.9032
1999.92,174.584,-273.532,-422.511,225.858,0.000192178,19.903
1999.9,241.954,-363.152,-568.446,403.032,0.000192178,19.9029
1999.84,383.695,-530.493,-853.915,762.051,0.000192177,19.9023
1999.81,486.183,-636.779,-1046.07,1003.29,0.000192177,19.902
1999.56,488.23,-638.79,-1049.8,1007.28,0.000192174,19.8996
1999.64,-154.33,-181.101,9.16295,78.0775,0.000192175,19.9004
1999.63,-208.114,-248.887,12.524,160.679,0.000192175,19.9003
1999.62,-275.836,-338.065,16.8693,268.551,0.000192175,19.9002
1999.6,-401.858,-516.85,25.3418,486.829,0.000192175,19.9
1999.57,-519.537,-701.651,33.8219,705.467,0.000192174,19.8997
1999.55,-620.291,-876.848,41.6337,907.09,0.000192174,19.8995
1996.8,208.072,115.494,167.762,95.4217,0.000192142,19.8735
1996.79,281.852,160.761,228.692,196.383,0.000192142,19.8734
1996.77,375.756,221.789,307.527,328.261,0.000192142,19.8732
1996.74,553.968,348.913,461.672,595.247,0.000192142,19.8729
1996.7,724.993,486.399,616.228,862.919,0.000192141,19.8725
1996.67,875.711,621.935,758.993,1110.02,0.000192141,19.8723
1999.54,179.763,-155.929,-171.941,96.3032,0.000192174,19.8994
1999.52,247.518,-209.737,-234.539,198.204,0.000192174,19.8993
1999.5,337.051,-277.088,-315.598,331.308,0.000192173,19.8991
1999.47,517.558,-400.94,-473.995,600.76,0.000192173,19.8988
1999.4,705.385,-514.419,-632.787,870.896,0.000192172,19.8981
1999.37,884.462,-609.418,-779.478,1120.29,0.000192172,19.8979
1999.58,186.376,147.95,76.0905,81.9224,0.000192174,19.8999
1999.57,252.17,204.162,103.791,168.589,0.000192174,19.8998
1999.56,335.666,278.777,139.631,281.775,0.000192174,19.8996
1999.44,493.261,430.508,209.639,510.817,0.000192173,19.8985
1999.41,643.473,590.082,279.77,740.275,0.000192172,19.8982
1999.3,774.96,743.728,344.479,951.92,0.000192171,19.8972
1999.56,27.7807,-236.329,68.1425,81.1577,0.000192174,19.8997
1999.55,41.0077,-321.887,92.9378,167.018,0.000192174,19.8996
1999.52,60.5441,-432.089,124.994,279.151,0.000192174,19.8993
1999.49,106.625,-645.944,187.664,506.067,0.000192173,19.899
1999.47,163.164,-857.666,250.44,733.386,0.000192173,19.8988
1999.45,224.457,-1050.43,308.373,943.048,0.000192173,19.8986
1999.4,50.7626,-232.489,-131.131,89.0976,0.000192172,19.8982
1999.39,72.5078,-316.283,-178.87,183.365,0.000192172,19.8981
1999.36,103.259,-423.984,-240.639,306.489,0.000192172,19.8978
1999.24,171.779,-631.72,-361.287,555.695,0.00019217,19.8966
1999.16,251.574,-836.072,-482.262,805.429,0.000192169,19.8959
1999.13,334.799,-1020.57,-593.891,1035.88,0.000192169,19.8956
1999.51,53.6076,-231.827,-5.43484,78.0376,0.000192174,19.8992
1999.49,76.0305,-315.428,-7.3654,160.596,0.000192173,19.899
1999.48,107.329,-422.92,-9.86061,268.415,0.000192173,19.8989
1999.45,175.879,-630.636,-14.7527,486.581,0.000192173,19.8987
1999.43,254.19,-835.247,-19.6635,705.106,0.000192173,19.8984
1999.4,334.843,-1020.55,-24.194,906.622,0.000192172,19.8981
1999.62,232.413,51.1993,82.1604,82.5129,0.000192175,19.9002
1999.61,316.169,72.8434,111.943,169.809,0.000192175,19.9001
1999.57,423.99,103.309,150.518,283.818,0.000192174,19.8997
1999.51,632.059,170.588,225.789,514.529,0.000192173,19.8991
1999.48,836.993,248.264,301.215,745.661,0.000192173,19.8989
1999.45,1022.54,328.881,370.84,958.856,0.000192173,19.8986
1998.25,21.3621,249.55,446.103,17.3864,0.000192159,19.8873
1998.23,22.386,323.711,578.072,157.995,0.000192159,19.8871
1998.19,19.3559,435.922,777.817,378.599,0.000192158,19.8867
1998.08,9.77344,558.018,995.778,627.414,0.000192157,19.8857
1999.95,-11.6226,237.699,272.376,103.761,0.000192179,19.9034
1999.93,-20.41,323.845,371.423,229.236,0.000192178,19.9032
1999.91,-35.3774,434.937,499.672,393.204,0.000192178,19.903
1999.87,-76.2496,650.197,750.399,725.376,0.000192178,19.9026
1999.83,-132.616,862.974,1002.27,1058.81,0.000192177,19.9022
1999.81,-152.257,925.267,1076.98,1157.07,0.000192177,19.902
1999.47,-81.697,-223.473,197.718,101.434,0.000192173,19.8988
1999.46,-107.713,-306.051,269.624,208.76,0.000192173,19.8987
1999.44,-138.423,-413.805,362.676,348.956,0.000192173,19.8985
1999.39,-188.68,-626.925,544.544,632.811,0.000192172,19.8981
1999.36,-225.939,-843.302,726.918,917.468,0.000192172,19.8978
1999.33,-248.569,-1044.93,895.437,1180.35,0.000192171,19.8975
1999.53,-237.634,12.8435,96.1932,84.1557,0.000192174,19.8994
1999.52,-324.145,14.3428,131.182,173.192,0.000192174,19.8992
1999.5,-436.105,13.7216,176.459,289.476,0.000192173,19.8991
1999.46,-654.68,4.15178,264.943,524.808,0.000192173,19.8987
1999.43,-872.898,-16.4884,353.596,760.592,0.000192173,19.8984
1999.4,-1073.18,-45.3101,435.427,978.098,0.000192172,19.8981
1999.94,-145.422,132.869,273.627,13.2546,0.000192178,19.9032
1999.93,-176.855,159.183,330.542,80.0374,0.000192178,19.9031
1999.91,-244.571,213.217,450.803,221.369,0.000192178,19.9029
1999.88,-334.718,279.925,606.47,406.069,0.000192178,19.9027
1999.84,-518.638,399.516,910.981,780.383,0.000192177,19.9023
1999.8,-595.879,443.752,1034.49,931.47,0.000192177,19.9019
1999.63,24.0954,-236.73,33.0115,78.7726,0.000192175,19.9004
1999.61,35.9078,-322.469,45.0703,162.11,0.000192175,19.9002
1999.59,53.5728,-433.056,60.6727,270.945,0.000192174,19.9
1999.56,95.7364,-647.596,91.1195,491.169,0.000192174,19.8997
1999.51,148.122,-860.443,121.63,711.761,0.000192174,19.8992
1999.48,205.297,-1054.3,149.765,915.193,0.000192173,19.8989
1999.48,228.172,67.6722,45.9118,79.4577,0.000192173,19.8989
1999.47,310.231,95.1296,62.6168,163.52,0.000192173,19.8988
1999.46,415.651,132.961,84.2317,273.301,0.000192173,19.8987
1999.42,618.65,214.18,126.406,495.441,0.000192173,19.8984
1999.4,817.968,305.171,168.672,717.961,0.000192172,19.8981
1999.38,997.887,397.505,207.685,923.18,0.000192172,19.8979
1999.63,-27.8684,236.268,-40.8551,79.1544,0.000192175,19.9003
1999.61,-41.0172,321.839,-55.6856,162.896,0.000192175,19.9002
1999.6,-60.4086,432.168,-74.8701,272.258,0.000192175,19.9001
1999.54,-105.949,646.016,-112.305,493.551,0.000192174,19.8994
1999.51,-161.759,857.995,-149.835,715.221,0.000192174,19.8992
1999.48,-222.106,1050.9,-184.437,919.651,0.000192173,19.8989
1999.62,152.022,183.031,36.8802,78.9544,0.000192175,19.9003
1999.61,204.923,251.579,50.3268,162.484,0.000192175,19.9002
1999.59,271.392,341.641,67.7105,271.572,0.000192175,19.9
1999.56,394.906,522.179,101.67,492.307,0.000192174,19.8997
1999.53,509.924,708.665,135.675,713.413,0.000192174,19.8994
1999.5,608.077,885.357,167.045,917.321,0.000192173,19.8991
1999.6,-45.6846,-233.573,-41.6233,79.2071,0.000192175,19.9001
1999.59,-59.2505,-318.977,-56.7692,163.004,0.000192175,19.9
1999.58,-74.4363,-429.962,-76.3851,272.439,0.000192174,19.8999
1999.55,-96.2761,-647.516,-114.684,493.883,0.000192174,19.8996
1999.51,-107.759,-866.423,-153.056,715.701,0.000192174,19.8992
1999.48,-109.103,-1068.55,-188.427,920.267,0.000192173,19.8989
1999.91,-84.0774,190.314,305.49,16.1495,0.000192178,19.903
1999.9,-97.4085,217.133,349.447,68.1436,0.000192178,19.9029
1999.88,-137.665,293.812,476.555,214.872,0.000192178,19.9027
1999.86,-193.531,391.086,641.218,406.669,0.000192178,19.9025
1999.8,-314.58,574.139,963.451,795.522,0.000192177,19.902
1999.79,-340.07,608.797,1026.61,870.736,0.000192177,19.9018
0.15254,-215.581,827.634,309.084,1718.3,0.0174347,inf
0.15254,-49.0026,1055.06,-505.119,2561.75,0.0174347,inf
0.100691,494.278,933.406,-225.241,3300.16,0.0229982,inf
1999.8,-216.8,-55.6725,-369.309,10.3045,0.000192177,19.9019
1999.8,-230.332,-59.8653,-392.679,29.134,0.000192177,19.9019
1999.72,-312.511,-87.2172,-535.576,188.567,0.000192176,19.9011
1999.69,-417.475,-127.006,-720.771,396.985,0.000192176,19.9009
1999.65,-575.893,-198.017,-1007.22,730.796,0.000192175,19.9005
1999.63,205.604,-119.816,30.1843,78.6485,0.000192175,19.9003
1999.62,281.862,-160.653,41.1814,161.854,0.000192175,19.9002
1999.6,381.748,-211.426,55.4275,270.516,0.000192175,19.9
1999.57,580.069,-303.484,83.2243,490.394,0.000192174,19.8998
1999.54,782.936,-386.25,111.082,710.64,0.000192174,19.8995
1999.52,973.445,-454.059,136.798,913.752,0.000192174,19.8992
1999.52,-229.902,-61.3596,151.398,92.4722,0.000192174,19.8993
1999.51,-312.59,-87.0782,206.486,190.313,0.000192173,19.8991
1999.49,-418.691,-123.038,277.758,318.109,0.000192173,19.899
1999.46,-622.764,-201.909,416.955,576.792,0.000192173,19.8987
1999.43,-822.741,-292.274,556.574,836.077,0.000192173,19.8984
1999.4,-1002.54,-385.47,685.411,1075.39,0.000192172,19.8981
1999.87,-103.463,214.303,-218.356,105.898,0.000192178,19.9026
1999.85,-144.761,290.357,-297.746,217.949,0.000192178,19.9024
1999.84,-201.089,387.304,-400.604,364.33,0.000192177,19.9023
1999.81,-320.03,571.119,-601.556,660.799,0.000192177,19.902
1999.76,-450.91,747.633,-803.281,958.198,0.000192176,19.9016
1999.72,-581.607,903.015,-989.656,1232.93,0.000192176,19.9012
1999.66,114.685,-208.472,50.1511,79.7254,0.000192175,19.9006
1999.65,159.04,-282.788,68.3565,164.071,0.000192175,19.9005
1999.63,218.504,-377.687,91.9122,274.223,0.000192175,19.9003
1999.61,341.268,-558.736,137.93,497.121,0.000192175,19.9001
1999.58,472.767,-734.001,184.012,720.4,0.000192174,19.8999
1999.56,601.394,-889.934,226.518,926.319,0.000192174,19.8996
1999.53,-30.2355,236.003,-216.604,105.519,0.000192174,19.8994
1999.52,-45.2592,321.318,-295.458,217.173,0.000192174,19.8993
1999.5,-67.8642,431.077,-397.473,363.037,0.000192173,19.8991
1999.45,-122.257,643.152,-596.782,658.392,0.000192173,19.8987
1999.31,-190.211,852.112,-796.756,954.6,0.000192171,19.8973
1999.28,-264.675,1040.98,-981.505,1228.23,0.000192171,19.897
1999.92,-141.727,-191.18,-245.779,112.168,0.000192178,19.9031
1999.9,-189.722,-263.185,-335.126,230.864,0.000192178,19.9029
1999.89,-249.024,-358.327,-450.88,385.937,0.000192178,19.9027
1999.85,-355.298,-549.918,-677.13,700.022,0.000192177,19.9024
1999.81,-448.74,-748.971,-904.134,1015.13,0.000192177,19.902
1999.77,-519.673,-929.039,-1103.94,1292.41,0.000192177,19.9017
1999.54,-0.380445,-237.924,118.061,87.0658,0.000192174,19.8995
1999.53,2.76402,-324.44,160.937,179.18,0.000192174,19.8993
1999.51,9.48498,-436.247,216.408,299.487,0.000192174,19.8992
1999.47,31.2188,-653.885,324.744,542.979,0.000192173,19.8988
1999.43,64.3971,-870.7,433.384,786.971,0.000192173,19.8984
1999.39,105.04,-1068.92,533.575,1012.08,0.000192172,19.8981
1999.5,-233.086,-47.7302,-61.9189,80.6298,0.000192173,19.8991
1999.49,-317.254,-68.1054,-84.5074,165.931,0.000192173,19.899
1999.48,-425.453,-96.8225,-113.704,277.333,0.000192173,19.8989
1999.44,-634.694,-160.631,-170.773,502.766,0.000192173,19.8986
1999.41,-840.957,-234.611,-227.93,728.594,0.000192172,19.8983
1999.39,-1027.86,-311.658,-280.66,936.876,0.000192172,19.8981
1999.64,-183.991,150.848,-62.0597,80.6242,0.000192175,19.9004
1999.62,-252.864,203.275,-84.6078,165.92,0.000192175,19.9002
1999.6,-343.44,269.138,-113.773,277.313,0.000192175,19.9001
1999.57,-524.945,391.247,-170.752,502.726,0.000192174,19.8998
1999.54,-712.422,504.609,-227.82,728.536,0.000192174,19.8995
1999.52,-890.137,601.076,-280.499,936.804,0.000192174,19.8992
1999.9,248.553,-76.805,-491.076,9.48662,0.000192178,19.9028
1999.88,311.406,-91.2327,-612.594,127.085,0.000192178,19.9027
1999.85,421.766,-111.919,-824.218,357.741,0.000192177,19.9024
1999.83,507.832,-124.024,-988.041,541.953,0.000192177,19.9022
1999.6,233.869,-43.744,-16.0422,78.1949,0.000192175,19.9001
1999.59,319.408,-56.7567,-21.899,160.92,0.000192174,19.8999
1999.57,430.534,-71.2536,-29.4828,268.956,0.000192174,19.8998
1999.55,648.191,-91.8507,-44.2972,487.562,0.000192174,19.8996
1999.51,867.024,-102.256,-59.1469,706.529,0.000192174,19.8992
1999.49,1069.22,-102.719,-72.882,908.459,0.000192173,19.899
1999.56,207.362,116.755,-29.5931,78.621,0.000192174,19.8996
1999.55,281.215,161.794,-40.3692,161.797,0.000192174,19.8995
1999.53,375.605,222.169,-54.3193,270.422,0.000192174,19.8994
1999.51,555.476,346.465,-81.5239,490.218,0.000192174,19.8992
1999.48,729.649,479.377,-108.778,710.382,0.000192173,19.8989
1999.46,884.654,609.235,-133.926,913.418,0.000192173,19.8987
1997.66,-127.164,201.09,-16.1797,78.2015,0.000192152,19.8817
1997.65,-175.958,272.545,-22.1064,160.934,0.000192152,19.8816
1997.63,-241.072,363.677,-29.773,268.979,0.000192152,19.8814
1997.6,-374.441,537.011,-44.7353,487.603,0.000192152,19.8811
1997.57,-516.055,704.181,-59.733,706.59,0.000192151,19.8808
1997.55,-653.602,852.396,-73.5829,908.539,0.000192151,19.8806
1999.92,-51.8223,192.586,-305.499,0.838035,0.000192178,19.9031
1999.91,-63.5703,229.321,-364.588,54.4038,0.000192178,19.903
1999.9,-91.9825,311.186,-497.368,205.586,0.000192178,19.9028
1999.86,-132.871,415.646,-669.261,403.202,0.000192178,19.9025
1999.76,-225.936,614.465,-1005.74,803.922,0.000192176,19.9016
1999.76,-229.862,621.963,-1018.71,818.208,0.000192176,19.9015
1999.93,-173.524,-162.886,324.71,82.5155,0.000192178,19.9032
1999.9,-233.059,-225.719,442.769,222.222,0.000192178,19.9029
1999.88,-307.231,-309.874,595.782,404.812,0.000192178,19.9027
1999.84,-442.105,-482.871,895.287,775.079,0.000192177,19.9023
1999.82,-501.629,-569.245,1038.47,951.414,0.000192177,19.9021
1999.95,43.9942,177.318,-241.739,5.31321,0.000192179,19.9034
1999.94,55.0326,231.499,-314.898,86.2216,0.000192178,19.9032
1999.92,70.1869,316.794,-429.515,223.214,0.000192178,19.9031
1999.89,85.8951,427.83,-577.887,402.24,0.000192178,19.9028
1999.82,103.804,646.435,-868.135,765.052,0.000192177,19.9022
1999.8,106.365,780.872,-1046.02,987.006,0.000192177,19.9019
1999.63,-142.475,190.599,57.7342,80.2843,0.000192175,19.9004
1999.62,-196.748,257.981,78.7292,165.221,0.000192175,19.9002
1999.61,-268.868,343.623,105.906,276.149,0.000192175,19.9001
1999.57,-415.782,505.705,159.035,500.624,0.000192174,19.8998
1999.54,-570.603,660.778,212.256,725.492,0.000192174,19.8995
1999.51,-719.986,797.131,261.383,932.887,0.000192174,19.8992
1999.93,89.2984,139.471,177.944,8.2701,0.000192178,19.9032
1999.92,126.027,201.875,255.77,108.515,0.000192178,19.903
1999.9,168.056,277.549,348.81,229.752,0.000192178,19.9028
1999.88,219.408,377.224,469.321,388.146,0.000192178,19.9026
1999.84,309.442,576.923,704.814,708.997,0.000192177,19.9023
1999.8,385.805,783.197,941.313,1031.03,0.000192177,19.9019
1999.78,427.099,917.644,1092.53,1236.49,0.000192177,19.9017
0.720215,-7.09777,1056.18,658.45,1935.42,0.00536725,inf
1999.45,-31.3726,-235.833,-39.9405,79.1204,0.000192173,19.8986
1999.44,-39.8032,-321.998,-54.547,162.825,0.000192173,19.8985
1999.43,-48.3032,-433.696,-73.4411,272.14,0.000192173,19.8984
1999.22,-57.0745,-652.161,-110.337,493.341,0.00019217,19.8964
1999.19,-55.4867,-871.254,-147.336,714.92,0.00019217,19.8962
1999.15,-44.8014,-1073.19,-181.478,919.263,0.000192169,19.8958
1999.51,231.136,56.5029,85.5805,82.8885,0.000192174,19.8992
1999.5,314.434,80.1296,116.64,170.581,0.000192173,19.8991
1999.48,421.401,113.095,156.79,285.108,0.000192173,19.8989
1999.44,627.907,185.332,235.271,516.875,0.000192173,19.8985
1999.42,830.928,267.906,313.867,749.064,0.000192172,19.8983
1999.32,1014.47,353.021,386.39,963.232,0.000192171,19.8974
1999.57,133.936,-196.68,-58.764,80.3722,0.000192174,19.8998
1999.56,185.135,-266.419,-80.1749,165.402,0.000192174,19.8997
1999.55,253.406,-355.275,-107.912,276.451,0.000192174,19.8995
1999.36,392.876,-523.674,-162.082,501.177,0.000192172,19.8978
1999.33,540.629,-685.492,-216.38,726.299,0.000192171,19.8975
1999.29,683.793,-828.355,-266.503,933.93,0.000192171,19.8971
1999.58,-70.3278,227.347,96.6721,84.1937,0.000192174,19.8998
1999.57,-98.9742,308.991,131.768,173.27,0.000192174,19.8997
1999.55,-138.451,413.764,177.181,289.606,0.000192174,19.8996
1999.53,-223.358,615.406,265.924,525.039,0.000192174,19.8994
1999.5,-318.53,812.865,354.822,760.92,0.000192173,19.8991
1999.45,-415.156,990.659,436.911,978.528,0.000192173,19.8986
1998.18,55.3167,231.437,-136.809,89.9998,0.000192158,19.8865
1998.16,72.0495,316.336,-186.558,185.221,0.000192158,19.8864
1998.15,91.0183,426.773,-250.985,309.592,0.000192158,19.8863
1998.12,119.21,643.706,-376.774,561.327,0.000192158,19.886
1997.43,135.654,862.489,-502.942,813.623,0.00019215,19.8795
1997.41,140.212,1064.88,-619.336,1046.45,0.000192149,19.8792
1999.09,-233.949,-43.258,-19.4924,78.2768,0.000192169,19.8952
1999.08,-318.513,-61.9652,-26.5551,161.089,0.000192169,19.8951
1999.06,-427.311,-88.4637,-35.6811,269.238,0.000192168,19.8949
1998.92,-637.775,-147.674,-53.4965,488.071,0.000192167,19.8936
1998.9,-845.751,-216.869,-71.3735,707.268,0.000192166,19.8934
1998.87,-1034.41,-289.283,-87.8485,909.41,0.000192166,19.8931
1999.56,-178.006,157.964,-134.811,89.6916,0.000192174,19.8996
1999.55,-244.994,212.763,-183.877,184.586,0.000192174,19.8995
1999.53,-333.38,281.527,-247.326,308.509,0.000192174,19.8994
1999.5,-511.351,408.733,-371.269,559.329,0.000192173,19.8991
1999.47,-696.486,526.521,-495.535,810.668,0.000192173,19.8988
1999.44,-872.721,626.212,-610.215,1042.61,0.000192173,19.8986
1999.5,-216.028,-99.7774,-131.725,89.18,0.000192173,19.8991
1999.48,-293.102,-139.198,-179.639,183.531,0.000192173,19.8989
1999.45,-391.554,-192.608,-241.612,306.753,0.000192173,19.8986
1999.42,-579.452,-304.623,-362.645,556.153,0.000192173,19.8984
1999.39,-761.608,-426.891,-484.006,806.078,0.000192172,19.898
1999.36,-923.611,-548.25,-595.948,1036.69,0.000192172,19.8978
1999.63,-108.531,211.733,-61.6296,80.5906,0.000192175,19.9003
1999.62,-150.783,287.328,-84.0432,165.851,0.000192175,19.9002
1999.59,-207.543,383.832,-113.031,277.203,0.000192174,19.8999
1999.4,-325.251,568.21,-169.669,502.532,0.000192172,19.8982
1999.38,-451.977,746.983,-226.36,728.246,0.000192172,19.8979
1999.35,-576.446,906.291,-278.642,936.42,0.000192172,19.8977
1999.6,165.018,171.486,26.2857,78.4881,0.000192175,19.9
1999.59,222.789,235.879,35.7956,161.524,0.000192174,19.8999
1999.58,295.76,320.787,48.1049,269.965,0.000192174,19.8998
1999.55,432.331,491.651,72.1682,489.396,0.000192174,19.8996
1999.52,560.927,669.07,96.2708,709.192,0.000192174,19.8992
1999.48,671.98,837.899,118.502,911.888,0.000192173,19.8989
1999.46,-237.63,11.9906,111.859,86.1951,0.000192173,19.8987
1999.44,-324.238,13.0162,152.524,177.387,0.000192173,19.8985
1999.43,-436.192,11.7191,205.098,296.492,0.000192173,19.8984
1999.4,-654.629,0.645607,307.822,537.549,0.000192172,19.8981
1999.37,-872.807,-21.7836,410.824,779.088,0.000192172,19.8978
1999.24,-1072.79,-52.4651,505.824,1001.93,0.00019217,19.8966
1999.61,233.185,-47.3234,10.3543,78.0897,0.000192175,19.9002
1999.6,318.517,-61.6538,14.1124,160.704,0.000192175,19.9001
1999.59,429.314,-77.8481,18.9789,268.594,0.000192174,19.8999
1999.56,646.749,-101.804,28.5053,486.907,0.000192174,19.8996
1999.53,865.375,-115.556,38.0575,705.581,0.000192174,19.8993
1999.49,1067.44,-119.14,46.8726,907.237,0.000192173,19.899
1999.94,-133.163,123.566,-241.708,3.65202,0.000192179,19.9033
1999.93,-176.064,160.103,-316.695,84.8579,0.000192178,19.9032
1999.91,-243.41,214.575,-431.96,222.36,0.000192178,19.903
1999.85,-333.033,281.956,-581.178,402.054,0.000192177,19.9024
1999.8,-515.812,403.178,-873.134,766.256,0.000192177,19.9019
1999.77,-625.804,466.731,-1042.2,976.666,0.000192177,19.9016
1999.4,-226.318,-73.4718,-59.8063,80.4454,0.000192172,19.8982
1999.4,-307.613,-103.052,-81.5673,165.556,0.000192172,19.8981
1999.38,-412.046,-143.662,-109.744,276.706,0.000192172,19.898
1999.35,-612.813,-230.274,-164.722,501.624,0.000192172,19.8977
1999.3,-809.678,-326.717,-219.821,726.929,0.000192171,19.8972
1999.27,-986.893,-423.987,-270.613,934.724,0.000192171,19.8969
1999.58,202.404,125.084,117.337,86.9687,0.000192174,19.8999
1999.57,274.253,173.427,159.983,178.983,0.000192174,19.8997
1999.55,365.665,238.131,215.146,299.163,0.000192174,19.8995
1999.52,539.077,371.431,322.879,542.393,0.000192174,19.8993
1999.47,705.77,513.992,430.895,786.11,0.000192173,19.8988
1999.45,852.746,653.06,530.538,1010.97,0.000192173,19.8986
1999.64,-215.1,-101.676,-38.7,79.0354,0.000192175,19.9004
1999.63,-292.047,-141.366,-52.7373,162.651,0.000192175,19.9003
1999.61,-390.48,-194.851,-70.9061,271.852,0.000192175,19.9002
1999.58,-578.732,-306.049,-106.366,492.818,0.000192174,19.8999
1999.54,-761.888,-426.29,-141.873,714.153,0.000192174,19.8995
1999.52,-925.707,-544.842,-174.636,918.27,0.000192174,19.8992
1999.55,-226.832,-71.8601,132.538,89.3157,0.000192174,19.8996
1999.53,-308.242,-101.281,180.766,183.813,0.000192174,19.8994
1999.51,-412.616,-141.899,243.167,307.239,0.000192174,19.8992
1999.47,-613.173,-229.462,365.103,557.051,0.000192173,19.8988
1999.44,-809.156,-327.858,487.336,807.425,0.000192173,19.8985
1999.41,-985.19,-427.955,600.255,1038.49,0.000192172,19.8983
1999.59,167.563,168.942,-0.848681,78.0178,0.000192174,19.8999
1999.58,226.35,232.44,-1.16,160.556,0.000192174,19.8998
1999.56,300.666,316.204,-1.56218,268.346,0.000192174,19.8997
1999.53,439.925,484.809,-2.34345,486.456,0.000192174,19.8994
1999.5,571.412,660.11,-3.10931,704.924,0.000192173,19.8991
1999.45,685.258,827.088,-3.80172,906.392,0.000192173,19.8986
1999.62,227.853,68.5628,4.92678,78.0324,0.000192175,19.9002
1999.61,309.817,96.3045,6.6596,160.586,0.000192175,19.9002
1999.6,415.098,134.447,8.90119,268.396,0.000192175,19.9
1999.57,617.984,216.18,13.28,486.547,0.000192174,19.8998
1999.55,817.143,307.457,17.6562,705.056,0.000192174,19.8995
1999.53,996.881,399.843,21.7002,906.559,0.000192174,19.8993
1999.94,135.145,-195.875,301.453,94.4441,0.000192179,19.9033
1999.92,188.244,-264.304,411.127,227.713,0.000192178,19.9031
1999.91,259.97,-350.483,553.102,401.861,0.000192178,19.9029
1999.86,409.618,-510.748,830.782,754.729,0.000192178,19.9025
1999.83,538.2,-630.899,1053.6,1037.69,0.000192177,19.9022
1999.59,-227.916,-68.4648,56.5035,80.1802,0.000192174,19.8999
1999.56,-309.846,-96.2852,77.0111,165.007,0.000192174,19.8997
1999.55,-415.099,-134.607,103.562,275.789,0.000192174,19.8996
1999.53,-617.753,-216.834,155.403,499.962,0.000192174,19.8993
1999.5,-816.608,-308.882,207.341,724.524,0.000192173,19.8991
1999.48,-995.933,-402.194,255.256,931.632,0.000192173,19.8989
1999.56,237.482,15.5089,153.55,92.9074,0.000192174,19.8997
1999.55,323.504,24.7252,209.471,191.206,0.000192174,19.8996
1999.51,434.605,39.4744,281.909,319.596,0.000192174,19.8992
1999.48,650.092,77.3541,423.34,579.486,0.000192173,19.8989
1999.44,863.776,127.352,565.201,839.985,0.000192173,19.8985
1999.41,1058.21,184.02,696.099,1080.42,0.000192172,19.8982
1999.53,205.136,120.673,101.576,84.8094,0.000192174,19.8993
1999.49,277.962,167.349,138.433,174.536,0.000192173,19.899
1999.47,370.856,229.961,186.166,291.723,0.000192173,19.8988
1999.44,547.398,359.051,279.378,528.89,0.000192173,19.8985
1999.41,717.619,497.316,372.846,766.516,0.000192172,19.8982
1999.38,868.209,632.366,459.071,985.736,0.000192172,19.898
1999.48,-235.398,-35.0099,199.161,101.725,0.000192173,19.8989
1999.44,-320.348,-51.5353,271.553,209.363,0.000192173,19.8986
1999.43,-429.704,-75.9675,365.284,349.972,0.000192173,19.8984
1999.39,-640.887,-133.516,548.442,634.691,0.000192172,19.8981
1999.35,-848.869,-204.121,732.262,920.231,0.000192172,19.8976
1999.3,-1036.81,-280.545,902.04,1183.93,0.000192171,19.8972
1999.91,147.268,122.387,273.612,3.93499,0.000192178,19.903
1999.9,181.704,153.696,340.107,72.0047,0.000192178,19.9029
1999.88,244.326,213.535,463.858,216.077,0.000192178,19.9027
1999.85,322.498,293.989,624.13,404.374,0.000192177,19.9024
1999.81,465.331,460.498,937.632,786.087,0.000192177,19.902
1999.79,504.993,512.039,1030.54,898.319,0.000192177,19.9019
1999.6,-113.762,-208.994,33.6834,78.7995,0.000192175,19.9
1999.59,-152.398,-286.456,45.9493,162.164,0.000192174,19.8999
1999.57,-200.219,-387.705,61.8106,271.035,0.000192174,19.8998
1999.55,-286.479,-588.615,92.7861,491.335,0.000192174,19.8995
1999.52,-363.334,-793.901,123.83,712.003,0.000192174,19.8993
1999.48,-425.531,-986.212,152.448,915.503,0.000192173,19.8989
1999.94,-143.248,-190.035,-246.1,112.244,0.000192178,19.9032
1999.92,-191.853,-261.711,-335.635,231.021,0.000192178,19.9031
1999.84,-251.874,-356.301,-451.463,386.204,0.000192177,19.9023
1999.78,-359.701,-547.03,-678.051,700.525,0.000192177,19.9018
1999.75,-454.783,-745.3,-905.454,1015.92,0.000192176,19.9014
1999.7,-526.655,-923.356,-1103.97,1291.14,0.000192176,19.901
1999.67,5.95215,-237.829,-22.5324,78.3654,0.000192175,19.9007
1999.66,11.1256,-324.29,-30.7184,161.271,0.000192175,19.9006
1999.64,20.1951,-435.869,-41.3053,269.544,0.000192175,19.9004
1999.6,45.6625,-653.033,-62.0046,488.633,0.000192175,19.9001
1999.58,81.4037,-869.289,-82.761,708.087,0.000192174,19.8998
1999.55,123.34,-1067,-101.908,910.466,0.000192174,19.8996
1999.42,161.227,175.065,24.3768,78.4305,0.000192173,19.8983
1999.41,217.565,240.719,33.2846,161.406,0.000192172,19.8982
1999.39,288.649,327.217,44.8145,269.768,0.000192172,19.8981
1999.36,421.426,501.046,67.3492,489.038,0.000192172,19.8978
1999.34,546.086,681.216,89.9355,708.673,0.000192172,19.8976
1999.31,653.43,852.462,110.748,911.218,0.000192171,19.8973
1999.47,-225.009,-77.475,82.7047,82.6139,0.000192173,19.8988
1999.46,-305.709,-108.628,112.822,170.016,0.000192173,19.8987
1999.45,-409.297,-151.317,151.837,284.167,0.000192173,19.8986
1999.31,-608.216,-242.163,227.971,515.165,0.000192171,19.8973
1999.27,-802.903,-343.024,304.285,746.582,0.000192171,19.8969
1999.25,-977.82,-444.494,374.658,960.039,0.00019217,19.8967
1999.27,40.7345,-234.404,-39.0092,79.0627,0.000192171,19.8969
1999.26,58.5805,-319.126,-53.2162,162.706,0.000192171,19.8968
1999.24,84.0262,-428.224,-71.601,271.943,0.00019217,19.8966
1999.21,141.29,-639.239,-107.477,492.982,0.00019217,19.8963
1999.18,208.649,-847.733,-143.444,714.398,0.00019217,19.896
1999.15,279.549,-1037.14,-176.644,918.595,0.000192169,19.8957
1999.28,-189.935,-143.41,153.399,92.8305,0.000192171,19.897
1999.27,-256.766,-198.322,209.158,191.05,0.000192171,19.8969
1999.25,-341.488,-271.601,281.363,319.337,0.000192171,19.8967
1999.22,-500.848,-421.633,422.446,579.009,0.00019217,19.8965
1999.18,-651.951,-580.678,563.863,839.292,0.00019217,19.8961
1999.15,-783.394,-734.84,694.485,1079.55,0.000192169,19.8958
1999.95,-207.505,116.526,-275.494,104.448,0.000192179,19.9033
1999.93,-285.129,154.845,-375.681,230.767,0.000192178,19.9031
1999.9,-387.235,201.175,-505.433,395.807,0.000192178,19.9029
1999.83,-591.392,280.793,-759.02,730.13,0.000192177,19.9022
1999.63,-801.653,345.794,-1013.67,1065.73,0.000192175,19.9003
1999.62,-851.34,358.763,-1073.08,1143.14,0.000192175,19.9002
1999.95,-218.597,94.0566,235.913,109.878,0.000192179,19.9033
1999.93,-299.675,124.323,321.712,226.156,0.000192178,19.9032
1999.91,-405.841,160.379,432.866,378.062,0.000192178,19.903
1999.87,-616.47,220.402,650.011,685.7,0.000192178,19.9026
1999.83,-831.38,266.552,867.947,994.349,0.000192177,19.9022
1999.8,-1032.43,296.459,1069.44,1279.56,0.000192177,19.9019
1999.49,197.414,132.883,83.0508,82.6385,0.000192173,19.899
1999.48,267.388,183.737,113.256,170.067,0.000192173,19.8989
1999.46,356.516,251.62,152.377,284.249,0.000192173,19.8987
1999.42,525.383,390.538,228.735,515.317,0.000192172,19.8983
1999.38,687.588,538.08,305.291,746.809,0.000192172,19.8979
1999.35,830.503,681.145,375.879,960.337,0.000192172,19.8977
1999.62,-207.141,117.159,28.3851,78.5678,0.000192175,19.9002
1999.6,-283.865,157.117,38.6798,161.688,0.000192175,19.9
1999.59,-384.239,206.693,52.0027,270.24,0.000192174,19.8999
1999.55,-583.687,296.506,78.0447,489.894,0.000192174,19.8996
1999.52,-787.48,376.942,104.138,709.917,0.000192174,19.8993
1999.49,-978.644,442.547,128.2,912.82,0.000192173,19.899
1999.94,-237.457,15.2201,296.844,93.5243,0.000192178,19.9032
1999.92,-324.113,15.8241,404.818,225.49,0.000192178,19.9031
1999.9,-436.177,12.8016,544.499,397.933,0.000192178,19.9029
1999.85,-654.682,-5.50814,817.723,747.323,0.000192177,19.9024
1999.81,-844.836,-35.0213,1057.46,1053.68,0.000192177,19.902
1999.59,179.456,-156.265,-131.917,89.1954,0.000192174,19.8999
1999.57,246.934,-210.492,-179.87,183.563,0.000192174,19.8998
1999.56,335.912,-278.516,-241.912,306.817,0.000192174,19.8997
1999.53,514.93,-404.227,-363.093,556.283,0.000192174,19.8994
1999.5,700.969,-520.497,-484.609,806.281,0.000192173,19.8991
1999.47,877.912,-618.783,-596.709,1036.97,0.000192173,19.8988
1999.47,6.2129,-237.907,134.984,89.6947,0.000192173,19.8988
1999.45,11.9317,-324.264,184.065,184.596,0.000192173,19.8987
1999.44,22.0584,-435.786,247.571,308.547,0.000192173,19.8985
1999.39,50.6693,-652.674,371.65,559.43,0.000192172,19.898
1999.35,91.0094,-868.31,496.104,810.871,0.000192172,19.8977
1999.32,138.519,-1065.17,610.983,1042.9,0.000192171,19.8974
1999.63,150.653,184.215,82.836,82.6163,0.000192175,19.9003
1999.61,202.883,253.172,112.958,170.021,0.000192175,19.9002
1999.6,268.504,343.986,151.973,284.173,0.000192175,19.9
1999.56,389.892,525.953,228.158,515.183,0.000192174,19.8997
1999.53,502.318,714.058,304.493,746.623,0.000192174,19.8994
1999.49,597.693,892.449,374.95,960.104,0.000192173,19.899
1999.82,-191.483,-358.304,-964.603,14.9051,0.000192177,19.9021
1999.57,-228.033,67.9079,70.5424,81.3772,0.000192174,19.8998
1999.56,-311.843,89.5686,96.2146,167.473,0.000192174,19.8997
1999.55,-420.878,115.198,129.429,279.912,0.000192174,19.8995
1999.51,-635.443,157.356,194.268,507.442,0.000192174,19.8992
1999.48,-852.38,189.061,259.281,735.382,0.000192173,19.8989
1999.44,-1053.61,208.852,319.223,945.617,0.000192173,19.8985
1999.35,85.5802,-222.049,211.183,104.308,0.000192172,19.8977
1999.34,120.47,-301.23,287.926,214.674,0.000192172,19.8976
1999.32,168.567,-402.499,387.358,358.849,0.000192171,19.8974
1999.29,271.764,-595.581,581.544,650.781,0.000192171,19.8971
1999.24,387.296,-782.466,776.385,943.553,0.00019217,19.8966
1999.19,504.284,-948.355,956.415,1214.01,0.00019217,19.8962
1999.56,-118.49,-206.364,76.1073,81.9136,0.000192174,19.8996
1999.55,-158.833,-282.921,103.79,168.575,0.000192174,19.8996
1999.54,-208.816,-383.125,139.611,281.756,0.000192174,19.8994
1999.51,-299.123,-582.383,209.592,510.792,0.000192174,19.8992
1999.48,-379.659,-786.202,279.683,740.24,0.000192173,19.8989
1999.45,-444.993,-977.555,344.335,951.871,0.000192173,19.8987
1999.44,29.5014,236.122,32.2162,78.7337,0.000192173,19.8986
1999.44,37.2037,322.276,43.9537,162.029,0.000192173,19.8985
1999.42,44.7837,434.063,59.1572,270.81,0.000192173,19.8984
1999.39,51.7944,652.591,88.8248,490.926,0.000192172,19.8981
1999.37,48.4782,871.761,118.569,711.41,0.000192172,19.8978
1999.35,36.2574,1073.5,146.005,914.742,0.000192172,19.8976
1999.53,221.559,86.7039,17.5256,78.2345,0.000192174,19.8994
1999.52,300.987,121.017,23.9783,161.002,0.000192174,19.8992
1999.5,402.896,167.641,32.3399,269.093,0.000192173,19.8991
1999.48,598.361,265.594,48.6536,487.811,0.000192173,19.8989
1999.45,789.438,372.849,64.9952,706.891,0.000192173,19.8986
1999.38,961.088,479.655,80.0665,908.921,0.000192172,19.8979
1999.96,92.9493,164.732,-241.69,15.7323,0.000192179,19.9034
1999.95,115.191,208.244,-304.122,94.8782,0.000192179,19.9034
1999.93,152.78,286.254,-414.76,228.892,0.000192178,19.9032
1999.91,197.961,388.917,-558.059,404.005,0.000192178,19.903
1999.87,274.579,594.312,-838.149,758.835,0.000192178,19.9026
1999.84,321.982,753.101,-1049.85,1026.57,0.000192177,19.9023
1999.6,322.742,755.946,-1053.61,1030.66,0.000192175,19.9
1999.57,-47.2289,-233.193,70.7617,81.3946,0.000192174,19.8998
1999.56,-61.2821,-318.593,96.4836,167.505,0.000192174,19.8996
1999.55,-77.0289,-429.502,129.772,279.964,0.000192174,19.8995
1999.51,-99.7929,-646.983,194.741,507.531,0.000192174,19.8992
1999.47,-111.951,-865.886,259.857,735.499,0.000192173,19.8988
1999.45,-113.678,-1068.06,319.909,945.763,0.000192173,19.8986
1999.49,-1.07595,237.94,-7.28076,78.0532,0.000192173,19.899
1999.47,-4.43971,324.406,-9.90777,160.629,0.000192173,19.8988
1999.46,-11.1591,436.181,-13.3124,268.468,0.000192173,19.8987
1999.43,-31.9991,653.917,-19.9591,486.677,0.000192173,19.8984
1999.39,-63.0725,870.784,-26.6031,705.245,0.000192172,19.8981
1999.37,-100.722,1069.34,-32.7339,906.804,0.000192172,19.8978
1999.84,-283.192,-129.663,671.037,1.71327,0.000192177,19.9023
1999.83,-306.929,-143.113,729.734,25.4432,0.000192177,19.9022
1999.8,-390.786,-194.212,941.022,239.436,0.000192177,19.9019
1999.79,-402.993,-202.139,972.334,272.568,0.000192177,19.9018
1999.58,128.779,200.12,145.491,91.4238,0.000192174,19.8998
1999.56,172.62,274.752,198.363,188.158,0.000192174,19.8997
1999.55,226.927,372.695,266.771,314.506,0.000192174,19.8996
1999.51,325.003,568.268,400.449,570.263,0.000192174,19.8992
1999.48,412.436,769.507,534.489,826.589,0.000192173,19.8989
1999.45,483.214,959.301,658.228,1063.15,0.000192173,19.8986
1999.49,211.104,109.827,145.914,91.5299,0.000192173,19.899
1999.47,286.182,152.894,198.996,188.371,0.000192173,19.8988
1999.45,381.905,211.017,267.679,314.86,0.000192173,19.8986
1999.41,564.125,332.244,401.916,570.886,0.000192172,19.8983
1999.38,739.79,463.597,536.419,827.479,0.000192172,19.8979
1999.35,895.367,593.323,660.629,1064.29,0.000192172,19.8976
1999.58,-24.9161,-236.632,142.38,90.9507,0.000192174,19.8998
1999.56,-30.4632,-323.032,194.238,187.179,0.000192174,19.8997
1999.55,-34.8746,-434.958,261.339,312.869,0.000192174,19.8995
1999.5,-34.4622,-653.727,392.418,567.286,0.000192173,19.8991
1999.47,-22.0808,-872.793,523.925,822.292,0.000192173,19.8988
1999.44,-0.0403358,-1074.12,645.33,1057.64,0.000192173,19.8985
1999.9,-233.388,161.812,-581.028,1.78016,0.000192178,19.9029
1999.9,-252.351,172.962,-626.021,22.2397,0.000192178,19.9028
1999.89,-268.455,182.219,-664.014,53.6392,0.000192178,19.9028
1999.85,-367.614,235.106,-893.852,299.874,0.000192178,19.9025
1999.84,-405.59,253.56,-980.202,394.624,0.000192177,19.9023
1999.93,176.345,159.748,-299.707,94.1379,0.000192178,19.9031
1999.6,237.204,221.401,-408.797,226.954,0.000192175,19.9
1999.57,313.231,303.828,-549.972,400.482,0.000192174,19.8997
1999.53,452.47,473.203,-826.097,752.132,0.000192174,19.8994
1999.5,557.345,620.316,-1053.62,1041.66,0.000192173,19.8991
1999.52,-157.193,178.634,-48.3834,79.6084,0.000192174,19.8993
1999.51,-216.66,241.525,-65.9425,163.83,0.000192174,19.8992
1999.49,-295.354,321.217,-88.6618,273.821,0.000192173,19.899
1999.46,-454.49,471.163,-133.035,496.394,0.000192173,19.8987
1999.43,-621.052,613.681,-177.539,719.355,0.000192173,19.8984
1999.4,-780.531,737.89,-218.593,924.985,0.000192172,19.8982
1999.53,-158.57,177.449,-221.812,106.652,0.000192174,19.8994
1999.52,-219.266,239.199,-302.482,219.506,0.000192174,19.8992
1999.49,-300.078,316.773,-406.856,366.94,0.000192173,19.899
1999.45,-465.24,460.629,-610.958,665.498,0.000192173,19.8987
1999.41,-639.856,594.05,-815.716,964.962,0.000192172,19.8983
1999.37,-808.523,707.132,-1004.92,1241.63,0.000192172,19.8978
1999.57,120.978,204.878,78.735,82.1813,0.000192174,19.8998
1999.55,162.176,280.966,107.367,169.127,0.000192174,19.8996
1999.54,213.327,380.705,144.459,282.678,0.000192174,19.8994
1999.51,305.798,578.84,216.812,512.464,0.000192174,19.8992
1999.48,388.608,781.857,289.375,742.674,0.000192173,19.8989
1999.46,455.993,972.51,356.299,955.019,0.000192173,19.8987
1999.58,-183.776,-151.168,121.203,87.5442,0.000192174,19.8998
1999.56,-248.427,-208.714,165.247,180.165,0.000192174,19.8997
1999.53,-330.297,-285.165,222.249,301.136,0.000192174,19.8994
1999.5,-484.148,-440.734,333.578,545.963,0.000192173,19.8991
1999.47,-629.922,-604.521,445.149,791.3,0.000192173,19.8988
1999.44,-756.707,-762.352,548.168,1017.67,0.000192173,19.8985
1999.61,-150.675,-184.21,-27.1396,78.5245,0.000192175,19.9001
1999.6,-203.088,-253.032,-37.0185,161.599,0.000192175,19.9
1999.58,-269.001,-343.525,-49.8069,270.092,0.000192174,19.8999
1999.55,-391.417,-524.797,-74.7994,489.624,0.000192174,19.8996
1999.53,-505.357,-711.928,-99.836,709.521,0.000192174,19.8993
1999.5,-602.539,-889.127,-122.926,912.309,0.000192173,19.8991
1999.62,226.072,-74.1065,40.2214,79.1342,0.000192175,19.9002
1999.61,309.253,-98.1204,54.9108,162.854,0.000192175,19.9001
1999.59,417.525,-126.866,73.9153,272.189,0.000192174,19.9
1999.57,630.729,-175.353,111.017,493.431,0.000192174,19.8997
1999.54,846.546,-213.749,148.207,715.047,0.000192174,19.8995
1999.51,1046.96,-240.022,182.508,919.43,0.000192174,19.8992
1999.62,165.706,-170.71,-40.5072,79.1383,0.000192175,19.9003
1999.61,228.19,-230.638,-55.2236,162.863,0.000192175,19.9001
1999.59,310.651,-306.385,-74.2572,272.204,0.000192174,19.9
1999.56,476.921,-448.456,-111.439,493.458,0.000192174,19.8997
1999.53,650.153,-582.776,-148.702,715.086,0.000192174,19.8994
1999.51,815.389,-699.196,-183.053,919.478,0.000192174,19.8992
1999.92,20.5088,-237.095,346.536,68.936,0.000192178,19.9031
1999.9,33.2486,-322.784,472.587,214.797,0.000192178,19.9029
1999.88,53.8885,-433.012,635.698,405.386,0.000192178,19.9027
1999.82,107.682,-645.767,954.879,791.707,0.000192177,19.9021
1999.81,122.188,-692.941,1026.62,877.594,0.000192177,19.902
1999.93,-27.931,182.222,-241.675,8.09434,0.000192178,19.9032
1999.92,-38.2781,234.849,-311.962,88.5123,0.000192178,19.9031
1999.9,-57.096,319.437,-425.514,224.67,0.000192178,19.9029
1999.88,-85.2573,427.948,-572.419,402.602,0.000192178,19.9027
1999.83,-152.667,636.644,-859.825,763.168,0.000192177,19.9022
1999.79,-204.902,768.845,-1046.05,996.34,0.000192177,19.9018
1999.57,73.6977,-226.224,15.6754,78.1857,0.000192174,19.8998
1999.56,103.362,-307.506,21.3397,160.901,0.000192174,19.8996
1999.54,144.014,-411.945,28.6711,268.923,0.000192174,19.8995
1999.52,230.487,-612.754,42.9779,487.502,0.000192174,19.8993
1999.49,326.457,-809.701,57.3213,706.442,0.000192173,19.899
1999.46,423.134,-987.29,70.5396,908.341,0.000192173,19.8987
1999.59,-234.998,37.597,119.549,87.3087,0.000192174,19.9
1999.58,-320.852,47.9293,162.981,179.683,0.000192174,19.8999
1999.56,-432.426,58.6714,219.281,300.332,0.000192174,19.8997
1999.53,-650.808,70.9965,329.139,544.509,0.000192174,19.8994
1999.5,-870.154,71.8602,439.298,789.186,0.000192173,19.8991
1999.48,-1072.29,62.4466,540.922,1014.94,0.000192173,19.8989
1999.42,-194.714,-136.804,-30.1373,78.6512,0.000192173,19.8984
1999.41,-263.726,-188.955,-41.1841,161.86,0.000192172,19.8982
1999.4,-351.647,-258.412,-55.4853,270.526,0.000192172,19.8981
1999.36,-518.268,-399.976,-83.3942,490.411,0.000192172,19.8977
1999.31,-678.365,-549.543,-111.369,710.663,0.000192171,19.8973
1999.28,-819.711,-694.146,-137.197,913.782,0.000192171,19.897
1999.45,185.344,149.271,114.444,86.5734,0.000192173,19.8986
1999.43,250.575,206.089,156.041,178.168,0.000192173,19.8984
1999.42,333.298,281.645,209.916,297.797,0.000192172,19.8983
1999.38,488.889,435.367,315.094,539.907,0.000192172,19.898
1999.35,636.701,597.411,420.554,782.502,0.000192172,19.8977
1999.32,765.392,753.542,517.815,1006.32,0.000192171,19.8974
1995.83,-113.47,-209.205,-134.474,89.6312,0.000192131,19.8643
1995.82,-151.664,-286.827,-183.391,184.464,0.000192131,19.8642
1995.8,-198.649,-388.517,-246.742,308.33,0.000192131,19.864
1995.75,-282.263,-590.66,-370.464,559.039,0.00019213,19.8636
1995.72,-355.073,-797.616,-494.539,810.292,0.00019213,19.8633
1995.69,-412.265,-991.855,-609.067,1042.16,0.000192129,19.863
0.27493,51.8214,222.289,-1.97407,1122.95,0.0114052,inf
0.27493,78.5963,300.646,18.0132,1208.11,0.0114052,inf
0.27493,113.491,402.766,44.0617,1319.1,0.0114052,inf
0.27493,184.18,609.636,96.8301,1543.29,0.0114052,inf
0.27493,254.833,816.402,149.572,1767.38,0.0114052,inf
0.27493,319.828,1006.61,198.091,1973.56,0.0114052,inf
1999.56,195.5,135.696,-114.5,86.5791,0.000192174,19.8996
1999.52,264.614,187.722,-156.113,178.18,0.000192174,19.8992
1999.5,352.511,257.19,-209.995,297.811,0.000192173,19.8991
1999.47,518.654,399.44,-315.198,539.933,0.000192173,19.8988
1999.43,677.611,550.571,-420.699,782.548,0.000192173,19.8984
1999.4,817.085,697.147,-518.052,1006.41,0.000192172,19.8981
1999.91,132.12,-193.89,-401.148,12.7043,0.000192178,19.903
1999.89,187.775,-264.594,-554.977,176.392,0.000192178,19.9027
1999.86,260.937,-349.734,-746.92,390.42,0.000192178,19.9025
1999.82,364.838,-457.875,-1003.41,686.339,0.000192177,19.9021
1999.62,94.4979,-218.331,-53.6813,79.9808,0.000192175,19.9002
1999.61,131.665,-296.584,-73.2399,164.597,0.000192175,19.9001
1999.59,181.892,-396.664,-98.5159,275.102,0.000192174,19.9
1999.57,286.983,-588.402,-147.858,498.712,0.000192174,19.8997
1999.54,401.403,-775.269,-197.3,722.708,0.000192174,19.8994
1999.51,514.858,-942.688,-242.931,929.292,0.000192174,19.8992
1999.93,210.343,111.275,236.424,109.996,0.000192178,19.9031
1999.91,284.82,155.487,322.466,226.392,0.000192178,19.903
1999.9,379.409,215.545,433.784,378.462,0.000192178,19.9029
1999.81,558.259,342.047,651.464,686.445,0.000192177,19.902
1999.77,728.888,480.555,869.826,995.43,0.000192177,19.9016
1999.74,878.213,618.454,1071.78,1280.97,0.000192176,19.9013
1999.62,218.373,94.5047,-4.65506,78.0311,0.000192175,19.9002
1999.61,296.563,131.574,-6.30809,160.583,0.000192175,19.9001
1999.6,396.703,181.683,-8.44287,268.393,0.000192175,19.9
1999.56,588.735,286.41,-12.6128,486.54,0.000192174,19.8997
1999.5,775.94,400.212,-16.8058,705.048,0.000192173,19.8991
1999.47,943.726,512.863,-20.6754,906.551,0.000192173,19.8988
1999.58,-141.432,191.366,29.3252,78.6028,0.000192174,19.8999
1999.57,-195.243,259.116,39.9332,161.759,0.000192174,19.8998
1999.55,-266.792,345.346,53.6724,270.358,0.000192174,19.8996
1999.53,-412.329,508.509,80.4961,490.109,0.000192174,19.8994
1999.51,-565.714,664.954,107.38,710.228,0.000192173,19.8991
1999.48,-713.69,802.767,132.198,913.223,0.000192173,19.8989
1999.53,-148.217,-186.115,182.526,98.3733,0.000192174,19.8994
1999.52,-199.147,-256.154,249.01,202.458,0.000192174,19.8993
1999.5,-262.588,-348.488,335.049,338.437,0.000192173,19.8991
1999.46,-378.383,-534.275,503.183,613.717,0.000192173,19.8987
1999.43,-483.26,-727.103,671.778,889.73,0.000192173,19.8984
1999.39,-569.847,-910.47,827.525,1144.58,0.000192172,19.8981
1999.6,52.5178,-232.132,-54.1186,80.0003,0.000192175,19.9
1999.59,74.6133,-315.716,-73.7182,164.636,0.000192174,19.8999
1999.57,105.606,-423.403,-99.1232,275.168,0.000192174,19.8998
1999.53,173.681,-631.193,-148.689,498.834,0.000192174,19.8994
1999.51,251.856,-836,-198.375,722.886,0.000192173,19.8991
1999.47,332.571,-1021.29,-244.159,929.517,0.000192173,19.8988
1999.53,10.4602,237.718,59.5642,80.4257,0.000192174,19.8993
1999.52,11.1881,324.227,81.2193,165.512,0.000192174,19.8992
1999.5,9.67723,436.27,109.261,276.632,0.000192173,19.8991
1999.48,-1.24298,654.654,163.974,501.489,0.000192173,19.8989
1999.45,-22.7672,872.819,218.794,726.733,0.000192173,19.8986
1999.42,-51.9532,1072.86,269.309,934.466,0.000192173,19.8984
1999.94,161.569,121.852,-305.518,6.11632,0.000192178,19.9032
1999.93,188.993,144.595,-359.282,59.1189,0.000192178,19.9031
1999.9,254.354,201.468,-490.046,208.707,0.000192178,19.9029
1999.87,336.105,278.341,-659.422,404.237,0.000192178,19.9026
1999.81,486.019,438.664,-990.817,800.715,0.000192177,19.902
1999.81,498.034,452.761,-1018.77,833.03,0.000192177,19.902
1999.29,499.722,454.757,-1022.72,836.231,0.000192171,19.8971
1999.28,95.1376,-218.115,188.864,99.5932,0.000192171,19.897
1999.27,133.147,-295.869,257.516,204.972,0.000192171,19.8969
1999.24,185.067,-395.174,346.395,342.618,0.00019217,19.8967
1999.2,295.133,-584.343,519.983,621.284,0.00019217,19.8963
1999.17,416.716,-767.199,694.161,900.707,0.00019217,19.8959
1999.13,538.542,-929.342,855.042,1158.74,0.000192169,19.8956
1999.39,149.976,-184.758,-209.096,103.842,0.000192172,19.8981
1999.37,207.523,-249.408,-285.095,213.718,0.000192172,19.8979
1999.35,284.385,-330.985,-383.5,357.245,0.000192172,19.8977
1999.32,441.86,-483.058,-575.631,647.807,0.000192171,19.8974
1999.29,609.096,-625.511,-768.45,939.228,0.000192171,19.8971
1999.26,771.238,-747.589,-946.631,1208.44,0.000192171,19.8968
1999.97,152.71,69.7615,-177.933,11.5485,0.000192179,19.9035
1999.94,215.377,101.249,-252.255,111.043,0.000192179,19.9033
1999.93,291.748,141.975,-343.979,231.369,0.000192178,19.9031
1999.91,389.005,197.77,-462.802,388.57,0.000192178,19.9029
1999.86,573.131,316.417,-694.946,706.969,0.000192178,19.9025
1999.81,749.426,447.899,-927.978,1026.45,0.000192177,19.9021
1999.79,871.001,550.273,-1096.33,1256.97,0.000192177,19.9018
1999.55,-113.13,-209.347,-184.964,98.797,0.000192174,19.8995
1999.53,-150.963,-287.223,-252.211,203.333,0.000192174,19.8994
1999.51,-197.192,-389.249,-339.218,339.887,0.000192174,19.8992
1999.47,-278.524,-592.448,-509.214,616.321,0.000192173,19.8989
1999.44,-347.888,-800.751,-679.722,893.477,0.000192173,19.8986
1999.4,-400.847,-996.497,-837.228,1149.41,0.000192172,19.8981
1999.65,19.2647,-237.171,-33.1807,78.7799,0.000192175,19.9005
1999.64,29.2774,-323.085,-45.299,162.125,0.000192175,19.9004
1999.63,44.6329,-434.067,-61.0013,270.971,0.000192175,19.9003
1999.59,82.3166,-649.436,-91.6484,491.22,0.000192175,19.9
1999.56,130.239,-863.328,-122.367,711.837,0.000192174,19.8997
1999.53,183.339,-1058.34,-150.694,915.292,0.000192174,19.8994
1999.57,214.133,-103.837,-108.633,85.7518,0.000192174,19.8998
1999.49,293.388,-138.603,-148.096,176.474,0.000192173,19.899
1999.47,396.984,-181.198,-199.168,294.961,0.000192173,19.8988
1999.44,602.317,-256.43,-298.9,534.764,0.000192173,19.8985
1999.34,811.866,-321.188,-398.923,775.044,0.000192172,19.8976
1999.31,1007.86,-371.286,-491.191,996.725,0.000192171,19.8973
1999.59,-232.05,52.4958,139.123,90.3914,0.000192174,19.8999
1999.58,-317.214,68.1955,189.794,186.036,0.000192174,19.8998
1999.47,-427.861,85.7793,255.363,310.965,0.000192173,19.8988
1999.44,-645.136,111.262,383.373,563.813,0.000192173,19.8985
1999.41,-864.115,124.939,511.739,817.213,0.000192172,19.8982
1999.38,-1066.55,126.965,630.181,1051.06,0.000192172,19.898
1999.64,234.132,42.5649,-57.2231,80.2461,0.000192175,19.9004
1999.63,318.648,61.0855,-78.0432,165.143,0.000192175,19.9003
1999.61,427.469,87.4355,-104.993,276.018,0.000192175,19.9001
1999.58,638.066,146.613,-157.649,500.38,0.000192174,19.8999
1999.56,845.923,215.975,-210.39,725.133,0.000192174,19.8997
1999.54,1034.52,288.773,-259.038,932.415,0.000192174,19.8995
1999.55,181.674,153.634,-51.1562,79.7967,0.000192174,19.8996
1999.53,245.761,211.793,-69.7428,164.218,0.000192174,19.8994
1999.52,327.036,288.834,-93.7946,274.469,0.000192174,19.8993
1999.49,480.251,444.958,-140.783,497.568,0.000192173,19.899
1999.38,626.057,608.514,-187.854,721.052,0.000192172,19.898
1999.35,753.552,765.47,-231.292,927.16,0.000192172,19.8976
1999.44,-89.5959,-220.409,143.701,91.1089,0.000192173,19.8985
1999.43,-118.916,-301.863,195.902,187.507,0.000192173,19.8984
1999.41,-154.253,-408.149,263.454,313.421,0.000192172,19.8982
1999.37,-214.669,-618.493,395.48,568.297,0.000192172,19.8979
1999.33,-263.588,-832.299,527.815,823.756,0.000192171,19.8974
1999.29,-298.304,-1031.85,650.032,1059.52,0.000192171,19.8971
1999.54,-230.855,57.82,102.352,84.9209,0.000192174,19.8995
1999.53,-315.474,75.7062,139.523,174.765,0.000192174,19.8993
1999.5,-425.576,96.3413,187.663,292.103,0.000192173,19.8991
1999.47,-642.008,128.369,281.678,529.563,0.000192173,19.8988
1999.44,-860.204,149.37,375.86,767.48,0.000192173,19.8986
1999.42,-1062.26,158.852,462.761,986.966,0.000192172,19.8983
1999.6,-186.444,-147.789,-106.912,85.5505,0.000192175,19.9
1999.59,-252.166,-204.111,-145.832,176.058,0.000192174,19.9
1999.57,-335.509,-278.969,-196.204,294.264,0.000192174,19.8998
1999.53,-492.451,-431.356,-294.569,533.493,0.000192174,19.8994
1999.5,-641.691,-591.964,-393.155,773.196,0.000192173,19.8991
1999.46,-771.956,-746.868,-484.155,994.336,0.000192173,19.8987
1999.66,2.51438,237.928,-7.5077,78.0598,0.000192175,19.9006
1999.65,0.408122,324.434,-10.3343,160.642,0.000192175,19.9005
1999.63,-4.69779,436.296,-13.9948,268.492,0.000192175,19.9004
1999.61,-22.396,654.314,-21.1411,486.72,0.000192175,19.9002
1999.57,-50.3442,871.611,-28.2898,705.308,0.000192174,19.8998
1999.49,-85.1364,1070.69,-34.8926,906.886,0.000192173,19.899
1999.93,-44.2629,216.514,369.263,4.90432,0.000192178,19.9031
1999.92,-48.5043,232.972,397.568,23.8679,0.000192178,19.9031
1999.9,-71.9331,316.389,541.888,184.43,0.000192178,19.9029
1999.87,-106.733,423.141,728.908,394.332,0.000192178,19.9026
1999.83,-166.727,576.644,1003.43,713.423,0.000192177,19.9022
1999.83,-167.618,578.71,1007.17,716.213,0.000192177,19.9022
1999.62,-22.0585,-236.936,58.3445,80.3148,0.000192175,19.9002
1999.6,-26.981,-323.315,79.4863,165.284,0.000192175,19.9001
1999.59,-30.9068,-435.208,106.84,276.251,0.000192174,19.9
1999.56,-30.6187,-653.986,160.291,500.799,0.000192174,19.8997
1999.54,-19.7853,-872.819,213.817,725.738,0.000192174,19.8994
1999.51,-0.443094,-1074.14,263.232,933.196,0.000192174,19.8992
1999.56,-237.853,5.97308,-70.776,81.3934,0.000192174,19.8996
1999.55,-324.409,5.04527,-96.5114,167.505,0.000192174,19.8995
1999.53,-436.352,1.36932,-129.81,279.965,0.000192174,19.8993
1999.5,-654.486,-13.8637,-194.822,507.542,0.000192173,19.8991
1999.47,-872.184,-39.8116,-259.999,735.525,0.000192173,19.8988
1999.44,-1071.6,-73.1408,-320.066,945.793,0.000192173,19.8985
1999.95,131.956,-129.617,-241.738,9.01448,0.000192179,19.9033
1999.94,171.325,-165.153,-311.029,89.2791,0.000192178,19.9032
1999.92,237.016,-221.586,-424.186,225.192,0.000192178,19.9031
1999.9,324.657,-291.619,-570.65,402.709,0.000192178,19.9029
1999.67,503.62,-418.295,-856.901,762.415,0.000192175,19.9007
1999.64,627,-494.312,-1046.03,999.583,0.000192175,19.9004
1999.93,-45.2519,233.633,-272.782,103.852,0.000192178,19.9031
1999.91,-66.1906,317.65,-372.003,229.458,0.000192178,19.903
1999.89,-96.7949,425.486,-500.46,393.579,0.000192178,19.9028
1999.85,-167.884,632.811,-751.628,726.027,0.000192177,19.9024
1999.81,-253.927,835.344,-1003.87,1059.8,0.000192177,19.9021
1999.8,-281.559,892.865,-1077.01,1155.82,0.000192177,19.9019
1999.62,-176.722,159.278,40.45,79.1384,0.000192175,19.9002
1999.6,-243.018,214.958,55.1734,162.862,0.000192175,19.9001
1999.58,-330.331,285.137,74.2182,272.201,0.000192174,19.8998
1999.55,-505.546,415.921,111.391,493.45,0.000192174,19.8995
1999.52,-687.232,538.553,148.648,715.072,0.000192174,19.8993
1999.5,-859.747,643.871,183.008,919.457,0.000192173,19.8991
1999.91,193.074,139.158,248.599,112.822,0.000192178,19.9029
1999.89,260.683,193.245,339.003,232.211,0.000192178,19.9027
1999.86,346.026,265.908,456.03,388.184,0.000192178,19.9025
1999.82,505.312,416.247,684.721,704.08,0.000192177,19.9021
1999.78,654.622,577.692,914.338,1021.08,0.000192177,19.9018
1999.74,767.154,715.509,1100.1,1277.38,0.000192176,19.9014
1999.29,165.357,171.165,45.327,79.4171,0.000192171,19.8971
1999.28,223.277,235.467,61.7895,163.436,0.000192171,19.897
1999.25,296.356,320.218,83.0786,273.162,0.000192171,19.8968
1999.2,433.15,490.911,124.689,495.194,0.00019217,19.8963
1999.17,561.873,668.217,166.391,717.609,0.00019217,19.896
1999.14,673.045,837.021,204.938,922.739,0.000192169,19.8957
1999.93,236.304,28.1538,-295.01,93.2181,0.000192178,19.9031
1999.91,321.602,43.1354,-402.343,224.749,0.000192178,19.903
1999.88,431.305,66.2525,-541.276,396.611,0.000192178,19.9027
1999.83,642.954,123.478,-812.984,744.809,0.000192177,19.9023
1999.79,829.257,188.331,-1057.45,1057.9,0.000192177,19.9018
1999.95,-130.318,95.8111,-177.937,2.64185,0.000192179,19.9033
1999.82,-193.433,138.662,-261.827,104.138,0.000192177,19.9021
1999.8,-266.263,185.405,-356.988,226.882,0.000192177,19.9019
1999.78,-362.463,242.96,-480.259,387.251,0.000192177,19.9017
1999.73,-556.18,345.422,-721.346,712.155,0.000192176,19.9013
1999.68,-757.332,434.468,-963.414,1038.29,0.000192176,19.9008
1999.66,-860.524,473.789,-1084.9,1201.46,0.000192175,19.9006
0.0867967,-941.25,479.173,-1049.33,1303.41,0.0252593,inf
1999.94,13.841,237.543,219.595,106.172,0.000192178,19.9033
1999.91,14.7954,324.143,299.494,218.513,0.000192178,19.903
1999.87,12.7836,436.159,402.873,365.285,0.000192178,19.9026
1999.84,-1.69824,654.7,605.008,662.505,0.000192177,19.9023
1999.8,-30.1975,872.59,807.815,960.637,0.000192177,19.9019
1999.77,-68.8619,1071.92,995.192,1236.06,0.000192177,19.9017
1999.64,-58.1489,230.719,3.04797,78.0243,0.000192175,19.9005
1999.63,-82.1883,313.858,4.17184,160.569,0.000192175,19.9003
1999.62,-115.569,420.746,5.62013,268.369,0.000192175,19.9002
1999.59,-188.118,627.1,8.44526,486.496,0.000192174,19.9
1999.57,-270.405,830.142,11.287,704.986,0.000192174,19.8997
1999.54,-354.687,1013.83,13.897,906.472,0.000192174,19.8995
1999.55,237.704,-11.4948,55.7479,80.14,0.000192174,19.8996
1999.53,324.227,-12.5318,76.0521,164.924,0.000192174,19.8993
1999.51,436.234,-11.4303,102.335,275.649,0.000192174,19.8992
1999.46,654.62,-1.34678,153.632,499.707,0.000192173,19.8987
1999.44,872.812,19.2764,205.051,724.154,0.000192173,19.8985
1999.41,1073.03,47.5986,252.499,931.157,0.000192172,19.8983
1999.95,23.4235,236.832,228.311,108.124,0.000192179,19.9034
1999.93,27.792,323.244,311.299,222.538,0.000192178,19.9032
1999.91,30.1638,435.34,418.85,372.016,0.000192178,19.903
1999.88,24.0554,654.273,628.975,674.728,0.000192178,19.9027
1999.85,3.66326,873.065,839.776,978.391,0.000192177,19.9024
1999.82,-27.8111,1073.78,1034.65,1258.96,0.000192177,19.9021
1999.9,-100.938,214.307,-401.151,17.0612,0.000192178,19.9029
1999.88,-143.643,290.927,-549.589,179.507,0.000192178,19.9027
1999.85,-202.367,386.632,-739.584,391.866,0.000192177,19.9024
1999.81,-291.268,514.735,-1003.44,697.211,0.000192177,19.902
1999.86,83.4113,287.062,626.059,4.51739,0.000192178,19.9025
1999.85,87.7486,308.083,670.977,26.8972,0.000192177,19.9024
1999.81,107.396,422.954,914.836,277.774,0.000192177,19.9021
1999.81,111.296,452.044,976.233,344.487,0.000192177,19.902
1999.46,-153.746,181.674,-153.327,92.8003,0.000192173,19.8987
1999.44,-212.287,245.352,-209.028,190.989,0.000192173,19.8985
1999.43,-290.156,325.876,-281.163,319.239,0.000192173,19.8984
1999.39,-448.789,476.675,-422.112,578.838,0.000192172,19.8981
1999.33,-615.962,618.724,-563.367,839.033,0.000192172,19.8975
1999.28,-777.16,741.444,-693.801,1079.18,0.000192171,19.897
1999.6,233.716,44.8171,-96.5769,84.2083,0.000192175,19.9
1999.58,318.018,64.3002,-131.716,173.301,0.000192174,19.8999
1999.57,426.499,92.0056,-177.186,289.658,0.000192174,19.8997
1999.53,636.261,154.209,-266.05,525.138,0.000192174,19.8994
1999.5,842.993,227.083,-355.065,761.065,0.000192173,19.8991
1999.47,1030.34,303.575,-437.247,978.712,0.000192173,19.8988
1999.32,-184.727,-150.05,-65.01,80.8803,0.000192171,19.8974
1999.31,-249.833,-206.988,-88.6421,166.448,0.000192171,19.8973
1999.29,-332.522,-282.577,-119.247,278.196,0.000192171,19.8971
1999.25,-488.4,-435.928,-178.979,504.328,0.000192171,19.8968
1999.23,-637.04,-597.077,-238.869,730.86,0.00019217,19.8965
1999.2,-767.022,-751.927,-294.107,939.798,0.00019217,19.8963
1999.94,105.3,147.659,241.67,3.199,0.000192179,19.9033
1999.93,136.193,195.138,317.151,84.4767,0.000192178,19.9032
1999.91,181.562,268.921,432.569,222.099,0.000192178,19.903
1999.89,236.894,366.505,582.057,401.949,0.000192178,19.9028
1999.84,333.611,563.3,874.3,766.432,0.000192177,19.9023
1999.78,382.14,679.596,1042.2,975.283,0.000192177,19.9018
1999.37,-180.629,-154.953,-199.209,101.726,0.000192172,19.8978
1999.35,-243.708,-214.206,-271.608,209.37,0.000192172,19.8977
1999.33,-323.231,-293.152,-365.351,349.986,0.000192171,19.8975
1999.29,-471.294,-454.365,-548.469,634.681,0.000192171,19.8971
1999.26,-609.682,-624.923,-732.237,920.193,0.000192171,19.8968
1999.22,-727.969,-789.777,-902.048,1183.92,0.00019217,19.8964
1999.66,-219.464,-91.8915,-61.8342,80.6115,0.000192175,19.9006
1999.65,-298.102,-128.162,-84.3475,165.895,0.000192175,19.9005
1999.64,-398.703,-177.267,-113.453,277.275,0.000192175,19.9004
1999.61,-591.653,-280.342,-170.33,502.661,0.000192175,19.9001
1999.57,-779.722,-392.799,-227.298,728.439,0.000192174,19.8998
1999.54,-948.222,-504.497,-279.847,936.672,0.000192174,19.8994
1999.88,-233.22,47.4029,-268.804,103.002,0.000192178,19.9027
1999.87,-318.828,60.1642,-366.553,227.579,0.000192178,19.9026
1999.85,-430.199,73.1416,-493.193,390.356,0.000192177,19.9024
1999.81,-648.932,86.8364,-740.764,720.104,0.000192177,19.9021
1999.77,-868.958,84.9853,-989.33,1051.11,0.000192176,19.9016
1999.75,-949.894,80.3675,-1080.9,1172.46,0.000192176,19.9015
1999.6,-193.869,-137.91,32.463,78.7367,0.000192175,19.9001
1999.59,-262.587,-190.509,44.234,162.036,0.000192175,19.9
1999.57,-350.075,-260.505,59.4706,270.82,0.000192174,19.8998
1999.52,-515.799,-403.123,89.1908,490.945,0.000192174,19.8993
1999.5,-675.013,-553.781,118.981,711.436,0.000192173,19.8991
1999.47,-815.364,-699.217,146.444,914.773,0.000192173,19.8988
1999.54,-41.2007,-234.399,-64.6997,80.8567,0.000192174,19.8995
1999.53,-53.138,-320.062,-88.2405,166.399,0.000192174,19.8994
1999.51,-66.1524,-431.334,-118.726,278.115,0.000192174,19.8992
1999.48,-83.5811,-649.299,-178.217,504.179,0.000192173,19.8989
1999.46,-90.438,-868.345,-237.826,730.638,0.000192173,19.8987
1999.42,-87.3225,-1070.56,-292.832,939.504,0.000192173,19.8983
1999.58,-26.231,-236.492,7.5951,78.0544,0.000192174,19.8999
1999.58,-32.8607,-322.767,10.3094,160.631,0.000192174,19.8998
1999.56,-39.0721,-434.57,13.8246,268.472,0.000192174,19.8996
1999.52,-43.4834,-653.253,20.7168,486.685,0.000192174,19.8993
1999.29,-37.6621,-872.253,27.6122,705.255,0.000192171,19.8971
1999.26,-23.1987,-1073.82,33.9534,906.815,0.000192171,19.8968
1999.58,39.9797,-234.6,-96.2323,84.1433,0.000192174,19.8999
1999.57,57.7219,-319.292,-131.176,173.165,0.000192174,19.8997
1999.56,83.1682,-428.325,-176.388,289.428,0.000192174,19.8996
1999.52,140.98,-639.337,-264.74,524.715,0.000192174,19.8993
1999.5,209.493,-847.551,-353.247,760.448,0.000192173,19.899
1999.47,282.002,-1036.47,-434.948,977.907,0.000192173,19.8988
1999.56,-225.656,75.5247,32.1928,78.7268,0.000192174,19.8997
1999.56,-308.582,100.12,43.8681,162.013,0.000192174,19.8996
1999.54,-416.658,129.668,58.9904,270.782,0.000192174,19.8995
1999.47,-629.479,179.769,88.5139,490.876,0.000192173,19.8988
1999.45,-844.97,219.875,118.115,711.339,0.000192173,19.8986
1999.42,-1045.09,247.778,145.401,914.652,0.000192172,19.8983
1999.93,-230.824,-53.0253,401.126,16.9896,0.000192178,19.9031
1999.9,-314.822,-78.4619,549.686,179.469,0.000192178,19.9029
1999.88,-420.822,-115.483,739.787,391.926,0.000192178,19.9027
1999.84,-564.675,-175.015,1003.38,696.969,0.000192177,19.9023
1999.43,31.748,235.799,205.562,103.157,0.000192173,19.8984
1999.42,39.3804,322.029,280.419,212.31,0.000192172,19.8983
1999.39,46.1213,433.901,377.329,354.895,0.000192172,19.898
1999.35,49.0554,652.875,566.692,643.589,0.000192172,19.8976
1999.27,38.4122,872.2,756.534,933.094,0.000192171,19.8969
1999.15,16.4728,1074.02,932.094,1200.53,0.000192169,19.8958
1999.58,-195.288,-135.996,-66.4808,80.9984,0.000192174,19.8998
1999.57,-264.442,-187.932,-90.6062,166.69,0.000192174,19.8997
1999.55,-352.509,-257.167,-121.859,278.604,0.000192174,19.8996
1999.53,-519.333,-398.528,-182.878,505.076,0.000192174,19.8993
1999.5,-679.503,-548.224,-244.067,731.953,0.000192173,19.8991
1999.46,-820.613,-693.073,-300.491,941.205,0.000192173,19.8987
1999.95,-235.761,-32.5118,231.529,108.866,0.000192179,19.9033
1999.93,-320.857,-48.4671,315.759,224.069,0.000192178,19.9031
1999.91,-430.29,-72.3609,424.742,374.577,0.000192178,19.9029
1999.76,-641.717,-129.608,637.888,679.384,0.000192176,19.9016
1998.99,-849.675,-200.815,851.815,985.194,0.000192168,19.8942
1998.93,-1037.35,-278.637,1049.67,1267.87,0.000192167,19.8937
1999.58,174.302,-162.04,135.161,89.7,0.000192174,19.8998
1999.56,239.96,-218.421,184.252,184.605,0.000192174,19.8997
1999.54,326.663,-289.286,247.785,308.567,0.000192174,19.8995
1999.52,501.591,-420.777,371.959,559.471,0.000192174,19.8993
1999.45,683.736,-542.91,496.388,810.919,0.000192173,19.8986
1999.42,857.551,-646.817,611.293,1042.96,0.000192173,19.8983
1998.95,157.753,-178.181,-214.342,105.004,0.000192167,19.8939
1998.92,218.051,-240.3,-292.295,216.11,0.000192167,19.8936
1998.91,298.326,-318.407,-393.145,361.25,0.000192167,19.8935
1998.87,462.371,-463.491,-590.325,655.123,0.000192166,19.8932
1998.82,635.763,-598.377,-788.165,949.903,0.000192166,19.8927
1998.79,803.278,-713.072,-971.042,1222.24,0.000192165,19.8924
1999.53,-34.9736,235.378,90.7284,83.5169,0.000192174,19.8993
1999.51,-50.8745,320.46,123.789,171.877,0.000192174,19.8992
1999.49,-73.9491,430.053,166.569,287.278,0.000192173,19.899
1999.45,-127.084,642.238,250.134,520.82,0.000192173,19.8987
1999.42,-190.928,851.966,333.886,754.802,0.000192173,19.8983
1999.39,-259.112,1042.37,411.153,970.644,0.000192172,19.898
1999.52,237.908,-3.67388,-193.841,100.643,0.000192174,19.8993
1999.51,324.459,-1.1505,-264.371,207.129,0.000192174,19.8992
1999.49,436.299,5.1816,-355.61,346.225,0.000192173,19.899
1999.45,654.11,27.5347,-533.989,627.861,0.000192173,19.8986
1999.41,870.824,63.0932,-712.912,910.272,0.000192172,19.8983
1999.39,1068.75,107.524,-878.209,1171.09,0.000192172,19.898
1999.47,230.086,60.5571,-166.058,95.1536,0.000192173,19.8988
1999.45,312.786,86.1484,-226.48,195.831,0.000192173,19.8986
1999.44,418.968,122.039,-304.712,327.335,0.000192173,19.8985
1999.3,623.054,200.961,-457.451,593.541,0.000192171,19.8972
1999.25,822.905,291.689,-610.661,860.403,0.000192171,19.8967
1999.2,1002.6,385.471,-752.101,1106.72,0.00019217,19.8962
1999.59,67.6857,228.112,-8.0685,78.0604,0.000192175,19.9
1999.58,89.3209,311.897,-10.8495,160.643,0.000192174,19.8999
1999.57,115.015,420.89,-14.4471,268.493,0.000192174,19.8997
1999.55,157.639,635.436,-21.4808,486.721,0.000192174,19.8995
1999.51,190.238,852.086,-28.5257,705.308,0.000192174,19.8992
1999.49,211.296,1053.08,-35.0236,906.882,0.000192173,19.899
1999.43,-235.023,-37.1136,173.942,96.6331,0.000192173,19.8985
1999.42,-319.881,-54.3441,237.197,198.876,0.000192173,19.8983
1999.4,-429.041,-79.5128,319.04,332.43,0.000192172,19.8982
1999.37,-640.002,-137.999,478.973,602.788,0.000192172,19.8979
1999.33,-847.699,-208.807,639.298,873.841,0.000192171,19.8975
1999.29,-1035.64,-284.866,787.441,1124.09,0.000192171,19.8971
1999.95,-187.353,146.66,-224.056,107.161,0.000192179,19.9033
1999.9,-258.042,196.756,-305.611,220.559,0.000192178,19.9029
1999.87,-351.328,258.862,-411.118,368.71,0.000192178,19.9026
1999.83,-539.235,371.221,-617.38,668.802,0.000192177,19.9022
1999.79,-734.742,471.621,-824.501,969.875,0.000192177,19.9018
1999.74,-920.811,553.013,-1015.88,1248.03,0.000192176,19.9014
1999.54,226.198,73.7945,178.145,97.4795,0.000192174,19.8995
1999.53,307.252,104.152,242.963,200.621,0.000192174,19.8993
1999.51,411.12,146.227,326.89,335.35,0.000192174,19.8992
1999.47,610.149,237.302,490.808,608.093,0.000192173,19.8988
1999.42,804.084,340.129,655.157,881.509,0.000192173,19.8983
1999.39,977.555,445.08,806.934,1133.94,0.000192172,19.898
1999.45,176.883,-159.22,-81.9441,82.49,0.000192173,19.8986
1999.44,243.259,-214.7,-111.653,169.764,0.000192173,19.8985
1999.43,330.824,-284.605,-150.128,283.744,0.000192173,19.8984
1999.4,506.703,-414.555,-225.211,514.397,0.000192172,19.8981
1999.37,689.203,-535.909,-300.46,745.475,0.000192172,19.8978
1999.34,862.831,-639.753,-369.921,958.625,0.000192172,19.8976
1999.59,-233.27,-46.9342,-59.9231,80.4531,0.000192174,19.8999
1999.58,-317.413,-67.0406,-81.6971,165.568,0.000192174,19.8998
1999.57,-425.799,-95.4698,-109.894,276.726,0.000192174,19.8997
1999.54,-635.132,-158.658,-164.903,501.66,0.000192174,19.8994
1999.51,-841.702,-232.076,-220.027,726.981,0.000192174,19.8992
1999.49,-1028.84,-308.55,-270.848,934.79,0.000192173,19.899
1999.57,213.279,-105.563,-114.701,86.6254,0.000192174,19.8998
1999.56,292.233,-140.907,-156.431,178.276,0.000192174,19.8997
1999.54,395.541,-184.254,-210.474,297.976,0.000192174,19.8995
1999.51,600.398,-260.89,-315.981,540.23,0.000192174,19.8992
1999.49,809.547,-326.957,-421.786,782.978,0.000192173,19.8989
1999.45,1005.29,-378.172,-519.39,1006.94,0.000192173,19.8986
1999.6,-18.7811,-237.209,132.161,89.2371,0.000192175,19.9001
1999.59,-22.1772,-323.707,180.216,183.654,0.000192174,19.9
1999.58,-23.8475,-435.696,242.403,306.977,0.000192174,19.8998
1999.54,-18.2565,-654.462,363.921,556.585,0.000192174,19.8995
1999.51,-0.913721,-873.071,485.707,806.738,0.000192174,19.8992
1999.48,25.4745,-1073.84,598.191,1037.59,0.000192173,19.8989
1998.64,53.7793,231.772,117.469,87.0156,0.000192163,19.8909
1998.63,70.0239,316.812,160.223,179.081,0.000192163,19.8908
1998.61,88.4292,427.304,215.55,299.329,0.000192163,19.8907
1998.58,115.82,644.313,323.585,542.695,0.000192163,19.8904
1998.55,131.855,863.073,431.903,786.554,0.000192163,19.8901
1998.52,136.488,1065.37,531.823,1011.55,0.000192162,19.8898
1999.5,218.395,94.5238,207.333,103.475,0.000192173,19.8991
1999.49,296.153,132.546,282.713,212.963,0.000192173,19.899
1999.47,395.39,184.585,380.296,355.989,0.000192173,19.8988
1999.44,584.3,295.223,570.986,645.601,0.000192173,19.8985
1999.41,766.595,417.815,762.345,936.059,0.000192172,19.8982
1999.37,927.917,540.959,939.133,1204.35,0.000192172,19.8979
1999.61,-85.6213,-221.975,-52.375,79.8815,0.000192175,19.9001
1999.58,-113.879,-303.771,-71.408,164.394,0.000192174,19.8998
1999.57,-148.133,-410.387,-96.0352,274.765,0.000192174,19.8997
1999.54,-207.464,-620.936,-144.15,498.107,0.000192174,19.8995
1999.52,-256.71,-834.448,-192.341,721.833,0.000192174,19.8993
1999.49,-293.021,-1033.41,-236.818,928.169,0.000192173,19.899
1999.53,58.9841,-230.531,126.603,88.3736,0.000192174,19.8994
1999.51,83.6667,-313.45,172.624,181.874,0.000192174,19.8992
1999.5,118.213,-420.03,232.229,303.996,0.000192173,19.899
1999.47,193.984,-625.318,348.681,551.181,0.000192173,19.8988
1999.43,280.731,-826.73,465.41,798.902,0.000192173,19.8984
1999.4,370.196,-1008.34,573.166,1027.48,0.000192172,19.8981
1998.77,224.214,-79.6124,128.031,88.6418,0.000192165,19.8922
1998.76,306.885,-105.371,174.719,182.424,0.000192165,19.8921
1998.74,414.614,-136.105,235.124,304.915,0.000192165,19.8919
1998.71,627.199,-187.625,353.102,552.842,0.000192164,19.8916
1998.68,842.842,-227.891,471.422,801.297,0.000192164,19.8913
1998.64,1043.42,-254.855,580.547,1030.54,0.000192164,19.8909
1999.42,-237.817,7.72825,160.617,94.141,0.000192173,19.8984
1999.41,-324.423,6.88339,219.093,193.752,0.000192172,19.8982
1999.39,-436.312,2.92034,294.692,323.865,0.000192172,19.8981
1999.33,-654.504,-14.1902,442.523,587.272,0.000192171,19.8975
1999.29,-871.943,-43.7067,590.755,851.322,0.000192171,19.8971
1999.26,-1070.97,-81.8467,727.633,1095.05,0.000192171,19.8968
1999.52,235.797,32.095,-83.2412,82.64,0.000192174,19.8993
1999.51,321.021,46.9117,-113.448,170.071,0.000192174,19.8992
1999.5,430.944,68.581,-152.573,284.257,0.000192173,19.8991
1999.47,643.759,118.892,-228.936,515.33,0.000192173,19.8988
1999.44,854.376,179.859,-305.484,746.825,0.000192173,19.8985
1999.41,1045.71,245.304,-376.077,960.358,0.000192172,19.8982
1999.92,2.78135,229.473,-401.184,2.52225,0.000192178,19.9031
1999.91,1.68158,255.186,-446.161,29.1412,0.000192178,19.903
1999.9,-2.70735,324.463,-567.492,167.852,0.000192178,19.9028
1999.86,-14.1725,436.121,-763.706,385.478,0.000192178,19.9025
1999.82,-35.0868,569.453,-999.611,656.042,0.000192177,19.9022
1999.63,24.0331,236.709,-15.7944,78.1909,0.000192175,19.9003
1999.61,29.8141,323.079,-21.5777,160.912,0.000192175,19.9001
1999.59,34.9027,434.984,-29.0673,268.943,0.000192174,19.9
1999.56,37.0942,653.616,-43.6946,487.541,0.000192174,19.8997
1999.54,29.0309,872.551,-58.3655,706.5,0.000192174,19.8994
1999.48,12.4927,1074.07,-71.9045,908.417,0.000192173,19.8989
1999.48,94.0389,218.599,-212.989,104.721,0.000192173,19.8989
1999.47,124.457,299.625,-290.455,215.535,0.000192173,19.8988
1999.45,160.842,405.649,-390.796,360.302,0.000192173,19.8987
1999.42,221.954,615.88,-586.809,653.451,0.000192172,19.8983
1999.38,269.88,830.308,-783.527,947.475,0.000192172,19.8979
1999.35,302.061,1030.75,-965.222,1219.04,0.000192172,19.8976
1999.57,-45.1238,233.602,17.5717,78.2309,0.000192174,19.8998
1999.56,-64.4747,317.933,23.9664,160.994,0.000192174,19.8997
1999.55,-91.8554,426.605,32.2361,269.078,0.000192174,19.8995
1999.51,-152.748,636.604,48.3625,487.782,0.000192174,19.8992
1999.48,-223.561,843.915,64.5119,706.846,0.000192173,19.8989
1999.46,-297.498,1032.11,79.4183,908.864,0.000192173,19.8987
1999.55,237.19,19.0253,-91.617,83.6046,0.000192174,19.8995
1999.53,323.148,29.1422,-124.944,172.056,0.000192174,19.8994
1999.52,434.043,44.7609,-168.071,287.577,0.000192174,19.8993
1999.49,649.284,83.4482,-252.323,521.371,0.000192173,19.899
1999.46,862.886,133.025,-336.793,755.604,0.000192173,19.8987
1999.43,1057.46,188.183,-414.655,971.656,0.000192173,19.8985
1999.52,-124.216,-202.974,44.7856,79.47,0.000192174,19.8993
1999.5,-166.548,-278.483,61.5246,163.545,0.000192173,19.8991
1999.49,-219.197,-377.352,83.1865,273.345,0.000192173,19.899
1999.46,-314.962,-573.931,125.475,495.526,0.000192173,19.8988
1999.44,-401.432,-775.273,167.86,718.089,0.000192173,19.8985
1999.42,-472.633,-964.572,206.985,923.347,0.000192173,19.8983
1999.5,131.416,-198.325,62.9871,80.7051,0.000192173,19.8991
1999.48,181.801,-268.753,85.9061,166.088,0.000192173,19.8989
1999.47,248.914,-358.347,115.528,277.594,0.000192173,19.8988
1999.44,386.363,-528.527,173.435,503.24,0.000192173,19.8986
1999.41,532.112,-692.122,231.434,729.283,0.000192172,19.8982
1999.38,673.507,-836.651,284.937,937.762,0.000192172,19.8979
1999.34,-123.719,203.301,-66.1443,80.9884,0.000192172,19.8975
1999.32,-171.306,275.532,-90.235,166.671,0.000192171,19.8974
1999.3,-234.971,367.679,-121.431,278.571,0.000192171,19.8972
1999.27,-365.769,542.906,-182.355,505.016,0.000192171,19.8969
1998.87,-505.302,712.002,-243.45,731.868,0.000192166,19.8931
1998.84,-641.149,861.737,-299.794,941.101,0.000192166,19.8929
1999.94,-14.3779,-203.432,305.497,8.94078,0.000192178,19.9032
1999.92,-15.2259,-237.472,356.483,61.655,0.000192178,19.9031
1999.91,-15.3714,-324.135,486.236,210.409,0.000192178,19.9029
1999.88,-11.2742,-436.24,654.184,404.83,0.000192178,19.9027
1999.84,10.7034,-654.62,982.854,799.021,0.000192177,19.9023
1999.83,14.6137,-680.919,1022.66,845.742,0.000192177,19.9022
1999.57,-237.69,11.9584,-81.6336,82.4728,0.000192174,19.8997
1999.56,-324.192,13.1441,-111.268,169.724,0.000192174,19.8996
1999.54,-436.14,12.1698,-149.616,283.673,0.000192174,19.8995
1999.51,-654.679,2.09952,-224.561,514.27,0.000192174,19.8992
1999.48,-872.842,-18.8164,-299.646,745.293,0.000192173,19.8989
1999.45,-1073.08,-47.6748,-368.94,958.382,0.000192173,19.8986
1999.47,237.704,11.0089,160.079,93.9937,0.000192173,19.8988
1999.45,323.895,18.6797,218.217,193.454,0.000192173,19.8986
1999.43,435.214,31.4735,293.518,323.375,0.000192173,19.8985
1999.4,651.408,65.7108,440.649,586.379,0.000192172,19.8982
1999.37,865.825,112.21,588.131,850.019,0.000192172,19.8979
1999.33,1061.25,165.812,724.311,1093.35,0.000192171,19.8975
1999.91,225.996,-39.8988,-401.124,2.59118,0.000192178,19.903
1999.9,251.601,-42.985,-446.175,29.2949,0.000192178,19.9029
1999.89,320.625,-49.8717,-567.349,167.945,0.000192178,19.9028
1999.86,432.668,-56.6478,-763.426,385.449,0.000192178,19.9025
1999.83,567.894,-57.6051,-999.64,656.401,0.000192177,19.9022
1999.02,159.882,-176.268,-74.8776,81.7946,0.000192168,19.8945
1999,220.313,-238.225,-102.126,168.33,0.000192168,19.8944
1998.98,300.266,-316.625,-137.384,281.347,0.000192167,19.8942
1998.95,461.974,-463.824,-206.247,510.054,0.000192167,19.8939
1998.92,631.165,-603.267,-275.29,739.175,0.000192167,19.8936
1998.87,793.099,-724.349,-338.954,950.507,0.000192166,19.8931
1999.55,95.4468,217.947,50.6312,79.7616,0.000192174,19.8995
1999.43,127.349,298.397,69.0375,164.147,0.000192173,19.8984
1999.41,166.365,403.369,92.8601,274.353,0.000192172,19.8982
1999.38,235.126,611.027,139.398,497.359,0.000192172,19.898
1999.31,293.978,822.087,186.035,720.752,0.000192171,19.8973
1999.29,339.256,1019.09,229.068,926.78,0.000192171,19.8971
1999.95,226.973,-71.4185,240.803,111.021,0.000192179,19.9033
1999.93,310.739,-93.2945,328.399,228.491,0.000192178,19.9032
1999.91,419.988,-118.323,441.799,381.96,0.000192178,19.903
1999.87,635.726,-156.431,663.483,692.778,0.000192178,19.9026
1999.82,854.31,-180.165,885.992,1004.65,0.000192177,19.9022
1999.79,1057.32,-189.068,1091.66,1292.9,0.000192177,19.9018
1999.48,135.134,195.825,-179.694,97.8139,0.000192173,19.8989
1999.47,181.152,269.178,-245.156,201.31,0.000192173,19.8988
1999.45,238.154,365.652,-329.864,336.499,0.000192173,19.8986
1999.41,341.034,558.807,-495.313,610.182,0.000192172,19.8982
1999.38,432.683,758.32,-661.314,884.585,0.000192172,19.8979
1999.34,506.764,947.064,-814.613,1137.94,0.000192172,19.8976
1999.47,-74.0377,-226.182,-25.5265,78.4659,0.000192173,19.8988
1999.46,-98.0306,-309.313,-34.782,161.476,0.000192173,19.8987
1999.45,-126.765,-417.509,-46.7557,269.884,0.000192173,19.8986
1999.42,-175.361,-630.783,-70.1543,489.246,0.000192172,19.8983
1999.38,-213.92,-846.457,-93.5895,708.973,0.000192172,19.898
1999.35,-240.442,-1046.82,-115.218,911.605,0.000192172,19.8977
1999.6,8.81956,237.782,-3.42532,78.0258,0.000192175,19.9001
1999.59,9.01157,324.316,-4.63117,160.572,0.000192175,19.9
1999.58,6.88361,436.275,-6.19071,268.374,0.000192174,19.8998
1999.54,-4.9801,654.634,-9.24543,486.505,0.000192174,19.8995
1999.52,-27.0934,872.651,-12.3067,704.996,0.000192174,19.8992
1999.49,-56.5193,1072.59,-15.126,906.481,0.000192173,19.899
1999.63,222.194,-85.1198,8.6645,78.0709,0.000192175,19.9003
1999.62,304.036,-113.219,11.8216,160.665,0.000192175,19.9002
1999.6,410.693,-147.328,15.9067,268.528,0.000192175,19.9001
1999.58,621.261,-206.545,23.898,486.786,0.000192174,19.8998
1999.54,834.712,-255.913,31.8844,705.403,0.000192174,19.8995
1999.51,1033.47,-292.525,39.24,907.007,0.000192174,19.8992
1999.65,-230.211,-60.1713,-5.54653,78.0396,0.000192175,19.9005
1999.64,-313.119,-84.951,-7.59054,160.601,0.000192175,19.9004
1999.62,-419.701,-119.295,-10.2404,268.422,0.000192175,19.9002
1999.59,-625.409,-193.646,-15.4164,486.591,0.000192174,19.8999
1999.56,-827.745,-277.647,-20.5944,705.117,0.000192174,19.8997
1999.52,-1010.71,-363.463,-25.3765,906.637,0.000192174,19.8993
1999.94,183.012,-152.093,-218.812,105.995,0.000192179,19.9033
1999.93,252.09,-204.216,-298.369,218.156,0.000192178,19.9032
1999.91,343.497,-269.138,-401.447,364.68,0.000192178,19.903
1999.87,527.88,-387.199,-602.751,661.38,0.000192178,19.9026
1998.65,720.16,-493.584,-804.779,958.987,0.000192164,19.8911
1998.61,903.559,-580.742,-991.414,1233.91,0.000192163,19.8907
1999.63,-174.065,-162.184,-19.9654,78.2942,0.000192175,19.9003
1999.62,-235.331,-223.417,-27.2537,161.125,0.000192175,19.9002
1999.6,-312.804,-304.218,-36.6706,269.297,0.000192175,19.9
1999.57,-458.44,-467.324,-55.0552,488.181,0.000192174,19.8998
1999.54,-596.585,-637.5,-73.4784,707.427,0.000192174,19.8995
1999.52,-716.74,-800.008,-90.4709,909.613,0.000192174,19.8993
1999.85,138.123,193.792,-232.254,109.032,0.000192177,19.9024
1999.83,184.897,266.641,-316.746,224.413,0.000192177,19.9022
1999.81,242.635,362.703,-426.125,375.145,0.000192177,19.9021
1999.77,346.045,555.73,-639.792,680.352,0.000192177,19.9016
1999.74,436.947,755.858,-854.275,986.551,0.000192176,19.9013
1999.7,509.133,945.82,-1052.6,1269.52,0.000192176,19.901
1999.52,-99.6831,-216.11,-175.213,96.8594,0.000192174,19.8993
1999.51,-132.471,-296.154,-238.845,199.351,0.000192174,19.8992
1999.48,-172.211,-400.967,-321.3,333.224,0.000192173,19.8989
1999.44,-240.708,-608.81,-482.286,604.239,0.000192173,19.8985
1999.4,-297.18,-820.963,-643.772,875.935,0.000192172,19.8982
1999.37,-338.282,-1019.49,-792.888,1126.77,0.000192172,19.8978
1999.61,-237.977,-0.86121,56.1756,80.1655,0.000192175,19.9001
1999.59,-324.436,-4.31971,76.6014,164.976,0.000192174,19.9
1999.58,-436.193,-11.2429,103.032,275.736,0.000192174,19.8998
1999.55,-653.895,-32.7067,154.673,499.867,0.000192174,19.8996
1999.52,-870.678,-64.6707,206.42,724.393,0.000192174,19.8993
1999.5,-1069.09,-103.394,254.16,931.469,0.000192173,19.8991
1999.62,216.504,98.6434,18.6799,78.2587,0.000192175,19.9002
1999.6,294.048,137.243,25.5015,161.052,0.000192175,19.9001
1999.59,393.196,189.263,34.3248,269.176,0.000192175,19.9
1999.56,583.068,297.657,51.5857,487.966,0.000192174,19.8997
1999.52,768.019,415.099,68.8921,707.119,0.000192174,19.8993
1999.49,933.644,531.089,84.853,909.218,0.000192173,19.899
1999.63,1.50515,237.923,37.3555,78.9766,0.000192175,19.9003
1999.62,-0.939586,324.472,50.9716,162.529,0.000192175,19.9002
1999.61,-6.49811,436.263,68.5783,271.646,0.000192175,19.9001
1999.57,-25.1639,654.203,102.987,492.443,0.000192174,19.8998
1999.54,-54.1794,871.369,137.451,713.612,0.000192174,19.8994
1999.51,-90.0435,1070.28,169.238,917.577,0.000192174,19.8992
1999.6,237.787,9.52676,-179.825,97.8106,0.000192175,19.9
1999.58,323.991,16.7585,-245.216,201.304,0.000192174,19.8999
1999.56,435.381,29.0969,-329.927,336.486,0.000192174,19.8996
1999.53,651.629,62.8299,-495.391,610.173,0.000192174,19.8993
1999.48,866.2,109.362,-661.422,884.594,0.000192173,19.8989
1999.44,1061.61,163.484,-814.737,1137.96,0.000192173,19.8985
1999.94,-173.58,-162.81,366.851,53.7771,0.000192178,19.9032
1999.92,-232.854,-226.001,500.353,205.557,0.000192178,19.903
1999.89,-306.341,-310.735,673.213,403.975,0.000192178,19.9028
1999.84,-439.095,-485.58,1011.62,806.308,0.000192177,19.9023
1999.83,-441.739,-489.4,1018.78,813.529,0.000192177,19.9022
1999.42,33.2412,235.648,43.9715,79.3447,0.000192173,19.8984
1999.41,42.2887,321.642,59.9788,163.287,0.000192172,19.8983
1999.38,51.5972,433.307,80.7194,272.912,0.000192172,19.898
1999.36,61.9104,651.768,121.204,494.741,0.000192172,19.8977
1999.32,61.8178,870.848,161.762,716.948,0.000192171,19.8973
1999.28,52.4961,1072.79,199.182,921.873,0.000192171,19.897
1999.95,119.899,158.003,273.635,15.5064,0.000192179,19.9034
1999.95,142.49,190.617,328.334,81.9835,0.000192179,19.9033
1999.93,190.144,262.913,447.723,222.686,0.000192178,19.9032
1999.9,248.436,358.736,602.37,406.57,0.000192178,19.9029
1999.85,350.948,552.684,904.847,779.235,0.000192177,19.9024
1999.82,390.067,638.197,1034.47,938.284,0.000192177,19.9022
1999.8,391.229,640.862,1038.48,943.086,0.000192177,19.902
1999.88,246.36,-82.0737,-491.109,8.44834,0.000192178,19.9027
1999.86,309.316,-97.9742,-613.859,126.344,0.000192178,19.9025
1999.83,419.242,-121.041,-826.229,357.578,0.000192177,19.9022
1999.69,503.722,-134.806,-988.053,539.394,0.000192176,19.9009
1999.62,-37.2811,235.036,-29.2517,78.6036,0.000192175,19.9002
1999.6,-53.7538,320.007,-39.8947,161.762,0.000192175,19.9001
1999.59,-77.4207,429.474,-53.6612,270.364,0.000192174,19.8999
1999.57,-131.185,641.395,-80.5248,490.114,0.000192174,19.8997
1999.43,-194.983,850.987,-107.453,710.231,0.000192173,19.8985
1999.41,-262.574,1041.56,-132.296,913.222,0.000192172,19.8982
1999.95,-97.5636,-217.045,-236.393,109.982,0.000192179,19.9033
1999.93,-129.175,-297.68,-322.417,226.365,0.000192178,19.9032
1999.91,-166.931,-403.171,-433.705,378.414,0.000192178,19.903
1999.86,-230.384,-612.842,-651.325,686.35,0.000192178,19.9025
1999.8,-280.007,-826.927,-869.679,995.327,0.000192177,19.9019
1999.75,-313.2,-1027.43,-1071.56,1280.82,0.000192176,19.9015
1999.62,-134.077,196.554,-50.7312,79.7743,0.000192175,19.9002
1999.61,-185.337,266.284,-69.1999,164.172,0.000192175,19.9001
1999.59,-253.607,355.056,-93.1034,274.395,0.000192175,19.9
1999.34,-393.12,523.538,-139.791,497.431,0.000192172,19.8976
1999.31,-540.772,685.428,-186.561,720.851,0.000192171,19.8973
1999.28,-683.723,828.344,-229.701,926.902,0.000192171,19.897
1998.9,232.608,-50.3543,124.443,88.0275,0.000192166,19.8934
1998.88,317.844,-65.2747,169.646,181.162,0.000192166,19.8932
1998.87,428.567,-81.9384,228.148,302.809,0.000192166,19.8931
1998.84,646.085,-105.845,342.514,549.025,0.000192166,19.8928
1998.81,865.008,-118.261,457.131,795.766,0.000192165,19.8925
1998.78,1067.47,-119.445,562.946,1023.43,0.000192165,19.8922
1999.46,-236.912,-22.305,-172.628,96.3828,0.000192173,19.8987
1999.44,-322.616,-34.1613,-235.364,198.362,0.000192173,19.8986
1999.43,-433.23,-52.4442,-316.668,331.574,0.000192173,19.8984
1999.4,-647.368,-97.537,-475.392,601.257,0.000192172,19.8981
1999.36,-859.182,-155.139,-634.601,871.618,0.000192172,19.8978
1999.32,-1051.48,-219.137,-781.578,1121.21,0.000192171,19.8974
1999.89,-175.221,87.9635,-273.639,11.7019,0.000192178,19.9028
1999.89,-213.493,105.122,-332.159,78.7029,0.000192178,19.9028
1999.86,-293.349,138.671,-453.014,220.515,0.000192178,19.9025
1999.84,-398.303,178.314,-609.551,405.849,0.000192177,19.9023
1999.79,-607.817,243.208,-915.606,781.486,0.000192177,19.9019
1999.78,-690.526,263.844,-1034.53,926.59,0.000192177,19.9017
1999.96,41.7581,-165.575,-209.811,1.6619,0.000192179,19.9034
1999.95,60.8117,-230.062,-292.432,94.3957,0.000192179,19.9033
1999.92,87.5086,-312.469,-398.87,225.244,0.000192178,19.9031
1999.9,125.634,-417.919,-536.649,396.22,0.000192178,19.9029
1999.85,211.608,-619.526,-806.015,742.662,0.000192177,19.9024
1999.81,306.66,-804.131,-1061.25,1070.6,0.000192177,19.902
1999.94,62.0879,158.868,209.844,1.31835,0.000192178,19.9032
1999.92,84.0794,222.607,292.796,94.1225,0.000192178,19.9031
1999.9,110.192,305.207,399.382,225.075,0.000192178,19.9029
1999.87,140.353,413.192,537.326,396.188,0.000192178,19.9026
1999.79,187.351,627.273,807.06,742.916,0.000192177,19.9019
1999.75,216.976,831.72,1061.25,1069.35,0.000192176,19.9015
1999.58,-237.735,-10.9613,166.833,95.3148,0.000192174,19.8998
1999.56,-323.963,-18.5107,227.569,196.164,0.000192174,19.8997
1999.55,-435.21,-31.167,306.137,327.895,0.000192174,19.8995
1999.51,-651.441,-65.3191,459.765,594.563,0.000192174,19.8992
1999.48,-865.862,-111.908,613.74,861.883,0.000192173,19.8989
1999.44,-1061.24,-165.81,755.956,1108.66,0.000192173,19.8986
1998.88,-137.774,193.979,50.9368,79.7854,0.000192166,19.8932
1998.87,-190.377,262.702,69.4583,164.195,0.000192166,19.8931
1998.86,-260.358,350.133,93.4311,274.432,0.000192166,19.893
1998.83,-403.144,515.855,140.263,497.504,0.000192166,19.8927
1998.81,-553.958,674.813,187.169,720.958,0.000192165,19.8925
1998.78,-699.727,814.867,230.435,927.045,0.000192165,19.8923
1999.5,190.883,-142.017,71.7372,81.4698,0.000192173,19.899
1999.48,262.134,-191.165,97.7687,167.662,0.000192173,19.8989
1999.47,355.714,-252.702,131.448,280.228,0.000192173,19.8988
1999.42,542.759,-366.012,197.22,508.022,0.000192173,19.8984
1999.39,735.655,-470.179,263.164,736.237,0.000192172,19.898
1999.36,917.889,-557.778,323.987,946.733,0.000192172,19.8977
1999.94,-45.6604,-233.51,-244.858,111.958,0.000192179,19.9033
1999.93,-58.0313,-319.233,-333.961,230.431,0.000192178,19.9032
1999.91,-70.6585,-430.635,-449.308,385.217,0.000192178,19.9029
1999.86,-84.234,-649.233,-674.681,698.723,0.000192178,19.9025
1999.79,-83.0568,-869.124,-900.959,1013.3,0.000192177,19.9018
1999.75,-69.3696,-1065.91,-1103.93,1295.42,0.000192176,19.9015
1999.61,-75.2122,-225.748,48.198,79.618,0.000192175,19.9001
1999.6,-99.6555,-308.777,65.8117,163.849,0.000192175,19.9
1999.58,-128.942,-416.877,88.6091,273.854,0.000192174,19.8999
1999.55,-178.456,-629.847,133.111,496.452,0.000192174,19.8996
1999.52,-217.827,-845.493,177.736,719.434,0.000192174,19.8993
1999.49,-244.96,-1045.8,218.88,925.078,0.000192173,19.899
1999.08,223.801,-80.7236,112.635,86.3511,0.000192169,19.8951
1999.07,306.361,-106.894,153.705,177.71,0.000192168,19.895
1999.06,413.851,-138.204,206.794,297.031,0.000192168,19.8949
1998.99,626.168,-191.128,310.542,538.51,0.000192168,19.8942
1998.95,841.362,-233.072,414.493,780.476,0.000192167,19.8939
1998.92,1041.73,-261.825,510.468,1003.72,0.000192167,19.8936
1999.47,-85.3154,222.138,196.614,101.223,0.000192173,19.8988
1999.46,-120.004,301.449,268.154,208.335,0.000192173,19.8987
1999.44,-167.728,402.855,360.794,348.264,0.000192173,19.8985
1999.4,-269.947,596.463,541.771,631.568,0.000192172,19.8982
1999.36,-384.053,784.031,723.246,915.652,0.000192172,19.8978
1999.33,-499.499,950.906,890.971,1178.01,0.000192171,19.8975
1999.94,70.6087,-227.258,239.413,110.677,0.000192179,19.9033
1999.93,100.323,-308.584,326.505,227.799,0.000192178,19.9031
1999.91,141.929,-412.643,439.237,380.816,0.000192178,19.9029
1999.87,233.355,-611.67,659.582,690.716,0.000192178,19.9026
1999.83,338.233,-804.88,880.781,1001.67,0.000192177,19.9022
1999.78,446.49,-976.955,1085.35,1289.07,0.000192177,19.9018
1999.53,4.70455,237.87,129.022,88.7461,0.000192174,19.8994
1999.51,2.99331,324.44,175.957,182.643,0.000192174,19.8992
1999.5,-1.93716,436.356,236.688,305.285,0.000192173,19.899
1999.46,-20.3539,654.324,355.297,553.517,0.000192173,19.8987
1999.43,-50.4284,871.627,474.247,802.277,0.000192173,19.8985
1999.4,-88.5301,1070.42,583.957,1031.81,0.000192172,19.8982
1999.9,-199.932,-129.043,294.943,93.2106,0.000192178,19.9029
1999.88,-270.007,-179.958,402.291,224.738,0.000192178,19.9027
1999.86,-358.426,-248.883,541.236,396.611,0.000192178,19.9025
1999.81,-523.458,-393.224,813.012,744.864,0.000192177,19.902
1999.77,-662.312,-533.267,1057.41,1057.92,0.000192176,19.9016
1999.58,91.915,219.432,22.1273,78.3594,0.000192174,19.8998
1999.57,122.616,300.423,30.2474,161.259,0.000192174,19.8997
1999.56,160.065,405.935,40.747,269.522,0.000192174,19.8996
1999.53,225.839,614.44,61.2507,488.588,0.000192174,19.8993
1999.5,281.87,826.343,81.8044,708.02,0.000192173,19.8991
1999.48,324.655,1023.86,100.748,910.375,0.000192173,19.8989
1999.66,191.064,-141.871,28.7537,78.5839,0.000192175,19.9006
1999.66,262.281,-190.976,39.1868,161.721,0.000192175,19.9006
1999.64,355.783,-252.542,52.6878,270.294,0.000192175,19.9004
1999.61,542.651,-366.241,79.0621,489.991,0.000192175,19.9001
1999.58,734.996,-471.152,105.485,710.056,0.000192174,19.8999
1999.56,916.732,-559.821,129.863,913.001,0.000192174,19.8996
1999.08,-167.492,-169.06,55.9122,80.1489,0.000192169,19.8952
1999.07,-226.169,-232.609,76.2658,164.943,0.000192169,19.895
1999.06,-300.331,-316.536,102.62,275.681,0.000192168,19.8949
1999.03,-439.144,-485.597,154.107,499.769,0.000192168,19.8947
1998.99,-569.881,-661.44,205.692,724.248,0.000192168,19.8943
1998.96,-682.858,-829.068,253.272,931.28,0.000192167,19.894
1999.51,-230.94,57.1715,20.6508,78.3069,0.000192174,19.8992
1999.5,-315.678,75.11,28.1389,161.152,0.000192173,19.8991
1999.49,-425.683,95.9567,37.8245,269.344,0.000192173,19.899
1999.46,-641.798,129.034,56.7416,488.266,0.000192173,19.8987
1999.44,-859.718,151.994,75.6957,707.55,0.000192173,19.8985
1999.42,-1061.51,164.055,93.1754,909.772,0.000192172,19.8983
1999.95,-51.6181,232.29,-236.758,110.075,0.000192179,19.9034
1999.94,-74.5131,315.816,-322.929,226.559,0.000192178,19.9032
1999.92,-107.352,422.935,-434.414,378.744,0.000192178,19.903
1999.88,-181.932,628.914,-652.424,686.956,0.000192178,19.9027
1999.84,-270.271,830.219,-871.179,996.166,0.000192177,19.9023
1999.79,-363.625,1010.69,-1073.37,1281.92,0.000192177,19.9019
1999.61,85.8898,221.925,120.785,87.494,0.000192175,19.9001
1999.6,113.956,303.804,164.708,180.062,0.000192175,19.9001
1999.59,147.735,410.581,221.538,300.963,0.000192174,19.8999
1999.55,205.375,621.582,332.527,545.651,0.000192174,19.8996
1999.53,252,835.92,443.827,790.844,0.000192174,19.8993
1999.5,284.971,1035.57,546.507,1017.08,0.000192173,19.8991
1999.56,-226.039,74.3724,-121.354,87.5551,0.000192174,19.8996
1999.54,-309.257,98.166,-165.42,180.187,0.000192174,19.8995
1999.53,-417.636,126.378,-222.437,301.171,0.000192174,19.8994
1999.48,-631.422,173.059,-333.858,546.034,0.000192173,19.8989
1999.44,-847.801,208.508,-445.502,791.407,0.000192173,19.8985
1999.33,-1048.99,231.074,-548.597,1017.81,0.000192171,19.8975
1999.62,-157.362,178.464,-36.58,78.936,0.000192175,19.9002
1999.61,-216.846,241.382,-49.9023,162.445,0.000192175,19.9001
1999.59,-295.467,321.052,-67.1331,271.507,0.000192175,19.9
1999.55,-454.584,471.147,-100.809,492.193,0.000192174,19.8996
1999.53,-620.916,613.757,-134.548,713.253,0.000192174,19.8994
1999.51,-780.234,738.219,-165.683,917.12,0.000192174,19.8992
1999.92,237.401,16.4439,-272.951,103.903,0.000192178,19.903
1999.87,323.376,26.9744,-372.284,229.564,0.000192178,19.9026
1999.85,434.147,44.1975,-500.85,393.757,0.000192177,19.9024
1999.81,648.549,89.4963,-752.179,726.364,0.000192177,19.902
1999.76,860.058,150.236,-1004.54,1060.22,0.000192176,19.9015
1999.74,919.898,170.449,-1076.95,1155.33,0.000192176,19.9013
1999.02,-27.4829,-236.372,-90.6795,83.4989,0.000192168,19.8946
1999,-34.2681,-322.662,-123.679,171.838,0.000192168,19.8944
1998.95,-40.5091,-434.485,-166.38,287.212,0.000192167,19.8939
1998.92,-44.4035,-653.139,-249.769,520.699,0.000192167,19.8936
1998.89,-37.3066,-872.277,-333.404,754.638,0.000192166,19.8933
1998.86,-21.0048,-1073.89,-410.572,970.442,0.000192166,19.893
1999.93,-212.576,-106.974,-221.771,106.663,0.000192178,19.9032
1999.92,-287.995,-149.505,-302.46,219.529,0.000192178,19.903
1999.89,-383.925,-207.344,-406.867,366.985,0.000192178,19.9028
1999.85,-565.799,-329.381,-611.065,665.609,0.000192178,19.9024
1999.81,-740.054,-463.273,-815.969,965.173,0.000192177,19.902
1999.78,-893.11,-596.727,-1005.33,1241.95,0.000192177,19.9017
1999.94,-104.782,213.639,-237.016,110.132,0.000192179,19.9033
1999.92,-146.678,289.436,-323.265,226.67,0.000192178,19.9031
1999.89,-203.794,385.824,-434.84,378.917,0.000192178,19.9028
1999.84,-324.752,568.47,-653.035,687.261,0.000192177,19.9023
1999.81,-457.993,743.332,-871.946,996.581,0.000192177,19.902
1999.74,-591.158,896.771,-1074.26,1282.44,0.000192176,19.9013
1999.6,93.0602,218.971,79.0751,82.224,0.000192175,19.9001
1999.59,124.005,299.769,107.856,169.212,0.000192174,19.8999
1999.57,161.735,405.284,145.128,282.818,0.000192174,19.8998
1999.54,227.613,613.8,217.833,512.708,0.000192174,19.8995
1999.52,283.258,825.874,290.723,743.016,0.000192174,19.8993
1999.49,325.235,1023.68,357.953,955.453,0.000192173,19.899
1999.87,87.582,-277.348,581.048,17.0587,0.000192178,19.9026
1999.86,100.188,-308.608,648.316,78.6128,0.000192178,19.9025
1999.8,145.818,-411.28,872.579,320.046,0.000192177,19.902
1999.78,169.669,-459.667,980.241,439.08,0.000192177,19.9018
1999.04,-192.259,-140.201,141.923,90.8589,0.000192168,19.8947
1999.02,-260.102,-193.994,193.583,186.987,0.000192168,19.8945
1999,-346.128,-265.737,260.421,312.545,0.000192168,19.8944
1998.97,-508.232,-412.641,390.965,566.684,0.000192167,19.8941
1998.94,-662.526,-568.64,521.914,821.402,0.000192167,19.8938
1998.91,-797.143,-719.858,642.746,1056.48,0.000192167,19.8935
1999.45,-88.7129,220.817,195.873,101.091,0.000192173,19.8987
1999.44,-124.604,299.598,267.175,208.055,0.000192173,19.8985
1999.4,-173.849,400.229,359.412,347.757,0.000192172,19.8981
1999.31,-278.997,592.249,539.644,630.593,0.000192171,19.8973
1999.28,-395.968,778.161,720.439,914.188,0.000192171,19.897
1999.24,-513.873,943.254,887.4,1176.08,0.00019217,19.8966
1999.49,65.762,-228.658,37.6625,78.9868,0.000192173,19.899
1999.48,92.6428,-310.972,51.3418,162.55,0.000192173,19.8989
1999.46,129.677,-416.601,69.0323,271.683,0.000192173,19.8987
1999.44,209.389,-620.297,103.599,492.512,0.000192173,19.8985
1999.41,298.823,-820.317,138.202,713.711,0.000192172,19.8982
1999.38,389.65,-1000.89,170.131,917.707,0.000192172,19.898
1999.46,-233.82,-44.342,191.112,100.12,0.000192173,19.8987
1999.45,-318.035,-64.2203,260.681,206.057,0.000192173,19.8986
1999.43,-426.328,-92.913,350.756,344.441,0.000192173,19.8984
1999.4,-635.218,-158.543,526.846,624.63,0.000192172,19.8981
1999.36,-840.315,-236.814,703.407,905.589,0.000192172,19.8978
1999.34,-1025.31,-320,866.557,1165.05,0.000192172,19.8975
1999.55,-6.80657,237.855,114.975,86.639,0.000192174,19.8996
1999.54,-12.6055,324.184,156.744,178.301,0.000192174,19.8995
1999.53,-22.7439,435.755,210.828,298.017,0.000192174,19.8994
1999.49,-51.0557,652.635,316.41,540.301,0.000192173,19.899
1999.47,-90.7024,868.353,422.287,783.077,0.000192173,19.8988
1999.44,-137.178,1065.27,519.97,1007.07,0.000192173,19.8985
1999.56,223.511,81.5204,20.0683,78.2918,0.000192174,19.8996
1999.54,303.795,114.038,27.3242,161.12,0.000192174,19.8995
1999.53,406.654,158.271,36.7,269.289,0.000192174,19.8993
1999.48,604.315,251.719,55.0058,488.167,0.000192173,19.8989
1999.43,797.854,354.611,73.3621,707.408,0.000192173,19.8984
1999.39,971.842,457.444,90.2821,909.587,0.000192172,19.898
1999.56,229.081,64.3567,-208.037,103.724,0.000192174,19.8997
1999.54,311.243,91.6317,-283.847,213.475,0.000192174,19.8995
1999.52,416.604,129.934,-382.028,356.851,0.000192174,19.8993
1999.47,618.626,214.305,-573.786,647.163,0.000192173,19.8988
1999.43,815.663,311.429,-766.165,938.304,0.000192173,19.8984
1999.36,991.992,411.938,-943.91,1207.23,0.000192172,19.8978
1999.56,165.586,170.855,37.2491,78.9683,0.000192174,19.8997
1999.55,223.634,235.099,50.803,162.512,0.000192174,19.8996
1999.54,296.874,319.742,68.3243,271.617,0.000192174,19.8994
1999.5,433.989,490.174,102.582,492.394,0.000192173,19.8991
1999.47,563.098,667.19,136.894,713.542,0.000192173,19.8988
1999.44,674.624,835.758,168.533,917.489,0.000192173,19.8985
1999.59,227.464,69.7205,63.4857,80.7427,0.000192175,19.9
1999.59,309.292,98.0521,86.5653,166.165,0.000192174,19.8999
1999.57,414.24,136.995,116.404,277.726,0.000192174,19.8998
1999.53,616.414,220.544,174.728,503.481,0.000192174,19.8993
1999.45,814.642,313.949,233.16,729.637,0.000192173,19.8987
1999.43,993.39,408.608,287.075,938.218,0.000192173,19.8984
1999.52,-23.5517,-236.813,44.2357,79.3479,0.000192174,19.8993
1999.51,-29.0013,-323.11,60.2602,163.295,0.000192173,19.8991
1999.49,-33.6423,-435.027,81.0198,272.926,0.000192173,19.899
1999.46,-34.8272,-653.774,121.562,494.769,0.000192173,19.8987
1999.41,-25.5841,-872.691,162.162,716.987,0.000192172,19.8982
1999.37,-7.82317,-1074.04,199.625,921.927,0.000192172,19.8978
1999.6,-214.336,103.301,13.9642,78.1501,0.000192175,19.9
1999.58,-293.561,138.093,18.9809,160.828,0.000192174,19.8999
1999.57,-397.079,180.961,25.4806,268.802,0.000192174,19.8997
1999.53,-601.941,257.429,38.1712,487.282,0.000192174,19.8994
1999.5,-810.582,324.344,50.8869,706.123,0.000192173,19.8991
1999.48,-1005.59,377.319,62.6215,907.934,0.000192173,19.8989
1999.36,-175.962,-160.175,-104.903,85.2596,0.000192172,19.8977
1999.33,-237.768,-220.783,-143.057,175.465,0.000192171,19.8975
1999.31,-315.896,-301.034,-192.443,293.286,0.000192171,19.8973
1999.29,-462.282,-463.521,-288.877,531.729,0.000192171,19.8971
1999.26,-600.541,-633.752,-385.572,770.64,0.000192171,19.8968
1999.21,-720.18,-796.868,-474.802,991.064,0.00019217,19.8964
1999.6,156.428,-179.369,23.4662,78.4097,0.000192175,19.9001
1999.59,215.587,-242.497,32.1233,161.362,0.000192174,19.8999
1999.58,293.863,-322.531,43.3285,269.695,0.000192174,19.8998
1999.55,452.202,-473.326,65.2143,488.904,0.000192174,19.8996
1999.52,617.853,-616.872,87.1428,708.474,0.000192174,19.8993
1999.49,776.43,-742.178,107.381,910.962,0.000192173,19.899
1999.56,165.247,171.224,32.4509,78.7319,0.000192174,19.8996
1999.54,223.101,235.526,44.1742,162.025,0.000192174,19.8995
1999.53,296.229,320.394,59.3594,270.803,0.000192174,19.8993
1999.06,432.97,491.015,88.9905,490.913,0.000192168,19.8949
1998.7,561.854,668.255,118.651,711.38,0.000192164,19.8915
1998.68,673.184,836.989,145.993,914.696,0.000192164,19.8913
1999.63,235.487,-34.0317,-36.4975,78.9342,0.000192175,19.9003
1999.62,321.561,-43.4291,-49.8128,162.443,0.000192175,19.9003
1999.61,433.125,-53.1966,-67.0317,271.501,0.000192175,19.9001
1999.58,651.513,-64.4785,-100.662,492.181,0.000192174,19.8999
1999.56,870.609,-65.3995,-134.351,713.233,0.000192174,19.8996
1999.53,1072.54,-57.0302,-165.427,917.091,0.000192174,19.8994
1999.96,-119.121,205.978,-230.387,108.617,0.000192179,19.9034
1999.94,-166.068,278.734,-314.234,223.561,0.000192178,19.9032
1999.9,-229.61,371.082,-422.77,373.716,0.000192178,19.9029
1999.84,-362.498,545.194,-634.851,677.79,0.000192177,19.9023
1999.8,-506.941,710.845,-847.715,982.872,0.000192177,19.9019
1999.76,-649.834,855.279,-1044.5,1264.78,0.000192176,19.9015
1999.59,-226.517,72.8519,-132.584,89.3023,0.000192175,19.9
1999.58,-309.931,95.9951,-180.777,183.785,0.000192174,19.8999
1999.56,-418.55,123.313,-243.122,307.184,0.000192174,19.8996
1999.52,-632.764,168.075,-364.95,556.945,0.000192174,19.8993
1999.48,-849.52,201.375,-487.036,807.246,0.000192173,19.8989
1999.45,-1050.99,221.759,-599.757,1038.21,0.000192173,19.8986
1999.45,108.814,211.637,90.2641,83.4349,0.000192173,19.8986
1999.44,145.558,290.008,123.07,171.707,0.000192173,19.8985
1999.42,190.786,392.467,165.515,286.99,0.000192173,19.8984
1999.37,271.478,595.722,248.377,520.283,0.000192172,19.8979
1999.26,342.066,803.222,331.343,753.986,0.000192171,19.8968
1999.21,397.802,997.735,407.96,969.589,0.00019217,19.8964
1999.6,-84.3402,-222.545,26.1898,78.4708,0.000192175,19.9001
1999.59,-112.325,-304.399,35.5647,161.488,0.000192174,19.8999
1999.58,-146.273,-411.079,47.6947,269.905,0.000192174,19.8998
1999.55,-205.128,-621.738,71.4096,489.287,0.000192174,19.8996
1999.52,-254.064,-835.284,95.1742,709.037,0.000192174,19.8993
1999.49,-290.229,-1034.12,117.086,911.689,0.000192173,19.899
1999.93,202.016,51.9067,-305.513,17.0217,0.000192178,19.9032
1999.93,230.175,60.507,-348.639,68.9434,0.000192178,19.9031
1999.79,312.427,87.6224,-475.52,215.49,0.000192177,19.9019
1999.77,417.569,126.726,-639.877,407.032,0.000192177,19.9017
1999.72,618.02,215.982,-961.437,795.354,0.000192176,19.9012
1999.71,657.729,236.099,-1026.65,873.059,0.000192176,19.9011
1999.59,-203.047,-124.136,102.004,84.9047,0.000192174,19.8999
1999.58,-275.051,-172.057,139.123,174.732,0.000192174,19.8999
1999.57,-366.851,-236.261,187.193,292.047,0.000192174,19.8997
1999.54,-541.113,-368.421,281.034,529.464,0.000192174,19.8995
1999.51,-708.875,-509.672,375.101,767.331,0.000192174,19.8992
1999.48,-857.045,-647.387,461.843,986.762,0.000192173,19.8989
1999.4,229.009,-64.5859,142.328,90.9248,0.000192172,19.8982
1999.39,313.26,-84.55,194.122,187.123,0.000192172,19.8981
1999.37,422.864,-107.685,261.127,312.769,0.000192172,19.8979
1999.34,638.615,-144.004,391.981,567.075,0.000192172,19.8975
1999.28,856.656,-168.562,523.193,821.94,0.000192171,19.897
1999.25,1058.86,-180.574,644.307,1057.15,0.000192171,19.8967
1999.56,235.387,34.8159,-151.768,92.4858,0.000192174,19.8996
1999.54,320.46,50.9871,-206.874,190.336,0.000192174,19.8995
1999.53,429.956,74.6833,-278.162,318.142,0.000192174,19.8994
1999.5,641.668,129.859,-417.405,576.849,0.000192173,19.8991
1999.46,850.626,196.878,-557.054,836.146,0.000192173,19.8987
1999.44,1039.87,268.951,-685.929,1075.47,0.000192173,19.8985
1999.63,-52.8938,231.981,-70.0485,81.3375,0.000192175,19.9003
1999.62,-75.1593,315.633,-95.5644,167.39,0.000192175,19.9002
1999.61,-106.355,423.208,-128.577,279.772,0.000192175,19.9001
1999.57,-174.948,630.836,-193.026,507.189,0.000192174,19.8998
1999.54,-253.779,835.409,-257.622,735.006,0.000192174,19.8995
1999.52,-335.27,1020.44,-317.204,945.135,0.000192174,19.8993
1998.99,187.443,146.584,141.617,90.8291,0.000192168,19.8943
1998.98,253.426,202.644,193.218,186.929,0.000192167,19.8941
1998.97,336.968,277.27,259.976,312.448,0.000192167,19.894
1998.94,493.975,429.613,390.376,566.517,0.000192167,19.8938
1998.9,642.867,590.782,521.169,821.158,0.000192167,19.8934
1998.87,772.236,746.525,641.848,1056.16,0.000192166,19.8932
1999.96,-54.7826,-231.542,-227.282,107.909,0.000192179,19.9034
1999.94,-70.6618,-316.687,-310.014,222.096,0.000192178,19.9033
1999.92,-87.9674,-427.435,-417.078,371.268,0.000192178,19.903
1999.88,-111.186,-645.195,-626.228,673.317,0.000192178,19.9027
1999.85,-120.283,-864.787,-836.104,976.303,0.000192177,19.9024
1999.81,-115.986,-1067.85,-1030.07,1256.27,0.000192177,19.902
1999.46,-200.047,128.88,-109.275,85.8719,0.000192173,19.8987
1999.45,-274.498,172.989,-149.063,176.723,0.000192173,19.8986
1999.44,-372.142,227.797,-200.541,295.377,0.000192173,19.8985
1999.41,-566.967,327.382,-301.12,535.507,0.000192172,19.8982
1999.32,-767.049,416.97,-401.913,776.124,0.000192171,19.8974
1999.29,-955.643,490.428,-494.972,998.114,0.000192171,19.8971
1999.94,218.044,95.3096,246.726,112.397,0.000192178,19.9032
1999.93,295.557,133.917,336.487,231.333,0.000192178,19.9031
1999.91,394.323,186.945,452.688,386.722,0.000192178,19.903
1999.87,581.745,300.229,679.736,701.452,0.000192178,19.9026
1999.83,761.847,426.432,907.739,1017.26,0.000192177,19.9022
1999.79,909.693,544.584,1103.91,1288.93,0.000192177,19.9018
1999.6,188.273,145.493,156.319,93.3763,0.000192175,19.9
1999.57,254.51,201.215,213.226,192.174,0.000192174,19.8997
1999.55,338.407,275.528,286.912,321.22,0.000192174,19.8995
1999.52,495.918,427.386,430.783,582.444,0.000192174,19.8992
1999.48,645.125,588.324,575.104,844.291,0.000192173,19.8989
1999.45,774.615,744.056,708.297,1085.98,0.000192173,19.8987
1999.48,109.552,-211.285,-139.336,90.4134,0.000192173,19.8989
1999.47,152.442,-286.42,-189.978,186.067,0.000192173,19.8988
1999.45,210.369,-382.32,-255.56,311.003,0.000192173,19.8986
1999.43,331.062,-564.767,-383.601,563.873,0.000192173,19.8984
1999.39,461.896,-740.913,-512.018,817.3,0.000192172,19.8981
1999.37,590.94,-896.905,-630.496,1051.17,0.000192172,19.8978
1999.96,118.45,125.726,209.852,4.70867,0.000192179,19.9034
1999.93,161.267,174.987,289.155,96.822,0.000192178,19.9031
1999.91,216.377,241.77,394.368,226.798,0.000192178,19.9029
1999.89,284.834,330.612,530.666,396.645,0.000192178,19.9027
1999.84,408.745,511.421,797.104,740.787,0.000192177,19.9023
1999.79,518.083,699.184,1061.23,1081.79,0.000192177,19.9019
1999.62,209.01,113.651,71.9389,81.5283,0.000192175,19.9002
1999.61,283.503,157.727,98.2093,167.788,0.000192175,19.9001
1999.6,378.602,216.884,132.202,280.443,0.000192175,19.9
1999.56,559.956,339.23,198.615,508.417,0.000192174,19.8997
1999.54,735.436,470.557,265.158,736.803,0.000192174,19.8994
1999.51,891.414,599.156,326.548,947.459,0.000192174,19.8992
1999.51,-223.38,82.0962,183.525,98.503,0.000192174,19.8992
1999.5,-305.789,108.423,250.182,202.724,0.000192173,19.8991
1999.48,-413.445,139.649,336.556,338.868,0.000192173,19.8989
1999.43,-626.15,191.168,505.228,614.501,0.000192173,19.8985
1999.4,-842.228,230.144,674.51,890.897,0.000192172,19.8982
1999.36,-1043.51,254.714,830.859,1146.11,0.000192172,19.8978
1999.6,101.675,-215.12,10.3932,78.0899,0.000192175,19.9001
1999.59,141.289,-292.048,14.1481,160.704,0.000192175,19.9
1999.58,194.661,-390.484,19.0035,268.595,0.000192174,19.8998
1999.55,305.619,-578.926,28.4904,486.906,0.000192174,19.8995
1999.52,425.513,-762.344,37.9732,705.576,0.000192174,19.8993
1999.49,543.617,-926.369,46.7127,907.227,0.000192173,19.899
1999.63,-154.878,-180.656,-32.1884,78.7328,0.000192175,19.9003
1999.61,-208.785,-248.304,-43.9117,162.028,0.000192175,19.9002
1999.6,-276.719,-337.405,-59.0994,270.809,0.000192175,19.9
1999.57,-403.005,-515.892,-88.7514,490.927,0.000192174,19.8998
1999.55,-521.011,-700.617,-118.462,711.412,0.000192174,19.8995
1999.52,-621.975,-875.712,-145.866,914.746,0.000192174,19.8993
1999.57,-231.144,-56.4321,156.655,93.4292,0.000192174,19.8997
1999.55,-314.292,-80.492,213.659,192.279,0.000192174,19.8996
1999.47,-421.141,-114.378,287.478,321.393,0.000192173,19.8988
1999.44,-626.706,-189.317,431.6,582.761,0.000192173,19.8985
1999.41,-828.343,-275.937,576.165,844.755,0.000192172,19.8982
1999.37,-1009.86,-365.81,709.59,1086.58,0.000192172,19.8979
1999.62,215.516,-100.803,-15.9945,78.1923,0.000192175,19.9002
1999.61,295.111,-134.731,-21.7914,160.915,0.000192175,19.9001
1999.6,399.117,-176.473,-29.2984,268.947,0.000192175,19.9
1999.58,604.774,-250.675,-43.9532,487.547,0.000192174,19.8998
1999.55,814.118,-315.275,-58.6514,706.509,0.000192174,19.8995
1999.5,1009.82,-366.11,-72.2107,908.432,0.000192173,19.8991
1999.63,-207.249,-116.943,-95.1043,84.2831,0.000192175,19.9004
1999.62,-281.277,-161.696,-130.49,173.45,0.000192175,19.9003
1999.61,-375.794,-221.839,-176.315,289.903,0.000192175,19.9001
1999.58,-555.647,-346.187,-265.762,525.576,0.000192174,19.8999
1999.55,-729.38,-479.773,-355.422,761.704,0.000192174,19.8995
1999.52,-883.553,-610.784,-438.185,979.531,0.000192174,19.8992
1999.95,-4.55029,237.911,-267.197,102.667,0.000192179,19.9034
1999.93,-10.7117,324.257,-364.389,226.834,0.000192178,19.9032
1999.91,-22.2551,435.798,-490.292,389.067,0.000192178,19.903
1999.87,-56.3926,652.232,-736.308,717.688,0.000192178,19.9026
1999.83,-105.958,866.649,-983.395,1047.54,0.000192177,19.9022
1999.81,-129.676,950.218,-1080.9,1177.18,0.000192177,19.902
1999.93,-46.2347,-218.149,-369.239,8.78663,0.000192178,19.9031
1999.92,-48.616,-232.942,-394.036,27.6613,0.000192178,19.9031
1999.89,-60.5893,-318.791,-537.48,187.449,0.000192178,19.9028
1999.87,-71.5179,-430.479,-723.192,396.336,0.000192178,19.9026
1999.83,-78.207,-601.96,-1007.21,727.069,0.000192177,19.9022
1999.83,-201.949,45.7821,-305.509,14.4265,0.000192177,19.9022
1999.81,-232.381,51.2522,-351.13,66.6079,0.000192177,19.902
1999.78,-317.96,64.6667,-478.951,213.875,0.000192177,19.9018
1999.21,-429.356,77.8287,-644.429,406.322,0.00019217,19.8963
1999.15,-648.487,89.7792,-968.147,796.405,0.000192169,19.8958
1999.14,-685.452,89.9839,-1022.67,861.068,0.000192169,19.8957
1998.51,-688.152,89.9754,-1026.64,863.892,0.000192162,19.8897
1999.58,25.2291,-236.635,-114.77,86.6028,0.000192174,19.8998
1999.56,37.7618,-322.229,-156.441,178.229,0.000192174,19.8997
1999.55,56.5955,-432.67,-210.402,297.896,0.000192174,19.8995
1999.52,101.794,-646.674,-315.734,540.076,0.000192174,19.8993
1999.49,158.21,-858.627,-421.346,782.742,0.000192173,19.899
1999.41,219.966,-1051.31,-518.748,1006.62,0.000192172,19.8983
1999.94,6.297,-190.978,-273.605,3.24279,0.000192179,19.9033
1999.93,9.91237,-237.769,-340.795,71.4057,0.000192178,19.9032
1999.89,18.7396,-323.93,-464.779,215.663,0.000192178,19.9027
1999.86,34.3221,-435.023,-625.363,404.203,0.000192178,19.9025
1999.79,78.2117,-650.008,-939.615,786.481,0.000192177,19.9019
1999.78,94.1822,-711.472,-1030.56,896.249,0.000192177,19.9017
1999.63,17.9089,-237.313,-95.8174,84.1004,0.000192175,19.9003
1999.61,27.5891,-323.296,-130.638,173.076,0.000192175,19.9001
1999.6,42.6602,-434.243,-175.689,289.279,0.000192175,19.9
1999.57,80.3398,-649.729,-263.715,524.443,0.000192174,19.8997
1999.52,128.929,-863.495,-351.922,760.054,0.000192174,19.8993
1999.49,183.26,-1058.31,-433.311,977.404,0.000192173,19.899
1999.14,201.359,126.877,187.119,99.2055,0.000192169,19.8957
1999.13,272.393,176.26,255.033,204.17,0.000192169,19.8955
1999.11,362.642,242.682,343.001,341.281,0.000192169,19.8954
1999.08,532.952,380.28,514.903,618.876,0.000192169,19.8951
1999.04,695.174,528.172,687.252,897.212,0.000192168,19.8947
1999,836.963,673.187,846.501,1154.24,0.000192168,19.8944
1999.65,-18.2955,-237.268,-51.2621,79.8065,0.000192175,19.9005
1999.64,-21.8873,-323.689,-69.8866,164.238,0.000192175,19.9004
1999.63,-24.1129,-435.654,-94.0012,274.503,0.000192175,19.9003
1999.6,-20.5525,-654.372,-141.104,497.629,0.000192175,19.9
1999.57,-6.48922,-873.036,-188.292,721.14,0.000192174,19.8997
1999.53,15.7516,-1074,-231.779,927.263,0.000192174,19.8994
1999.56,67.1754,-228.251,-13.7154,78.1485,0.000192174,19.8997
1999.55,94.461,-310.363,-18.7269,160.825,0.000192174,19.8996
1999.54,132.004,-415.853,-25.2114,268.795,0.000192174,19.8995
1999.51,212.586,-619.175,-37.8701,487.27,0.000192173,19.8991
1999.47,302.78,-818.858,-50.5479,706.105,0.000192173,19.8988
1999.44,394.188,-999.102,-62.249,907.91,0.000192173,19.8985
1999.64,230.056,60.7221,12.0456,78.1168,0.000192175,19.9004
1999.61,312.901,85.7,16.3981,160.759,0.000192175,19.9002
1999.6,419.409,120.255,22.0446,268.686,0.000192175,19.9
1999.5,624.955,195.047,33.0878,487.071,0.000192173,19.8991
1999.47,827.098,279.512,44.1639,705.815,0.000192173,19.8988
1999.45,1009.87,365.744,54.3768,907.536,0.000192173,19.8986
1999.94,-34.9808,235.351,274.604,104.263,0.000192179,19.9033
1999.93,-52.2276,320.253,374.578,230.37,0.000192178,19.9032
1999.87,-78.0821,429.305,503.931,395.158,0.000192178,19.9026
1999.82,-140.079,639.53,756.972,729.02,0.000192177,19.9022
1999.78,-217.287,845.608,1011,1064.14,0.000192177,19.9017
1999.77,-238.386,895.058,1073.04,1145.21,0.000192177,19.9016
1999.53,34.8907,235.344,39.3048,79.0726,0.000192174,19.8994
1999.52,44.6119,321.375,53.5896,162.727,0.000192174,19.8993
1999.51,54.7801,432.877,72.0618,271.976,0.000192174,19.8992
1999.48,66.8345,651.244,108.153,493.043,0.000192173,19.8989
1999.43,68.5147,870.375,144.305,714.482,0.000192173,19.8984
1999.38,60.8534,1072.41,177.698,918.704,0.000192172,19.8979
1999.5,-236.091,-30.0027,102.199,84.8828,0.000192173,19.899
1999.48,-321.417,-44.162,139.26,174.687,0.000192173,19.8989
1999.44,-431.475,-65.0469,187.278,291.982,0.000192173,19.8985
1999.41,-644.614,-114.073,281.058,529.372,0.000192172,19.8982
1999.37,-855.516,-174.06,375.081,767.228,0.000192172,19.8978
1999.34,-1047.17,-238.904,461.843,986.661,0.000192172,19.8976
1999.43,229.354,63.3246,-127.795,88.5791,0.000192173,19.8984
1999.42,311.83,89.7204,-174.333,182.296,0.000192172,19.8983
1999.4,417.678,126.432,-234.545,304.701,0.000192172,19.8981
1999.37,621.306,206.349,-352.115,552.441,0.000192172,19.8978
1999.33,820.889,297.195,-469.997,800.719,0.000192171,19.8975
1999.3,1000.65,390.389,-578.862,1029.82,0.000192171,19.8972
1999.57,197.463,-132.808,141.053,90.668,0.000192174,19.8997
1999.45,271.106,-178.19,192.253,186.593,0.000192173,19.8986
1999.43,367.887,-234.604,258.55,311.88,0.000192173,19.8985
1999.4,561.342,-336.939,388.104,565.482,0.000192172,19.8981
1999.37,760.483,-428.779,517.938,819.658,0.000192172,19.8978
1999.32,948.633,-503.862,637.898,1054.24,0.000192171,19.8974
1999.54,133.793,-196.83,-149.012,92.016,0.000192174,19.8994
1999.52,185.291,-266.368,-203.108,189.372,0.000192174,19.8993
1999.51,254.209,-354.714,-273.163,316.536,0.000192174,19.8992
1999.48,395.86,-521.444,-409.956,573.934,0.000192173,19.8989
1999.45,546.909,-680.499,-547.145,831.944,0.000192173,19.8986
1999.42,694.018,-819.772,-673.807,1070.05,0.000192173,19.8983
1999.94,-93.7995,218.725,-245.441,112.098,0.000192179,19.9033
1999.93,-131.825,296.459,-334.693,230.727,0.000192178,19.9031
1999.9,-184.138,395.617,-450.326,385.714,0.000192178,19.9029
1999.86,-296.044,583.889,-676.275,699.634,0.000192178,19.9025
1999.8,-420.882,764.901,-903.126,1014.63,0.000192177,19.902
1999.77,-541.356,917.774,-1103.94,1293.31,0.000192177,19.9017
1999.54,-132.954,197.392,-42.4931,79.256,0.000192174,19.8994
1999.53,-183.698,267.407,-57.9629,163.104,0.000192174,19.8993
1999.52,-251.376,356.663,-78.0031,272.607,0.000192174,19.8992
1999.49,-389.663,526.017,-117.13,494.19,0.000192173,19.899
1999.45,-536.175,688.98,-156.346,716.149,0.000192173,19.8986
1999.43,-678.087,832.991,-192.519,920.846,0.000192173,19.8984
1999.61,205.242,120.408,-68.2109,81.1699,0.000192175,19.9001
1999.6,278.3,166.855,-93.0641,167.044,0.000192175,19.9
1999.58,371.398,228.972,-125.189,279.194,0.000192174,19.8998
1999.54,548.778,357.003,-187.994,506.144,0.000192174,19.8995
1999.51,720,493.768,-250.925,733.504,0.000192174,19.8992
1999.47,871.938,627.277,-309.01,943.207,0.000192173,19.8988
1999.95,233.042,-47.9799,-234.649,109.579,0.000192179,19.9034
1999.94,318.639,-61.2877,-320.036,225.524,0.000192178,19.9032
1999.91,429.832,-75.2013,-430.488,376.994,0.000192178,19.903
1999.87,648.279,-91.5535,-646.439,683.759,0.000192178,19.9026
1999.83,868.099,-93.4702,-863.145,991.525,0.000192177,19.9022
1999.79,1070.97,-82.3515,-1063.43,1275.93,0.000192177,19.9018
1999.45,-34.395,-235.484,-74.253,81.7345,0.000192173,19.8986
1999.44,-43.8236,-321.514,-101.284,168.208,0.000192173,19.8985
1999.43,-53.5467,-433.077,-136.261,281.141,0.000192173,19.8984
1999.4,-64.4566,-651.473,-204.554,509.674,0.000192172,19.8981
1999.35,-64.6425,-870.715,-273.025,738.62,0.000192172,19.8977
1999.33,-55.2791,-1072.69,-336.169,949.79,0.000192171,19.8974
1999.55,110.868,-210.558,-184.751,98.7596,0.000192174,19.8996
1999.54,154.555,-285.313,-251.925,203.254,0.000192174,19.8995
1999.52,213.656,-380.47,-338.826,339.747,0.000192174,19.8993
1999.49,337.384,-561.093,-508.708,616.093,0.000192173,19.899
1999.45,471.926,-734.52,-679.062,893.19,0.000192173,19.8986
1999.42,605.188,-887.379,-836.455,1149.05,0.000192173,19.8983
1999.49,-106.258,212.922,204.148,102.774,0.000192173,19.899
1999.48,-148.412,288.547,278.382,211.533,0.000192173,19.8989
1999.45,-205.702,384.871,374.475,353.606,0.000192173,19.8986
1999.42,-326.27,567.6,562.202,641.274,0.000192173,19.8983
1999.38,-458.33,743.137,750.554,929.757,0.000192172,19.898
1999.34,-589.721,897.765,924.525,1196.19,0.000192172,19.8976
1999.58,-80.2211,-223.981,94.7201,83.9321,0.000192174,19.8998
1999.57,-106.382,-306.566,129.07,172.728,0.000192174,19.8997
1999.55,-137.753,-414.056,173.463,288.695,0.000192174,19.8995
1999.52,-190.999,-626.167,260.18,523.385,0.000192174,19.8993
1999.49,-233.584,-841.275,347.157,758.534,0.000192173,19.899
1999.39,-263.171,-1041.36,427.389,975.462,0.000192172,19.898
1999.26,-196.387,134.401,75.0984,81.8163,0.000192171,19.8968
1999.25,-269.551,180.624,102.418,168.374,0.00019217,19.8967
1999.23,-365.533,238.314,137.771,281.419,0.00019217,19.8965
1999.2,-556.997,343.951,206.811,510.18,0.00019217,19.8963
1999.18,-753.931,440.32,276.02,739.351,0.00019217,19.896
1999.15,-939.542,520.519,339.834,950.728,0.000192169,19.8958
1999.91,163.855,119.331,-305.459,6.78654,0.000192178,19.903
1999.87,191.425,141.422,-358.68,59.7238,0.000192178,19.9026
1999.86,257.711,197.18,-489.197,209.143,0.000192178,19.9025
1999.84,340.674,272.672,-658.229,404.461,0.000192177,19.9023
1999.77,493.205,430.536,-989.042,800.44,0.000192176,19.9016
1999.76,507.951,447.298,-1022.67,839.598,0.000192176,19.9016
1999.89,-3.59743,261.692,491.124,12.7323,0.000192178,19.9028
1999.87,-9.10936,324.328,608.996,129.856,0.000192178,19.9026
1999.85,-23.4138,435.764,819.615,359.547,0.000192177,19.9024
1999.82,-38.9565,524.306,988.082,549.282,0.000192177,19.9022
1999.57,229.594,62.5292,-84.2485,82.7648,0.000192174,19.8997
1999.55,312.142,88.3689,-114.863,170.327,0.000192174,19.8996
1999.54,418.28,124.237,-154.513,284.683,0.000192174,19.8994
1999.51,622.767,202.02,-231.928,516.097,0.000192174,19.8992
1999.48,823.511,290.028,-309.46,747.932,0.000192173,19.8989
1999.45,1004.61,379.98,-380.992,961.783,0.000192173,19.8986
1999.55,35.1501,-235.353,145.911,91.5297,0.000192174,19.8996
1999.54,51.4208,-320.363,198.995,188.372,0.000192174,19.8995
1999.53,75.2019,-429.796,267.681,314.861,0.000192174,19.8993
1999.5,130.519,-641.55,401.924,570.891,0.000192173,19.8991
1999.42,197.538,-850.404,536.465,827.504,0.000192172,19.8983
1999.39,269.562,-1039.74,660.707,1064.33,0.000192172,19.898
1998.62,-159.351,176.686,13.9783,78.1513,0.000192163,19.8907
1998.61,-219.512,238.877,19.0322,160.831,0.000192163,19.8906
1998.59,-299.062,317.68,25.5691,268.806,0.000192163,19.8905
1998.57,-459.814,466.018,38.3351,487.29,0.000192163,19.8903
1998.54,-627.602,606.893,51.1206,706.133,0.000192162,19.89
1998.51,-788.082,729.736,62.9191,907.946,0.000192162,19.8897
0.142212,-212.535,83.2272,-200.849,1172.27,0.0182882,inf
0.142212,-306.582,50.7249,-384.855,1376.9,0.0182882,inf
0.142212,-418.274,12.1243,-603.386,1622.99,0.0182882,inf
0.142212,-616.413,-56.3519,-991.053,2044.9,0.0182882,inf
1999.64,-91.7326,-219.525,94.0575,83.8759,0.000192175,19.9004
1999.63,-122.07,-300.613,128.223,172.616,0.000192175,19.9003
1999.61,-158.918,-406.415,172.432,288.512,0.000192175,19.9001
1999.59,-222.934,-615.533,258.729,523.053,0.000192174,19.8999
1999.56,-276.46,-828.19,345.251,758.039,0.000192174,19.8997
1999.54,-316.258,-1026.5,425.035,974.804,0.000192174,19.8995
1999.61,100.479,215.742,95.3032,84.0484,0.000192175,19.9001
1999.6,134.033,295.503,129.967,172.97,0.000192175,19.9
1999.58,175.072,399.682,174.825,289.106,0.000192174,19.8998
1999.55,247.439,606.158,262.493,524.139,0.000192174,19.8996
1999.52,309.419,816.408,350.321,759.62,0.000192174,19.8993
1999.49,357.133,1012.96,431.372,976.851,0.000192173,19.899
1999.53,-124.365,202.824,-79.8558,82.2992,0.000192174,19.8994
1999.52,-172.337,274.94,-108.931,169.369,0.000192174,19.8993
1999.51,-236.421,366.747,-146.509,283.08,0.000192174,19.8992
1999.48,-368.184,541.284,-219.907,513.192,0.000192173,19.8989
1999.43,-508.763,709.53,-293.494,743.725,0.000192173,19.8984
1999.4,-645.65,858.363,-361.371,956.371,0.000192172,19.8982
1999.91,234.559,40.3217,-296.953,93.5855,0.000192178,19.903
1999.9,318.949,59.7168,-404.956,225.63,0.000192178,19.9028
1999.88,427.283,88.5153,-544.78,398.178,0.000192178,19.9027
1999.74,635.65,156.745,-818.304,747.797,0.000192176,19.9014
1999.7,813.17,229.041,-1057.46,1053.21,0.000192176,19.901
1999.6,235.896,-30.9217,-118.435,87.1573,0.000192175,19.9
1999.58,322.11,-38.7886,-161.535,179.37,0.000192174,19.8999
1999.57,433.864,-46.322,-217.298,299.807,0.000192174,19.8998
1999.54,652.601,-52.3931,-326.23,543.552,0.000192174,19.8995
1999.52,871.792,-47.0123,-435.373,787.795,0.000192174,19.8992
1999.48,1073.66,-31.8781,-536.162,1013.15,0.000192173,19.8989
1999.57,-57.528,-230.932,42.9439,79.275,0.000192174,19.8998
1999.56,-75.4765,-315.52,58.5299,163.144,0.000192174,19.8997
1999.55,-96.3642,-425.568,78.7189,272.674,0.000192174,19.8995
1999.49,-129.399,-641.702,118.142,494.311,0.000192173,19.899
1999.45,-152.195,-859.715,157.692,716.328,0.000192173,19.8987
1999.4,-164.009,-1061.49,194.178,921.082,0.000192172,19.8981
1999.96,87.2263,-135.972,-177.962,2.30791,0.000192179,19.9035
1999.95,130.936,-198.733,-262.21,103.9,0.000192179,19.9033
1999.93,182.227,-268.496,-357.616,226.779,0.000192178,19.9032
1999.91,251.415,-356.643,-481.087,387.327,0.000192178,19.903
1999.87,395.606,-521.662,-722.539,712.507,0.000192178,19.9026
1999.83,551.543,-676.825,-964.9,1038.86,0.000192177,19.9022
1999.81,632.635,-749.485,-1084.85,1199.9,0.000192177,19.9021
1999.63,237.904,4.11674,9.17783,78.0772,0.000192175,19.9003
1999.62,324.315,8.68269,12.5105,160.678,0.000192175,19.9002
1999.6,435.987,16.9819,16.8274,268.552,0.000192175,19.9
1999.56,653.414,40.9169,25.2444,486.83,0.000192174,19.8997
1999.53,869.825,75.0856,33.6832,705.47,0.000192174,19.8994
1999.51,1067.83,115.571,41.47,907.095,0.000192174,19.8992
1999.89,126.314,-184.98,369.284,10.6332,0.000192178,19.9028
1999.89,134.756,-196.121,392.317,29.4488,0.000192178,19.9028
1999.87,188.517,-264.083,535.125,188.75,0.000192178,19.9026
1999.84,261.718,-349.185,720.153,397.034,0.000192177,19.9024
1999.71,382.838,-474.27,1007.24,731.655,0.000192176,19.9011
1999.48,-202.515,124.894,37.1648,78.9591,0.000192173,19.8989
1999.47,-277.782,167.696,50.6418,162.493,0.000192173,19.8988
1999.46,-376.251,220.922,68.0638,271.585,0.000192173,19.8987
1999.43,-572.277,317.993,102.116,492.333,0.000192173,19.8984
1999.4,-773.017,405.797,136.217,713.454,0.000192172,19.8982
1999.38,-961.715,478.243,167.691,917.382,0.000192172,19.898
1999.94,109.854,211.05,-220.324,106.355,0.000192178,19.9033
1999.93,146.176,289.698,-300.554,218.896,0.000192178,19.9031
1999.91,190.199,392.76,-404.358,365.924,0.000192178,19.903
1999.87,266.389,598.025,-607.18,663.655,0.000192178,19.9026
1999.84,329.542,808.504,-810.707,962.276,0.000192177,19.9023
1999.81,375.807,1006.22,-998.734,1238.14,0.000192177,19.902
1999.61,-186.06,148.268,101.11,84.7644,0.000192175,19.9001
1999.6,-255.752,199.654,137.883,174.444,0.000192175,19.9
1999.58,-347.432,264.036,185.466,291.572,0.000192174,19.8998
1999.54,-531.103,382.756,278.388,528.622,0.000192174,19.8995
1999.51,-721.088,492.289,371.568,766.133,0.000192174,19.8992
1999.49,-901.059,584.624,457.506,985.24,0.000192173,19.899
1999.33,-179.1,156.739,53.87,79.9953,0.000192171,19.8975
1999.32,-246.218,211.358,73.4711,164.627,0.000192171,19.8974
1999.31,-334.589,280.131,98.8372,275.154,0.000192171,19.8973
1999.28,-511.905,408.073,148.379,498.813,0.000192171,19.897
1999.25,-695.656,527.626,198.057,722.865,0.000192171,19.8968
1999.23,-870.021,629.915,243.888,929.508,0.00019217,19.8965
1999.48,-236.313,28.1752,55.3948,80.099,0.000192173,19.8989
1999.47,-322.548,35.3105,75.505,164.84,0.000192173,19.8988
1999.45,-434.319,42.1161,101.531,275.51,0.000192173,19.8986
1999.42,-652.906,47.4809,152.345,499.455,0.000192172,19.8983
1999.39,-872.065,42.3297,203.291,723.787,0.000192172,19.898
1999.35,-1073.72,28.2218,250.273,930.687,0.000192172,19.8977
1999.63,210.849,-110.267,60.0501,80.4751,0.000192175,19.9003
1999.61,288.884,-147.609,81.9271,165.613,0.000192175,19.9001
1999.59,390.993,-193.75,110.266,276.803,0.000192174,19.8999
1999.55,593.402,-276.475,165.575,501.804,0.000192174,19.8996
1999.52,800.084,-349.537,221.025,727.198,0.000192174,19.8993
1999.49,993.608,-407.984,272.145,935.074,0.000192173,19.899
1999.6,231.573,-54.7906,-159.656,93.9115,0.000192175,19.9
1999.58,316.525,-71.259,-217.623,193.274,0.000192174,19.8999
1999.57,427.036,-89.764,-292.688,323.062,0.000192174,19.8997
1999.53,644.172,-116.658,-439.294,585.797,0.000192174,19.8994
1999.5,863.157,-131.273,-586.374,849.175,0.000192173,19.8991
1999.47,1065.77,-133.787,-722.18,1092.29,0.000192173,19.8988
1999.93,-217.992,-10.5842,-337.416,17.5066,0.000192178,19.9031
1999.92,-237.637,-12.4636,-367.917,53.4381,0.000192178,19.9031
1999.9,-323.685,-22.5246,-501.804,205.533,0.000192178,19.9029
1999.88,-434.542,-39.9137,-675.21,404.332,0.000192178,19.9027
1999.81,-648.744,-88.0119,-1014.52,807.432,0.000192177,19.902
1999.81,-648.773,-88.0197,-1014.57,807.432,0.000192177,19.902
1999.81,-651.362,-88.7207,-1018.71,811.218,0.000192177,19.902
1999.88,-165.604,155.063,369.27,16.0499,0.000192178,19.9027
1999.88,-174.083,162.261,387.367,34.6925,0.000192178,19.9027
1999.86,-241.255,217.005,528.37,192.521,0.000192178,19.9025
1999.82,-331.064,284.321,710.967,398.812,0.000192177,19.9022
1999.78,-483.039,384.572,1007.2,745.474,0.000192177,19.9017
1999.78,-485.048,385.79,1011.03,746.998,0.000192177,19.9017
1999.24,227.588,69.399,205.231,103.084,0.00019217,19.8966
1999.22,309.15,98.4151,279.97,212.163,0.00019217,19.8965
1999.21,413.647,138.936,376.732,354.656,0.00019217,19.8963
1999.17,613.838,227.558,565.784,643.187,0.00019217,19.896
1999.12,808.797,328.741,755.467,932.555,0.000192169,19.8955
1999.09,983.016,432.819,930.734,1199.84,0.000192169,19.8952
1999.55,42.7034,234.134,88.2473,83.2238,0.000192174,19.8996
1999.52,55.046,319.724,120.346,171.27,0.000192174,19.8993
1999.51,68.5228,430.921,161.926,286.262,0.000192174,19.8992
1999.48,86.6375,648.95,243.157,518.974,0.000192173,19.8989
1999.45,93.8643,868.008,324.535,752.121,0.000192173,19.8987
1999.43,90.8186,1070.22,399.613,967.183,0.000192173,19.8984
1999.53,-184.329,-150.466,-77.7061,82.0673,0.000192174,19.8994
1999.52,-249.296,-207.623,-105.93,168.89,0.000192174,19.8993
1999.5,-331.759,-283.511,-142.48,282.28,0.000192173,19.8991
1999.48,-487.064,-437.458,-213.804,511.741,0.000192173,19.8989
1999.44,-634.931,-599.216,-285.272,741.614,0.000192173,19.8986
1999.41,-764.199,-754.827,-351.237,953.644,0.000192172,19.8982
1999.65,75.0048,-225.798,-50.8283,79.7702,0.000192175,19.9005
1999.64,105.187,-306.91,-69.2688,164.163,0.000192175,19.9004
1999.63,146.514,-410.995,-93.1288,274.378,0.000192175,19.9003
1999.59,234.537,-611.185,-139.718,497.401,0.000192174,19.8999
1999.57,332.274,-807.368,-186.396,720.806,0.000192174,19.8997
1999.54,430.656,-983.956,-229.443,926.844,0.000192174,19.8995
1999.62,-229.889,61.3276,37.1274,78.9677,0.000192175,19.9002
1999.61,-314.285,80.6774,50.6721,162.511,0.000192175,19.9001
1999.6,-423.898,103.342,68.1775,271.615,0.000192175,19.9
1999.57,-639.558,139.942,102.379,492.385,0.000192174,19.8998
1999.54,-857.063,166.332,136.631,713.526,0.000192174,19.8995
1999.51,-1058.61,181.507,168.23,917.467,0.000192174,19.8992
1999.66,-190.637,142.35,-17.591,78.2324,0.000192175,19.9006
1999.65,-261.736,191.657,-23.9986,160.997,0.000192175,19.9005
1999.64,-355.165,253.549,-32.3016,269.085,0.000192175,19.9004
1999.61,-541.609,367.745,-48.4922,487.796,0.000192175,19.9001
1999.59,-733.601,473.286,-64.7249,706.87,0.000192174,19.8999
1999.57,-915.019,562.583,-79.7091,908.897,0.000192174,19.8997
1999.54,-195.192,-136.052,14.5697,78.1641,0.000192174,19.8995
1999.53,-264.382,-188.012,19.8395,160.857,0.000192174,19.8994
1999.52,-352.548,-257.202,26.6627,268.849,0.000192174,19.8992
1999.49,-519.645,-398.204,39.976,487.369,0.000192173,19.899
1999.46,-680.262,-547.212,53.3126,706.252,0.000192173,19.8987
1999.43,-822.148,-691.279,65.6264,908.1,0.000192173,19.8985
1999.68,198.861,130.645,11.0257,78.1029,0.000192175,19.9008
1999.65,269.492,180.629,15.0712,160.731,0.000192175,19.9005
1999.63,359.5,247.24,20.2957,268.639,0.000192175,19.9004
1999.61,530.599,383.511,30.4968,486.987,0.000192175,19.9001
1999.58,695.387,527.883,40.698,705.694,0.000192174,19.8999
1999.56,841.228,667.793,50.0961,907.383,0.000192174,19.8997
1999.43,-212.185,-107.602,-80.3624,82.3635,0.000192173,19.8984
1999.41,-287.932,-149.601,-109.649,169.498,0.000192172,19.8983
1999.4,-384.638,-206.079,-147.52,283.296,0.000192172,19.8981
1999.37,-569.271,-323.373,-221.503,513.589,0.000192172,19.8978
1999.3,-748.229,-449.889,-295.643,744.308,0.000192171,19.8972
1999.27,-907.602,-574.353,-364.031,957.119,0.000192171,19.8969
1999.61,-157.096,178.679,93.9601,83.8899,0.000192175,19.9001
1999.59,-216.634,241.482,128.149,172.643,0.000192175,19.9
1999.58,-295.578,321.03,172.422,288.555,0.000192174,19.8998
1999.55,-455.426,470.28,258.821,523.132,0.000192174,19.8995
1999.51,-623.035,611.678,345.46,758.158,0.000192174,19.8992
1999.48,-783.794,734.462,425.367,974.959,0.000192173,19.8989
1999.02,-184.985,149.74,186.985,99.2437,0.000192168,19.8945
1999.01,-254.584,201.209,255.017,204.249,0.000192168,19.8944
1998.99,-346.402,265.339,343.029,341.41,0.000192168,19.8942
1998.95,-531.372,382.477,515.071,619.082,0.000192167,19.8939
1998.92,-723.487,488.667,687.528,897.476,0.000192167,19.8936
1998.89,-906.3,576.458,846.853,1154.53,0.000192166,19.8933
1999.89,-196.259,190.741,-536.063,9.27061,0.000192178,19.9028
1999.89,-213.807,205.565,-581.013,38.7683,0.000192178,19.9028
1999.88,-235.391,223.363,-635.757,99.3617,0.000192178,19.9027
1999.85,-324.352,291.929,-855.571,337.004,0.000192177,19.9024
1999.83,-378.004,329.823,-984.125,480.095,0.000192177,19.9022
1999.54,-94.5846,218.359,-167.905,95.5386,0.000192174,19.8995
1999.53,-132.304,296.255,-229.069,196.63,0.000192174,19.8994
1999.51,-183.716,395.829,-308.31,328.697,0.000192174,19.8992
1999.49,-292.426,585.728,-463.044,596.044,0.000192173,19.899
1999.45,-412.217,769.66,-618.274,864.057,0.000192173,19.8986
1999.42,-532.023,933.094,-761.569,1111.47,0.000192173,19.8983
1999.59,-194.565,-137.051,-134.603,89.6962,0.000192174,19.9
1999.58,-263.28,-189.666,-183.685,184.597,0.000192174,19.8999
1999.57,-350.499,-259.899,-247.19,308.547,0.000192174,19.8997
1999.53,-515.219,-403.977,-371.303,559.426,0.000192174,19.8994
1999.5,-672.279,-557.036,-495.694,810.858,0.000192173,19.8991
1999.32,-809.793,-705.707,-610.55,1042.88,0.000192171,19.8973
1999.55,72.7687,-226.516,-118.265,87.1249,0.000192174,19.8995
1999.53,102.384,-307.863,-161.288,179.303,0.000192174,19.8994
1999.51,143.194,-412.172,-216.953,299.694,0.000192174,19.8992
1999.48,230.905,-612.622,-325.697,543.354,0.000192173,19.8989
1999.44,329.189,-808.625,-434.691,787.523,0.000192173,19.8985
1999.41,428.948,-984.774,-535.361,1012.83,0.000192172,19.8982
1999.53,77.9166,-224.825,-77.5816,82.0674,0.000192174,19.8994
1999.52,109.25,-305.483,-105.813,168.893,0.000192174,19.8993
1999.51,152.148,-409.015,-142.382,282.288,0.000192174,19.8992
1999.42,243.304,-607.785,-213.734,511.757,0.000192173,19.8984
1999.4,344.35,-802.258,-285.246,741.644,0.000192172,19.8981
1999.38,446.039,-977.143,-351.26,953.691,0.000192172,19.8979
1999.04,-158.371,177.532,22.0235,78.3512,0.000192168,19.8947
1999.03,-218.217,240.148,30.0535,161.243,0.000192168,19.8946
1999.01,-297.281,319.42,40.4407,269.496,0.000192168,19.8945
1998.97,-457.124,468.691,60.7415,488.544,0.000192167,19.8941
1998.94,-624.131,610.538,81.0854,707.957,0.000192167,19.8938
1998.91,-783.943,734.257,99.8479,910.299,0.000192167,19.8935
1999.6,-75.3932,-225.656,-30.6182,78.6552,0.000192175,19.9
1999.59,-99.9124,-308.662,-41.7004,161.868,0.000192174,19.8999
1999.57,-129.343,-416.775,-56.0465,270.541,0.000192174,19.8998
1999.55,-179.222,-629.651,-84.0125,490.436,0.000192174,19.8995
1999.49,-219.093,-845.088,-112.031,710.696,0.000192173,19.899
1999.47,-246.838,-1045.39,-137.919,913.825,0.000192173,19.8988
1999.44,121.595,-204.57,-108.789,85.7701,0.000192173,19.8985
1999.43,168.692,-277.178,-148.298,176.513,0.000192173,19.8984
1999.41,231.808,-369.682,-199.416,295.027,0.000192172,19.8983
1999.35,362.027,-545.412,-299.273,534.883,0.000192172,19.8976
1999.31,501.513,-714.666,-399.421,775.224,0.000192171,19.8973
1999.26,637.76,-864.237,-491.815,996.962,0.000192171,19.8968
1999.95,229.17,-63.9605,220.431,106.368,0.000192179,19.9034
1999.94,313.627,-83.2784,300.683,218.918,0.000192178,19.9032
1999.91,423.543,-105.106,404.488,365.951,0.000192178,19.903
1999.87,640.135,-137.341,607.352,663.692,0.000192178,19.9026
1999.83,859.083,-155.722,810.886,962.337,0.000192177,19.9022
1999.8,1062.08,-160.216,998.979,1238.25,0.000192177,19.9019
1999.59,-127.268,-201.05,2.58479,78.0218,0.000192174,19.9
1999.58,-171.01,-275.713,3.51482,160.564,0.000192174,19.8999
1999.57,-225.53,-373.524,4.70935,268.361,0.000192174,19.8997
1999.54,-325.186,-568.238,7.03042,486.484,0.000192174,19.8995
1999.5,-415.76,-767.723,9.34631,704.967,0.000192173,19.8991
1999.48,-490.942,-955.316,11.4746,906.445,0.000192173,19.8989
1999.51,174.949,161.234,112.815,86.3472,0.000192174,19.8992
1999.5,236.337,222.325,153.881,177.703,0.000192173,19.8991
1999.49,313.818,303.136,206.973,297.022,0.000192173,19.899
1999.46,458.917,466.853,310.734,538.512,0.000192173,19.8987
1999.43,595.688,638.342,414.772,780.49,0.000192173,19.8984
1999.4,713.79,802.654,510.699,1003.72,0.000192172,19.8981
1999.54,-119.152,-205.953,10.9847,78.1016,0.000192174,19.8994
1999.52,-159.877,-282.299,14.9992,160.728,0.000192174,19.8993
1999.46,-210.474,-382.19,20.1909,268.634,0.000192173,19.8987
1999.43,-302.331,-580.7,30.3265,486.977,0.000192173,19.8985
1999.4,-384.913,-783.686,40.47,705.683,0.000192172,19.8981
1999.38,-452.511,-974.087,49.8269,907.37,0.000192172,19.8979
1999.16,-119.245,-205.934,-30.6003,78.6621,0.00019217,19.8959
1999.15,-159.938,-282.266,-41.7359,161.882,0.000192169,19.8958
1999.13,-210.521,-382.245,-56.1555,270.564,0.000192169,19.8956
1999.11,-302.197,-580.737,-84.2949,490.48,0.000192169,19.8954
1999.01,-384.581,-783.836,-112.512,710.767,0.000192168,19.8945
1998.99,-451.939,-974.427,-138.532,913.921,0.000192168,19.8942
1999.41,-226.519,72.9537,-140.522,90.6043,0.000192172,19.8983
1999.4,-309.877,96.0849,-191.587,186.467,0.000192172,19.8981
1999.39,-418.534,123.366,-257.717,311.674,0.000192172,19.898
1999.35,-632.809,167.9,-386.912,565.102,0.000192172,19.8977
1999.33,-849.661,200.773,-516.365,819.084,0.000192171,19.8974
1999.29,-1051.23,220.593,-635.897,1053.47,0.000192171,19.8971
1999.62,-229.703,-61.9311,72.7151,81.5821,0.000192175,19.9002
1999.61,-312.394,-87.4981,99.1703,167.894,0.000192175,19.9001
1999.6,-418.634,-122.944,133.392,280.613,0.000192175,19.9
1999.57,-623.453,-199.805,200.208,508.706,0.000192174,19.8998
1999.54,-824.613,-286.758,267.146,737.211,0.000192174,19.8995
1999.51,-1006.3,-375.696,328.926,947.973,0.000192174,19.8992
1999.61,134.461,196.337,57.7286,80.2701,0.000192175,19.9001
1999.6,180.798,269.402,78.6669,165.192,0.000192175,19.9
1999.5,238.722,365.3,105.778,276.098,0.000192173,19.8991
1999.47,344.885,556.481,158.741,500.534,0.000192173,19.8988
1999.44,441.911,752.95,211.824,725.364,0.000192173,19.8985
1999.4,522.93,938.158,260.791,932.721,0.000192172,19.8982
1999.92,207.203,44.8068,337.419,6.10352,0.000192178,19.9031
1999.92,232.336,51.4954,378.822,42.7995,0.000192178,19.903
1999.89,315.523,75.6608,516.72,198.136,0.000192178,19.9027
1999.86,421.95,111.244,695.382,401.209,0.000192178,19.9025
1999.79,605.61,185.709,1010.97,772.822,0.000192177,19.9018
1999.93,-3.38524,210.842,337.395,4.03211,0.000192178,19.9031
1999.92,-5.11933,237.939,380.821,40.8522,0.000192178,19.9031
1999.9,-12.6202,324.207,519.324,196.724,0.000192178,19.9029
1999.86,-26.8356,435.531,698.819,400.475,0.000192178,19.9025
1999.82,-63.5296,627.187,1010.98,767.53,0.000192177,19.9021
1999.94,208.625,114.428,274.674,104.288,0.000192178,19.9033
1999.92,282.26,160.057,374.657,230.411,0.000192178,19.9031
1999.87,375.562,222.154,504.028,395.212,0.000192178,19.9026
1999.82,551.183,353.294,757.073,729.082,0.000192177,19.9022
1999.78,717.62,497.275,1011.17,1064.26,0.000192177,19.9018
1999.77,756.575,534.144,1073.08,1145.09,0.000192177,19.9017
0.109859,1033.7,-216.859,-558.909,3041.57,0.0217357,inf
1999.56,150.953,183.964,-120.552,87.4651,0.000192174,19.8996
1999.55,203.215,252.962,-164.399,180,0.000192174,19.8995
1999.53,268.692,343.82,-221.131,300.857,0.000192174,19.8994
1999.5,389.44,526.201,-331.934,545.459,0.000192173,19.8991
1999.33,500.76,715.202,-443.059,790.573,0.000192172,19.8975
1999.31,594.51,894.532,-545.59,1016.74,0.000192171,19.8973
1999.93,-90.8408,-219.98,274.778,104.292,0.000192178,19.9032
1999.92,-119.593,-301.64,374.708,230.421,0.000192178,19.903
1999.9,-153.362,-408.511,504.064,395.21,0.000192178,19.9029
1999.84,-208.019,-620.77,757.023,729.009,0.000192177,19.9023
1999.8,-247.469,-837.274,1010.98,1064.09,0.000192177,19.9019
1999.78,-254.73,-890.551,1073.03,1145.18,0.000192177,19.9018
1999.39,93.9558,-218.59,152.674,92.6823,0.000192172,19.898
1999.37,131.405,-296.661,208.189,190.746,0.000192172,19.8979
1999.36,182.384,-396.411,280.009,318.831,0.000192172,19.8977
1999.32,290.068,-586.864,420.303,578.107,0.000192171,19.8974
1999.29,408.551,-771.584,561.034,837.994,0.000192171,19.8971
1999.25,526.948,-935.996,690.93,1077.85,0.000192171,19.8967
1999.9,-60.3356,-227.565,-401.186,14.2207,0.000192178,19.9029
1999.87,-77.2115,-315.165,-553.224,177.53,0.000192178,19.9026
1999.85,-93.7126,-426.212,-744.564,391.046,0.000192177,19.9024
1999.81,-107.608,-577.427,-1003.4,690.038,0.000192177,19.902
1999.92,160.925,27.0113,-177.944,4.73223,0.000192178,19.903
1999.9,234.214,42.1536,-259.532,105.75,0.000192178,19.9029
1999.89,318.512,61.8196,-353.898,227.917,0.000192178,19.9028
1999.87,426.858,90.7128,-476.146,387.534,0.000192178,19.9026
1999.83,635.272,158.187,-715.021,710.868,0.000192177,19.9022
1999.78,839.348,240.277,-954.858,1035.35,0.000192177,19.9017
1999.75,950.577,292.172,-1088.68,1215.92,0.000192176,19.9015
1999.49,30.5885,-235.958,-212.962,104.719,0.000192173,19.899
1999.47,45.7111,-321.211,-290.444,215.52,0.000192173,19.8988
1999.45,68.4199,-430.978,-390.755,360.267,0.000192173,19.8986
1999.4,122.911,-643.016,-586.677,653.349,0.000192172,19.8981
1999.35,190.896,-851.948,-783.284,947.294,0.000192172,19.8977
1999.16,265.306,-1040.82,-964.885,1218.8,0.000192169,19.8958
1999.52,-237.405,15.808,-13.9824,78.1522,0.000192174,19.8993
1999.51,-323.889,18.5342,-19.0554,160.833,0.000192174,19.8992
1999.5,-435.856,19.6827,-25.6321,268.81,0.000192173,19.8991
1999.48,-654.523,14.1724,-38.496,487.3,0.000192173,19.8989
1999.45,-873.041,-1.60145,-51.3918,706.15,0.000192173,19.8986
1999.4,-1073.83,-25.2394,-63.3053,907.971,0.000192172,19.8982
1999.42,-112.66,209.585,197.323,101.35,0.000192172,19.8983
1999.4,-157.021,283.912,269.081,208.594,0.000192172,19.8981
1999.38,-217.096,378.518,361.989,348.689,0.000192172,19.898
1999.34,-342.851,557.769,543.529,632.332,0.000192172,19.8975
1999.29,-479.676,729.48,725.567,916.773,0.000192171,19.8971
1999.25,-615.232,880.457,893.775,1179.45,0.000192171,19.8967
1999.94,-105.958,-213.088,221.637,106.625,0.000192179,19.9033
1999.93,-140.797,-292.357,302.264,219.449,0.000192178,19.9031
1999.91,-182.867,-396.178,406.576,366.842,0.000192178,19.9029
1999.87,-255.199,-602.911,610.605,665.353,0.000192178,19.9026
1999.83,-314.314,-814.566,815.362,964.818,0.000192177,19.9022
1999.79,-356.753,-1013.15,1004.58,1241.5,0.000192177,19.9019
1999.63,-225.581,-75.7021,5.57267,78.0388,0.000192175,19.9003
1999.61,-306.617,-106.048,7.59157,160.599,0.000192175,19.9002
1999.6,-410.626,-147.536,10.2032,268.419,0.000192175,19.9
1999.57,-610.762,-235.655,15.3107,486.586,0.000192174,19.8998
1999.19,-806.978,-333.221,20.4004,705.109,0.00019217,19.8962
1999.16,-983.698,-431.258,25.0851,906.626,0.00019217,19.8959
