energies,initx,inity,initz,tot_dist,dEdx,beta_gamma
1999.91,-116.955,-112.418,-177.948,3.3269,0.00270508,19.903
1999.8,-169.553,-166.944,-261.008,104.655,0.000980748,19.9019
1999.75,-228.067,-230.81,-355.967,227.196,0.000486648,19.9015
1999.7,-301.133,-315.793,-478.814,387.287,0.000327689,19.901
1999.57,-435.031,-489.242,-719.024,711.57,0.000302731,19.8998
1999.51,-557.039,-672.286,-960.186,1037.04,0.000288732,19.8992
1999.48,-616.764,-773.183,-1088.7,1209.97,0.000281085,19.8989
1999.4,-109.912,211.066,83.0174,82.6493,0.000980725,19.8981
1999.37,-152.677,286.258,113.252,170.089,0.000486637,19.8978
1999.34,-210.229,382.384,152.419,284.289,0.000327682,19.8976
1999.3,-329.494,565.678,228.889,515.395,0.000302726,19.8972
1999.23,-458.024,743.315,305.524,746.915,0.000288727,19.8965
1999.14,-584.266,901.289,376.17,960.464,0.00027394,19.8957
1999.4,236.364,-27.6831,-154.265,92.9826,0.000980724,19.8981
1999.36,322.651,-34.2134,-210.357,191.362,0.000486637,19.8977
1999.28,434.561,-39.8233,-282.977,319.855,0.000327681,19.897
1999.23,653.344,-41.5486,-424.778,579.947,0.000302725,19.8966
1999.18,872.546,-31.0288,-567.028,840.659,0.000288726,19.896
1999.14,1074.02,-10.4542,-698.323,1081.31,0.00027394,19.8957
1999.46,186.412,147.845,-16.6797,78.2092,0.000980728,19.8987
1999.43,252.284,203.945,-22.7364,160.95,0.000486639,19.8984
1999.33,336.046,278.4,-30.5919,269.005,0.000327682,19.8975
1999.28,494.215,429.343,-45.9217,487.652,0.000302726,19.897
1999.24,645.507,587.914,-61.3016,706.66,0.000288727,19.8966
1999.2,778.295,740.29,-75.4926,908.625,0.000273941,19.8963
1999.53,6.27611,237.846,-86.3062,82.993,0.000980732,19.8994
1999.5,5.30908,324.422,-117.714,170.801,0.000486641,19.8991
1999.47,1.52796,436.355,-158.347,285.481,0.000327685,19.8988
1999.42,-14.0776,654.511,-237.715,517.562,0.000302728,19.8983
1999.36,-40.5813,872.129,-317.267,750.075,0.000288729,19.8978
1999.3,-74.6186,1071.53,-390.683,964.555,0.000273943,19.8972
1999.52,-237.94,4.35694,-28.0169,78.5575,0.000980731,19.8992
1999.46,-324.434,2.91553,-38.1964,161.666,0.00048664,19.8987
1999.44,-436.306,-1.34092,-51.3611,270.2,0.000327684,19.8985
1999.38,-654.451,-17.4456,-77.0983,489.821,0.000302727,19.898
1999.34,-871.947,-43.8457,-102.908,709.811,0.000288729,19.8976
1999.31,-1071.27,-77.2761,-126.732,912.688,0.000273943,19.8973
1998.95,198.511,131.199,91.6728,83.6286,0.000980698,19.8939
1998.92,268.85,181.633,125.064,172.104,0.000486624,19.8936
1998.89,358.356,248.947,168.27,287.655,0.000327673,19.8933
1998.84,528.106,386.981,252.679,521.497,0.000302718,19.8928
1998.8,691.016,533.627,337.244,755.781,0.00028872,19.8925
1998.76,834.625,676.042,415.259,971.896,0.000273934,19.8921
1999.72,168.188,168.345,232.799,109.169,0.000980743,19.9011
1999.67,226.325,232.484,317.514,224.704,0.000486646,19.9007
1999.64,299.084,317.73,427.192,375.642,0.000327688,19.9004
1999.58,432.857,491.193,641.624,681.343,0.000302731,19.8998
1999.52,555.412,673.675,856.798,988.026,0.000288732,19.8992
1999.46,657.813,849.127,1055.66,1271.42,0.000273945,19.8987
1999.82,76.4052,225.34,234.138,109.459,0.000980749,19.9021
1999.78,100.196,308.639,319.342,225.279,0.000486649,19.9017
1999.75,127.757,417.263,429.546,376.576,0.00032769,19.9014
1999.67,171.02,631.933,644.857,682.938,0.000302733,19.9007
1998.98,200.146,849.862,861.047,990.313,0.000288723,19.8942
1998.93,214.318,1052.49,1060.71,1274.3,0.000273937,19.8937
1999.48,-167.781,168.723,-3.87086,78.0277,0.000980729,19.8989
1999.45,-230.87,227.949,-5.28355,160.576,0.000486639,19.8986
1999.43,-314.151,302.863,-7.11198,268.381,0.000327684,19.8984
1999.37,-481.816,443.275,-10.6944,486.519,0.000302727,19.8979
1999.34,-656.177,575.92,-14.296,705.016,0.000288729,19.8975
1999.3,-822.375,690.904,-17.6419,906.51,0.000273943,19.8972
1999.56,-218.54,-94.105,9.12142,78.0748,0.000980734,19.8996
1999.52,-296.772,-131.083,12.4108,160.673,0.000486641,19.8993
1999.5,-396.969,-181.078,16.6662,268.543,0.000327685,19.8991
1999.45,-589.114,-285.604,24.9884,486.813,0.000302729,19.8986
1999.41,-776.429,-399.238,33.3299,705.446,0.00028873,19.8982
1999.37,-944.364,-511.791,41.044,907.067,0.000273944,19.8979
1999.74,-175.546,160.633,-384.83,37.1066,0.000980744,19.9013
1999.69,-243.19,214.769,-524.921,194.213,0.000486646,19.9009
1999.64,-333.598,281.306,-706.426,399.583,0.000327688,19.9004
1999.56,-491.837,383.503,-1010.99,756.621,0.000293623,19.8997
1999.42,177.124,-158.875,-177.826,97.4146,0.000980726,19.8983
1999.38,243.958,-213.874,-242.528,200.489,0.000486637,19.898
1999.36,332.356,-282.756,-326.311,335.133,0.000327683,19.8978
1999.31,510.763,-409.486,-489.954,607.727,0.000302726,19.8972
1999.26,696.887,-525.927,-654.139,881.033,0.000288728,19.8968
1999.2,874.548,-623.608,-805.792,1133.39,0.000273941,19.8963
1999.49,-62.7468,229.534,58.8363,80.358,0.00098073,19.899
1999.47,-88.5259,312.12,80.1763,165.372,0.00048664,19.8988
1999.43,-124.237,418.333,107.822,276.4,0.000327684,19.8985
1999.39,-201.417,622.915,161.779,501.074,0.000302728,19.898
1999.33,-288.56,823.966,215.855,726.142,0.000288729,19.8975
1999.29,-377.516,1005.61,265.769,933.721,0.000273942,19.8971
1999.58,-237.426,-16.4166,248.998,112.937,0.000980735,19.8999
1999.53,-323.344,-26.7271,339.531,232.45,0.000486642,19.8994
1999.5,-434.203,-43.4776,456.846,388.603,0.000327685,19.8991
1999.42,-648.814,-87.257,686.073,704.886,0.000302728,19.8984
1999.36,-860.796,-145.779,916.222,1022.27,0.000288729,19.8978
1999.31,-1027.02,-202.847,1100.1,1275.67,0.000275633,19.8973
1999.22,126.82,201.329,7.03699,78.0517,0.000980714,19.8964
1999.19,170.376,276.099,9.58914,160.626,0.000486632,19.8962
1999.16,224.674,374.032,12.8924,268.463,0.000327679,19.8959
1999.12,323.912,568.957,19.3498,486.668,0.000302723,19.8955
1999.08,414.046,768.595,25.7987,705.231,0.000288725,19.8951
1999.04,488.817,956.397,31.7438,906.787,0.000273938,19.8947
1999.36,-237.623,12.0565,165.865,95.0934,0.000980722,19.8978
1999.32,-324.201,12.7576,226.165,195.7,0.000486635,19.8974
1999.29,-436.262,10.7683,304.201,327.097,0.000327681,19.8971
1999.24,-654.674,-2.53503,456.528,593.066,0.000302725,19.8966
1999.19,-872.648,-28.3566,609.35,859.697,0.000288726,19.8961
1999.13,-1072.22,-63.2427,750.393,1105.83,0.00027394,19.8956
1999.48,49.3591,232.76,36.1907,78.9131,0.000980729,19.8989
1999.44,64.4357,318.027,49.3553,162.398,0.000486639,19.8985
1999.42,81.5613,428.635,66.3752,271.427,0.000327684,19.8983
1999.38,107.289,645.851,99.6363,492.045,0.000302727,19.8979
1999.33,122.724,864.398,132.934,713.032,0.000288729,19.8975
1999.29,127.742,1066.45,163.667,916.836,0.000273942,19.8971
1999.43,-186.03,-148.398,-90.2837,83.4443,0.000980726,19.8984
1999.4,-251.655,-204.839,-123.155,171.739,0.000486638,19.8981
1999.37,-334.892,-279.773,-165.688,287.054,0.000327683,19.8979
1999.31,-491.782,-432.118,-248.758,520.423,0.000302726,19.8973
1999.24,-641.252,-592.558,-332.061,754.234,0.000288727,19.8966
1999.2,-771.808,-747.008,-408.87,969.909,0.000273941,19.8963
1999.53,-231.011,57.2309,-86.2373,82.9971,0.000980732,19.8994
1999.5,-315.703,74.8978,-117.627,170.806,0.000486641,19.8991
1999.47,-425.85,95.303,-158.271,285.485,0.000327685,19.8988
1999.42,-642.219,127.033,-237.627,517.562,0.000302728,19.8983
1999.37,-860.383,148.027,-317.165,750.071,0.00028873,19.8979
1999.34,-1062.47,157.745,-390.585,964.542,0.000273943,19.8975
1999.4,234.223,41.9233,104.817,85.2683,0.000980725,19.8982
1999.37,318.802,60.358,142.99,175.482,0.000486637,19.8978
1999.33,427.651,86.7521,192.379,293.305,0.000327682,19.8975
1999.27,638.046,146.474,288.816,531.752,0.000302725,19.897
1999.23,845.698,217.039,385.51,770.66,0.000288727,19.8965
1999.18,1033.79,291.439,474.707,991.069,0.000273941,19.8961
1999.53,139.672,-192.641,0.63733,78.0174,0.000980733,19.8994
1999.51,192.834,-260.917,0.843459,160.555,0.000486641,19.8992
1999.47,263.465,-347.81,1.09325,268.343,0.000327685,19.8988
1999.43,407.336,-512.561,1.56659,486.449,0.000302728,19.8985
1999.4,558.989,-670.663,2.04793,704.912,0.00028873,19.8981
1999.36,705.293,-810.073,2.48627,906.371,0.000273944,19.8978
1999.53,237.04,20.9577,125.984,88.3151,0.000980732,19.8994
1999.51,322.854,31.9811,171.851,181.747,0.000486641,19.8991
1999.47,433.61,48.9061,231.268,303.786,0.000327685,19.8988
1999.42,648.345,90.5709,347.324,550.808,0.000302728,19.8983
1999.37,861.174,143.724,463.7,798.348,0.00028873,19.8979
1999.33,1054.76,202.733,571.059,1026.76,0.000273943,19.8975
1999.57,90.625,219.992,16.1598,78.1744,0.000980735,19.8998
1999.55,120.605,301.163,21.5545,160.878,0.000486642,19.8995
1999.52,157.19,407.102,28.5426,268.884,0.000327686,19.8992
1999.47,221.17,616.198,42.1804,487.434,0.000302729,19.8988
1999.43,275.362,828.474,55.8572,706.346,0.000288731,19.8984
1999.39,316.487,1026.46,68.4786,908.223,0.000273944,19.8981
1999.46,107.499,-212.236,53.2705,79.9539,0.000980728,19.8987
1999.43,149.383,-287.962,72.6461,164.539,0.000486639,19.8984
1999.4,205.75,-384.836,97.7465,275.007,0.000327683,19.8982
1999.36,322.502,-569.754,146.742,498.547,0.000302727,19.8978
1999.32,448.218,-749.183,195.832,722.474,0.000288729,19.8973
1999.26,571.786,-909.292,241.165,928.999,0.000273942,19.8969
1999.22,-159.816,-176.317,27.9942,78.5656,0.000980714,19.8964
1999.16,-215.634,-242.419,38.2398,161.681,0.000486631,19.8959
1999.13,-286.064,-329.525,51.5003,270.226,0.000327678,19.8956
1999.08,-417.415,-504.354,77.3818,489.864,0.000302722,19.8951
1999.03,-540.617,-685.526,103.299,709.867,0.000288724,19.8946
1998.99,-646.574,-857.635,127.211,912.754,0.000273938,19.8943
1999.52,-72.4382,-226.679,-131.763,89.1883,0.000980732,19.8993
1999.48,-95.4817,-310.107,-179.697,183.552,0.00048664,19.8989
1999.43,-122.647,-418.749,-241.723,306.805,0.000327684,19.8984
1999.39,-167.124,-632.947,-362.911,556.272,0.000302728,19.898
1999.32,-200.15,-849.83,-484.465,806.289,0.000288729,19.8974
1999.28,-220.286,-1051.23,-596.605,1036.99,0.000273942,19.897
1999.93,81.1702,193.296,-337.339,1.79796,0.00121537,19.9032
1999.86,90.855,219.92,-382.9,38.7658,0.000980752,19.9025
1999.79,118.571,302.047,-522.301,195.263,0.000486649,19.9019
1999.74,150.128,409.732,-702.77,399.84,0.00032769,19.9013
1999.65,192.572,596.583,-1011,761.689,0.000293624,19.9006
1999.45,182.862,152.298,150.15,92.3071,0.000980728,19.8986
1999.41,247.051,210.29,204.842,189.974,0.000486638,19.8982
1999.38,328.275,287.455,275.689,317.547,0.000327683,19.898
1999.33,480.499,444.708,414.091,575.77,0.000302727,19.8975
1999.28,624.117,610.551,552.809,834.583,0.000288728,19.897
1999.23,748.319,770.5,680.857,1073.46,0.000273941,19.8965
1999.01,-237.105,19.6367,-123.758,87.9397,0.000980702,19.8945
1998.98,-323.647,23.4012,-168.8,180.98,0.000486626,19.8942
1998.96,-435.598,25.5779,-227.013,302.496,0.000327675,19.8939
1998.91,-654.29,21.0839,-340.748,548.44,0.000302719,19.8935
1998.86,-873.06,4.97432,-454.818,794.907,0.000288721,19.893
1998.76,-1073.96,-20.1544,-560.089,1022.32,0.000273934,19.8921
1999.48,229.888,61.3566,-31.2043,78.6878,0.000980729,19.8989
1999.46,312.651,86.6067,-42.5639,161.935,0.000486639,19.8987
1999.44,419.095,121.589,-57.2706,270.653,0.000327684,19.8985
1998.71,624.218,197.286,-86.0044,490.65,0.000302715,19.8916
1998.67,825.963,282.747,-114.808,711.016,0.000288717,19.8912
1998.48,1008.38,370.012,-141.427,914.245,0.000273929,19.8894
1999.47,-91.8835,219.533,-124.896,88.1178,0.000980729,19.8988
1999.44,-128.399,297.978,-170.313,181.347,0.000486639,19.8985
1999.41,-178.07,398.321,-229.077,303.11,0.000327684,19.8982
1999.36,-282.909,590.399,-343.939,549.554,0.000302727,19.8978
1999.31,-398.031,777.071,-459.06,796.518,0.000288729,19.8973
1999.27,-512.92,943.733,-565.322,1024.4,0.000273942,19.8969
1999.45,234.632,-39.4707,-78.7758,82.1904,0.000980728,19.8986
1999.41,320.447,-50.7449,-107.458,169.146,0.000486638,19.8982
1999.39,431.82,-62.8499,-144.593,282.713,0.000327683,19.898
1999.33,649.939,-78.3857,-217.056,512.523,0.000302726,19.8975
1999.28,869.109,-83.178,-289.69,742.749,0.000288728,19.897
1999.23,1071.27,-78.0219,-356.719,955.112,0.000273941,19.8965
1999.47,116.618,207.469,54.1165,80.0112,0.000980729,19.8988
1999.45,156.334,284.349,73.7779,164.654,0.000486639,19.8986
1999.42,205.549,384.93,99.218,275.196,0.000327684,19.8983
1999.37,294.455,584.691,148.9,498.883,0.000302727,19.8979
1999.32,373.887,789.008,198.697,722.954,0.000288729,19.8974
1999.28,438.354,980.598,244.615,929.608,0.000273942,19.897
1999.54,-38.3521,-234.804,5.87545,78.0439,0.000980733,19.8994
1999.5,-49.3044,-320.64,8.08957,160.61,0.000486641,19.899
1999.47,-61.1192,-432.023,10.9621,268.437,0.000327685,19.8988
1999.43,-76.4877,-650.218,16.579,486.62,0.000302728,19.8984
1999.38,-81.6365,-869.242,22.2141,705.163,0.00028873,19.898
1999.35,-77.2668,-1071.3,27.4025,906.699,0.000273943,19.8976
1999.42,33.5488,-235.551,-70.3307,81.3599,0.000980726,19.8983
1999.39,48.8329,-320.758,-95.9335,167.435,0.000486638,19.898
1999.36,71.045,-430.539,-129.062,279.85,0.000327683,19.8978
1999.32,122.269,-643.12,-193.746,507.334,0.000302726,19.8974
1999.27,183.972,-853.496,-258.594,735.224,0.000288728,19.8969
1999.24,249.932,-1044.62,-318.405,945.419,0.000273942,19.8966
1999.36,237.798,9.48374,55.2463,80.0986,0.000980722,19.8978
1999.3,324.081,16.0056,75.3587,164.839,0.000486635,19.8972
1999.27,435.525,26.8738,101.377,275.506,0.000327681,19.8969
1999.14,652.233,55.9665,152.197,499.449,0.000302723,19.8957
1999.1,867.787,95.521,203.167,723.787,0.000288725,19.8953
1999.06,1064.78,141.166,250.164,930.681,0.000273939,19.8949
1999.93,-111.206,-135.377,209.825,8.5443,0.0022044,19.9032
1999.84,-149.129,-185.465,285.052,99.863,0.00098075,19.9023
1999.79,-199.633,-255.759,388.709,228.721,0.000486649,19.9018
1999.76,-262.008,-348.932,522.998,397.101,0.00032769,19.9015
1999.69,-373.692,-537.563,785.597,738.255,0.000302733,19.9009
1999.63,-471.623,-734.73,1049.29,1080.78,0.000288734,19.9003
1999.62,-477.063,-746.845,1065.19,1100.4,0.000282935,19.9003
1999.9,-53.1949,252.102,-491.077,4.18483,0.000597663,19.9028
1999.88,-59.5624,274.858,-536.083,29.5337,0.00054517,19.9027
1999.85,-71.8823,316.422,-618.636,118.474,0.000486651,19.9024
1999.8,-107.652,422.869,-832.476,351.013,0.000327691,19.902
1999.76,-137.122,499.103,-988.097,525.466,0.000297831,19.9016
1999.5,197.791,132.214,-20.4376,78.3052,0.00098073,19.899
1999.46,268.076,182.838,-27.8779,161.148,0.00048664,19.8987
1185.33,359.222,247.755,-37.5219,269.27,0.000307858,2320.64
1185.28,529.471,385.108,-56.3963,488.287,0.000284411,2320.54
1185.23,688.496,536.927,-75.3445,708.357,0.000271259,2320.43
1185.19,824.038,688.992,-92.8737,912.203,0.000257367,2320.35
496.478,343.223,239.371,-36.2712,1015.89,0.000281348,inf
496.478,517.686,370.916,-55.8482,1234.58,0.000259921,inf
496.478,692.11,502.431,-75.4206,1453.23,0.000247903,inf
496.478,852.583,623.427,-93.4277,1654.43,0.000235208,inf
422.75,339.168,245.083,-35.5039,1758.6,0.000278111,inf
422.75,502.799,390.86,-53.0676,1977.72,0.00025693,inf
422.75,666.144,536.381,-70.6006,2196.5,0.00024505,inf
422.75,816.338,670.187,-86.722,2397.71,0.000232501,inf
1999.93,-98.2137,-182.405,-305.529,14.5555,0.00137617,19.9031
1999.89,-111.58,-210.175,-350.932,66.6838,0.000980753,19.9028
1999.8,-147.395,-289.077,-478.583,213.789,0.000486649,19.9019
1999.76,-189.853,-392.909,-643.819,406.039,0.00032769,19.9016
1999.66,-259.951,-600.841,-966.351,795.179,0.000302732,19.9006
1999.65,-271.118,-640.318,-1026.63,866.847,0.000289131,19.9005
1999.94,106.266,-175.989,-305.522,11.8115,0.00137617,19.9032
1999.9,124.262,-202.934,-353.666,64.246,0.000980754,19.9029
1999.82,173.99,-273.866,-482.37,212.21,0.00048665,19.9022
1999.79,241.839,-363.224,-649.066,405.603,0.000327691,19.9018
1999.71,385.343,-529.269,-975.326,797.794,0.000302733,19.9011
1999.71,407.291,-552.329,-1022.64,853.664,0.000292146,19.901
1999.48,-207.751,-116.101,-25.4498,78.4618,0.00098073,19.8989
1999.45,-281.753,-160.91,-34.6914,161.47,0.000486639,19.8986
1999.42,-376.262,-220.93,-46.6448,269.874,0.000327684,19.8983
1999.37,-556.625,-344.686,-69.9839,489.226,0.000302727,19.8978
1999.3,-731.259,-476.984,-93.3139,708.936,0.000288728,19.8972
1999.1,-886.687,-606.163,-114.848,911.549,0.000273939,19.8953
1999.92,178.9,84.5201,-273.56,14.799,0.00158051,19.9031
1999.86,214.414,103.231,-329.049,81.3901,0.000980752,19.9025
1999.81,290.062,145.352,-448.739,222.332,0.00048665,19.902
1992.59,386.027,203.488,-603.811,406.508,0.000327549,19.8336
1992.47,566.318,328.513,-906.499,779.369,0.000302602,19.8325
1992.45,639.413,385.692,-1034.49,936.362,0.000283443,19.8323
1991.53,641.631,387.495,-1038.44,939.02,0.000290717,19.8236
1999.93,-182.975,102.223,337.341,1.69505,0.00121537,19.9031
1999.9,-208.393,114.859,383.023,38.6834,0.000980754,19.9029
1999.84,-286.877,151.613,522.524,195.277,0.000486651,19.9023
1999.79,-390.349,195.079,703.187,399.982,0.000327691,19.9018
1999.71,-570.791,258.186,1011.04,761.246,0.000293625,19.9011
1998.72,106.657,-212.756,-88.471,83.2446,0.000980685,19.8917
1998.64,148.234,-288.579,-120.648,171.317,0.000486616,19.891
1998.61,204.299,-385.546,-162.322,286.339,0.000327668,19.8907
1998.57,320.871,-570.681,-243.734,519.113,0.000302713,19.8902
1998.52,446.797,-750.074,-325.325,752.336,0.000288715,19.8898
1998.48,570.837,-909.808,-400.595,967.469,0.000273929,19.8894
1999.76,-39.212,234.746,248.451,112.799,0.000980746,19.9015
1999.65,-57.767,319.315,338.838,232.179,0.000486645,19.9005
1999.62,-85.1519,428.008,455.852,388.145,0.000327688,19.9002
1999.56,-149.447,637.391,684.542,704.042,0.000302731,19.8997
1999.48,-228.121,842.743,914.142,1021.03,0.000288732,19.8989
1999.44,-301.949,1004.78,1100.14,1277.54,0.000275635,19.8985
1999.83,-88.8238,220.739,-271.112,103.517,0.00098075,19.9022
1999.79,-125.288,299.285,-369.796,228.724,0.000486649,19.9018
1999.75,-175.741,399.394,-497.534,392.31,0.00032769,19.9014
1999.63,-284.747,589.529,-747.277,723.683,0.000302732,19.9003
1999.57,-407.516,772.142,-998.001,1056.31,0.000288733,19.8998
1999.55,-448.848,827.784,-1076.96,1160.39,0.000276621,19.8996
1999.52,171.719,-164.691,93.2756,83.7946,0.000980732,19.8993
1999.48,236.388,-222.203,127.189,172.451,0.00048664,19.8989
1999.45,321.815,-294.751,171.111,288.24,0.000327684,19.8986
1999.37,493.782,-429.864,256.784,522.551,0.000302727,19.8978
1999.31,672.804,-556.473,342.675,757.308,0.000288729,19.8973
1999.27,843.419,-665.127,421.92,973.87,0.000273942,19.897
1999.49,-48.5246,-232.964,-104.182,85.1404,0.00098073,19.899
1999.44,-62.9863,-318.315,-141.996,175.216,0.000486639,19.8986
1999.42,-79.1453,-429.152,-190.923,292.859,0.000327684,19.8983
1999.36,-102.324,-646.623,-286.469,530.946,0.000302727,19.8978
1999.22,-114.388,-865.504,-382.208,769.489,0.000288727,19.8965
1999.17,-115.622,-1067.87,-470.579,989.545,0.000273941,19.896
1999.42,235.384,-35.1475,54.4229,80.0442,0.000980726,19.8983
1999.38,321.354,-44.9679,74.2788,164.727,0.000486637,19.8979
1999.35,432.853,-55.2536,99.9695,275.32,0.000327682,19.8977
1999.29,651.161,-67.4293,150.133,499.11,0.000302726,19.8971
1999.18,870.365,-69.1051,200.408,723.283,0.000288726,19.8961
1999.15,1072.36,-61.3092,246.758,930.031,0.00027394,19.8958
1999.45,220.877,88.4024,-80.2066,82.3449,0.000980728,19.8986
1996.86,300.02,123.495,-109.436,169.465,0.000486564,19.874
1996.82,401.327,171.245,-147.278,283.256,0.000327633,19.8737
1996.76,595.591,271.869,-221.219,513.537,0.00030268,19.8732
1996.72,784.979,382.173,-295.314,744.248,0.000288684,19.8727
1996.68,954.687,492.131,-363.706,957.064,0.0002739,19.8724
1998.82,210.342,111.208,-181.629,98.1641,0.00098069,19.8926
1998.78,285.093,154.968,-247.755,202.032,0.00048662,19.8922
1998.72,380.236,214.132,-333.278,337.7,0.00032767,19.8917
1998,560.735,337.895,-500.225,612.287,0.000302702,19.8849
1997.95,734.175,472.533,-667.686,887.577,0.000288705,19.8844
1997.9,887.035,605.767,-822.331,1141.75,0.00027392,19.8839
1999.95,-71.0737,157.366,209.834,4.6316,0.0022044,19.9034
1999.83,-100.322,215.767,289.227,96.7694,0.00098075,19.9022
1999.78,-141.065,292.204,394.529,226.781,0.000486649,19.9017
1999.74,-197.088,389.337,530.86,396.675,0.00032769,19.9013
1999.67,-316.979,572.799,797.43,740.946,0.000302733,19.9007
1999.61,-448.599,745.152,1061.22,1081.37,0.000288734,19.9002
1999.5,-217.071,97.423,-148.619,92.0058,0.000980731,19.8991
1999.43,-297.435,129.683,-202.749,189.357,0.000486639,19.8984
1999.4,-402.35,168.78,-272.739,316.513,0.000327683,19.8981
1999.34,-610.447,236.568,-409.549,573.891,0.000302727,19.8976
1999.29,-822.45,292.862,-546.667,831.862,0.000288728,19.8971
1999.25,-1020.73,334.351,-673.308,1069.96,0.000273942,19.8968
1999.94,161.805,-119.495,305.465,3.97978,0.00137617,19.9033
1999.89,192.402,-140.03,361.306,57.1335,0.000980753,19.9028
1999.84,265.484,-186.582,492.637,207.157,0.000486651,19.9023
1999.8,362.391,-243.138,662.693,403.243,0.000327691,19.9019
1999.72,558.665,-341.293,995.317,800.798,0.000302733,19.9011
1999.71,572.817,-347.581,1018.78,827.605,0.000295331,19.9011
1999.83,-163.977,172.493,220.749,106.418,0.00098075,19.9022
1999.79,-226.476,232.324,300.981,219.026,0.000486649,19.9018
1999.74,-309.659,307.472,404.941,366.136,0.00032769,19.9014
1999.67,-479.011,446.243,607.991,664.02,0.000302733,19.9007
1999.62,-657.534,574.374,811.773,962.814,0.000288734,19.9002
1999.57,-829.487,682.372,1000.07,1238.86,0.000273947,19.8998
1999.41,-141.457,191.327,-105.266,85.3042,0.000980725,19.8983
1999.38,-195.564,258.9,-143.522,175.552,0.000486637,19.898
1999.35,-267.552,344.646,-192.994,293.418,0.000327682,19.8976
1999.3,-414.591,506.618,-289.675,531.961,0.000302726,19.8972
1999.26,-570.112,661.25,-386.6,770.972,0.000288728,19.8968
1999.2,-720.41,796.653,-475.984,991.463,0.000273941,19.8962
1999.55,-168.726,-167.849,-64.5377,80.8317,0.000980733,19.8996
1999.52,-227.793,-231.034,-87.9697,166.349,0.000486641,19.8993
1999.5,-302.483,-314.56,-118.329,278.034,0.000327685,19.8991
1999.45,-442.161,-482.778,-177.566,504.037,0.000302729,19.8986
1999.39,-573.8,-657.971,-236.915,730.436,0.00028873,19.898
1999.33,-687.587,-825.122,-291.661,939.243,0.000273943,19.8975
1999.57,-84.3628,-222.527,-55.7534,80.1444,0.000980735,19.8998
1999.54,-112.098,-304.489,-76.0811,164.933,0.000486642,19.8994
1999.5,-145.668,-411.309,-102.392,275.666,0.000327685,19.899
1999.45,-203.652,-622.237,-153.833,499.747,0.000302729,19.8986
1999.4,-251.541,-836.061,-205.348,724.212,0.00028873,19.8982
1999.37,-286.53,-1035.16,-252.861,931.23,0.000273944,19.8979
1999.54,198.391,131.447,89.3293,83.3108,0.000980733,19.8995
1999.51,268.67,181.832,121.713,171.452,0.000486641,19.8992
1999.49,358.255,249.181,163.688,286.567,0.000327685,19.899
1999.42,527.981,387.11,245.593,519.522,0.000302728,19.8983
1999.37,690.948,533.675,327.651,752.908,0.00028873,19.8978
1999.33,834.702,676.055,403.392,968.191,0.000273943,19.8974
1999.38,28.3173,236.259,189.41,99.6952,0.000980724,19.898
1999.34,34.8382,322.596,258.259,205.176,0.000486636,19.8975
1999.31,40.2432,434.482,347.345,342.968,0.000327682,19.8973
1999.24,40.9333,653.411,521.505,621.958,0.000302725,19.8967
1999.16,28.4873,872.581,696.151,901.709,0.000288726,19.8959
1999.1,5.33831,1074.07,857.493,1160.03,0.000273939,19.8953
1999.4,-50.8992,-232.437,77.576,82.0587,0.000980725,19.8981
1999.36,-66.2618,-317.605,105.785,168.877,0.000486637,19.8977
1999.34,-83.6766,-428.301,142.309,282.261,0.000327682,19.8975
1999.29,-109.587,-645.439,213.592,511.711,0.000302726,19.8971
1999.17,-124.823,-864.069,285.062,741.589,0.000288726,19.896
1999.14,-129.327,-1066.32,351.036,953.622,0.00027394,19.8957
1999.84,-166.362,170.144,243.371,111.627,0.000980751,19.9023
1999.79,-229.866,228.955,331.909,229.755,0.000486649,19.9018
1999.75,-314.415,302.606,446.582,384.065,0.00032769,19.9015
1999.69,-486.623,437.92,670.647,696.635,0.000302733,19.9009
1999.63,-668.239,561.86,895.603,1010.27,0.000288734,19.9003
1999.58,-843.235,665.363,1103.66,1300.18,0.000273947,19.8998
1999.58,-843.254,665.373,1103.68,1300.18,0.000273947,19.8998
1999.85,175.06,-161.154,274.369,104.203,0.000980751,19.9024
1999.8,241.837,-216.359,374.223,230.221,0.00048665,19.902
1999.73,330.493,-284.935,503.398,394.876,0.00032769,19.9013
1999.65,510.839,-409.446,756.077,728.496,0.000302732,19.9005
1999.57,700.438,-521.225,1009.85,1063.4,0.000288733,19.8998
1999.54,748.856,-546.935,1073.04,1146.05,0.000278638,19.8995
1998.36,751.87,-548.499,1076.96,1148.15,0.000276601,19.8883
1999.43,236.924,-22.128,146.517,91.6111,0.000980726,19.8984
1999.4,323.353,-26.6806,199.756,188.53,0.000486638,19.8981
1999.36,435.379,-29.7604,268.703,315.126,0.000327683,19.8978
1999.31,654.135,-26.6822,403.296,571.366,0.000302726,19.8973
1999.23,873.039,-11.523,538.272,828.181,0.000288727,19.8966
1999.1,1073.98,13.2094,662.84,1065.22,0.000273939,19.8953
1999.35,71.4563,226.936,-38.6444,79.0414,0.000980721,19.8976
1999.32,94.5188,310.39,-52.6908,162.66,0.000486635,19.8973
1999.29,122.009,418.91,-70.8465,271.863,0.000327681,19.8971
1999.25,168.088,632.727,-106.313,492.833,0.000302725,19.8967
1999.21,204.028,848.863,-141.836,714.176,0.000288727,19.8963
1999.16,228.07,1049.65,-174.608,918.302,0.00027394,19.8959
1999.4,230.551,-58.9687,159.042,93.855,0.000980724,19.8981
1999.36,315.203,-76.934,216.889,193.154,0.000486637,19.8978
1999.33,425.376,-97.3797,291.792,322.856,0.000327682,19.8975
1999.06,642.049,-128.107,438.09,585.406,0.000302722,19.8949
1999,860.65,-146.639,584.711,848.559,0.000288723,19.8944
1998.95,1063.15,-152.782,720.121,1091.47,0.000273937,19.8939
1994.86,-237.076,-20.3158,-34.4025,78.8413,0.000980457,19.8551
1994.83,-323.038,-30.7391,-47.0078,162.25,0.000486504,19.8548
1994.8,-433.847,-46.5959,-63.2933,271.178,0.000327593,19.8546
1994.75,-649.038,-85.2953,-95.1092,491.595,0.000302643,19.8541
1994.71,-862.696,-134.27,-127.009,712.384,0.000288649,19.8537
1994.67,-1057.44,-188.374,-156.43,916.002,0.000273867,19.8534
1999.54,-39.656,234.617,5.33231,78.0376,0.000980733,19.8995
1999.51,-57.0446,319.384,7.25524,160.597,0.000486641,19.8992
1999.48,-81.8711,428.577,9.73774,268.414,0.000327685,19.8989
1999.44,-137.864,640.023,14.577,486.578,0.000302728,19.8985
1999.4,-203.799,848.95,19.445,705.102,0.00028873,19.8981
1999.35,-273.268,1038.77,23.9492,906.621,0.000273943,19.8976
1999.22,-44.0314,233.864,203.568,102.665,0.000980714,19.8964
1999.18,-63.9096,318.138,277.61,211.301,0.000486631,19.8961
1999.14,-92.6551,426.404,373.39,353.208,0.000327678,19.8957
1999.09,-158.67,635.196,560.64,640.532,0.000302722,19.8952
1999.02,-237.678,840.079,748.415,928.684,0.000288724,19.8945
1998.95,-321.83,1024.73,921.965,1194.84,0.000273937,19.8939
1999.41,236.669,-24.5828,6.98427,78.0517,0.000980725,19.8983
1999.38,323,-30.4985,9.50205,160.626,0.000486637,19.898
1999.36,434.853,-35.7877,12.7684,268.463,0.000327683,19.8978
1999.29,653.574,-38.375,19.1467,486.668,0.000302726,19.8971
1999.24,872.526,-30.6923,25.5608,705.235,0.000288727,19.8967
1999.19,1073.98,-14.504,31.4776,906.792,0.000273941,19.8961
1999.21,2.91574,-237.922,-181.722,98.1913,0.000980713,19.8963
1999.17,7.77766,-324.392,-247.883,202.086,0.000486631,19.8959
1999.13,17.0583,-436.045,-333.484,337.803,0.000327678,19.8956
1999.07,44.8904,-653.118,-500.726,612.576,0.000302722,19.895
1999,85.6258,-868.877,-668.562,888.095,0.000288723,19.8944
1998.97,134.509,-1065.67,-823.56,1142.49,0.000273937,19.894
1997.63,-187.25,-146.851,6.64098,78.0481,0.000980621,19.8814
1997.59,-253.415,-202.583,9.03968,160.619,0.000486585,19.8809
1997.55,-337.513,-276.521,12.1443,268.451,0.000327647,19.8806
1997.46,-496.579,-426.664,18.1894,486.646,0.000302692,19.8797
1997.42,-648.665,-584.362,24.256,705.202,0.000288696,19.8794
1997.38,-782.247,-736.022,29.842,906.751,0.000273911,19.879
1999.25,81.4093,-223.589,160.204,94.0623,0.000980716,19.8967
1999.2,114.498,-303.553,218.474,193.591,0.000486632,19.8963
1999.17,159.969,-405.957,293.922,323.595,0.000327679,19.896
1999.12,257.243,-602.045,441.382,586.787,0.000302723,19.8955
1999.07,365.726,-792.758,589.218,850.628,0.000288724,19.895
1999.02,475.342,-963.181,725.737,1094.16,0.000273938,19.8945
1999.51,231.64,-54.5514,192.256,100.228,0.000980731,19.8992
1999.47,316.646,-70.6838,262.013,206.277,0.00048664,19.8988
1999.44,427.256,-88.5676,352.35,344.809,0.000327684,19.8985
1999.37,644.711,-113.649,528.843,625.275,0.000302727,19.8978
1999.32,864.019,-125.658,705.93,906.502,0.000288729,19.8973
1999.23,1066.84,-125.024,869.444,1166.18,0.000273942,19.8966
1998.49,149.181,185.318,53.8624,79.9936,0.000980671,19.8895
1998.47,201.073,254.688,73.4708,164.621,0.000486611,19.8893
1998.44,266.18,345.793,98.8098,275.142,0.000327665,19.8891
1998.39,386.774,528.183,148.292,498.786,0.000302709,19.8886
1998.33,498.76,716.638,197.897,722.817,0.000288711,19.888
1998.29,593.881,895.009,243.611,929.429,0.000273926,19.8876
1999.84,-229.842,-61.7404,297.779,93.7143,0.000980751,19.9023
1999.8,-312.088,-88.7879,406.013,225.939,0.000486649,19.9019
1999.71,-417.368,-127.433,546.236,398.736,0.00032769,19.9011
1999.62,-618.5,-214.566,820.414,748.93,0.000302732,19.9002
1999.56,-786.648,-301.857,1057.4,1051.28,0.00028213,19.8997
1999.51,107.879,212.093,98.1746,84.408,0.000980731,19.8992
1999.47,144.136,290.644,133.876,173.706,0.00048664,19.8988
1999.44,188.741,393.43,180.123,290.336,0.000327684,19.8985
1999.39,268.073,597.236,270.404,526.368,0.000302728,19.8981
1999.35,337.164,805.363,360.933,762.858,0.000288729,19.8977
1999.31,391.439,1000.22,444.415,981.015,0.000273943,19.8973
1999.76,-203.062,-124.11,300.649,94.2998,0.000980746,19.9015
1999.57,-274.291,-173.352,410.045,227.383,0.000486643,19.8997
1999.53,-364.303,-240.239,551.711,401.281,0.000327686,19.8994
1999.47,-532.488,-380.863,828.666,753.635,0.000302729,19.8988
1999.39,-661.021,-504.221,1053.67,1039.5,0.000284398,19.8981
1999.49,-237.604,12.6771,-52.6619,79.9098,0.00098073,19.899
1999.45,-324.097,14.2566,-71.834,164.452,0.000486639,19.8986
1999.43,-436.174,13.8675,-96.6766,274.862,0.000327684,19.8984
1999.38,-654.661,5.19368,-145.157,498.283,0.000302727,19.898
1999.35,-872.925,-13.9578,-193.741,722.09,0.000288729,19.8977
1999.27,-1073.36,-40.9267,-238.605,928.506,0.000273942,19.897
1999.55,237.401,-16.5552,-28.4777,78.5756,0.000980733,19.8995
1999.52,323.854,-19.549,-38.8391,161.704,0.000486641,19.8992
1999.49,435.796,-21.0268,-52.2463,270.267,0.000327685,19.899
1999.43,654.48,-16.1086,-78.4698,489.946,0.000302728,19.8984
1999.4,873.044,-0.853005,-104.764,709.995,0.00028873,19.8981
1999.36,1073.82,22.356,-129.009,912.924,0.000273944,19.8978
1998.7,214.665,102.626,67.1034,81.0418,0.000980683,19.8915
1998.67,291.409,142.561,91.4356,166.781,0.000486616,19.8912
1998.64,389.635,196.465,122.952,278.756,0.000327668,19.891
1998.6,577.384,308.662,184.505,505.355,0.000302713,19.8905
1998.52,759.807,430.057,246.176,732.356,0.000288715,19.8898
1998.49,922.672,549.817,303.079,941.729,0.000273929,19.8895
1999.48,-219.486,92.0312,-115.932,86.7578,0.00098073,19.8989
1999.33,-300.533,122.39,-158.025,178.55,0.000486636,19.8975
1999.31,-406.251,159.175,-212.479,298.443,0.000327681,19.8972
1999.23,-615.575,222.911,-318.941,541.093,0.000302725,19.8966
1999.18,-828.355,275.759,-425.64,784.249,0.000288726,19.8961
1999.12,-1027.01,314.641,-524.154,1008.6,0.00027394,19.8955
1999.36,-34.1777,-235.492,-103.797,85.1502,0.000980722,19.8977
1999.32,-43.3481,-321.576,-141.642,175.239,0.000486636,19.8974
1999.3,-52.6312,-433.201,-190.615,292.9,0.000327681,19.8972
1999.25,-62.3195,-651.693,-286.244,531.025,0.000302725,19.8967
1999.18,-60.8107,-870.996,-382.137,769.619,0.000288726,19.8961
1999.14,-49.4569,-1072.98,-470.635,989.751,0.00027394,19.8957
1999.43,-87.4768,221.324,130.597,89.0631,0.000980726,19.8984
1999.28,-122.49,300.486,178.25,183.296,0.000486634,19.897
1999.25,-170.272,401.787,239.909,306.373,0.00032768,19.8967
1999.2,-271.509,595.708,360.36,555.489,0.000302724,19.8962
1999.15,-383.287,784.479,481.173,805.148,0.000288726,19.8958
1999.1,-495.237,953.106,592.646,1035.53,0.000273939,19.8953
1999.44,-152.999,182.194,87.5034,83.1212,0.000980727,19.8985
1999.41,-211.042,246.426,119.321,171.061,0.000486638,19.8982
1999.38,-288.001,327.813,160.501,285.916,0.000327683,19.898
1999.32,-444.166,480.94,240.944,518.36,0.000302726,19.8974
1999.28,-608.169,626.429,321.619,751.253,0.000288728,19.897
1999.23,-765.736,753.2,396.028,966.081,0.000273942,19.8966
1999.7,231.459,-40.7324,401.181,13.426,0.000980742,19.901
1999.63,320.553,-50.1505,554.07,176.895,0.000486645,19.9003
1999.57,432.611,-57.1533,745.766,390.695,0.000327687,19.8998
1999.49,583.519,-58.1585,1003.4,688.128,0.000300557,19.899
1999.91,224.459,-52.6819,-401.186,4.65715,0.000980755,19.903
1999.85,317.322,-67.7543,-564.842,170.495,0.000486651,19.9024
1999.8,428.802,-80.8179,-760.087,387.309,0.000327691,19.9019
1999.74,566.22,-89.501,-999.604,662.378,0.000304358,19.9013
1999.46,-199.766,-129.349,-140.23,90.5158,0.000980728,19.8987
1999.41,-270.544,-179.082,-191.122,186.287,0.000486638,19.8982
1999.36,-360.595,-245.728,-257.029,311.374,0.000327683,19.8978
1999.31,-530.943,-382.946,-385.726,564.559,0.000302726,19.8973
1999.26,-694.057,-529.666,-514.8,818.305,0.000288728,19.8968
1999.21,-837.324,-672.807,-633.963,1052.49,0.000273941,19.8964
1999.8,157.962,-177.997,-272.746,103.89,0.000980748,19.902
1999.76,218.729,-239.66,-372.03,229.549,0.000486648,19.9016
1999.73,299.951,-316.909,-500.57,393.729,0.00032769,19.9012
1999.66,466.668,-459.165,-751.899,726.307,0.000302732,19.9006
1999.59,643.84,-589.698,-1004.27,1060.16,0.000288733,19.9
1999.58,696.57,-624.934,-1076.97,1155.64,0.000276621,19.8998
1999.08,-204.695,121.236,-41.1649,79.1726,0.000980706,19.8951
1999.05,-280.698,162.693,-56.1113,162.933,0.000486628,19.8949
1999.02,-380.17,214.209,-75.4504,272.321,0.000327676,19.8946
1998.97,-577.827,307.735,-113.211,493.671,0.00030272,19.8941
1998.88,-780.17,391.979,-151.039,715.391,0.000288721,19.8932
1998.84,-970.131,461.047,-185.917,919.869,0.000273935,19.8929
1999.84,237.763,10.2928,244.758,111.922,0.000980751,19.9023
1999.8,323.952,18.3357,333.746,230.35,0.000486649,19.9019
1999.76,435.213,32.1617,449.019,385.085,0.00032769,19.9015
1999.69,650.935,70.1968,674.328,698.526,0.000302733,19.9009
1999.61,864.394,122.852,900.422,1013,0.000288734,19.9001
1999.56,1053.1,182.464,1103.91,1295.95,0.000273947,19.8997
1999.59,28.2302,-236.241,-17.4345,78.2236,0.000980736,19.8999
1999.55,41.5807,-321.73,-23.6807,160.979,0.000486642,19.8996
1999.53,61.2237,-432.068,-31.7646,269.054,0.000327686,19.8994
1999.48,107.161,-645.883,-47.5431,487.739,0.000302729,19.8989
1999.43,163.155,-857.645,-63.3488,706.786,0.000288731,19.8984
1999.37,223.639,-1050.6,-77.9173,908.787,0.000273944,19.8979
1999.48,-186.924,-147.288,-96.2693,84.166,0.000980729,19.8989
1999.45,-252.835,-203.345,-131.277,173.21,0.000486639,19.8986
1999.39,-336.445,-277.835,-176.577,289.503,0.000327683,19.8981
1999.35,-494.111,-429.508,-265.048,524.837,0.000302727,19.8977
1999.31,-644.203,-589.259,-353.673,760.617,0.000288728,19.8973
1999.27,-775.425,-743.302,-435.475,978.117,0.000273942,19.8969
1999.36,-181.079,154.446,-157.66,93.6051,0.000980722,19.8978
1999.33,-249.214,207.818,-215.013,192.64,0.000486636,19.8975
1999.29,-339.103,274.605,-289.206,321.988,0.000327681,19.8971
1999.19,-520.136,397.555,-434.185,583.809,0.000302724,19.8962
1999.15,-708.292,510.452,-579.564,846.256,0.000288726,19.8957
1999.07,-887.415,605.168,-713.845,1088.52,0.000273939,19.895
1999.82,-233.463,-46.1378,225.259,107.434,0.000980749,19.9021
1999.78,-317.481,-66.9447,307.172,221.119,0.000486649,19.9018
1999.7,-425.446,-97.0679,413.253,369.638,0.000327689,19.901
1999.64,-633.231,-166.159,620.488,670.386,0.000302732,19.9004
1999.57,-836.898,-248.856,828.561,972.105,0.000288733,19.8997
1999.5,-1019.97,-336.817,1020.84,1250.89,0.000273946,19.899
1999.88,231.059,-3.94087,401.157,5.7532,0.000980753,19.9027
1999.8,324.493,1.00391,563.579,171.335,0.000486649,19.9019
1999.75,436.235,11.8645,758.463,387.811,0.00032769,19.9015
1999.7,573.619,32.7153,999.652,664.998,0.000304357,19.901
1999.38,-25.1425,236.626,164.305,94.803,0.000980723,19.8979
1999.35,-37.9893,322.252,224.041,195.103,0.000486636,19.8976
1999.32,-57.4573,432.533,301.309,326.117,0.000327682,19.8974
1999.25,-104.743,646.261,452.325,591.312,0.000302725,19.8967
1999.19,-164.3,857.481,603.752,857.17,0.000288727,19.8962
1999.15,-229.905,1049.24,743.555,1102.56,0.00027394,19.8958
1999.91,-40.053,172.106,209.843,10.821,0.0022044,19.903
1999.83,-56.2873,231.219,282.611,101.674,0.00098075,19.9022
1999.78,-81.2492,314.117,385.381,229.865,0.000486649,19.9017
1999.72,-117.085,420.363,518.464,397.347,0.00032769,19.9012
1999.66,-198.403,623.874,778.574,736.628,0.000302732,19.9006
1999.59,-294.702,821.866,1039.96,1077.31,0.000288733,19.8999
1999.58,-306.339,843.51,1069.13,1114.41,0.000280741,19.8998
1999.47,158.169,177.781,-76.4682,81.9559,0.000980729,19.8988
1999.43,213.248,244.5,-104.282,168.66,0.000486639,19.8984
1999.4,282.609,332.435,-140.29,281.896,0.000327683,19.8981
1999.36,411.629,509.098,-210.642,511.048,0.000302727,19.8977
1999.29,532.022,692.236,-281.138,740.622,0.000288728,19.8971
1999.25,634.963,866.282,-346.176,952.375,0.000273942,19.8967
1999.59,-231.682,-54.2436,-1.53944,78.019,0.000980736,19.8999
1999.56,-315.207,-76.859,-2.0892,160.558,0.000486642,19.8996
1999.51,-422.635,-108.414,-2.78793,268.351,0.000327685,19.8992
1999.47,-630.195,-177.47,-4.12683,486.465,0.000302729,19.8988
1999.42,-834.565,-256.257,-5.46319,704.938,0.00028873,19.8983
1999.37,-1019.72,-337.386,-6.69656,906.407,0.000273944,19.8979
1999.43,-223.37,-82.023,-177.158,97.2489,0.000980726,19.8984
1999.37,-303.303,-115.239,-241.563,200.149,0.000486637,19.8979
1999.34,-405.622,-160.963,-324.956,334.563,0.000327682,19.8976
1999.29,-601.28,-258.963,-487.82,606.686,0.000302726,19.8971
1999.23,-791.491,-368.609,-651.209,879.502,0.000288727,19.8966
1999.18,-961.147,-479.575,-802.054,1131.37,0.000273941,19.8961
1999.59,-229.801,61.7277,1.87825,78.0191,0.000980736,19.8999
1999.56,-314.091,81.2969,2.50062,160.559,0.000486642,19.8996
1999.52,-423.682,104.299,3.29302,268.351,0.000327686,19.8993
1999.48,-639.199,141.652,4.82031,486.463,0.000302729,19.8989
1999.44,-856.582,168.889,6.33966,704.937,0.000288731,19.8985
1999.41,-1058.07,184.953,7.75703,906.408,0.000273944,19.8982
1999.84,-99.3746,216.246,-238.785,110.533,0.000980751,19.9023
1999.8,-139.34,292.984,-325.577,227.495,0.00048665,19.902
1999.77,-194.09,390.8,-438.042,380.313,0.000327691,19.9016
1999.71,-310.547,576.356,-657.876,689.819,0.000302733,19.9011
1999.63,-439.527,754.394,-878.522,1000.38,0.000288734,19.9003
1999.58,-569.058,910.973,-1082.45,1287.37,0.000273947,19.8998
1999.29,207.694,-116.22,28.8015,78.5868,0.000980718,19.8971
1999.26,284.614,-155.749,39.259,161.728,0.000486634,19.8968
1993.26,385.297,-204.796,52.7859,270.305,0.000327563,19.8399
1993.2,585.15,-293.605,79.0074,489.98,0.000302615,19.8394
1993.16,789.346,-373.013,105.285,710.026,0.000288622,19.839
1993.11,980.856,-437.617,129.537,912.957,0.000273841,19.8386
1999.55,-180.742,154.758,48.8693,79.6405,0.000980733,19.8996
1999.52,-248.438,208.688,66.6133,163.897,0.000486641,19.8993
1999.49,-337.523,276.561,89.5784,273.934,0.000327685,19.899
1999.45,-516.127,402.691,134.409,496.598,0.000302729,19.8986
1999.41,-701.043,520.42,179.371,719.649,0.00028873,19.8982
1999.37,-876.372,621.022,220.836,925.359,0.000273944,19.8979
0.0708732,-963.878,-431.855,-624.803,2310.26,0.0406422,inf
1999.84,-56.2088,-231.261,-245.239,112.037,0.000980751,19.9023
1999.8,-72.4395,-316.25,-334.377,230.595,0.00048665,19.9019
1999.76,-90.1147,-426.976,-449.884,385.482,0.000327691,19.9016
1999.71,-113.589,-644.735,-675.521,699.176,0.000302733,19.9011
1999.64,-122.364,-864.448,-901.998,1013.9,0.000288734,19.9004
1999.58,-117.65,-1060.52,-1103.98,1294.43,0.000273947,19.8998
1999.55,-164.438,171.922,-23.0456,78.3872,0.000980734,19.8996
1999.52,-226.416,232.423,-31.4887,161.316,0.000486641,19.8993
1999.49,-308.181,308.906,-42.4165,269.618,0.000327685,19.899
1999.45,-473.04,452.509,-63.7555,488.764,0.000302729,19.8986
1999.39,-644.929,588.514,-85.1594,708.277,0.00028873,19.8981
1999.35,-808.941,706.609,-104.884,910.711,0.000273943,19.8977
1999.51,-15.3072,-237.428,-138.715,90.3182,0.000980731,19.8992
1999.47,-17.4048,-324.026,-189.22,185.875,0.00048664,19.8988
1999.42,-17.3566,-436.048,-254.539,310.687,0.000327684,19.8984
1999.36,-8.31327,-654.622,-382.117,563.319,0.000302727,19.8977
1999.31,12.6227,-873.023,-510.077,816.512,0.000288729,19.8973
1999.27,42.4311,-1073.26,-628.161,1050.18,0.000273942,19.8969
1998.71,136.077,-195.208,-136.924,90.0058,0.000980684,19.8916
1998.67,188.311,-264.172,-186.647,185.218,0.000486617,19.8912
1998.65,258.148,-351.825,-251.059,309.575,0.000327669,19.891
1998.59,401.35,-517.196,-376.76,561.264,0.000302713,19.8905
1998.55,553.724,-675.044,-502.85,813.516,0.000288715,19.8901
1998.51,701.71,-813.172,-619.177,1046.29,0.00027393,19.8897
1999.93,159.691,110.762,273.588,8.86369,0.00158051,19.9032
1999.86,194.434,137.204,335.048,76.2605,0.000980752,19.9025
1999.8,262.056,191.286,456.954,218.922,0.00048665,19.902
1999.75,347.046,264.568,614.953,405.376,0.00032769,19.9015
1999.67,504.076,417.739,923.835,783.308,0.000302733,19.9007
1999.65,557.218,475.64,1034.47,917.872,0.000283565,19.9005
1999.29,-68.9643,227.769,195.723,100.994,0.000980718,19.8971
1999.25,-97.7396,309.42,266.856,207.853,0.000486633,19.8967
1999.22,-137.856,413.993,358.898,347.447,0.00032768,19.8964
1999.16,-225.621,614.598,538.872,630.096,0.000302723,19.8958
1999.1,-325.734,810.005,719.288,913.505,0.000288725,19.8953
1999.03,-428.657,984.84,885.969,1175.22,0.000273938,19.8947
1999,227.341,-70.2715,-164.415,94.8375,0.000980701,19.8944
1998.96,311.049,-92.3835,-224.225,195.175,0.000486625,19.894
1998.93,420.051,-118.179,-301.611,326.238,0.000327674,19.8937
1998.87,634.948,-159.362,-452.79,591.548,0.000302718,19.8931
1998.82,852.516,-188.345,-604.431,857.498,0.00028872,19.8926
1998.76,1054.57,-204.052,-744.429,1102.99,0.000273934,19.8921
1999.4,-235.788,32.2424,-156.686,93.4046,0.000980724,19.8981
1999.36,-321.917,40.378,-213.606,192.225,0.000486637,19.8978
1999.32,-433.715,48.0798,-287.335,321.3,0.000327682,19.8974
1999.27,-652.447,53.8561,-431.319,582.583,0.000302725,19.8969
1999.21,-871.817,47.3444,-575.712,844.471,0.000288727,19.8963
1999.16,-1073.65,30.4122,-708.965,1086.2,0.00027394,19.8959
1999.53,211.449,109.215,42.961,79.2811,0.000980732,19.8993
1999.49,286.842,151.559,58.5877,163.157,0.00048664,19.899
1999.45,383.28,208.49,78.8239,272.695,0.000327684,19.8986
1999.4,567.486,326.395,118.356,494.351,0.000302728,19.8982
1999.36,746.202,453.176,157.973,716.387,0.000288729,19.8978
1999.31,905.57,577.586,194.542,921.16,0.000273943,19.8973
1998.71,227.956,-68.0721,-22.7707,78.3747,0.000980684,19.8916
1998.67,311.676,-89.9884,-31.0639,161.29,0.000486616,19.8912
1998.63,420.638,-116.045,-41.801,269.573,0.000327668,19.8909
1998.59,634.939,-159.336,-62.7533,488.681,0.000302713,19.8905
1998.55,851.583,-192.597,-83.7715,708.152,0.000288715,19.8901
1998.5,1052.53,-214.182,-103.156,910.549,0.000273929,19.8896
1999.34,-92.2352,-219.4,-166.339,95.1956,0.000980721,19.8976
1999.28,-122.367,-300.528,-226.829,195.919,0.000486634,19.897
1999.25,-158.626,-406.536,-305.13,327.478,0.00032768,19.8968
1999.2,-220.441,-616.425,-458.03,593.782,0.000302724,19.8963
1999.14,-270.338,-830.181,-611.431,860.743,0.000288726,19.8957
1999.1,-305.479,-1029.74,-753.063,1107.2,0.000273939,19.8953
1999.53,-206.357,118.47,-2.39791,78.0222,0.000980732,19.8994
1999.49,-282.869,158.949,-3.32772,160.565,0.00048664,19.899
1999.45,-382.909,209.2,-4.52786,268.361,0.000327684,19.8986
1999.41,-581.672,300.368,-6.88973,486.483,0.000302728,19.8982
1999.37,-784.916,382.311,-9.24738,704.964,0.00028873,19.8979
1999.34,-975.561,449.37,-11.4155,906.44,0.000273943,19.8976
1999.87,-30.2568,-236.018,344.949,68.7423,0.000980752,19.9026
1999.81,-36.0257,-322.454,470.613,214.304,0.00048665,19.902
1999.77,-39.3034,-434.612,633.379,404.545,0.000327691,19.9016
1999.67,-32,-653.929,951.726,790.183,0.000302733,19.9007
1999.64,-27.6439,-705.415,1026.65,880.019,0.000289131,19.9004
1999.52,50.0739,232.603,-50.2636,79.7493,0.000980732,19.8993
1999.49,65.2742,317.804,-68.5977,164.121,0.000486641,19.899
1999.47,82.539,428.497,-92.3333,274.309,0.000327685,19.8988
1999.42,108.404,645.671,-138.686,497.282,0.000302728,19.8984
1999.36,123.878,864.24,-185.118,720.637,0.000288729,19.8978
1999.33,128.846,1066.32,-227.927,926.623,0.000273943,19.8974
1999.41,-115.871,-207.796,157.469,93.57,0.000980725,19.8982
1999.38,-154.88,-285.151,214.81,192.569,0.000486637,19.8979
1999.35,-202.749,-386.387,288.939,321.883,0.000327682,19.8977
1999.29,-287.821,-587.969,433.771,583.635,0.000302726,19.8971
1999.23,-361.673,-794.634,579.004,845.984,0.000288727,19.8966
1994.11,-419.538,-988.819,712.96,1088.05,0.000273857,19.848
1999.94,-141.848,86.763,177.965,9.20463,0.00270508,19.9033
1999.83,-204.356,121.873,254.696,109.225,0.00098075,19.9022
1999.78,-280.888,162.396,347.389,230.189,0.000486649,19.9017
1999.74,-381.549,211.749,467.36,388.213,0.00032769,19.9014
1999.68,-583.03,297.856,701.861,708.288,0.000302733,19.9008
1999.63,-790.777,370.102,937.519,1029.7,0.000288734,19.9003
1999.59,-929.967,409.743,1092.52,1240.79,0.000279204,19.8999
1999.39,63.1918,-229.393,185.847,99.0259,0.000980724,19.898
1999.35,89.8731,-311.741,253.48,203.8,0.000486636,19.8977
1999.32,127.285,-417.411,341.051,340.654,0.000327682,19.8974
1999.25,209.512,-620.238,512.062,617.732,0.000302725,19.8967
1999.17,303.99,-818.465,683.622,895.537,0.000288726,19.896
1999.12,401.56,-996.204,842.008,1152.04,0.00027394,19.8955
1997.72,25.4176,-236.597,-46.9174,79.5292,0.000980626,19.8822
255.059,37.0224,-322.356,-64.0979,163.669,0.000406575,500.138
255.011,63.3668,-431.737,-86.7468,274.352,0.000273773,500.044
254.956,182.963,-628.593,-133.501,510.423,0.000252924,499.935
254.9,405.83,-773.053,-187.46,783.201,0.00024123,499.825
254.683,734.646,-783.623,-254.147,1122.88,0.000228878,499.402
252.521,837.621,249.017,-509.439,1461.19,0.000236406,495.169
252.454,579.031,307.158,-562.105,1733.04,0.000246763,495.038
252.401,355.237,254.57,-607.861,1968.31,0.000265185,494.935
252.372,261.872,198.662,-629.296,2078.74,0.000323595,494.879
252.368,247.646,187.738,-632.821,2092.75,0.000406616,494.872
252.094,73.0536,-430.171,-769.809,2184.98,0.000273804,494.334
252.025,194.905,-624.945,-816.371,2420.48,0.000252952,494.2
251.914,419.85,-765.515,-870.166,2692.89,0.000241257,493.983
251.83,749.587,-769.34,-938.126,3033.69,0.000228903,493.818
1460.09,35.6931,-308.693,-61.1401,3054.46,0.00046864,inf
1460.09,52.4916,-415.145,-79.5367,3163.78,0.000315564,inf
1460.09,86.5453,-630.942,-116.83,3384.72,0.000291532,inf
1460.09,120.594,-846.705,-154.118,3605.64,0.000278052,inf
1460.09,151.92,-1045.22,-188.424,3808.92,0.000263813,inf
387.682,35.61,-308.703,-62.0078,3830.29,0.0004109,inf
387.682,51.0764,-415.321,-94.3389,3942.77,0.000276685,inf
387.682,82.4347,-631.492,-159.891,4170.13,0.000255613,inf
387.682,113.791,-847.646,-225.438,4397.47,0.000243794,inf
387.682,142.64,-1046.52,-285.746,4606.67,0.00023131,inf
1999.52,-21.6364,236.991,-44.7272,79.3812,0.000980732,19.8993
1999.48,-32.535,322.768,-60.9434,163.36,0.00048664,19.8989
1999.45,-49.0504,433.553,-81.946,273.032,0.000327684,19.8987
1999.39,-89.0609,648.608,-122.962,494.956,0.000302728,19.8981
1999.25,-139.317,861.872,-164.059,717.259,0.000288727,19.8967
1999.22,-194.645,1056.28,-201.977,922.276,0.000273941,19.8964
1999.78,237.75,-9.39103,-230.853,108.7,0.000980747,19.9017
1999.73,324.33,-8.61703,-314.833,223.734,0.000486648,19.9013
1999.7,436.336,-4.2806,-423.565,374.025,0.000327689,19.901
1999.61,654.538,15.0227,-636.091,678.396,0.000302731,19.9001
1999.55,871.758,48.6806,-849.34,983.738,0.000288733,19.8995
1999.5,1070.15,92.3701,-1046.39,1265.86,0.000273946,19.8991
1999.37,-212.645,-106.743,92.812,83.7651,0.000980723,19.8978
1999.33,-288.498,-148.409,126.63,172.387,0.000486636,19.8975
1999.29,-385.398,-204.539,170.387,288.128,0.000327681,19.8971
1999.25,-570.391,-321.35,255.875,522.357,0.000302725,19.8967
1999.2,-749.61,-447.543,341.517,757.028,0.000288727,19.8963
1999.15,-909.234,-571.891,420.564,973.5,0.00027394,19.8957
1999.84,233.375,-46.3348,234.079,109.44,0.00098075,19.9023
1999.73,319.017,-59.0533,319.217,225.248,0.000486647,19.9013
1999.7,430.363,-72.2204,429.486,376.553,0.000327689,19.901
1999.64,648.838,-87.1132,644.914,682.998,0.000302732,19.9004
1999.57,868.704,-87.5724,861.22,990.451,0.000288733,19.8998
1999.52,1071.52,-75.1066,1061.11,1274.56,0.000273946,19.8993
1999.31,167.943,-168.537,143.141,91.0685,0.000980719,19.8973
1999.27,231.495,-227.348,195.27,187.426,0.000486634,19.8969
1999.24,315.555,-301.346,262.693,313.281,0.00032768,19.8966
1999.18,485.642,-439.055,394.448,568.02,0.000302724,19.8961
1999.13,663.417,-567.537,526.471,823.317,0.000288725,19.8956
1999.09,833.607,-677.371,648.378,1058.92,0.000273939,19.8952
1999.51,160.262,175.933,-55.7255,80.128,0.000980731,19.8992
1999.48,216.186,241.96,-75.9858,164.902,0.00048664,19.8989
1999.45,286.672,328.963,-102.193,275.612,0.000327684,19.8986
1999.41,418.065,503.738,-153.391,499.644,0.000302728,19.8982
1999.37,541.205,685.107,-204.746,724.072,0.00028873,19.8979
1999.3,646.887,857.44,-252.1,931.058,0.000273943,19.8972
1999.92,167.097,-88.1371,241.686,15.3803,0.00184668,19.903
1999.84,211.428,-109.219,304.482,94.5905,0.000980751,19.9023
1999.78,290.479,-144.561,415.264,228.716,0.000486649,19.9017
1999.73,394.368,-186.815,558.793,404.015,0.00032769,19.9013
1999.66,601.823,-257.651,839.387,759.233,0.000302733,19.9006
1999.61,760.666,-300.327,1049.87,1025.19,0.000286776,19.9001
1998.44,763.545,-301.014,1053.66,1027.21,0.000284382,19.889
1999.9,149.065,181.161,-401.12,12.6963,0.000980754,19.9029
1999.82,201.355,254.412,-554.929,176.339,0.00048665,19.9021
1999.77,262.62,348.478,-746.786,390.287,0.000327691,19.9016
1999.7,337.449,478.666,-1003.4,686.433,0.000300561,19.901
1999.33,-237.924,-3.30448,135.776,89.8355,0.00098072,19.8974
1999.3,-324.366,-7.88708,185.182,184.882,0.000486635,19.8972
1999.27,-436.016,-16.5463,249.107,309.029,0.000327681,19.8969
1999.22,-653.313,-42.3475,374.035,560.31,0.000302724,19.8964
1999.18,-869.377,-79.8667,499.253,812.145,0.000288726,19.896
1999.13,-1066.82,-124.876,614.886,1044.55,0.00027394,19.8955
1999.4,231.194,-56.1952,-143.067,91.0276,0.000980725,19.8981
1999.35,316.103,-73.248,-195.116,187.34,0.000486636,19.8976
1999.31,426.405,-92.5769,-262.408,313.131,0.000327682,19.8973
1999.26,643.354,-121.406,-393.96,567.761,0.000302725,19.8968
1999.2,862.019,-138.373,-525.829,822.982,0.000288727,19.8962
1995.46,1064.52,-143.291,-647.544,1058.5,0.000273879,19.8608
1999.52,-183.01,152.037,51.5605,79.8146,0.000980731,19.8993
1999.48,-251.504,204.926,70.2254,164.253,0.00048664,19.8989
1999.45,-341.611,271.433,94.3888,274.529,0.000327684,19.8986
1999.41,-522.209,394.869,141.579,497.675,0.000302728,19.8982
1999.36,-708.831,509.696,188.824,721.203,0.000288729,19.8978
1999.32,-885.69,607.592,232.393,927.349,0.000273943,19.8974
1999.55,237.791,7.8619,17.581,78.2298,0.000980734,19.8996
1999.53,324.115,13.7201,23.9674,160.992,0.000486641,19.8993
1999.5,435.739,23.6861,32.2318,269.076,0.000327685,19.8991
1999.45,652.683,50.8306,48.3492,487.779,0.000302729,19.8986
1999.39,868.561,88.1712,64.4971,706.842,0.00028873,19.898
1999.3,1066.04,131.581,79.3919,908.856,0.000273943,19.8972
1999.92,180.828,13.0474,241.702,3.05892,0.00184668,19.9031
1999.85,237.147,19.5095,317.327,84.3942,0.000980751,19.9024
1999.81,322.926,31.5728,432.869,222.1,0.00048665,19.902
1999.76,433.389,51.106,582.477,402.04,0.000327691,19.9016
1999.64,646.672,101.989,875.006,766.757,0.000302732,19.9005
1999.6,766.629,138.543,1042.28,974.618,0.000291859,19.9
1999.38,5.03387,237.906,150.677,92.3784,0.000980724,19.898
1999.35,3.30531,324.405,205.515,190.118,0.000486636,19.8977
1999.32,-1.74631,436.326,276.535,317.784,0.000327682,19.8974
1999.27,-20.7502,654.368,415.283,576.198,0.000302725,19.8969
1999.22,-51.9136,871.505,554.322,835.2,0.000288727,19.8964
1999.17,-91.3796,1070.22,682.723,1074.25,0.00027394,19.8959
1999.84,210.159,111.61,295.615,93.3358,0.00098075,19.9023
1999.79,284.32,156.404,403.169,224.997,0.000486649,19.9018
1999.75,378.235,217.568,542.279,397.025,0.00032769,19.9015
1999.69,554.909,347.37,814.516,745.651,0.000302733,19.9008
1999.63,703.937,474.059,1057.42,1056.46,0.000282131,19.9003
1999.92,3.84655,220.9,-369.257,4.80825,0.00108623,19.903
1999.9,3.30082,237.947,-397.742,23.8095,0.000980754,19.9028
1999.83,-1.34727,324.485,-542.491,184.69,0.00048665,19.9022
1999.79,-11.9989,436.208,-729.95,395.016,0.000327691,19.9018
1999.71,-36.8904,598.067,-1003.42,712.629,0.000300561,19.9011
1999.71,-37.3161,600.315,-1007.24,713.337,0.00029699,19.9011
1999.88,-36.2658,-294.778,-626.049,0.0282002,0.000467103,19.9027
1999.87,-37.1735,-316.095,-670.996,17.6867,0.000486651,19.9026
1999.86,-38.0157,-343.952,-729.713,58.3395,0.000387288,19.9025
1999.8,-38.0847,-434.696,-920.955,268.7,0.000327691,19.902
1999.79,-37.3366,-460.95,-976.296,328.503,0.000311902,19.9018
1999.5,-204.424,-121.686,20.6056,78.3091,0.00098073,19.8991
1999.47,-277.277,-168.539,28.0992,161.155,0.00048664,19.8988
1999.44,-370.144,-231.099,37.7845,269.349,0.000327684,19.8985
1999.34,-547.016,-359.621,56.7033,488.276,0.000302727,19.8976
1998.77,-718.054,-496.701,75.6597,707.569,0.000288719,19.8922
1998.73,-869.894,-630.085,93.1389,909.797,0.000273933,19.8918
1999.9,210.738,153.82,491.082,11.0798,0.000597663,19.9029
1999.86,259.281,195.068,610.927,128.53,0.000486651,19.9025
1999.82,341.914,271.172,822.24,358.821,0.000327692,19.9021
1999.78,404.005,333.827,988.108,545.441,0.000297831,19.9017
1999.88,164.831,-230.62,581.061,0.544419,0.000502417,19.9027
1999.87,178.892,-247.472,625.994,19.7345,0.000467103,19.9026
1999.86,191.316,-262.062,665.225,51.1571,0.000486651,19.9025
1999.81,266.88,-345.268,895.343,297.614,0.000327691,19.902
1999.79,295.874,-374.888,980.22,390.732,0.000306849,19.9018
1998.93,185.524,149.017,-58.0534,80.3155,0.000980697,19.8937
1998.88,251.038,205.567,-79.2035,165.284,0.000486623,19.8933
1998.85,334.152,280.542,-106.562,276.252,0.000327672,19.8929
1998.8,491.135,432.886,-160.039,500.806,0.000302717,19.8924
1998.76,640.845,592.892,-213.617,725.754,0.000288719,19.8921
1998.69,772.026,746.833,-263.064,933.221,0.000273933,19.8914
1999.94,-59.5467,156.827,177.905,11.3865,0.00270508,19.9032
1999.83,-86.9261,221.543,252.404,110.904,0.00098075,19.9022
1999.79,-122.588,300.408,344.161,231.252,0.000486649,19.9018
1999.72,-171.918,401.098,463.009,388.473,0.00032769,19.9011
1999.64,-278.307,592.567,695.252,706.947,0.000302732,19.9005
1999.58,-397.998,777.07,928.456,1026.56,0.000288733,19.8998
1999.5,-491.856,904.574,1096.31,1256.3,0.000277387,19.8991
1999.49,158.544,-177.477,130.426,88.9755,0.00098073,19.8989
1996.9,218.681,-239.631,177.898,183.145,0.000486565,19.8745
1996.87,298.566,-318.274,239.46,306.152,0.000327634,19.8742
1996.82,460.5,-465.336,359.634,555.134,0.000302681,19.8737
1996.74,630.568,-603.917,480.204,804.675,0.000288684,19.8729
1996.69,793.904,-723.539,591.443,1034.93,0.0002739,19.8725
1999.86,233.548,45.7757,265.404,102.276,0.000980751,19.9025
1999.81,317.54,66.789,361.93,225.955,0.00048665,19.902
1999.76,425.353,97.4398,486.885,387.546,0.00032769,19.9015
1999.69,632.633,168.417,731.114,714.832,0.000302733,19.9009
1999.63,835.3,254.16,976.322,1043.27,0.000288734,19.9003
1999.61,919.84,295.056,1080.95,1182.86,0.000274685,19.9001
1999.27,922.991,296.639,1084.88,1187.5,0.00028015,19.8969
1999.45,-175.755,160.367,-51.5156,79.8252,0.000980728,19.8986
1999.42,-241.77,216.33,-70.2413,164.277,0.000486638,19.8984
1999.39,-328.752,286.869,-94.4849,274.572,0.000327683,19.8981
1999.35,-503.503,418.406,-141.856,497.762,0.000302727,19.8977
1999.3,-684.692,541.646,-189.314,721.337,0.000288728,19.8972
1999.27,-856.919,647.529,-233.11,927.534,0.000273942,19.8969
1999.5,-122.489,204.001,59.3836,80.4075,0.00098073,19.8991
1999.47,-169.627,276.545,80.9596,165.476,0.00048664,19.8988
1999.44,-232.724,369.145,108.902,276.572,0.000327684,19.8985
1999.4,-362.355,545.231,163.404,501.378,0.000302728,19.8982
1999.35,-500.632,715.216,218.033,726.579,0.000288729,19.8977
1999.31,-635.413,866.019,268.492,934.291,0.000273943,19.8973
1999.8,51.6483,232.274,-235.49,109.762,0.000980748,19.9019
1999.75,66.2629,317.619,-321.129,225.904,0.000486648,19.9015
1999.72,81.8612,428.582,-431.957,377.636,0.00032769,19.9012
1999.66,101.515,646.764,-648.657,684.929,0.000302732,19.9006
1999.33,106.747,866.539,-866.077,993.197,0.000288729,19.8975
1999.26,98.6056,1069.57,-1066.95,1278.02,0.000273942,19.8968
1999.92,52.0161,-171.657,209.815,14.8576,0.0022044,19.9031
1999.84,71.2,-227.089,278.439,104.944,0.00098075,19.9023
1999.78,101.451,-308.168,379.709,232.073,0.000486649,19.9017
1999.74,144.074,-411.929,511.02,398.211,0.00032769,19.9014
1999.66,238.262,-609.777,767.607,734.824,0.000302732,19.9006
1999.6,346.96,-801.155,1025.29,1072.73,0.000288734,19.9
1999.59,366.785,-832.855,1069.07,1129.27,0.000280741,19.9
1999.08,368.612,-835.737,1073.07,1133.29,0.00027863,19.8951
1999.33,-186.376,148.013,186.377,99.1988,0.00098072,19.8975
1999.29,-256.444,198.717,254.256,204.152,0.000486635,19.8971
1999.26,-349.006,261.967,342.232,341.242,0.000327681,19.8968
1999.2,-535.123,377.22,514.068,618.806,0.000302724,19.8962
1999.15,-728.297,481.472,686.415,897.137,0.000288726,19.8958
1999.09,-911.994,567.411,845.669,1154.16,0.000273939,19.8952
1999.92,-243.619,-13.014,-446.141,4.14174,0.000663192,19.903
1999.9,-268.087,-15.7894,-491.114,30.8848,0.000597663,19.9029
1999.85,-323.63,-23.1044,-593.427,145.65,0.000486651,19.9024
1999.8,-434.366,-41.936,-798.495,370.638,0.000327691,19.9019
1999.76,-537.883,-64.7727,-991.991,590.103,0.000308309,19.9015
1999.89,-49.46,-266.941,-536.114,4.41333,0.00054517,19.9028
1999.88,-52.043,-289.564,-581.063,28.7506,0.000502417,19.9027
1999.86,-55.1096,-319.779,-641.015,89.7697,0.000486651,19.9025
1999.81,-62.6678,-431.865,-862.817,329.092,0.000327691,19.9021
1999.79,-64.2716,-493.307,-984.14,463.819,0.000302172,19.9018
1999.35,-237.108,20.4032,149.382,92.1431,0.000980722,19.8977
1999.32,-323.55,24.2323,203.74,189.636,0.000486635,19.8974
1999.29,-435.577,26.3799,274.134,316.978,0.000327681,19.8971
1999.24,-654.307,21.4218,411.581,574.73,0.000302725,19.8966
1999.19,-873.094,4.30484,549.445,833.075,0.000288727,19.8962
1999.15,-1073.84,-22.2327,676.648,1071.51,0.00027394,19.8958
1999.81,227.548,-69.6087,-223.111,106.959,0.000980749,19.902
1999.76,311.449,-90.9324,-304.252,220.132,0.000486648,19.9015
1999.72,420.826,-115.372,-409.304,367.982,0.00032769,19.9012
1999.65,636.666,-152.674,-614.682,667.41,0.000302732,19.9005
1999.58,855.113,-176.069,-820.653,967.758,0.000288733,19.8999
1999.51,1058.03,-185.094,-1011.08,1245.27,0.000273946,19.8992
1999.35,-208.501,-114.737,209.956,104.029,0.000980722,19.8977
1999.3,-282.371,-159.817,286.276,214.112,0.000486635,19.8972
1999.27,-376.315,-220.867,385.083,357.918,0.000327681,19.8969
1999.22,-554.08,-348.752,578.211,649.093,0.000302724,19.8964
1999.17,-724.024,-487.97,771.982,941.144,0.000288726,19.896
1999.11,-872.985,-625.838,951.022,1210.93,0.00027394,19.8954
1999.38,-229.421,-63.1133,-197.632,101.375,0.000980723,19.8979
1999.33,-311.749,-89.8512,-269.41,208.633,0.000486636,19.8975
1999.3,-417.345,-127.389,-362.342,348.744,0.000327681,19.8972
1999.25,-620.14,-209.945,-543.925,632.408,0.000302725,19.8967
1999.19,-818.09,-304.979,-726.065,916.888,0.000288726,19.8961
1999.13,-995.489,-403.319,-894.361,1179.64,0.00027394,19.8955
1996.47,-174.203,149.627,401.141,2.87183,0.000980552,19.8703
1996.45,-194.651,165.337,446.141,29.8896,0.000663054,19.8702
1996.4,-250.392,206.367,566.895,168.408,0.00048655,19.8697
1996.36,-343.36,269.315,762.745,385.687,0.000327624,19.8693
1996.29,-459.742,339.328,999.642,657.56,0.000304295,19.8686
1999.51,236.249,-28.1871,-51.3746,79.8141,0.000980731,19.8992
1999.47,322.491,-35.3857,-70.0439,164.253,0.00048664,19.8988
1999.44,434.267,-42.2662,-94.1946,274.526,0.000327684,19.8986
1999.32,652.947,-47.8047,-141.351,497.664,0.000302726,19.8974
1999.28,872.008,-42.8428,-188.564,721.182,0.000288728,19.897
1999.23,1073.68,-28.9272,-232.101,927.325,0.000273942,19.8966
1999.44,212.684,-106.716,47.4467,79.5572,0.000980727,19.8985
1999.4,291.353,-142.809,64.7397,163.727,0.000486638,19.8982
1999.38,394.134,-187.302,87.1211,273.651,0.000327683,19.8979
1999.33,597.79,-266.866,130.819,496.087,0.000302726,19.8975
1999.29,805.545,-336.789,174.639,718.905,0.000288728,19.8971
1999.22,999.885,-392.383,215.059,924.404,0.000273941,19.8964
1998.83,-165.039,171.481,41.7105,79.2029,0.000980691,19.8928
1998.8,-227.202,231.595,56.8389,162.997,0.00048662,19.8925
1998.76,-309.38,307.699,76.4258,272.429,0.000327671,19.8921
1998.71,-475.056,450.41,114.655,493.863,0.000302715,19.8916
1998.67,-647.732,585.445,152.983,715.672,0.000288717,19.8912
1998.63,-812.485,702.545,188.325,920.231,0.000273932,19.8909
1999.51,12.4642,-237.653,-44.3489,79.3611,0.000980731,19.8992
1999.48,20.0099,-323.789,-60.4723,163.323,0.00048664,19.8989
1999.46,32.1902,-435.133,-81.3541,272.973,0.000327684,19.8987
1999.42,63.805,-651.581,-122.149,494.856,0.000302728,19.8983
1999.31,105.767,-866.632,-162.998,717.114,0.000288729,19.8973
1999.27,153.548,-1063.04,-200.671,922.09,0.000273942,19.8969
1999.47,-87.8522,-221.129,142.172,90.9365,0.000980729,19.8988
1999.43,-116.55,-302.812,194.006,187.152,0.000486639,19.8985
1999.4,-151.042,-409.381,261.077,312.826,0.000327683,19.8981
1999.35,-209.79,-620.148,392.079,567.19,0.000302727,19.8976
1999.3,-257.055,-834.397,523.441,822.126,0.000288728,19.8972
1999.25,-290.209,-1034.2,644.712,1057.41,0.000273942,19.8967
1999.53,0.71309,-237.911,98.358,84.3883,0.000980732,19.8993
1999.5,4.22416,-324.397,134.032,173.669,0.000486641,19.8991
1999.47,11.3482,-436.23,180.214,290.271,0.000327685,19.8988
1999.32,33.5965,-653.782,270.348,526.248,0.000302726,19.8974
1999.28,66.9372,-870.527,360.713,762.674,0.000288728,19.897
1999.23,107.4,-1068.71,444.096,980.791,0.000273942,19.8966
1999.85,-233.96,43.3738,-226.785,107.776,0.000980751,19.9024
1999.76,-319.744,55.2971,-309.316,221.823,0.000486648,19.9015
1999.73,-431.053,67.8954,-416.133,370.835,0.00032769,19.9013
1999.65,-649.513,81.8616,-624.915,672.606,0.000302732,19.9006
1999.59,-869.229,81.7101,-834.402,975.274,0.000288733,19.8999
1999.54,-1071.94,68.9176,-1028,1254.89,0.000273947,19.8995
1999.53,-208.006,-115.562,104.307,85.2115,0.000980732,19.8993
1999.49,-282.011,-160.48,142.314,175.363,0.000486641,19.899
1999.45,-376.372,-220.786,191.473,293.102,0.000327684,19.8986
1999.41,-555.998,-345.601,287.486,531.378,0.000302728,19.8982
1999.36,-729.441,-479.794,383.715,770.111,0.000288729,19.8977
1999.31,-883.16,-611.325,472.496,990.357,0.000273943,19.8973
1999.48,184.136,150.709,48.5254,79.6212,0.000980729,19.8989
1999.44,249.145,207.848,66.1622,163.856,0.000486639,19.8985
1999.41,331.645,283.591,88.9826,273.865,0.000327683,19.8982
1999.34,487.271,437.172,133.571,496.478,0.000302727,19.8976
1999.3,635.765,598.422,178.263,719.47,0.000288728,19.8972
1999.24,765.713,753.254,219.476,925.125,0.000273942,19.8967
1999.34,152.955,-182.285,-84.2238,82.7608,0.000980721,19.8975
1999.3,210.953,-246.457,-114.836,170.32,0.000486635,19.8972
1999.28,287.927,-327.857,-154.488,284.675,0.000327681,19.897
1999.21,444.087,-481.077,-231.958,516.103,0.000302724,19.8963
1999.17,607.954,-626.618,-309.588,747.967,0.000288726,19.8959
1999.12,765.402,-753.519,-381.215,961.842,0.00027394,19.8955
1999.92,-18.7104,-228.826,-401.152,2.75939,0.000980755,19.903
1999.9,-19.3946,-254.556,-446.12,29.6257,0.000663191,19.9029
1999.86,-19.8344,-323.844,-567.216,168.324,0.000486651,19.9025
1999.81,-16.1919,-436.056,-763.4,385.879,0.000327691,19.902
1999.59,-4.67547,-570.755,-999.65,656.822,0.000304355,19.9
1999.71,-290.954,221.187,-847.112,2.3168,0.000344092,19.9011
1999.69,-312.646,234.331,-905.824,23.0957,0.000327733,19.9009
1999.68,-334.538,247.186,-964.589,62.3165,0.000313902,19.9008
1999.92,224.932,-27.8716,369.27,15.6499,0.00108623,19.9031
1999.91,236.232,-28.7121,387.727,34.3068,0.000980754,19.9029
1999.83,322.734,-33.4036,528.83,192.252,0.00048665,19.9022
1999.78,434.983,-34.9241,711.655,398.705,0.000327691,19.9018
1999.72,616.284,-26.4919,1007.21,744.454,0.00029699,19.9012
1999.72,618.58,-26.2987,1010.97,744.851,0.000293625,19.9012
1999.47,158.834,-177.219,-44.1232,79.3468,0.000980729,19.8988
1999.43,218.787,-239.527,-60.1601,163.294,0.000486639,19.8985
1999.41,298.176,-318.545,-80.9346,272.927,0.000327683,19.8982
1999.37,458.664,-467.184,-121.483,494.766,0.000302727,19.8978
1999.32,626.321,-608.25,-162.066,716.976,0.000288729,19.8974
1999.29,786.815,-731.184,-199.48,921.902,0.000273942,19.8971
1999.87,120.127,205.423,299.019,93.9932,0.000980752,19.9026
1999.82,159.606,282.525,407.862,226.635,0.00048665,19.9021
1999.77,207.28,384.019,548.777,399.973,0.000327691,19.9017
1999.71,289.079,587.434,824.301,751.17,0.000302733,19.9011
1999.65,345.366,761.032,1053.6,1043.25,0.000284403,19.9005
1998.62,346.211,763.95,1057.42,1045.51,0.000282114,19.8907
1999.95,-130.088,-99.4106,-177.936,5.54306,0.00270508,19.9033
1999.84,-187.394,-146.717,-258.67,106.373,0.000980751,19.9023
1999.8,-252.721,-203.52,-352.705,228.302,0.000486649,19.9019
1999.76,-334.953,-279.671,-474.443,387.603,0.000327691,19.9016
1999.69,-487.722,-436.768,-712.47,710.261,0.000302733,19.9009
1999.44,-629.813,-604.693,-951.523,1034.16,0.000288731,19.8985
1999.39,-705.964,-705.359,-1088.72,1219.59,0.000281083,19.8981
1999.56,-186.881,-147.289,1.70121,78.0201,0.000980734,19.8997
1999.53,-252.941,-203.183,2.33881,160.561,0.000486642,19.8994
1999.5,-336.875,-277.308,3.16685,268.354,0.000327685,19.8991
1999.46,-495.602,-427.79,4.80944,486.47,0.000302729,19.8987
1999.4,-647.365,-585.811,6.4378,704.946,0.00028873,19.8981
1999.36,-780.644,-737.732,7.92907,906.418,0.000273944,19.8978
1999.37,-37.6764,-234.923,-178.6,97.5514,0.000980723,19.8979
1999.34,-47.6334,-320.981,-243.587,200.759,0.000486636,19.8976
1999.3,-57.5487,-432.529,-327.582,335.563,0.000327681,19.8972
1999.25,-67.2716,-651.238,-491.789,608.464,0.000302725,19.8967
1999.2,-64.1587,-870.689,-656.424,882.08,0.000288727,19.8962
1999.16,-49.8589,-1072.94,-808.513,1134.7,0.00027394,19.8958
1999.46,-168.998,-167.457,9.27788,78.078,0.000980728,19.8987
1999.43,-228.298,-230.512,12.6462,160.68,0.000486639,19.8984
1999.41,-303.265,-313.693,16.9985,268.553,0.000327684,19.8982
1999.35,-443.857,-481.264,25.4891,486.831,0.000302727,19.8977
1999.31,-576.668,-655.505,33.9484,705.467,0.000288728,19.8973
1999.27,-691.819,-821.591,41.7518,907.086,0.000273942,19.8969
1999.44,-153.813,-181.53,13.2637,78.1399,0.000980727,19.8985
1999.41,-207.41,-249.459,18.1029,160.808,0.000486638,19.8983
1999.38,-274.908,-338.85,24.3659,268.767,0.000327683,19.8979
1999.32,-400.421,-517.946,36.5951,487.221,0.000302726,19.8974
1999.28,-517.604,-703.061,48.8602,706.036,0.000288728,19.897
1999.25,-617.886,-878.527,60.1745,907.824,0.000273942,19.8967
1999.42,162.414,-173.961,-166.827,95.2539,0.000980726,19.8983
1999.37,224.097,-234.691,-227.452,196.044,0.000486637,19.8979
1999.33,305.932,-311.19,-305.928,327.704,0.000327682,19.8975
1999.28,472.062,-453.555,-459.224,594.237,0.000302726,19.897
1999.23,646.646,-586.598,-613.033,861.436,0.000288727,19.8966
1999.17,814.402,-700.353,-755.033,1108.09,0.00027394,19.8959
1999.45,177.506,158.523,153.878,92.9158,0.000980727,19.8986
1999.39,239.625,218.707,209.807,191.223,0.000486638,19.8981
1999.37,318.131,298.718,282.296,319.631,0.000327683,19.8978
1999.31,464.65,461.197,423.776,579.544,0.000302726,19.8973
1999.2,602.272,632.05,565.638,840.06,0.000288727,19.8962
1999.08,720.683,796.452,696.671,1080.53,0.000273939,19.8951
1999.53,221.351,87.1942,-72.7667,81.5776,0.000980732,19.8993
1999.49,300.67,121.836,-99.2127,167.887,0.000486641,19.899
1999.47,402.284,168.929,-133.431,280.606,0.000327685,19.8988
1999.42,597.234,268.191,-200.264,508.704,0.000302728,19.8983
1999.37,787.421,377.074,-267.215,737.213,0.00028873,19.8979
1999.3,958.017,485.718,-328.986,947.974,0.000273943,19.8972
1999.55,44.183,233.804,-60.3155,80.4752,0.000980734,19.8996
1999.52,57.2048,319.327,-82.2004,165.616,0.000486641,19.8993
1999.5,71.6495,430.443,-110.555,276.809,0.000327685,19.8991
1999.43,91.9312,648.155,-165.888,501.816,0.000302728,19.8984
1999.39,101.709,867.158,-221.394,727.224,0.00028873,19.898
1999.35,101.316,1069.32,-272.595,935.123,0.000273943,19.8976
1999.4,-77.5675,224.956,-47.5077,79.57,0.000980725,19.8981
1999.37,-108.673,305.729,-64.8663,163.754,0.000486637,19.8978
1999.34,-151.174,409.351,-87.3235,273.694,0.000327682,19.8976
1999.29,-241.367,608.531,-131.157,496.158,0.000302726,19.8971
1999.23,-341.213,803.679,-175.095,719.001,0.000288727,19.8965
1999.18,-441.458,979.206,-215.621,924.521,0.000273941,19.8961
1999.53,-237.956,3.45229,108.668,85.7578,0.000980732,19.8994
1999.5,-324.475,1.39755,148.155,176.49,0.000486641,19.8991
1999.47,-436.333,-3.86874,199.251,294.992,0.000327685,19.8988
1999.42,-654.239,-22.6209,299.066,534.824,0.000302728,19.8983
1999.28,-871.487,-52.7018,399.134,775.128,0.000288728,19.897
1999.24,-1070.26,-90.3573,491.454,996.835,0.000273942,19.8966
1999.58,-213.054,105.948,34.8023,78.8552,0.000980735,19.8998
1999.55,-291.881,141.781,47.5235,162.28,0.000486642,19.8996
1999.53,-394.757,185.898,63.9681,271.229,0.000327686,19.8993
1999.48,-598.716,264.852,96.1063,491.689,0.000302729,19.8989
1999.44,-806.582,334.206,128.303,712.518,0.000288731,19.8985
1999.37,-1001.02,389.382,158.017,916.173,0.000273944,19.8978
1999.85,-326.823,127.537,788.399,10.38,0.000363645,19.9024
1999.83,-352.034,134.593,847.115,40.7674,0.000344095,19.9023
1999.81,-404.385,148.06,968.351,159.611,0.000327691,19.902
1999.78,224.944,77.7322,227.896,108.034,0.000980747,19.9018
1999.74,305.271,109.926,310.74,222.344,0.000486648,19.9014
1999.71,408.072,154.666,418.075,371.684,0.000327689,19.9011
1999.61,604.328,251.776,627.775,674.14,0.000302732,19.9002
1999.55,794.588,361.805,838.338,977.605,0.000288733,19.8996
1999.5,963.701,474.309,1032.94,1258.01,0.000273946,19.8991
1999.92,55.5895,-210.792,337.413,17.0642,0.00121537,19.903
1999.88,61.602,-229.889,368.39,53.0249,0.000980753,19.9027
1999.83,89.3414,-311.913,502.364,205.25,0.00048665,19.9022
1999.79,129.425,-416.719,675.972,404.218,0.000327691,19.9018
1999.71,220.809,-615.678,1014.78,806.566,0.000302733,19.9011
1999.35,221.98,-617.961,1018.75,808.91,0.000295325,19.8977
1999.49,-159.461,-176.652,98.7003,84.4508,0.00098073,19.899
1999.43,-215.036,-242.906,134.539,173.8,0.000486639,19.8984
1999.4,-285.036,-330.388,180.968,290.492,0.000327683,19.8981
1999.33,-415.039,-506.245,271.591,526.647,0.000302727,19.8975
1999.28,-536.289,-688.961,362.468,763.261,0.000288728,19.897
1999.25,-639.782,-862.74,446.314,981.547,0.000273942,19.8967
1999.4,-237.918,-2.69798,152.292,92.6296,0.000980724,19.8981
1999.36,-324.39,-7.21419,207.679,190.626,0.000486637,19.8978
1999.34,-436.077,-15.8912,279.34,318.627,0.000327682,19.8975
1999.27,-653.312,-41.9858,419.32,577.728,0.000302725,19.8969
1999.23,-869.392,-80.2368,559.714,837.433,0.000288727,19.8965
1999.18,-1066.71,-126.161,689.276,1077.1,0.000273941,19.8961
1999.53,-97.9695,-216.841,-4.4123,78.0312,0.000980732,19.8994
1999.49,-130.886,-296.918,-6.05331,160.583,0.000486641,19.899
1999.47,-171.221,-401.312,-8.18404,268.393,0.000327685,19.8988
1999.43,-242.793,-608.021,-12.3484,486.541,0.000302728,19.8984
1999.39,-304.731,-818.163,-16.542,705.047,0.00028873,19.898
1999.35,-353.072,-1014.39,-20.4071,906.548,0.000273943,19.8977
1999.51,119.845,-205.52,103.408,85.0926,0.000980731,19.8991
1999.48,166.239,-278.677,141.121,175.119,0.00048664,19.8989
1999.44,228.4,-371.857,189.883,292.697,0.000327684,19.8985
1999.35,356.704,-548.968,285.111,530.658,0.000302727,19.8977
1999.31,494.191,-719.702,380.573,769.088,0.000288728,19.8973
1999.27,628.713,-870.895,468.705,989.051,0.000273942,19.8969
1999.83,-80.0579,-224.108,-225.36,107.436,0.00098075,19.9023
1999.79,-105.265,-306.915,-307.25,221.104,0.000486649,19.9019
1999.76,-134.728,-415.039,-413.26,369.591,0.000327691,19.9016
1999.68,-181.925,-628.928,-620.48,670.287,0.000302733,19.9007
1999.62,-215.306,-846.082,-828.362,971.947,0.000288734,19.9002
1999.56,-233.617,-1048.42,-1020.6,1250.67,0.000273947,19.8996
1999.5,179.763,155.856,62.4151,80.6565,0.000980731,19.8991
1999.46,243.113,214.899,85.1216,165.988,0.00048664,19.8987
1999.44,323.31,293.003,114.47,277.428,0.000327684,19.8985
1999.39,474.349,451.248,171.829,502.936,0.000302728,19.8981
1999.35,617.826,616.927,229.313,728.846,0.000288729,19.8977
1999.31,742.882,775.721,282.342,937.208,0.000273943,19.8973
1999.55,-199.952,128.914,-59.0247,80.3815,0.000980733,19.8996
1999.52,-274.305,173.195,-80.4851,165.421,0.000486641,19.8992
1999.49,-371.832,228.416,-108.278,276.482,0.000327685,19.8989
1999.44,-565.919,329.12,-162.52,501.227,0.000302728,19.8985
1999.4,-765.066,420.539,-216.863,726.361,0.00028873,19.8981
1999.35,-952.596,496.3,-267.004,933.996,0.000273943,19.8977
1999.47,208.971,-113.856,-159.111,93.8299,0.000980729,19.8988
1999.43,286.58,-152.06,-216.886,193.104,0.000486639,19.8984
1999.4,388.381,-198.979,-291.759,322.776,0.000327683,19.8981
1999.34,590.809,-282.016,-437.911,585.261,0.000302727,19.8976
1999.29,798.222,-353.76,-584.529,848.38,0.000288728,19.8971
1999.23,992.959,-409.477,-719.832,1091.25,0.000273941,19.8965
1999.5,-153.555,181.714,21.8353,78.3509,0.000980731,19.8991
1999.47,-211.744,245.874,29.8361,161.241,0.00048664,19.8988
1999.44,-288.705,327.193,40.1871,269.492,0.000327684,19.8986
1999.4,-444.526,480.56,60.4244,488.538,0.000302728,19.8981
1999.05,-607.777,626.792,80.7283,707.948,0.000288724,19.8948
1999.01,-764.247,754.737,99.4128,910.278,0.000273938,19.8945
1999.52,-153.674,181.633,-71.3246,81.4591,0.000980732,19.8993
1999.5,-211.995,245.593,-97.3022,167.64,0.000486641,19.8991
1999.47,-289.281,326.663,-130.922,280.193,0.000327685,19.8988
1999.43,-445.954,479.302,-196.589,507.959,0.000302728,19.8984
1999.38,-610.231,624.406,-262.412,736.139,0.00028873,19.8979
1999.33,-767.908,750.971,-323.154,946.61,0.000273943,19.8975
1999.55,230.562,-58.848,59.0329,80.3761,0.000980733,19.8995
1999.51,315.094,-77.2608,80.472,165.412,0.000486641,19.8992
1999.49,425.078,-98.7043,108.239,276.468,0.000327685,19.899
1999.44,641.075,-132.699,162.41,501.194,0.000302729,19.8985
1999.38,858.922,-156.308,216.709,726.313,0.00028873,19.898
1999.35,1060.79,-168.739,266.808,933.935,0.000273943,19.8976
1999.84,97.9203,-216.863,240.825,111.014,0.000980751,19.9023
1999.81,137.415,-293.904,328.413,228.48,0.00048665,19.902
1999.77,191.544,-392.052,441.781,381.924,0.000327691,19.9017
1999.71,306.902,-578.307,663.32,692.64,0.000302733,19.9011
1999.65,434.893,-757.099,885.576,1004.33,0.000288734,19.9005
1999.6,563.538,-914.407,1090.9,1292.33,0.000273948,19.9
1999.51,237.93,0.523788,-114.525,86.5706,0.000980731,19.8991
1999.48,324.414,4.07084,-156.137,178.162,0.00048664,19.8989
1999.45,436.216,11.2971,-209.999,297.786,0.000327684,19.8986
1999.4,653.763,33.9417,-315.153,539.886,0.000302728,19.8981
1999.04,870.444,67.9499,-420.575,782.466,0.000288724,19.8948
1999,1068.54,109.316,-517.825,1006.27,0.000273938,19.8943
1999.83,180.849,-277.433,729.686,6.08215,0.000387288,19.9022
1999.81,197.451,-298.354,788.462,33.0933,0.000363645,19.902
1999.77,248.261,-358.878,962.343,207.569,0.000327691,19.9017
1999.77,251.254,-362.29,972.33,217.106,0.00031738,19.9017
1998.93,68.5455,227.874,178.339,97.5125,0.000980697,19.8937
1998.89,89.8662,311.726,243.188,200.687,0.000486623,19.8933
1998.86,114.582,421.032,327.185,335.457,0.000327673,19.893
1998.8,153.383,636.484,491.31,608.307,0.000302717,19.8925
1998.75,179.601,854.377,655.925,881.905,0.000288719,19.892
1998.68,192.458,1056.71,808.007,1134.52,0.000273932,19.8913
1999.43,55.2162,231.493,81.6911,82.4989,0.000980726,19.8984
1999.39,72.1592,316.327,111.432,169.784,0.000486638,19.8981
1999.37,91.6371,426.667,149.954,283.779,0.000327683,19.8978
1999.32,121.566,643.278,225.121,514.463,0.000302726,19.8974
1999.27,140.763,861.601,300.468,745.575,0.000288728,19.8969
1999.22,148.872,1063.76,370.017,958.751,0.000273941,19.8965
1999.21,237.589,-13.6097,216.858,105.47,0.000980714,19.8964
1999.17,324.172,-14.5512,295.595,217.07,0.000486631,19.896
1999.14,436.216,-12.5414,397.481,362.85,0.000327678,19.8957
1999.07,654.679,1.82534,596.497,658,0.000302722,19.895
1998.98,872.571,30.1482,796.223,954.043,0.000288723,19.8942
1998.93,1071.92,68.5474,980.817,1227.57,0.000273936,19.8937
1999.36,-26.378,236.475,176.711,97.2029,0.000980722,19.8978
1999.32,-39.738,322.022,241.031,200.051,0.000486635,19.8974
1999.27,-59.9659,432.221,324.27,334.399,0.000327681,19.8969
1999.2,-108.981,645.548,486.918,606.39,0.000302724,19.8963
1999.14,-170.576,856.287,650.024,879.056,0.000288726,19.8957
1999.09,-238.301,1047.31,800.572,1130.79,0.000273939,19.8952
1999.48,-98.4703,216.607,-9.63125,78.0796,0.00098073,19.8989
1999.45,-136.982,294.095,-13.0804,160.683,0.000486639,19.8986
1999.42,-188.939,393.287,-17.5396,268.559,0.000327684,19.8983
1999.36,-297.228,583.334,-26.2542,486.842,0.000302727,19.8978
1999.33,-414.506,768.386,-35.0059,705.488,0.000288729,19.8974
1999.29,-530.279,934.038,-43.0754,907.118,0.000273943,19.8971
1999.41,-82.7549,-223.106,32.096,78.723,0.000980725,19.8983
1999.38,-109.96,-305.215,43.7466,162.008,0.000486637,19.898
1999.36,-142.915,-412.302,58.8346,270.774,0.000327683,19.8977
1999.32,-199.753,-623.426,88.2979,490.862,0.000302726,19.8973
1999.27,-246.684,-837.537,117.839,711.318,0.000288728,19.8969
1999.24,-280.951,-1036.72,145.081,914.625,0.000273942,19.8966
1999.91,110.8,144.571,241.743,4.40799,0.00184668,19.903
1999.84,142.879,190.329,315.893,85.4653,0.00098075,19.9023
1999.78,190.758,262.447,430.777,222.731,0.000486649,19.9017
1999.73,249.459,358.066,579.662,402.096,0.00032769,19.9012
1999.65,352.975,551.364,870.614,765.551,0.000302732,19.9005
1999.61,406.869,668.964,1042.25,979.328,0.00029186,19.9001
1999.13,408.001,671.59,1046.05,982.769,0.000289251,19.8956
1998.99,103.037,214.467,118.068,87.0874,0.000980701,19.8943
1998.96,137.483,293.879,160.99,179.225,0.000486625,19.894
1998.93,179.617,397.662,216.526,299.561,0.000327674,19.8937
1998.88,253.84,603.504,325.034,543.114,0.000302718,19.8932
1998.83,317.305,813.35,433.764,787.175,0.00028872,19.8927
1998.79,366.096,1009.84,534.177,1012.36,0.000273934,19.8923
1999.32,-10.5663,-237.706,-208.475,103.827,0.00098072,19.8974
1999.28,-10.2495,-324.328,-284.49,213.685,0.000486634,19.897
1999.25,-6.67315,-436.329,-382.821,357.191,0.00032768,19.8967
1999.19,10.6398,-654.577,-574.932,647.756,0.000302724,19.8962
1999.13,41.6781,-872.083,-767.772,939.206,0.000288725,19.8956
1999.08,82.3797,-1070.94,-946.008,1208.47,0.000273939,19.8951
1999.41,39.3902,234.649,-36.6899,78.9467,0.000980725,19.8982
1999.38,50.6171,320.508,-50.066,162.467,0.000486637,19.8979
1999.36,62.738,431.784,-67.3554,271.542,0.000327682,19.8977
1999.31,78.6346,649.895,-101.125,492.253,0.000302726,19.8973
1999.26,84.2137,868.988,-134.958,713.332,0.000288728,19.8968
1999.22,80.1536,1071.07,-166.165,917.216,0.000273941,19.8965
1999.53,-196.242,134.566,-1.01119,78.0181,0.000980732,19.8994
1999.5,-269.246,181.023,-1.40296,160.556,0.000486641,19.8991
1999.48,-365.015,239.151,-1.91531,268.347,0.000327685,19.8989
1999.43,-555.847,345.943,-2.93373,486.457,0.000302728,19.8984
1999.37,-751.818,443.878,-3.9335,704.925,0.00028873,19.8978
1999.33,-936.482,525.98,-4.8455,906.391,0.000273943,19.8975
1999.53,-183.405,151.592,-4.99969,78.037,0.000980732,19.8994
1999.5,-252.024,204.315,-6.83308,160.596,0.000486641,19.8991
1999.46,-342.283,270.656,-9.20236,268.413,0.000327685,19.8987
1999.42,-522.979,393.864,-13.8178,486.578,0.000302728,19.8983
1999.36,-709.589,508.704,-18.426,705.1,0.000288729,19.8978
1999.32,-886.263,606.781,-22.6612,906.612,0.000273943,19.8974
1998.5,-180.682,-154.828,5.1897,78.038,0.000980671,19.8896
1998.46,-244.357,-213.425,7.08156,160.597,0.000486611,19.8893
1998.45,-325.124,-290.991,9.52633,268.416,0.000327665,19.8891
1998.4,-477.417,-448.004,14.3346,486.585,0.00030271,19.8887
1998.36,-622.417,-612.247,19.1666,705.113,0.000288712,19.8883
1998.31,-749.204,-769.634,23.6408,906.637,0.000273926,19.8878
1999.1,-180.771,154.772,-28.8342,78.589,0.000980707,19.8953
1999.06,-248.41,208.699,-39.3116,161.731,0.000486628,19.895
1999.03,-337.501,276.654,-52.8887,270.312,0.000327676,19.8947
1998.97,-515.953,402.98,-79.3704,490.022,0.00030272,19.894
1998.92,-700.551,520.99,-105.908,710.1,0.000288722,19.8936
1998.88,-875.688,622.066,-130.406,913.057,0.000273936,19.8933
1999.44,164.006,-172.423,83.1975,82.6323,0.000980727,19.8985
1999.41,225.851,-232.909,113.397,170.059,0.000486638,19.8983
1999.38,307.695,-309.42,152.512,284.24,0.000327683,19.898
1999.34,472.91,-452.679,228.86,515.304,0.000302727,19.8976
1999.3,645.489,-587.921,305.417,746.797,0.000288728,19.8972
1999.26,810.416,-704.924,376.04,960.333,0.000273942,19.8968
1999.12,237.335,17.692,198.917,101.661,0.000980708,19.8955
1999.07,323.224,27.9764,271.156,209.227,0.000486628,19.895
1999.04,434.115,44.3865,364.776,349.744,0.000327676,19.8947
1998.98,648.94,86.3753,547.584,634.237,0.00030272,19.8942
1998.93,861.533,141.549,730.971,919.495,0.000288722,19.8936
1998.87,1054.56,203.976,900.35,1182.94,0.000273936,19.8931
1999.44,-46.072,-233.444,-1.39771,78.02,0.000980727,19.8985
1999.4,-59.8375,-318.876,-1.85585,160.56,0.000486638,19.8982
1999.38,-75.3052,-429.783,-2.44285,268.353,0.000327683,19.8979
1999.34,-97.8347,-647.281,-3.58231,486.468,0.000302727,19.8975
1999.3,-110.169,-866.097,-4.72265,704.944,0.000288728,19.8972
1999.25,-112.439,-1068.17,-5.76294,906.416,0.000273942,19.8967
1999.84,-163.889,-172.519,-320.942,81.8771,0.00098075,19.9023
1999.74,-219.81,-238.701,-437.755,220.537,0.000486648,19.9014
1999.69,-289.047,-326.88,-588.931,401.765,0.000327689,19.9009
1999.62,-414.016,-507.149,-884.751,769.055,0.000302732,19.9002
1999.57,-474.646,-606.99,-1042.27,963.992,0.000291859,19.8997
1999.42,237.206,18.9272,-155.198,93.1736,0.000980726,19.8984
1999.39,323.088,29.4146,-211.659,191.752,0.000486637,19.898
1999.36,433.934,45.8029,-284.782,320.511,0.000327683,19.8978
1999.3,648.911,86.943,-427.64,581.153,0.000302726,19.8972
1999.25,861.743,140.107,-570.888,842.439,0.000288728,19.8967
1999.21,1055.39,199.713,-703.222,1083.62,0.000273941,19.8963
1999.43,128.547,-200.214,170.064,95.8983,0.000980727,19.8985
1999.39,178.411,-271.04,231.953,197.363,0.000486638,19.8981
1999.35,245.238,-360.883,311.94,329.887,0.000327682,19.8977
1999.3,383.41,-530.671,468.336,598.17,0.000302726,19.8972
1999.25,531.463,-692.633,625.112,867.12,0.000288727,19.8967
1999.16,676.301,-834.451,769.917,1115.39,0.00027394,19.8959
1999.22,-76.7963,225.245,-154.269,93.0102,0.000980714,19.8964
1999.18,-108.053,305.978,-210.443,191.419,0.000486631,19.8961
1999.16,-151.125,409.37,-283.133,319.962,0.000327679,19.8959
1999.11,-243.699,607.607,-425.144,580.165,0.000302723,19.8954
1998.97,-347.515,800.952,-567.575,840.972,0.000288723,19.894
1998.92,-452.76,973.976,-699.026,1081.7,0.000273936,19.8936
1999.1,-110.59,210.724,-27.757,78.5468,0.000980707,19.8953
1999.07,-153.447,285.865,-37.8442,161.645,0.000486628,19.8951
1999.05,-210.965,381.917,-50.8863,270.166,0.000327677,19.8949
1998.99,-329.942,565.466,-76.3552,489.753,0.00030272,19.8942
1998.95,-457.665,743.48,-101.845,709.707,0.000288722,19.8938
1998.91,-582.812,902.183,-125.381,912.55,0.000273936,19.8935
1999.36,140.078,192.34,-69.4274,81.2697,0.000980722,19.8977
1999.32,188.47,264.121,-94.6748,167.25,0.000486636,19.8974
1999.3,249.019,358.355,-127.342,279.539,0.000327681,19.8972
1999.26,360.381,546.539,-191.127,506.771,0.000302725,19.8968
1999.22,462.656,740.351,-255.049,734.408,0.000288727,19.8965
1999.18,548.566,923.477,-314.052,944.366,0.000273941,19.8961
1999.36,221.164,-87.785,169.212,95.6958,0.000980722,19.8978
1999.31,302.904,-116.214,230.697,196.969,0.000486635,19.8973
1999.28,409.672,-150.248,310.33,329.262,0.000327681,19.897
1999.16,620.905,-207.574,465.881,597.074,0.000302723,19.8959
1999.1,835.705,-252.754,621.864,865.547,0.000288725,19.8953
1998.99,1036.05,-283.42,765.885,1113.39,0.000273938,19.8943
1999.54,93.0557,218.986,10.7359,78.0974,0.000980733,19.8994
1999.51,124.121,299.746,14.6477,160.72,0.000486641,19.8991
1999.48,162.094,405.086,19.7097,268.62,0.000327685,19.8989
1999.42,228.934,613.34,29.6031,486.954,0.000302728,19.8983
1999.38,286.041,824.867,39.5204,705.647,0.00028873,19.8979
1999.34,329.847,1022.16,48.6703,907.324,0.000273943,19.8976
1999.55,172.141,164.299,-75.8486,81.8977,0.000980734,19.8996
1999.51,232.498,226.312,-103.467,168.542,0.000486641,19.8992
1999.47,308.796,308.281,-139.196,281.697,0.000327685,19.8988
1999.42,451.818,473.824,-209.006,510.683,0.000302728,19.8984
1999.38,586.774,646.496,-278.94,740.084,0.00028873,19.898
1999.35,703.62,811.516,-343.469,951.678,0.000273943,19.8976
1999.94,-155.919,84.9606,209.802,12.1747,0.0022044,19.9032
1999.85,-210.09,111.771,281.225,102.788,0.000980751,19.9024
1999.81,-288.618,148.295,383.603,230.665,0.00048665,19.902
1999.77,-391.781,192.207,516.17,397.775,0.000327691,19.9016
1999.69,-597.833,266.871,775.43,736.401,0.000302733,19.9009
1999.6,-809.669,326.648,1035.88,1076.42,0.000288733,19.9
1999.59,-837.005,333.159,1069.12,1118.88,0.000280741,19.8999
1999.93,146.111,140.579,-305.484,6.85605,0.00137617,19.9032
1999.89,170.356,166.165,-358.571,59.7842,0.000980753,19.9028
1999.82,228.447,230.456,-489.077,209.16,0.00048665,19.9021
1999.78,300.392,316.511,-658.021,404.403,0.000327691,19.9017
1999.69,430.067,493.619,-988.698,800.269,0.000302733,19.9009
1999.68,442.517,512.412,-1022.64,839.85,0.000292145,19.9008
1999.84,226.754,-72.1713,233.001,109.199,0.00098075,19.9023
1999.79,310.417,-94.4079,317.741,224.748,0.000486649,19.9018
1999.76,419.538,-119.962,427.425,375.688,0.00032769,19.9015
1999.69,635.02,-159.335,641.848,681.377,0.000302733,19.9008
1999.63,853.379,-184.556,857.052,988.083,0.000288734,19.9003
1999.57,1056.26,-195.058,1055.95,1271.5,0.000273947,19.8998
1999.31,-28.384,236.233,-216.815,105.514,0.00098072,19.8973
1999.27,-42.8259,321.652,-295.666,217.168,0.000486634,19.8969
1999.23,-64.6714,431.555,-397.663,363.031,0.00032768,19.8965
1999.18,-117.603,644.017,-597.008,658.409,0.000302724,19.896
1999.13,-184.136,853.474,-797.104,954.685,0.000288725,19.8956
1999.08,-257.302,1042.83,-981.897,1228.37,0.000273939,19.8951
1999.48,-5.2907,237.917,149.892,92.2209,0.000980729,19.8989
1999.45,-10.7208,324.268,204.411,189.795,0.000486639,19.8986
1999.42,-20.5517,435.877,275.007,317.238,0.000327684,19.8983
1999.36,-48.8292,652.819,412.866,575.202,0.000302727,19.8978
1999.32,-89.1911,868.51,551.183,833.784,0.000288729,19.8973
1999.27,-137.014,1065.37,678.874,1072.44,0.000273942,19.8969
1999.53,-237.958,3.57753,43.6922,79.3187,0.000980732,19.8994
1999.4,-324.409,1.78144,59.5526,163.236,0.000486638,19.8982
1999.38,-436.322,-2.96337,80.0956,272.829,0.000327683,19.8979
1999.3,-654.398,-20.0908,120.25,494.6,0.000302726,19.8972
1999.25,-871.771,-47.644,160.488,716.752,0.000288728,19.8967
1999.21,-1070.93,-82.2311,197.592,921.628,0.000273941,19.8963
1999.44,192.31,140.196,-183.335,98.5184,0.000980727,19.8985
1999.39,259.921,194.168,-250.029,202.765,0.000486637,19.898
1999.35,345.625,266.43,-336.464,338.942,0.000327682,19.8977
1999.18,506.5,414.806,-505.202,614.619,0.000302724,19.8961
1999.13,658.818,572.947,-674.527,891.043,0.000288725,19.8955
1999.08,790.932,726.786,-830.908,1146.28,0.000273939,19.8951
1999.88,236.49,-26.2818,-344.447,68.6623,0.000980753,19.9026
1999.81,323.038,-30.5806,-469.871,214.003,0.00048665,19.9021
1999.76,435.183,-31.9367,-632.176,403.942,0.00032769,19.9016
1999.68,654.328,-20.8779,-949.886,789.081,0.000302733,19.9008
1999.66,707.041,-15.4935,-1026.59,881.117,0.000289131,19.9006
1999.44,-56.7517,231.073,-147.333,91.7489,0.000980727,19.8985
1999.39,-80.7433,314.225,-200.856,188.811,0.000486638,19.8981
1999.37,-114.46,421.034,-270.114,315.581,0.000327683,19.8978
1999.31,-188.963,626.786,-405.464,572.197,0.000302726,19.8973
1999.26,-274.926,828.674,-541.193,829.402,0.000288728,19.8968
1999.22,-364.031,1010.5,-666.443,1066.79,0.000273941,19.8964
1999.85,200.997,127.42,-232.115,108.987,0.000980751,19.9024
1999.76,271.784,177.262,-316.529,224.316,0.000486648,19.9016
1999.69,361.468,244.497,-425.831,374.99,0.000327689,19.9009
1999.58,529.96,384.353,-639.418,680.154,0.000302731,19.8998
1999.53,689.565,535.491,-853.823,986.3,0.000288732,19.8993
1999.46,827.944,684.223,-1051.95,1269.18,0.000273945,19.8987
1999.5,2.21359,-237.948,32.2805,78.726,0.000980731,19.8991
1999.47,5.98845,-324.363,43.9625,162.013,0.00048664,19.8988
1999.44,13.2478,-436.168,59.084,270.78,0.000327684,19.8985
1999.4,35.1864,-653.681,88.573,490.866,0.000302728,19.8981
1999.34,67.455,-870.501,118.11,711.317,0.000288729,19.8976
1999.3,106.24,-1068.85,145.345,914.617,0.000273943,19.8972
1999.45,-134.288,-196.461,-214.389,105.093,0.000980728,19.8987
1999.4,-179.73,-270.147,-292.487,216.296,0.000486638,19.8981
1999.37,-235.815,-367.183,-393.588,361.56,0.000327683,19.8979
1999.31,-336.258,-561.71,-591.131,655.725,0.000302726,19.8973
1999.25,-424.537,-762.947,-789.421,950.78,0.000288727,19.8967
1999.19,-494.589,-953.456,-972.554,1223.33,0.000273941,19.8962
1999.86,208.339,115.022,269.087,103.07,0.000980751,19.9025
1999.81,281.807,160.779,366.952,227.732,0.00048665,19.9021
1999.78,375.028,223.077,493.738,390.618,0.000327691,19.9017
1999.7,550.504,354.384,741.6,720.576,0.000302733,19.901
1999.64,716.894,498.359,990.357,1051.72,0.000288734,19.9004
1999.62,774.892,553.669,1080.93,1171.66,0.000274685,19.9002
1999.31,-230.546,58.9788,-189.404,99.7591,0.000980719,19.8973
1999.27,-315.25,76.6129,-258.31,205.308,0.000486634,19.8969
1999.24,-425.535,96.4702,-347.554,343.181,0.00032768,19.8966
1999.18,-642.55,125.515,-521.935,622.309,0.000302724,19.8961
1999.1,-861.483,141.575,-696.757,902.179,0.000288725,19.8953
1999.01,-1064.29,144.737,-858.294,1160.62,0.000273938,19.8944
1999.82,108.054,-211.987,-230.76,108.687,0.000980749,19.9021
1999.78,151.043,-287.146,-314.697,223.69,0.000486649,19.9018
1999.74,209.53,-382.762,-423.369,373.94,0.00032769,19.9014
1999.67,332.888,-563.747,-635.734,678.205,0.000302733,19.9007
1999.61,468.273,-736.838,-848.812,983.459,0.000288734,19.9001
1999.55,603.291,-888.707,-1045.9,1265.56,0.000273947,19.8995
1999.39,216.27,-99.2268,1.97321,78.0196,0.000980724,19.898
1999.36,296.114,-132.586,2.65539,160.56,0.000486637,19.8977
1999.33,400.331,-173.552,3.50304,268.353,0.000327682,19.8975
1999.28,606.598,-246.333,5.13416,486.467,0.000302726,19.897
1999.24,816.384,-309.473,6.77221,704.941,0.000288727,19.8966
1999.2,1012.37,-358.938,8.29473,906.413,0.000273941,19.8962
1999.93,-87.6238,-146.564,209.804,1.67053,0.0022044,19.9032
1999.84,-119.776,-205.637,292.407,94.3804,0.00098075,19.9023
1999.79,-159.182,-282.767,398.793,225.2,0.000486649,19.9018
1999.76,-206.829,-384.269,536.537,396.151,0.00032769,19.9015
1999.68,-288.689,-587.579,805.884,742.578,0.000302733,19.9008
1999.6,-352.109,-785.43,1061.25,1070.7,0.000288734,19.9
1999.49,-236.653,24.7245,-111.23,86.1145,0.00098073,19.899
1999.47,-322.986,30.4874,-151.651,177.222,0.00048664,19.8988
1999.44,-434.934,35.3292,-204,296.214,0.000327684,19.8985
1999.23,-653.689,36.2384,-306.191,537.03,0.000302725,19.8965
1999.05,-872.651,25.9099,-408.584,778.318,0.000288724,19.8948
1998.98,-1074.13,6.31923,-503.153,1000.94,0.000273937,19.8941
1999.08,228.989,-64.6207,233.97,109.438,0.000980706,19.8951
1999.03,313.393,-84.0882,319.151,225.248,0.000486627,19.8946
1998.98,423.282,-105.995,429.337,376.543,0.000327675,19.8942
1998.92,639.934,-138.099,644.678,682.904,0.000302719,19.8936
1998.86,859.024,-155.977,860.802,990.255,0.000288721,19.8931
1998.81,1062.18,-159.621,1060.59,1274.29,0.000273934,19.8925
1999.95,109.188,132.526,-209.815,3.15645,0.0022044,19.9033
1999.86,149.27,185.365,-290.86,95.5845,0.000980752,19.9025
1999.79,199.789,255.667,-396.675,226.02,0.000486649,19.9018
1999.75,262.126,348.885,-533.776,396.484,0.00032769,19.9014
1999.65,373.581,537.621,-801.737,741.821,0.000302732,19.9005
1999.57,467.945,727.826,-1061.25,1076.05,0.000288733,19.8998
1999.24,-30.7283,235.983,44.9103,79.3954,0.000980715,19.8966
1999.21,-44.9201,321.375,61.2474,163.392,0.000486632,19.8963
1999.18,-65.645,431.348,82.3713,273.089,0.000327679,19.8961
1999.14,-113.846,644.716,123.671,495.064,0.000302723,19.8957
1999.1,-172.233,855.898,165.009,717.41,0.000288725,19.8953
1999.06,-234.952,1048.05,203.151,922.467,0.000273939,19.8949
1999.45,231.645,-54.3999,67.6686,81.1185,0.000980727,19.8986
1999.42,316.614,-71.0804,92.3132,166.939,0.000486638,19.8983
1999.35,426.889,-90.2206,124.182,279.024,0.000327682,19.8977
1999.29,643.654,-119.715,186.491,505.841,0.000302726,19.8971
1999.25,861.97,-138.69,248.902,733.057,0.000288728,19.8967
1999.21,1063.99,-146.732,306.485,942.629,0.000273941,19.8964
1999.85,176.544,-284.087,729.745,13.9177,0.000387288,19.9024
1999.83,192.794,-305.52,788.385,49.2139,0.000363645,19.9023
1999.8,239.962,-364.473,952.979,222.328,0.000327691,19.9019
1999.8,245.652,-371.277,972.312,242.184,0.00031738,19.9019
1999.37,227.205,70.7864,-163.524,94.6297,0.000980723,19.8979
1999.34,308.62,100.036,-222.856,194.739,0.000486636,19.8976
1999.31,413.043,140.604,-299.674,325.49,0.000327682,19.8973
1999.26,613.497,228.556,-449.768,590.158,0.000302725,19.8968
1999.21,809.088,327.981,-600.131,855.422,0.000288727,19.8964
1999.12,984.436,429.602,-739.017,1100.29,0.00027394,19.8954
1999.89,237.486,15.4975,-322.153,82.0706,0.000980754,19.9028
1999.84,323.403,26.1743,-439.263,221.028,0.000486651,19.9023
1999.8,434.16,43.9863,-590.977,402.602,0.000327691,19.9019
1999.72,648.244,91.6101,-887.632,770.598,0.000302733,19.9011
1999.51,755.487,122.267,-1038.43,957.049,0.000290856,19.8992
1998.36,758.185,123.099,-1042.25,959.682,0.000291838,19.8883
1999.57,234.773,-38.6941,8.97288,78.0727,0.000980735,19.8997
1999.54,320.586,-49.8093,12.2147,160.668,0.000486642,19.8995
1999.52,431.959,-61.8345,16.4014,268.534,0.000327686,19.8992
1999.47,650.08,-77.6029,24.5646,486.796,0.000302729,19.8988
1999.43,869.092,-83.1499,32.736,705.417,0.000288731,19.8984
1999.38,1071.15,-79.1657,40.2806,907.023,0.000273944,19.898
1999.18,207.075,-117.224,-189.005,99.6711,0.000980712,19.8961
1999.14,284.196,-156.496,-257.808,205.144,0.00048663,19.8957
1999.11,385.384,-204.655,-346.84,342.879,0.000327678,19.8954
1999.05,587.095,-289.775,-520.713,621.682,0.000302721,19.8948
1999,794.08,-362.86,-695.085,901.263,0.000288723,19.8943
1998.96,988.898,-419.245,-856.19,1159.43,0.000273937,19.894
1999.85,-234.221,-42.1037,-225.423,107.456,0.000980751,19.9024
1999.8,-318.579,-61.4971,-307.371,221.163,0.000486649,19.9019
1999.77,-427.015,-89.7862,-413.455,369.7,0.000327691,19.9016
1999.71,-636.009,-155.355,-620.796,670.478,0.000302733,19.9011
1999.66,-841.028,-234.517,-828.882,972.231,0.000288735,19.9006
1999.62,-1025.58,-319.274,-1021.21,1251.05,0.000273948,19.9002
1999.5,-108.567,211.715,-105.884,85.4156,0.000980731,19.8991
1999.43,-150.999,287.161,-144.46,175.789,0.000486639,19.8985
1999.4,-208.154,383.479,-194.37,293.819,0.000327683,19.8982
1999.36,-327.076,567.15,-291.808,532.662,0.000302727,19.8977
1999.32,-455.507,744.848,-389.419,771.967,0.000288729,19.8974
1999.27,-582.006,902.806,-479.528,992.747,0.000273942,19.8969
1999.36,201.388,-126.69,174.644,96.7503,0.000980722,19.8977
1999.31,276.65,-169.591,238.154,199.118,0.000486635,19.8972
1999.27,375.352,-222.464,320.255,332.841,0.000327681,19.8969
1999.2,572.671,-317.274,480.799,603.559,0.000302724,19.8963
1999.15,775.729,-400.688,641.788,874.964,0.000288726,19.8958
1999.11,967.202,-467.093,790.405,1125.53,0.000273939,19.8954
1999.57,-232.603,50.1271,-6.75415,78.0495,0.000980734,19.8997
1999.54,-317.78,65.3824,-9.1871,160.621,0.000486642,19.8995
1999.52,-428.405,82.7996,-12.3317,268.455,0.000327686,19.8993
1999.48,-645.536,109.16,-18.4683,486.651,0.000302729,19.8989
1999.45,-864.019,125.366,-24.6026,705.205,0.000288731,19.8986
1999.4,-1066.03,131.212,-30.265,906.752,0.000273944,19.8982
1999.52,146.97,-187.098,-118.018,87.1126,0.000980732,19.8993
1999.47,203.08,-253.027,-160.995,179.273,0.00048664,19.8988
1999.44,277.671,-336.588,-216.601,299.641,0.000327684,19.8986
1999.39,429.711,-493.956,-325.275,543.27,0.000302728,19.8981
1999.34,590.104,-643.493,-434.178,787.395,0.000288729,19.8976
1999.3,744.92,-773.876,-534.674,1012.63,0.000273943,19.8972
1998.89,-218.98,93.1764,-167.188,95.393,0.000980695,19.8933
1998.85,-300.055,123.485,-228.044,196.319,0.000486622,19.8929
1998.82,-405.957,159.955,-306.829,328.168,0.000327672,19.8926
1998.76,-615.832,222.214,-460.821,595.072,0.000302716,19.8921
1998.69,-829.441,272.464,-615.205,862.648,0.000288718,19.8915
1998.64,-1029.02,307.909,-757.802,1109.66,0.000273932,19.891
1999.94,185.662,-44.1993,273.627,2.81581,0.00158051,19.9033
1999.89,231.974,-53.0731,341.218,71.0349,0.000980753,19.9028
1999.82,317.446,-67.244,465.394,215.413,0.00048665,19.9021
1999.77,428.669,-81.4762,626.087,404.094,0.000327691,19.9016
1999.7,647.647,-95.7584,940.666,786.614,0.000302733,19.9009
1999.68,710.353,-96.5312,1030.52,895.064,0.000286276,19.9008
1999.94,183.121,-18.9858,-241.725,7.63048,0.00184668,19.9033
1999.87,236.899,-22.277,-312.449,88.1333,0.000980752,19.9026
1999.82,323.489,-25.4128,-426.178,224.435,0.00048665,19.9021
1999.78,435.651,-25.5126,-573.403,402.56,0.000327691,19.9017
1999.68,654.545,-12.8744,-861.274,763.561,0.000302733,19.9008
1999.6,794.277,4.13643,-1046.03,994.718,0.000289259,19.9001
1999.57,-235.559,33.3124,-27.721,78.5486,0.000980734,19.8997
1999.53,-321.66,42.4491,-37.842,161.649,0.000486641,19.8993
1999.48,-433.303,51.8758,-50.9352,270.174,0.000327685,19.8989
1999.44,-651.697,62.4779,-76.4725,489.773,0.000302728,19.8985
1999.4,-870.791,62.7821,-102.064,709.738,0.00028873,19.8982
1999.36,-1072.71,53.9029,-125.672,912.59,0.000273944,19.8978
1999.56,93.034,-219.06,42.5222,79.2201,0.000980734,19.8996
1999.53,129.691,-297.382,57.7391,163.029,0.000486642,19.8993
1999.5,179.355,-397.791,77.451,272.482,0.000327685,19.8991
1999.43,283.259,-590.176,115.913,493.957,0.000302728,19.8984
1999.39,396.475,-777.883,154.486,715.81,0.00028873,19.898
1999.36,508.67,-946.018,190.062,920.411,0.000273943,19.8977
1999.46,-134.253,-196.467,-116.015,86.7862,0.000980728,19.8987
1999.43,-180.284,-269.805,-158.191,178.606,0.000486639,19.8984
1999.39,-237.537,-365.991,-212.71,298.527,0.000327683,19.8981
1999.33,-341.963,-558.287,-319.295,541.232,0.000302726,19.8975
1999.29,-436.418,-756.14,-426.09,784.435,0.000288728,19.8971
1999.25,-514.355,-942.965,-524.693,1008.82,0.000273942,19.8967
1999.83,-200.703,127.785,223.918,107.148,0.00098075,19.9022
1999.8,-275.913,170.799,305.442,220.524,0.000486649,19.9019
1999.76,-374.716,223.546,410.836,368.641,0.00032769,19.9016
1999.7,-572.688,317.233,617.037,668.634,0.000302733,19.901
1999.65,-776.992,398.253,823.937,969.55,0.000288734,19.9005
1999.59,-970.038,461.269,1015.05,1247.54,0.000273947,19.9
1999.55,-97.2078,-217.193,68.2777,81.1727,0.000980734,19.8996
1999.52,-129.668,-297.452,93.137,167.05,0.000486641,19.8993
1999.5,-169.335,-402.107,125.271,279.205,0.000327685,19.8991
1999.45,-239.287,-609.385,188.092,506.162,0.000302729,19.8986
1999.42,-299.162,-820.188,251.014,733.523,0.00028873,19.8983
1999.38,-345.244,-1017.15,309.124,943.235,0.000273944,19.8979
1999.86,-106.64,212.752,327.142,82.9144,0.000980752,19.9025
1999.81,-149.964,287.759,446.207,223.337,0.00048665,19.902
1999.77,-209.547,382.794,600.424,406.876,0.000327691,19.9016
1999.69,-337.041,561.286,902.081,778.904,0.000302733,19.9009
1999.67,-399.254,638.512,1038.43,946.407,0.000290859,19.9007
1999.45,219.635,-91.53,-142.213,90.9148,0.000980728,19.8986
1999.42,300.821,-121.608,-193.986,187.099,0.000486638,19.8983
1999.39,406.785,-157.914,-260.974,312.731,0.000327683,19.898
1999.29,616.484,-220.239,-391.844,567.035,0.000302726,19.8971
1999.25,829.856,-271.169,-523.06,821.902,0.000288727,19.8967
1999.18,1029.11,-307.783,-644.228,1057.11,0.000273941,19.8961
1999.88,-237.96,-3.10016,322.354,82.1413,0.000980753,19.9027
1999.82,-324.312,-9.30263,439.661,221.255,0.00048665,19.9021
1999.78,-435.833,-21.3285,591.628,403.039,0.000327691,19.9018
1999.7,-652.111,-57.78,888.81,771.451,0.000302733,19.901
1999.66,-759.755,-82.5857,1038.44,956.279,0.000290859,19.9006
1999.55,146.822,-187.315,-23.701,78.4031,0.000980733,19.8995
1999.52,202.472,-253.552,-32.3163,161.348,0.000486641,19.8993
1999.49,276.303,-337.716,-43.4661,269.67,0.000327685,19.899
1999.45,426.229,-496.845,-65.273,488.861,0.000302729,19.8986
1999.41,583.87,-649.131,-87.1631,708.419,0.00028873,19.8982
1999.36,735.432,-782.825,-107.355,910.895,0.000273944,19.8978
1999.6,-43.333,-233.947,-51.1874,79.7967,0.000980736,19.9
1999.55,-56.08,-319.555,-69.7815,164.219,0.000486642,19.8996
1999.53,-70.1604,-430.644,-93.8428,274.474,0.000327686,19.8993
1999.48,-89.8038,-648.509,-140.831,497.576,0.000302729,19.8989
1999.43,-99.0024,-867.43,-187.906,721.064,0.000288731,19.8984
1999.39,-98.1945,-1069.57,-231.358,927.181,0.000273944,19.8981
1999.88,89.3205,-220.592,365.881,53.673,0.000980753,19.9027
1999.83,126.846,-298.647,498.951,205.144,0.00048665,19.9022
1999.77,179.39,-397.817,671.406,403.148,0.000327691,19.9016
1999.69,294.558,-584.703,1008.77,804.616,0.000302733,19.9009
1999.69,298.189,-590.05,1018.7,815.313,0.00029533,19.9009
1999.38,-173.073,163.321,-113.731,86.4989,0.000980724,19.898
1999.35,-238.218,220.272,-155.161,178.018,0.000486636,19.8977
1999.32,-324.279,292.004,-208.815,297.554,0.000327682,19.8973
1999.26,-497.646,425.35,-313.558,539.472,0.000302725,19.8969
1999.21,-678.201,549.868,-418.595,781.882,0.000288727,19.8964
1999.16,-850.338,656.282,-515.499,1005.53,0.00027394,19.8958
1999.52,-92.2638,-219.322,-77.9581,82.1095,0.000980732,19.8993
1999.49,-122.85,-300.264,-106.339,168.979,0.000486641,19.899
1999.45,-160.109,-405.954,-143.104,282.434,0.000327684,19.8987
1999.4,-225.077,-614.758,-214.877,512.035,0.000302728,19.8982
1999.36,-279.804,-826.975,-286.795,742.051,0.000288729,19.8977
1999.31,-320.978,-1025.04,-353.181,954.214,0.000273943,19.8973
1999.51,-187.329,-146.803,113.334,86.3995,0.000980731,19.8992
1999.48,-253.303,-202.77,154.498,177.814,0.00048664,19.8989
1999.38,-337.011,-277.248,207.794,297.202,0.000327683,19.8979
1999.33,-494.588,-428.937,311.829,538.822,0.000302726,19.8974
1999.27,-644.457,-588.955,416.107,780.927,0.000288728,19.8969
1999.23,-775.282,-743.414,512.4,1004.3,0.000273941,19.8965
1999.29,-85.4804,222.074,-141.83,90.7905,0.000980718,19.8971
1999.26,-119.923,301.517,-193.333,186.845,0.000486634,19.8968
1999.23,-167.011,403.164,-259.963,312.302,0.00032768,19.8966
1999.19,-267.06,597.719,-390.106,566.244,0.000302724,19.8962
1999.15,-377.901,787.088,-520.635,820.755,0.000288726,19.8957
1999.1,-489.248,956.239,-641.102,1055.64,0.000273939,19.8953
1999.44,234.724,38.8666,-0.742139,78.0191,0.000980727,19.8985
1999.41,319.574,55.9891,-1.06151,160.558,0.000486638,19.8982
1999.38,428.848,80.4608,-1.47875,268.351,0.000327683,19.898
1999.34,640.424,135.775,-2.29549,486.464,0.000302727,19.8975
1999.28,849.595,201.108,-3.12644,704.94,0.000288728,19.897
1999.25,1039.6,269.981,-3.89906,906.412,0.000273942,19.8967
1999.52,85.2902,-222.092,21.7747,78.3486,0.000980732,19.8993
1999.48,119.123,-301.827,29.7587,161.236,0.00048664,19.8989
1999.45,165.026,-403.909,40.0778,269.484,0.000327684,19.8986
1999.4,261.712,-600.041,60.2397,488.52,0.000302728,19.8982
1999.36,367.734,-791.878,80.4515,707.918,0.000288729,19.8978
1999.32,473.393,-964.159,99.0818,910.244,0.000273943,19.8974
1999.17,-213.43,105.266,-135.565,89.7961,0.000980711,19.896
1999.14,-292.512,140.413,-184.878,184.808,0.00048663,19.8956
1999.11,-395.919,183.375,-248.68,308.901,0.000327678,19.8954
1999.05,-601.212,259.034,-373.343,560.065,0.000302721,19.8948
1999,-810.825,323.69,-498.327,811.777,0.000288723,19.8944
1998.96,-1007.16,373.291,-613.723,1044.06,0.000273937,19.894
1999.46,141.556,-191.284,-103.713,85.0873,0.000980728,19.8987
1999.43,195.676,-258.859,-141.377,175.106,0.000486639,19.8984
1999.4,267.644,-344.575,-190.065,292.674,0.000327683,19.8981
1999.34,414.678,-506.605,-285.257,530.607,0.000302727,19.8976
1999.3,570.075,-661.222,-380.628,769.005,0.000288728,19.8972
1999.27,720.396,-796.726,-468.683,988.943,0.000273942,19.8969
1999.46,118.279,206.454,-143.556,91.1141,0.000980728,19.8987
1999.43,158.203,283.271,-195.777,187.523,0.000486639,19.8984
1999.4,207.376,383.889,-263.338,313.448,0.000327683,19.8982
1999.35,295.271,584.321,-395.377,568.333,0.000302727,19.8976
1999.28,372.253,789.702,-527.701,823.787,0.000288728,19.897
1999.24,433.278,982.841,-649.905,1059.54,0.000273942,19.8966
1999.95,34.7715,-188.008,273.576,3.47901,0.00158051,19.9033
1999.86,45.3046,-233.616,340.559,71.6221,0.000980752,19.9025
1999.81,66.8693,-317.509,464.518,215.848,0.00048665,19.902
1999.77,98.7867,-425.049,625.064,404.355,0.000327691,19.9016
1999.69,174.109,-631.127,939.209,786.537,0.000302733,19.9008
1999.67,199.165,-689.847,1030.59,896.827,0.000286276,19.9007
1999.82,178.706,-157.168,224.689,107.319,0.000980749,19.9021
1999.77,246.332,-211.138,306.382,220.88,0.000486648,19.9016
1999.71,335.964,-278.484,412.226,369.227,0.000327689,19.9011
1999.64,517.222,-401.324,618.902,669.595,0.000302732,19.9005
1999.57,706.728,-512.595,826.324,970.902,0.000288733,19.8998
1999.52,887.973,-604.355,1018.08,1249.3,0.000273946,19.8993
1999.5,236.462,-26.8719,108.12,85.7337,0.00098073,19.899
1999.46,322.76,-33.3835,147.546,176.441,0.00048664,19.8987
1999.43,434.59,-39.2021,198.569,294.913,0.000327684,19.8984
1999.39,653.28,-42.073,298.254,534.69,0.000302728,19.898
1999.33,872.434,-33.645,398.237,774.955,0.000288729,19.8975
1999.29,1073.96,-15.8633,490.483,996.626,0.000273942,19.8971
1999.34,140.62,-192.014,139.389,90.397,0.000980721,19.8975
1999.29,194.498,-259.704,190.021,186.046,0.000486635,19.8971
1999.27,266.412,-345.613,255.6,310.981,0.000327681,19.8969
1999.21,413.591,-507.463,383.669,563.861,0.000302724,19.8963
1999.16,569.807,-661.528,512.119,817.304,0.000288726,19.8958
1999.11,721.176,-795.962,630.622,1051.18,0.00027394,19.8954
1999.38,-222.03,-85.7075,64.2175,80.8064,0.000980724,19.898
1999.34,-301.552,-119.728,87.5566,166.299,0.000486636,19.8976
1999.31,-403.561,-166.05,117.79,277.952,0.000327682,19.8973
1999.26,-599.209,-263.695,176.815,503.896,0.000302725,19.8968
1999.22,-790.288,-370.974,235.981,730.246,0.000288727,19.8964
1999.18,-961.85,-478.116,290.603,939.014,0.000273941,19.896
1999.48,-221.081,87.9445,-161.321,94.2568,0.000980729,19.8989
1999.44,-302.831,116.537,-220.009,193.982,0.000486639,19.8985
1999.41,-409.506,150.795,-295.922,324.234,0.000327684,19.8982
1999.36,-620.5,208.738,-444.183,587.901,0.000302727,19.8977
1999.31,-835.102,254.78,-592.902,852.201,0.000288728,19.8972
1999.25,-1035.19,286.398,-730.149,1096.17,0.000273942,19.8968
1999.23,130.473,-198.986,0.993444,78.0183,0.000980715,19.8966
1999.2,180.395,-269.667,1.36571,160.557,0.000486632,19.8963
1999.18,246.926,-359.74,1.84914,268.349,0.000327679,19.896
1999.11,382.994,-530.937,2.79332,486.46,0.000302723,19.8954
1999.07,527.219,-695.914,3.72409,704.931,0.000288724,19.895
1999.03,666.943,-841.927,4.57324,906.398,0.000273938,19.8946
1999.85,-234.992,-37.6061,-324.412,82.4643,0.000980751,19.9024
1999.8,-319.533,-56.2857,-442.414,222.107,0.000486649,19.9019
1999.76,-428.145,-84.3844,-595.307,404.586,0.00032769,19.9015
1999.67,-636.849,-151.88,-894.353,774.479,0.000302733,19.9007
1999.64,-735.324,-190.247,-1038.43,952.084,0.000290859,19.9004
1999.44,135.103,-195.864,77.935,82.0979,0.000980727,19.8985
1999.4,186.769,-265.273,106.278,168.955,0.000486638,19.8982
1999.38,255.681,-353.644,142.985,282.389,0.000327683,19.8979
1999.33,396.486,-520.95,214.628,511.946,0.000302726,19.8975
1999.29,545.688,-681.475,286.438,741.924,0.000288728,19.8971
1999.25,690.289,-822.95,352.72,954.052,0.000273942,19.8967
1999.51,184.874,-149.776,-127.964,88.6099,0.000980731,19.8992
1999.47,254.227,-201.559,-174.563,182.363,0.00048664,19.8988
1999.44,345.614,-266.431,-234.903,304.813,0.000327684,19.8985
1999.38,528.928,-385.782,-352.67,552.643,0.000302727,19.898
1999.33,718.819,-495.49,-470.77,801.015,0.000288729,19.8975
1999.23,899.09,-587.639,-579.841,1030.22,0.000273941,19.8965
1999.36,232.513,-50.7019,171.663,96.2102,0.000980723,19.8978
1999.32,317.768,-65.4695,234.094,198.016,0.000486636,19.8974
1999.29,428.68,-81.7034,314.989,331.003,0.000327681,19.8971
1999.23,646.407,-103.922,472.942,600.218,0.000302725,19.8966
1999.19,865.64,-113.527,631.302,870.102,0.000288726,19.8961
1999.14,1068.34,-111.125,777.624,1119.28,0.00027394,19.8957
1999.4,-168.916,167.592,-110.642,86.0418,0.000980725,19.8982
1999.35,-232.587,226.185,-150.883,177.077,0.000486636,19.8977
1999.32,-316.796,300.116,-202.994,295.971,0.000327682,19.8974
1999.27,-486.642,437.906,-304.716,536.598,0.000302725,19.8969
1999.22,-663.85,567.122,-406.725,777.706,0.000288727,19.8964
1999.18,-833.035,678.047,-500.809,1000.15,0.000273941,19.896
1998.73,-215.97,-99.9326,215.206,105.126,0.000980685,19.8918
1998.69,-292.756,-139.914,293.316,216.335,0.000486617,19.8914
1998.66,-390.644,-194.498,394.427,361.604,0.000327669,19.8911
1998.6,-576.563,-310.105,591.945,655.753,0.000302713,19.8906
1998.54,-755.447,-437.687,790.156,950.774,0.000288715,19.89
1998.47,-913.235,-565.421,973.284,1223.31,0.000273929,19.8894
1999.39,-193.03,139.106,-99.7028,84.5909,0.000980724,19.898
1999.35,-265.151,187.04,-135.986,174.089,0.000486636,19.8977
1999.33,-359.788,246.837,-182.887,290.975,0.000327682,19.8974
1999.27,-549.102,356.524,-274.557,527.526,0.000302725,19.8969
1999.23,-744.103,456.653,-366.395,764.533,0.000288727,19.8966
1999.19,-928.428,540.184,-451.173,983.174,0.000273941,19.8962
1999.5,-107.404,212.331,-48.1763,79.6046,0.000980731,19.8991
1999.4,-149.133,288.158,-65.7295,163.823,0.000486638,19.8982
1999.37,-205.237,385.088,-88.4493,273.811,0.000327683,19.8979
1999.33,-321.531,570.241,-132.801,496.375,0.000302726,19.8975
1999.26,-446.871,750.079,-177.279,719.324,0.000288728,19.8968
1999.21,-569.934,910.433,-218.289,924.937,0.000273941,19.8963
1999.52,-222.782,83.7114,-42.8604,79.2691,0.000980732,19.8993
1999.49,-304.799,111.232,-58.4055,163.131,0.00048664,19.899
1999.46,-411.702,144.557,-78.5289,272.653,0.000327685,19.8988
1999.42,-622.64,202.105,-117.851,494.275,0.000302728,19.8983
1999.36,-836.575,249.702,-157.275,716.274,0.000288729,19.8978
1999.33,-1035.72,284.54,-193.608,921.002,0.000273943,19.8974
1999.92,101.456,206.57,-401.126,3.88958,0.000980755,19.9031
1999.86,137.093,294.079,-565.657,169.851,0.000486651,19.9025
1999.79,174.77,399.84,-761.228,386.901,0.000327691,19.9018
1999.73,213.715,530.95,-999.615,660.551,0.000304358,19.9013
1999.61,194.031,-137.684,18.6256,78.2545,0.000980737,19.9001
1999.58,266.299,-185.258,25.3465,161.042,0.000486643,19.8998
1999.55,361.196,-244.872,34.0515,269.158,0.000327686,19.8996
1999.51,550.345,-354.53,51.0224,487.928,0.00030273,19.8992
1999.46,744.897,-455.46,68.0003,707.055,0.000288731,19.8987
1999.41,928.316,-540.353,83.6569,909.128,0.000273944,19.8983
1999.91,-68.2729,-223.861,401.163,11.5469,0.000980755,19.903
1999.85,-88.6862,-312.135,556.388,175.495,0.000486651,19.9024
1999.79,-109.23,-422.468,748.603,389.789,0.000327691,19.9018
1999.72,-128.106,-567.83,999.64,679.275,0.000304357,19.9011
1999.72,-128.322,-570.036,1003.44,681.395,0.000300561,19.9011
1999.54,-25.9121,-236.554,29.9591,78.6457,0.000980733,19.8995
1999.52,-32.1414,-322.836,40.9171,161.849,0.000486641,19.8992
1999.49,-37.8195,-434.75,55.1118,270.508,0.000327685,19.899
1999.44,-41.1049,-653.371,82.8027,490.378,0.000302728,19.8985
1999.4,-34.0618,-872.358,110.564,710.617,0.00028873,19.8981
1999.36,-18.3865,-1073.98,136.183,913.722,0.000273944,19.8978
1999.57,-235.209,36.1877,-56.5215,80.1888,0.000980734,19.8997
1999.54,-321.141,46.2919,-77.0705,165.025,0.000486642,19.8994
1999.51,-432.64,56.9373,-103.671,275.819,0.000327686,19.8992
1999.47,-650.976,69.8005,-155.62,500.017,0.000302729,19.8988
1999.36,-870.084,72.1519,-207.673,724.608,0.000288729,19.8978
1999.31,-1072.11,64.9541,-255.718,931.75,0.000273943,19.8973
1999.79,115.169,-368.397,905.878,8.80885,0.000327735,19.9019
1999.78,125.262,-391.298,964.559,35.4281,0.000313903,19.9018
1999.5,201.708,-126.245,84.0211,82.7486,0.00098073,19.8991
1999.47,276.684,-169.379,114.6,170.298,0.00048664,19.8988
1999.44,375.027,-223.046,154.209,284.64,0.000327684,19.8986
1999.4,570.864,-320.572,231.568,516.034,0.000302728,19.8981
1999.35,771.679,-408.413,309.073,747.857,0.000288729,19.8977
1999.31,960.662,-480.54,380.603,961.695,0.000273943,19.8973
1999.57,237.596,-13.3511,66.9593,81.0366,0.000980734,19.8997
1999.54,324.071,-15.0713,91.2478,166.771,0.000486642,19.8994
1999.52,436.085,-14.8359,122.703,278.739,0.000327686,19.8992
1999.46,654.681,-6.34991,184.138,505.316,0.000302729,19.8987
1999.42,872.983,12.7779,245.642,732.285,0.00028873,19.8983
1999.38,1073.34,39.8318,302.343,941.614,0.000273944,19.898
1999.13,-237.859,5.97659,44.4399,79.3643,0.000980709,19.8956
1999.09,-324.364,5.15719,60.6141,163.332,0.000486629,19.8952
1999.07,-436.318,1.68979,81.5537,272.991,0.000327677,19.895
1999.04,-654.569,-12.9322,122.441,494.887,0.000302721,19.8947
1999,-872.235,-37.9858,163.37,717.156,0.000288723,19.8943
1998.96,-1071.77,-70.2673,201.118,922.14,0.000273937,19.894
1999.54,-70.7668,-227.164,-13.6595,78.1429,0.000980733,19.8995
1999.51,-93.6692,-310.603,-18.586,160.813,0.000486641,19.8992
1999.48,-121.003,-419.188,-24.9629,268.778,0.000327685,19.8989
1999.45,-166.857,-633.058,-37.4137,487.238,0.000302729,19.8986
1999.4,-202.676,-849.193,-49.8981,706.062,0.00028873,19.8981
1999.36,-226.685,-1049.86,-61.4378,907.858,0.000273944,19.8978
1999.9,82.4514,158.525,-209.826,13.829,0.00220439,19.9029
1999.8,107.753,212.177,-279.464,104.096,0.000980748,19.902
1999.75,142.795,291.35,-381.085,231.442,0.000486648,19.9015
1999.7,184.814,395.28,-512.693,397.858,0.000327689,19.901
1999.63,255.807,602.669,-770.096,735.012,0.000302732,19.9003
1999.56,311.798,815.52,-1028.57,1073.52,0.000288733,19.8997
1999.55,319.171,849.263,-1069.11,1125.75,0.000280741,19.8996
1999.49,-237.885,3.66076,-118.993,87.2551,0.00098073,19.899
1999.45,-324.473,1.66087,-162.365,179.573,0.000486639,19.8986
1999.42,-436.384,-3.57746,-218.478,300.152,0.000327684,19.8983
1999.37,-654.294,-22.4077,-328.07,544.206,0.000302727,19.8978
1999.32,-871.443,-52.7068,-437.96,788.777,0.000288729,19.8974
1999.27,-1070.27,-90.7305,-539.431,1014.44,0.000273942,19.8969
1999.44,-147.61,186.658,-109.355,85.8601,0.000980727,19.8986
1999.41,-203.868,252.417,-149.091,176.693,0.000486638,19.8983
1999.38,-278.63,335.781,-200.514,295.328,0.000327683,19.898
1999.31,-430.938,492.835,-300.991,535.428,0.000302726,19.8973
1999.26,-591.491,642.162,-401.683,776.004,0.000288728,19.8968
1999.22,-746.366,772.475,-494.622,997.953,0.000273941,19.8964
1999.52,-46.7232,233.344,66.3683,80.9924,0.000980732,19.8993
1999.49,-66.7116,317.487,90.481,166.681,0.00048664,19.899
1999.46,-95.0137,425.876,121.719,278.591,0.000327685,19.8987
1999.41,-158.005,635.27,182.698,505.052,0.000302728,19.8983
1999.37,-231.305,841.886,243.864,731.924,0.00028873,19.8978
1999.33,-307.751,1029.05,300.257,941.171,0.000273943,19.8975
1999.92,196.133,88.2479,337.342,11.8708,0.00121537,19.9031
1999.88,216.585,98.6544,373.357,48.199,0.000980753,19.9027
1999.82,292.887,139.593,509.249,201.964,0.00048665,19.9021
1999.77,389.635,196.514,685.399,402.95,0.000327691,19.9017
1999.7,563.316,314.285,1014.84,792.471,0.000302733,19.901
1999.81,-72.579,-226.592,-229.084,108.316,0.000980748,19.902
1999.77,-95.0023,-310.274,-312.506,222.947,0.000486649,19.9017
1999.74,-120.786,-419.299,-420.395,372.708,0.00032769,19.9013
1999.68,-160.658,-634.688,-631.332,675.969,0.000302733,19.9008
1999.6,-186.496,-852.959,-842.972,980.187,0.000288734,19.9
1999.52,-197.667,-1055.78,-1038.56,1261.29,0.000273946,19.8993
1999.85,-69.9361,-227.456,295.778,93.3263,0.000980751,19.9024
1999.8,-90.7301,-311.521,403.323,225.023,0.000486649,19.9019
1999.7,-113.939,-421.255,542.622,397.118,0.000327689,19.901
1999.63,-146.985,-637.963,814.961,745.872,0.000302732,19.9003
1999.56,-162.733,-832.52,1057.45,1056.08,0.00028213,19.8996
1999.47,-199.66,-129.492,-149.845,92.2223,0.000980729,19.8988
1999.39,-270.234,-179.551,-204.361,189.796,0.000486637,19.898
1999.35,-359.966,-246.648,-274.954,317.241,0.000327682,19.8977
1999.29,-529.556,-384.874,-412.797,575.203,0.000302726,19.8971
1999.23,-691.697,-532.691,-551.016,833.751,0.000288727,19.8966
1999.19,-833.925,-677.013,-678.686,1072.4,0.000273941,19.8962
1999.56,-180.601,154.994,42.7622,79.2641,0.000980734,19.8997
1999.51,-248.154,208.975,58.2678,163.12,0.000486641,19.8992
1999.47,-337.154,276.991,78.3605,272.633,0.000327685,19.8988
1999.43,-515.529,403.434,117.576,494.235,0.000302728,19.8984
1999.38,-700.182,521.558,156.902,716.214,0.00028873,19.898
1999.34,-875.261,622.568,193.154,920.931,0.000273943,19.8976
1999.36,6.29594,-237.822,22.2492,78.3535,0.000980722,19.8977
1999.33,11.6252,-324.274,30.295,161.248,0.000486636,19.8975
1999.31,20.8946,-435.853,40.6984,269.504,0.000327682,19.8973
1999.26,46.7134,-652.961,61.0199,488.559,0.000302725,19.8968
1999.21,82.7975,-869.161,81.3988,707.977,0.000288727,19.8963
1999.17,125.038,-1066.8,100.182,910.321,0.00027394,19.896
1999.44,223.611,-81.3799,84.124,82.7406,0.000980727,19.8985
1999.41,305.934,-107.93,114.659,170.276,0.000486638,19.8982
1999.38,413.306,-139.911,154.213,284.6,0.000327683,19.898
1999.33,625.089,-194.413,231.409,515.951,0.000302726,19.8975
1999.28,839.883,-238.464,308.827,747.734,0.000288728,19.897
1997.72,1039.68,-269.646,380.281,961.547,0.000273917,19.8823
1999.38,237.474,14.7183,-196.81,101.268,0.000980723,19.8979
1999.34,323.562,24.0308,-268.417,208.409,0.000486636,19.8975
1999.28,434.613,39.1604,-361.105,348.368,0.000327681,19.897
1999.23,649.913,78.6629,-542.133,631.732,0.000302725,19.8966
1999.18,863.131,131.385,-723.822,915.916,0.000288726,19.896
1999.04,1056.88,191.57,-891.681,1178.39,0.000273938,19.8947
1999.51,223.635,-81.1932,138.771,90.3498,0.000980731,19.8992
1999.47,306.141,-107.412,189.315,185.942,0.00048664,19.8988
1999.45,413.75,-138.726,254.754,310.798,0.000327684,19.8986
1999.37,626.121,-191.219,382.486,563.508,0.000302727,19.8979
1999.31,841.607,-232.242,510.562,816.774,0.000288729,19.8973
1999.27,1042.23,-259.691,628.757,1050.48,0.000273942,19.8969
1999.3,-237.916,-3.80458,-1.55915,78.0211,0.000980719,19.8972
1999.28,-324.336,-8.2647,-2.13172,160.563,0.000486634,19.897
1999.25,-436.022,-16.4116,-2.87793,268.359,0.00032768,19.8967
1999.21,-653.482,-40.0221,-4.33498,486.478,0.000302724,19.8964
1999.16,-869.944,-73.8477,-5.81449,704.958,0.000288726,19.8959
1999.13,-1068.01,-114.001,-7.18997,906.433,0.00027394,19.8956
1999.94,-196.351,-12.9601,-273.578,12.9766,0.00158051,19.9032
1999.89,-237.349,-17.464,-330.931,79.8283,0.000980754,19.9028
1999.85,-323.181,-28.9629,-451.357,221.328,0.000486651,19.9024
1999.8,-433.74,-47.9047,-607.343,406.253,0.000327691,19.902
1999.73,-647.326,-98.0188,-912.491,781.094,0.000302734,19.9013
1999.7,-731.483,-122.824,-1034.51,930.255,0.000283566,19.901
1999.48,228.557,66.1737,-110.844,86.0859,0.000980729,19.8989
1999.45,310.689,93.4003,-151.208,177.172,0.000486639,19.8986
1999.42,416.201,131.135,-203.48,296.134,0.000327684,19.8984
1999.37,619.118,212.749,-305.504,536.892,0.000302727,19.8979
1999.33,818.09,305.011,-407.824,778.139,0.000288729,19.8975
1999.29,997.175,399.14,-502.222,1000.72,0.000273942,19.8971
1999.4,236.168,29.2104,-136.12,89.8859,0.000980725,19.8981
1999.36,321.559,43.2276,-185.645,184.999,0.000486637,19.8978
1999.33,431.659,64.0824,-249.791,309.234,0.000327682,19.8975
1999.28,644.726,113.526,-375.012,560.692,0.000302726,19.897
1999.24,855.481,174.593,-500.581,812.676,0.000288727,19.8966
1999.19,1046.72,240.96,-616.403,1045.2,0.000273941,19.8962
1999.37,149.986,184.731,-212.194,104.487,0.000980723,19.8979
1999.3,201.427,254.388,-289.304,215.044,0.000486635,19.8972
1999.28,265.369,346.367,-389.074,359.481,0.000327681,19.897
1999.21,381.743,531.882,-584.149,651.951,0.000302724,19.8964
1999.15,486.613,724.933,-779.854,945.284,0.000288726,19.8958
1999.1,572.523,908.788,-960.639,1216.26,0.000273939,19.8953
1999.81,225.074,77.2381,243.492,111.627,0.000980749,19.902
1999.76,305.442,109.373,332.044,229.764,0.000486648,19.9016
1999.73,408.244,154.133,446.79,384.128,0.00032769,19.9013
1999.65,604.385,251.576,670.979,696.783,0.000302732,19.9005
1999.53,794.302,362.366,896.044,1010.49,0.000288732,19.8994
1999.48,962.811,475.878,1103.94,1300.21,0.000273945,19.8989
1999.7,-263.526,178.243,-671.012,17.3414,0.000486647,19.901
1999.69,-287.876,191.802,-729.728,57.6772,0.000387284,19.9009
1999.63,-368.584,233.642,-921.277,268.004,0.000327688,19.9004
1999.62,-392.095,244.973,-976.272,327.536,0.000311899,19.9002
1999.86,69.9412,292.753,-626.062,9.24428,0.000467103,19.9025
1999.84,73.2816,314.134,-671.034,36.6003,0.000486651,19.9024
1999.79,87.1432,427.598,-908.699,286.174,0.000327691,19.9018
1999.77,89.9149,459.985,-976.299,359.804,0.000311902,19.9016
1999.49,220.322,-89.9585,98.4205,84.4464,0.00098073,19.899
1999.46,301.566,-119.594,134.226,173.787,0.00048664,19.8987
1999.43,407.681,-155.562,180.619,290.47,0.000327684,19.8984
1999.39,617.339,-217.798,271.173,526.605,0.000302728,19.8981
1999.34,830.463,-269.462,361.955,763.19,0.000288729,19.8976
1999.21,1029.18,-307.478,445.68,981.431,0.000273941,19.8963
1999.34,-187.127,-147.015,193.339,100.55,0.000980721,19.8976
1999.31,-252.77,-203.446,263.692,206.939,0.000486635,19.8973
1999.28,-335.679,-278.778,354.732,345.911,0.000327681,19.897
1999.22,-490.872,-433.226,532.694,627.279,0.000302724,19.8964
1999.16,-636.884,-597.155,711.177,909.444,0.000288726,19.8959
1999.12,-762.776,-756.196,876.08,1170.01,0.00027394,19.8955
1999.67,376.644,136.719,-964.601,0.507203,0.000313901,19.9007
1999.89,-165.349,52.3689,209.838,5.82673,0.00220439,19.9028
1999.79,-227.648,69.4001,287.96,97.694,0.000980747,19.9018
1999.73,-311.736,90.0942,392.708,227.318,0.000486647,19.9013
1999.69,-421.431,113.221,528.299,396.686,0.000327689,19.9009
1999.63,-638.074,146.404,793.348,739.785,0.000302732,19.9003
1999.56,-857.635,163.591,1059.63,1084.25,0.000288733,19.8997
1999.56,-862.213,163.775,1065.17,1090.4,0.000282934,19.8997
1999.44,31.2365,235.857,153.226,92.7873,0.000980727,19.8986
1999.41,39.0692,322.086,208.942,190.955,0.000486638,19.8982
1999.38,46.3812,433.864,281.014,319.172,0.000327683,19.898
1999.33,51.4655,652.676,421.847,578.709,0.000302727,19.8975
1999.19,44.2748,871.931,563.01,838.862,0.000288726,19.8961
1999.14,26.7799,1073.78,693.393,1078.98,0.00027394,19.8957
1999.52,218.771,93.5257,-62.1619,80.6287,0.000980732,19.8993
1999.48,297.122,130.411,-84.7423,165.929,0.00048664,19.8989
1999.45,397.333,180.31,-113.936,277.332,0.000327684,19.8986
1999.41,589.464,284.907,-170.975,502.761,0.000302728,19.8982
1999.33,776.636,398.858,-228.122,728.588,0.000288729,19.8975
1999.19,944.24,511.901,-280.853,936.871,0.000273941,19.8962
1999.5,217.181,97.2322,-47.813,79.5803,0.00098073,19.899
1999.46,294.889,135.35,-65.2117,163.77,0.00048664,19.8987
1999.44,394.347,186.843,-87.7332,273.722,0.000327684,19.8985
1999.39,584.764,294.305,-131.732,496.218,0.000302728,19.8981
1999.31,770.314,411.022,-175.841,719.093,0.000288729,19.8973
1999.27,936.287,526.395,-216.526,924.642,0.000273942,19.8969
1999.82,-145.203,188.546,232.276,109.041,0.000980749,19.9021
1999.79,-201.293,254.495,316.739,224.401,0.000486649,19.9018
1999.74,-276.411,337.676,426.076,375.105,0.00032769,19.9013
1999.67,-431.026,492.749,639.713,680.295,0.000302733,19.9007
1999.61,-596.133,637.931,854.187,986.459,0.000288734,19.9002
1999.54,-756.879,762.189,1052.38,1269.37,0.000273947,19.8995
1999.34,21.715,236.988,-27.6891,78.5474,0.000980721,19.8976
1999.31,26.5906,323.358,-37.7815,161.646,0.000486635,19.8973
1999.28,30.5137,435.306,-50.8454,270.169,0.000327681,19.897
1999.23,30.392,653.98,-76.334,489.76,0.000302725,19.8966
1999.19,19.9579,872.824,-101.88,709.719,0.000288726,19.8961
1995.3,1.24996,1074.06,-125.356,912.548,0.000273877,19.8593
1999.6,-143.66,189.65,62.4287,80.6647,0.000980736,19.9
1999.57,-198.377,256.771,85.1731,166.004,0.000486643,19.8998
1999.54,-270.991,341.968,114.566,277.454,0.000327686,19.8995
1999.5,-418.88,503.159,172,502.98,0.00030273,19.8991
1999.46,-574.664,657.265,229.557,728.91,0.000288731,19.8987
1999.42,-724.857,792.589,282.648,937.284,0.000273945,19.8983
1999.37,-220.725,-88.8319,106.023,85.4034,0.000980723,19.8979
1999.34,-299.739,-124.177,144.568,175.763,0.000486636,19.8976
1999.32,-400.878,-172.286,194.444,293.779,0.000327682,19.8973
1999.27,-594.689,-273.828,291.893,532.621,0.000302725,19.8969
1999.23,-783.405,-385.376,389.528,771.934,0.000288727,19.8965
1999.18,-952.33,-496.846,479.697,992.73,0.000273941,19.896
1999.94,18.1482,189.813,-273.579,2.57472,0.00158051,19.9032
1999.87,20.5558,237.074,-341.462,70.8274,0.000980752,19.9026
1999.8,22.8135,323.686,-465.756,215.295,0.00048665,19.9019
1999.51,21.553,435.817,-626.642,404.12,0.000327686,19.8992
1999.44,5.45428,654.652,-941.475,786.873,0.000302729,19.8985
1999.42,-2.34999,716.25,-1030.55,894.271,0.000286271,19.8983
1999.47,232.898,48.6242,123.67,87.9198,0.000980729,19.8988
1999.45,316.937,69.6247,168.665,180.94,0.000486639,19.8986
1999.4,424.888,99.366,226.832,302.434,0.000327683,19.8981
1999.35,633.284,165.814,340.493,548.342,0.000302727,19.8976
1999.26,838.463,243.397,454.479,794.766,0.000288728,19.8969
1999.22,1023.87,324.513,559.648,1022.15,0.000273941,19.8964
1999.49,34.4213,-235.469,96.7152,84.2364,0.00098073,19.899
1999.46,50.1894,-320.543,131.94,173.361,0.00048664,19.8987
1999.41,73.1392,-430.223,177.56,289.761,0.000327684,19.8983
1999.36,126.046,-642.427,266.619,525.329,0.000302727,19.8977
1999.32,189.737,-852.169,355.871,761.345,0.000288729,19.8974
1999.27,257.901,-1042.7,438.249,979.064,0.000273942,19.897
1999.42,-190.688,142.303,173.376,96.6565,0.000980726,19.8984
1999.38,-262.304,191.008,236.673,198.916,0.000486637,19.898
1999.36,-356.568,251.571,318.561,332.488,0.000327682,19.8977
1999.3,-545.71,361.722,478.557,602.898,0.000302726,19.8972
1999.24,-741.439,460.968,638.976,873.996,0.000288727,19.8966
1999.18,-927.109,542.369,787.188,1124.3,0.000273941,19.8961
1999.54,194.396,-137.202,55.9928,80.1401,0.000980733,19.8994
1999.5,266.836,-184.603,76.3155,164.923,0.000486641,19.8991
1999.47,361.872,-243.885,102.607,275.647,0.000327685,19.8988
1999.41,551.428,-352.784,153.921,499.701,0.000302728,19.8983
1999.37,746.543,-452.712,205.358,724.141,0.00028873,19.8979
1999.33,930.547,-536.42,252.777,931.136,0.000273943,19.8975
1999.42,-218.608,-94.085,-24.9157,78.4406,0.000980726,19.8984
1999.39,-296.819,-131.063,-33.9153,161.425,0.000486638,19.8981
1999.37,-396.993,-181.063,-45.5667,269.8,0.000327683,19.8979
1999.33,-589.101,-285.648,-68.3584,489.097,0.000302726,19.8975
1999.3,-776.393,-399.344,-91.1893,708.758,0.000288728,19.8971
1999.26,-944.244,-511.918,-112.251,911.327,0.000273942,19.8968
1999.48,-22.534,-236.866,-117.42,86.971,0.000980729,19.8989
1999.44,-27.4123,-323.283,-160.042,178.983,0.000486639,19.8985
1999.41,-31.0708,-435.263,-215.202,299.153,0.000327684,19.8982
1999.35,-29.5762,-653.982,-322.896,542.364,0.000302727,19.8977
1999.31,-16.636,-872.94,-430.896,786.075,0.000288729,19.8973
1999.27,5.43266,-1074.07,-530.504,1010.92,0.000273942,19.8969
1999.24,-42.1842,234.216,43.7821,79.3199,0.000980715,19.8967
1999.21,-60.5157,318.72,59.6381,163.236,0.000486632,19.8963
1999.18,-86.6212,427.648,80.1765,272.827,0.000327679,19.896
1999.13,-145.225,638.397,120.306,494.591,0.000302723,19.8956
1999.09,-213.915,846.461,160.487,716.73,0.000288725,19.8952
1999.04,-285.997,1035.3,197.554,921.594,0.000273938,19.8948
1999.43,-5.56551,237.883,-98.0543,84.3635,0.000980726,19.8984
1999.4,-10.8402,324.285,-133.661,173.619,0.000486638,19.8981
1999.37,-20.2448,435.899,-179.748,290.194,0.000327683,19.8978
1999.32,-46.9079,652.966,-269.732,526.111,0.000302726,19.8974
1999.27,-84.6194,868.991,-359.961,762.482,0.000288728,19.8969
1999.24,-129.103,1066.31,-443.196,980.543,0.000273942,19.8966
1999.29,-166.294,170.171,13.2132,78.1356,0.000980718,19.8971
1999.27,-228.914,229.886,17.9497,160.799,0.000486634,19.8969
1999.24,-311.57,305.427,24.0974,268.753,0.00032768,19.8966
1999.19,-478.172,447.166,36.0782,487.195,0.000302724,19.8961
1999.15,-651.53,581.136,48.0556,705.998,0.000288726,19.8958
1999.12,-816.867,697.368,59.1013,907.774,0.00027394,19.8955
1999.86,-286.548,42.0502,-581.069,14.3352,0.000502417,19.9025
1999.8,-321.444,44.4179,-651.202,76.1271,0.00048665,19.902
1999.7,-433.71,48.0645,-876.493,318.509,0.000327689,19.901
1999.68,-485.404,47.7104,-980.194,433.041,0.000306847,19.9007
1999.26,70.4746,-227.258,129.543,88.8611,0.000980716,19.8968
1999.21,99.3268,-308.859,176.724,182.877,0.000486632,19.8964
1999.18,139.208,-413.535,237.788,305.672,0.000327679,19.896
1999.13,225.296,-614.721,357.087,554.207,0.000302723,19.8956
1999.08,322.168,-811.45,476.584,803.247,0.000288725,19.8951
1999.03,420.766,-988.293,586.966,1033.07,0.000273938,19.8946
1999.95,17.3271,162.528,177.967,5.10107,0.00270508,19.9034
1999.85,22.4416,236.924,259.163,106.05,0.000980751,19.9024
1999.8,26.1673,323.407,353.415,228.137,0.00048665,19.902
1999.77,27.4824,435.467,475.457,387.659,0.000327691,19.9017
1999.71,18.6004,654.415,714.165,710.816,0.000302733,19.901
1999.64,-5.53968,873.052,953.818,1035.17,0.000288734,19.9004
1999.6,-25.797,995.202,1088.71,1217.22,0.000281087,19.9001
1998.67,63.2988,-229.349,-61.9306,80.6196,0.000980682,19.8913
1998.64,89.2978,-311.916,-84.4731,165.913,0.000486616,19.8909
1998.61,125.281,-418.014,-113.668,277.31,0.000327668,19.8906
1998.55,203.063,-622.419,-170.677,502.733,0.000302712,19.8901
1998.46,290.802,-823.225,-227.792,728.55,0.000288714,19.8892
1998.42,380.253,-1004.51,-280.466,936.817,0.000273928,19.8888
1999.95,62.9382,-160.105,209.824,3.64526,0.0022044,19.9034
1999.84,89.5417,-220.507,290.314,95.9632,0.000980751,19.9023
1999.73,126.443,-298.791,395.835,226.203,0.000486647,19.9012
1999.68,177.62,-398.567,532.533,396.366,0.000327689,19.9008
1999.6,288.449,-587.719,799.83,741.149,0.000302731,19.9001
1999.54,409.99,-764.218,1061.23,1078.14,0.000288733,19.8995
1999.24,122.676,203.921,199.536,101.816,0.000980715,19.8967
1999.2,163.908,280.008,272.081,209.55,0.000486632,19.8963
1999.17,214.546,379.964,366.012,350.284,0.000327679,19.896
1999.12,304.37,579.657,549.603,635.242,0.000302723,19.8955
1999.07,382.027,785.03,733.738,921.027,0.000288724,19.895
1999.02,442.492,978.702,903.863,1184.95,0.000273938,19.8945
1999.92,-209.39,76.8514,-369.293,8.82335,0.00108623,19.9031
1999.91,-223.645,81.3017,-393.998,27.6925,0.000980755,19.903
1999.85,-306.895,105.374,-537.372,187.45,0.000486651,19.9024
1999.8,-415.923,132.047,-723.059,396.295,0.000327691,19.9019
1999.72,-584.843,162.961,-1007.19,727.207,0.00029699,19.9012
1999.51,14.5609,-237.537,-1.86041,78.0206,0.000980731,19.8992
1999.48,22.8597,-323.635,-2.54861,160.562,0.00048664,19.8989
1999.45,35.9699,-434.845,-3.44243,268.357,0.000327684,19.8986
1999.39,69.241,-651.035,-5.18546,486.475,0.000302728,19.8981
1999.36,112.662,-865.773,-6.92385,704.952,0.000288729,19.8977
1999.32,161.595,-1061.86,-8.52597,906.425,0.000273943,19.8974
1999.87,-192.228,30.9144,-273.564,9.49331,0.0015805,19.9026
1999.81,-235.237,35.9137,-334.383,76.7918,0.000980749,19.902
1999.72,-321.5,43.8292,-456.071,219.244,0.000486647,19.9012
1999.68,-433.517,49.9694,-613.66,405.412,0.000327689,19.9008
1999.6,-652.896,48.5739,-921.896,782.78,0.000302731,19.9
1999.57,-732.873,43.6398,-1034.46,919.867,0.000283564,19.8998
1999.87,195.761,17.4499,273.637,12.504,0.0015805,19.9026
1999.81,236.862,22.927,331.366,79.4105,0.000980749,19.902
1999.74,322.431,36.378,451.957,221.012,0.000486648,19.9014
1999.7,432.518,57.834,608.081,406.057,0.000327689,19.901
1999.62,644.887,112.796,913.52,781.151,0.000302732,19.9002
1999.57,727.64,139.244,1034.49,928.932,0.000283564,19.8998
1999.57,-205.756,-119.491,-11.4794,78.1073,0.000980734,19.8997
1999.52,-279.03,-165.514,-15.6163,160.74,0.000486641,19.8993
1999.45,-372.567,-227.07,-20.9727,268.654,0.000327684,19.8987
1999.41,-550.919,-353.698,-31.4742,487.015,0.000302728,19.8982
1999.37,-723.409,-488.774,-41.9885,705.737,0.00028873,19.8978
1999.34,-876.749,-620.42,-51.6863,907.438,0.000273943,19.8975
1999.52,237.565,-14.3329,-24.1349,78.4164,0.000980731,19.8992
1999.49,324.053,-16.4836,-32.8751,161.376,0.00048664,19.8989
1999.46,436.013,-16.8761,-44.1864,269.718,0.000327684,19.8987
1999.41,654.641,-9.85151,-66.2781,488.946,0.000302728,19.8983
1999.38,873.049,7.48604,-88.3956,708.537,0.00028873,19.8979
1999.32,1073.6,32.5646,-108.812,911.042,0.000273943,19.8974
1999.54,209.991,111.918,84.5426,82.7864,0.000980733,19.8995
1999.51,284.813,155.311,115.237,170.37,0.000486641,19.8992
1999.48,380.464,213.703,154.982,284.749,0.000327685,19.8989
1999.43,562.756,334.59,232.567,516.214,0.000302728,19.8984
1999.37,739.16,464.648,310.271,748.099,0.00028873,19.8979
1999.33,895.993,592.305,381.946,961.988,0.000273943,19.8975
1999.53,-233.953,43.5305,-75.5402,81.8555,0.000980733,19.8994
1999.49,-319.572,56.196,-103.011,168.457,0.00048664,19.899
1999.47,-430.679,70.1037,-138.563,281.562,0.000327685,19.8988
1999.41,-648.518,89.2133,-208.013,510.45,0.000302728,19.8983
1999.35,-867.608,97.6209,-277.654,739.755,0.000288729,19.8977
1999.32,-1069.8,95.8067,-341.884,951.262,0.000273943,19.8974
1999.84,-201.848,126.024,-270.15,103.316,0.000980751,19.9023
1999.79,-277.619,167.975,-368.48,228.263,0.000486649,19.9018
1999.73,-377.373,219.093,-495.748,391.523,0.00032769,19.9013
1999.66,-577.464,308.411,-744.592,722.264,0.000302732,19.9006
1999.6,-784.268,383.605,-994.504,1054.27,0.000288734,19.9
1999.58,-853.659,405.171,-1077.01,1163.13,0.000276621,19.8998
1999.57,-237.192,-19.2496,-82.8629,82.6296,0.000980735,19.8998
1999.53,-323.081,-29.4213,-113.03,170.05,0.000486642,19.8994
1999.51,-434.024,-45.0951,-152.123,284.225,0.000327685,19.8992
1999.46,-649.285,-83.7615,-228.43,515.276,0.000302729,19.8987
1999.41,-862.886,-133.184,-304.923,746.753,0.00028873,19.8982
1999.34,-1057.5,-188.127,-375.491,960.277,0.000273943,19.8976
1999.92,72.2849,-165.74,241.746,2.20425,0.00184668,19.903
1999.85,97.3432,-217.124,318.158,83.6414,0.000980751,19.9024
1999.8,137.321,-294.01,434.013,221.552,0.000486649,19.9019
1999.76,192.524,-391.597,583.935,401.798,0.00032769,19.9015
1999.63,311.59,-575.79,877.39,767.196,0.000302732,19.9003
1999.59,384.737,-675.019,1042.27,971.922,0.000291859,19.8999
1999.52,-208.467,-114.7,83.0063,82.6133,0.000980732,19.8993
1999.49,-282.72,-159.145,113.146,170.018,0.00048664,19.899
1999.46,-377.535,-218.833,152.173,284.171,0.000327684,19.8987
1999.41,-558.108,-342.176,228.333,515.174,0.000302728,19.8982
1999.37,-732.812,-474.663,304.674,746.596,0.00028873,19.8979
1999.33,-887.898,-604.391,375.064,960.06,0.000273943,19.8975
1999.38,199.335,129.923,-148.719,92.0353,0.000980723,19.8979
1999.34,269.832,180.104,-202.864,189.417,0.000486636,19.8976
1999.31,359.51,247.374,-273.014,316.613,0.000327682,19.8973
1999.26,528.906,385.827,-409.902,574.062,0.000302725,19.8968
1999.21,690.893,533.851,-547.195,832.097,0.000288727,19.8963
1999.15,832.893,678.201,-673.974,1070.3,0.00027394,19.8957
1999.5,-72.7947,-226.522,-36.9642,78.9485,0.000980731,19.8991
1999.47,-96.3807,-309.834,-50.3662,162.47,0.00048664,19.8988
1999.45,-124.546,-418.165,-67.6826,271.545,0.000327684,19.8986
1999.41,-171.98,-631.701,-101.521,492.258,0.000302728,19.8982
1999.37,-209.318,-847.596,-135.39,713.339,0.00028873,19.8978
1999.33,-234.656,-1048.12,-166.625,917.222,0.000273943,19.8975
1999.49,220.199,-90.1706,-2.1725,78.0218,0.00098073,19.899
1999.45,301.372,-120.155,-2.98933,160.564,0.000486639,19.8986
1999.43,407.215,-156.717,-4.04973,268.36,0.000327684,19.8984
1999.36,616.336,-220.772,-6.12765,486.481,0.000302727,19.8978
1998.99,828.637,-275.032,-8.2122,704.964,0.000288723,19.8943
1998.96,1026.48,-316.216,-10.1756,906.442,0.000273937,19.8939
1999.52,-203.241,-123.808,-65.6991,80.9424,0.000980732,19.8993
1999.48,-275.414,-171.466,-89.5985,166.578,0.00048664,19.8989
1999.46,-367.52,-235.239,-120.557,278.417,0.000327685,19.8987
1999.42,-542.608,-366.231,-180.981,504.733,0.000302728,19.8983
1999.38,-711.57,-505.928,-241.563,731.449,0.00028873,19.898
1999.34,-861.194,-641.896,-297.433,940.555,0.000273943,19.8976
1999.52,-166.446,170.034,-122.276,87.7205,0.000980731,19.8992
1999.48,-229.404,229.419,-166.746,180.53,0.00048664,19.8989
1999.43,-312.742,304.354,-224.33,301.746,0.000327684,19.8985
1999.39,-481.087,444.017,-336.75,547.089,0.000302728,19.898
1999.33,-656.988,574.934,-449.453,792.948,0.000288729,19.8975
1999.29,-825.327,687.415,-553.505,1019.8,0.000273942,19.8971
1999.44,-116.242,207.602,-14.0753,78.1542,0.000980727,19.8986
1999.41,-161.153,281.562,-19.1716,160.837,0.000486638,19.8982
1999.38,-221.353,376.095,-25.7564,268.815,0.000327683,19.898
1999.33,-345.243,556.245,-38.596,487.305,0.000302727,19.8975
1999.29,-477.701,730.757,-51.4735,706.156,0.000288728,19.8971
1999.24,-607.025,886.063,-63.3684,907.976,0.000273942,19.8967
1999.5,144.524,188.984,20.4759,78.3002,0.000980731,19.8991
1999.47,194.779,259.531,27.8701,161.137,0.00048664,19.8988
1999.43,257.782,352.085,37.4375,269.319,0.000327684,19.8984
1999.38,374.339,537.054,56.1201,488.22,0.000302727,19.898
1999.34,482.355,727.763,74.8312,707.482,0.000288729,19.8976
1999.31,573.898,907.947,92.0703,909.683,0.000273943,19.8973
1999.4,-90.4469,-220.097,-120.881,87.5039,0.000980725,19.8982
1999.37,-120.241,-301.371,-164.831,180.081,0.000486637,19.8978
1999.34,-156.261,-407.411,-221.682,300.99,0.000327682,19.8976
1999.29,-218.345,-617.142,-332.76,545.715,0.000302726,19.8971
1999.24,-269.454,-830.454,-444.176,790.96,0.000288727,19.8966
1999.19,-306.603,-1029.37,-546.963,1017.24,0.000273941,19.8962
1999.92,159.01,66.3241,209.806,4.06762,0.0022044,19.9031
1999.85,218.585,94.0358,289.799,96.2897,0.000980751,19.9024
1999.8,296.13,132.548,395.203,226.411,0.00048665,19.902
1999.76,394.845,185.781,531.727,396.429,0.00032769,19.9015
1999.68,581.695,300.457,798.616,740.891,0.000302733,19.9008
1999.62,756.816,426.442,1061.25,1079.75,0.000288734,19.9002
1999.49,233.897,43.7962,121.143,87.5406,0.00098073,19.899
1999.46,318.283,63.0461,165.158,180.149,0.000486639,19.8987
1999.43,426.843,90.5563,222.107,301.103,0.000327684,19.8984
1999.38,636.656,152.698,333.396,545.908,0.000302727,19.8979
1999.33,843.328,225.942,444.892,791.214,0.000288729,19.8975
1999.29,1030.49,303.129,547.83,1017.55,0.000273942,19.8971
1999.03,15.6248,237.445,110.396,85.9957,0.000980703,19.8946
1999,18.0745,323.937,150.504,176.976,0.000486626,19.8943
1998.96,18.6264,435.994,202.448,295.803,0.000327675,19.8939
1998.91,11.1965,654.576,303.835,536.287,0.000302719,19.8935
1998.78,-7.51632,873.009,405.523,777.274,0.000288719,19.8923
1998.74,-34.7683,1073.55,499.383,999.601,0.000273933,19.8919
1999.4,198.837,-130.678,161.156,94.2249,0.000980724,19.8981
1999.36,273.159,-175.141,219.784,193.918,0.000486637,19.8977
1999.32,370.753,-230.174,295.636,324.138,0.000327682,19.8974
1999.26,565.763,-329.399,443.777,587.74,0.000302725,19.8968
1999.16,766.652,-417.66,592.331,851.975,0.000288726,19.8959
1999.11,956.365,-488.921,729.532,1095.89,0.000273939,19.8954
1999.56,-221.25,-87.4444,-40.9646,79.1778,0.000980734,19.8997
1999.53,-300.621,-122.132,-55.9444,162.943,0.000486642,19.8993
1999.5,-402.239,-169.168,-75.3123,272.338,0.000327685,19.8991
1999.46,-597.294,-268.104,-113.144,493.7,0.000302729,19.8987
1999.41,-787.798,-376.412,-151.061,715.44,0.00028873,19.8983
1999.36,-958.779,-484.236,-186.032,919.933,0.000273944,19.8978
1999.35,98.1819,216.738,-99.2405,84.5237,0.000980722,19.8977
1999.32,130.892,296.829,-135.294,173.949,0.000486636,19.8974
1999.27,170.853,401.493,-181.996,290.748,0.000327681,19.8969
1999.22,240.992,608.724,-273.218,527.126,0.000302724,19.8964
1999.16,300.667,819.693,-364.633,763.961,0.000288726,19.8959
1999.11,346.151,1016.84,-448.96,982.432,0.000273939,19.8954
1999.47,-82.9337,223.061,125.138,88.1774,0.000980729,19.8988
1999.44,-116.211,302.929,170.692,181.467,0.000486639,19.8985
1999.4,-161.764,405.26,229.678,303.317,0.000327683,19.8982
1999.35,-258.684,601.393,344.903,549.942,0.000302727,19.8976
1999.26,-366.151,792.627,460.455,797.095,0.000288728,19.8968
1999.21,-474.16,963.773,567.09,1025.16,0.000273941,19.8964
1997.43,27.6831,-236.288,-40.8142,79.1735,0.000980608,19.8794
1997.39,40.7906,-321.864,-55.7673,162.935,0.000486579,19.8791
1997.36,60.1322,-432.202,-75.1162,272.325,0.000327643,19.8788
1997.28,105.584,-646.071,-112.894,493.679,0.000302689,19.878
1997.24,161.265,-858.083,-150.776,715.407,0.000288693,19.8777
1997.2,221.483,-1051,-185.684,919.89,0.000273908,19.8773
1999.32,-236.778,23.951,-171.24,96.1239,0.00098072,19.8974
1999.28,-323.165,28.8994,-233.507,197.838,0.000486634,19.897
1999.25,-435.116,32.3938,-314.141,330.715,0.00032768,19.8967
1999.2,-653.969,29.6557,-471.742,599.723,0.000302724,19.8962
1998.59,-872.957,14.3196,-629.708,869.332,0.000288716,19.8905
1998.51,-1074.07,-10.9269,-775.531,1118.2,0.00027393,19.8898
1999,-216.257,-99.2866,-119.474,87.3029,0.000980701,19.8943
1998.94,-293.482,-138.393,-162.942,179.673,0.000486624,19.8938
1998.91,-392.184,-191.38,-219.203,300.317,0.000327674,19.8935
1998.85,-580.689,-302.398,-329.104,544.502,0.000302718,19.8929
1998.79,-763.586,-423.397,-439.305,789.201,0.00028872,19.8924
1998.76,-926.498,-543.407,-541.078,1015.02,0.000273934,19.892
1999.28,235.433,-34.3783,120.869,87.4744,0.000980717,19.897
1999.24,321.534,-43.604,164.761,180.019,0.000486633,19.8966
1999.21,433.105,-52.879,221.51,300.89,0.00032768,19.8963
1999.16,651.661,-62.3379,332.4,545.52,0.000302723,19.8959
1999.07,870.997,-60.2987,443.589,790.659,0.000288724,19.8951
1999.03,1072.99,-48.157,546.169,1016.85,0.000273938,19.8947
1999.43,212.283,-107.437,174.783,96.7647,0.000980727,19.8985
1999.28,291.198,-143.074,238.289,199.151,0.000486634,19.897
1999.24,394.498,-186.475,320.488,332.903,0.00032768,19.8966
1999.18,599.831,-262.319,481.111,603.686,0.000302724,19.8961
1999.12,809.845,-326.299,642.235,875.172,0.000288725,19.8955
1999.08,1006.7,-374.422,790.983,1125.83,0.000273939,19.8951
1999.38,201.064,127.256,-144.524,91.2857,0.000980723,19.8979
1999.34,272.255,176.571,-197.127,187.876,0.000486636,19.8976
1999.32,362.713,242.612,-265.154,314.033,0.000327682,19.8974
1999.27,533.917,378.824,-398.014,569.373,0.000302725,19.8969
1999.22,697.879,524.65,-531.253,825.283,0.000288727,19.8964
1999.18,841.874,666.998,-654.215,1061.47,0.000273941,19.896
1999.9,263.485,-18.3845,-491.078,17.7838,0.000597663,19.9029
1999.86,323.965,-18.1702,-603.414,134.062,0.000486651,19.9025
1999.8,436.157,-13.3689,-811.968,362.078,0.000327691,19.902
1999.76,532.689,-4.65335,-992.016,565.292,0.000308309,19.9015
1999.27,-34.8311,-235.367,36.8384,78.9554,0.000980717,19.8969
1999.23,-44.476,-321.414,50.3233,162.49,0.000486633,19.8966
1999.21,-54.5428,-432.893,67.7493,271.582,0.00032768,19.8964
1999.17,-66.398,-651.315,101.8,492.33,0.000302724,19.8959
1999.13,-67.8867,-870.413,135.889,713.448,0.000288725,19.8955
1999.09,-60.0477,-1072.45,167.361,917.369,0.000273939,19.8952
1999.51,-215.009,102.036,73.5431,81.6612,0.000980731,19.8992
1999.48,-294.49,136.292,100.292,168.055,0.00048664,19.8989
1999.45,-398.294,178.324,134.902,280.884,0.000327684,19.8986
1999.4,-603.863,252.872,202.469,509.201,0.000302728,19.8981
1999.36,-813.291,317.405,270.155,737.923,0.000288729,19.8977
1999.31,-1009.21,367.774,332.633,948.888,0.000273943,19.8972
1999.9,33.6426,198.647,305.5,4.53787,0.00137617,19.9029
1999.85,38.0807,234.91,360.89,57.7121,0.000980751,19.9024
1999.79,46.5335,321.137,492.252,207.776,0.000486649,19.9018
1999.74,53.1711,433.142,662.351,403.906,0.00032769,19.9013
1999.66,52.0542,652.627,995.214,801.611,0.000302732,19.9006
1999.65,51.2682,668.108,1018.71,828.598,0.00029533,19.9005
1999.93,-183.822,-97.3322,-305.465,16.0799,0.00137617,19.9032
1999.89,-209.688,-112.538,-349.527,68.0932,0.000980754,19.9028
1999.84,-283.345,-158.052,-476.669,214.865,0.000486651,19.9023
1999.79,-376.492,-220.572,-641.406,406.7,0.000327691,19.9019
1999.71,-550.682,-354.107,-963.79,795.622,0.000302733,19.901
1999.69,-583.295,-381.795,-1026.61,870.484,0.000289132,19.9009
1999.43,-154.96,180.563,85.4844,82.9007,0.000980726,19.8984
1999.4,-213.742,244.137,116.581,170.606,0.000486638,19.8981
1999.38,-291.564,324.588,156.78,285.15,0.000327683,19.8979
1999.31,-449.48,476.002,235.37,516.956,0.000302726,19.8973
1999.26,-615.03,619.637,314.09,749.189,0.000288728,19.8968
1999.22,-774.015,744.764,386.746,963.402,0.000273941,19.8965
1999.87,-215.373,167.893,536.087,7.94372,0.000545169,19.9026
1999.86,-234.38,180.682,581.017,36.0378,0.000502417,19.9025
1999.84,-258.313,196.363,637.133,96.742,0.000486651,19.9023
1999.79,-354.288,254.793,857.502,334.795,0.000327691,19.9018
1999.76,-410.796,286.037,984.106,475.695,0.000302171,19.9015
1999.79,25.1348,-207.443,337.401,0.425174,0.00121536,19.9018
1999.76,30.0184,-236.08,384.304,37.4986,0.000980746,19.9016
1999.71,46.5925,-321.1,524.175,194.45,0.000486647,19.9011
1999.65,72.5041,-430.322,705.449,399.631,0.000327688,19.9006
1999.52,127.356,-611.341,1010.97,757.942,0.000293622,19.8993
1999.49,191.687,140.964,-92.6139,83.7241,0.00098073,19.899
1999.46,259.476,194.765,-126.301,172.299,0.00048664,19.8987
1999.43,345.582,266.363,-169.896,287.983,0.000327684,19.8984
1999.38,508.378,412.523,-255.069,522.094,0.000302727,19.8979
1999.28,663.928,566.976,-340.411,756.65,0.000288728,19.897
1999.23,800.463,716.27,-419.197,973.024,0.000273942,19.8966
1999.36,-233.854,-44.0692,-130.924,89.0672,0.000980722,19.8978
1999.31,-318.218,-63.5026,-178.59,183.303,0.000486635,19.8973
1999.29,-426.727,-91.2904,-240.27,306.389,0.000327681,19.8971
1999.23,-636.28,-154.05,-360.777,555.533,0.000302725,19.8966
1999.18,-842.776,-228.128,-481.622,805.206,0.000288726,19.8961
1999.13,-1029.52,-306.204,-593.101,1035.59,0.00027394,19.8956
1999.22,34.9275,-235.411,-43.1275,79.2907,0.000980714,19.8965
1999.13,50.6532,-320.481,-58.7971,163.173,0.00048663,19.8955
1999.1,73.3848,-430.124,-79.0805,272.722,0.000327677,19.8953
1999.04,125.466,-642.58,-118.723,494.399,0.000302721,19.8947
1999,187.712,-852.661,-158.447,716.457,0.000288723,19.8944
1998.82,253.958,-1043.63,-195.094,921.249,0.000273935,19.8927
1998.87,194.386,137.315,-40.1105,79.1256,0.000980694,19.8931
1998.57,263.241,189.658,-54.7351,162.836,0.000486614,19.8903
1998.55,350.94,259.356,-73.6708,272.158,0.000327667,19.8901
1998.49,517.096,401.475,-110.651,493.377,0.000302711,19.8895
1998.44,676.699,551.732,-147.76,714.979,0.000288713,19.889
1998.4,817.371,696.88,-181.981,919.35,0.000273928,19.8887
1997.46,-227.3,70.5259,-160.674,94.1741,0.000980611,19.8798
1997.42,-310.967,92.7128,-219.171,193.813,0.00048658,19.8794
1997.37,-419.884,118.627,-294.826,323.955,0.000327643,19.8789
1997.26,-634.79,160.164,-442.787,587.418,0.000302689,19.8779
1997.2,-852.294,189.531,-591.173,851.53,0.000288692,19.8773
1997.04,-1054.22,205.653,-728.203,1095.37,0.000273905,19.8757
1999.55,185.101,-149.457,63.498,80.7612,0.000980733,19.8995
1999.51,254.395,-201.388,86.66,166.204,0.000486641,19.8991
1999.48,345.507,-266.586,116.629,277.792,0.000327685,19.8989
1999.43,527.879,-387.226,175.115,503.598,0.000302728,19.8985
1999.37,716.291,-499.125,233.734,729.805,0.00028873,19.8979
1999.33,894.832,-594.178,287.851,938.442,0.000273943,19.8975
1999.45,181.043,-154.353,-53.0072,79.9311,0.000980728,19.8987
1999.42,248.814,-208.163,-72.2823,164.493,0.000486638,19.8983
1999.39,338.08,-275.931,-97.2618,274.931,0.000327683,19.8981
1999.35,516.922,-401.776,-146.015,498.409,0.000302727,19.8977
1999.3,701.909,-519.141,-194.875,722.275,0.000288728,19.8972
1999.26,877.489,-619.496,-239.991,928.742,0.000273942,19.8968
1999.8,221.235,87.6554,-266.543,102.517,0.000980748,19.9019
1999.75,299.955,123.71,-363.517,226.515,0.000486648,19.9014
1999.65,400.357,173.645,-489.082,388.511,0.000327688,19.9005
1999.56,591.089,281.465,-734.425,716.636,0.000302731,19.8997
1999.5,774.52,402.933,-980.796,1046,0.000288732,19.899
1999.47,846.559,455.963,-1080.96,1179.2,0.000274683,19.8988
1999.51,171.207,165.211,79.3956,82.259,0.000980731,19.8992
1999.45,231.232,227.543,108.309,169.287,0.000486639,19.8986
1999.42,307.104,309.947,145.726,282.943,0.000327684,19.8983
1999.37,449.134,476.261,218.786,512.945,0.000302727,19.8979
1999.33,583.105,649.827,292.045,743.374,0.000288729,19.8975
1999.29,698.923,815.583,359.621,955.923,0.000273942,19.8971
1999.33,237.635,11.9658,99.8525,84.6236,0.000980721,19.8975
1999.3,323.891,19.5275,136.219,174.152,0.000486635,19.8972
1999.27,435.158,31.8714,183.222,291.073,0.000327681,19.8969
1999.22,651.523,64.297,275.077,527.691,0.000302725,19.8965
1999.07,866.399,107.727,367.105,764.761,0.000288724,19.895
1999.03,1062.53,157.456,452.092,983.48,0.000273938,19.8946
1999.51,150.695,184.129,-125.815,88.2605,0.000980731,19.8991
1999.47,202.841,253.215,-171.589,181.641,0.00048664,19.8988
1999.44,268.169,344.247,-230.842,303.605,0.000327684,19.8985
1999.4,388.488,526.923,-346.511,550.447,0.000302728,19.8981
1999.35,499.288,716.249,-462.509,797.807,0.000288729,19.8977
1999.31,592.466,895.902,-569.524,1026.05,0.000273943,19.8973
1999.25,163.221,-173.138,-105.357,85.322,0.000980716,19.8967
1999.2,224.951,-233.815,-143.666,175.591,0.000486632,19.8963
1999.18,306.659,-310.473,-193.242,293.482,0.000327679,19.896
1999.11,471.861,-453.853,-290.037,532.071,0.000302723,19.8954
1999.07,644.578,-588.89,-387.042,771.125,0.000288724,19.895
1999.03,809.883,-705.498,-476.546,991.665,0.000273938,19.8946
1999.48,-208.008,115.624,55.7155,80.1239,0.000980729,19.8989
1999.45,-285.076,154.963,75.9495,164.89,0.000486639,19.8986
1999.43,-385.894,203.679,102.127,275.592,0.000327684,19.8984
1999.39,-586.164,291.618,153.248,499.6,0.000302728,19.898
1999.34,-790.828,369.96,204.451,723.994,0.000288729,19.8976
1999.3,-982.754,433.436,251.676,930.945,0.000273943,19.8972
1999.9,179.46,154.144,-401.138,16.476,0.000980754,19.9029
1999.84,242.211,215.93,-550.449,179.152,0.000486651,19.9023
1999.79,318.796,297.966,-740.721,391.818,0.000327691,19.9018
1999.71,417.972,416.993,-1003.41,695.633,0.000300561,19.9011
1999.55,220.805,88.7898,-26.2302,78.4894,0.000980733,19.8996
1999.52,299.912,123.8,-35.7629,161.526,0.000486641,19.8993
1999.5,401.3,171.277,-48.097,269.969,0.000327685,19.8991
1999.45,595.97,271.017,-72.1662,489.395,0.000302729,19.8986
1999.4,786.03,379.998,-96.2674,709.188,0.00028873,19.8981
1999.36,956.62,488.377,-118.5,911.88,0.000273944,19.8978
1999.49,11.9409,-237.62,-38.576,79.0424,0.00098073,19.899
1999.41,19.3484,-323.89,-52.6425,162.664,0.000486638,19.8982
1999.36,31.319,-435.184,-70.8338,271.872,0.000327683,19.8978
1999.29,62.4841,-651.653,-106.378,492.856,0.000302726,19.8971
1999.21,103.94,-866.877,-141.978,714.206,0.000288727,19.8963
1999.17,151.161,-1063.45,-174.795,918.334,0.000273941,19.896
1999.53,176.91,-159.078,-63.0098,80.7065,0.000980732,19.8993
1999.5,243.302,-214.672,-85.948,166.093,0.000486641,19.8991
1999.47,330.695,-284.623,-115.599,277.606,0.000327685,19.8988
1999.42,506.372,-414.974,-173.552,503.264,0.000302728,19.8984
1999.35,688.488,-536.876,-231.598,729.318,0.000288729,19.8977
1999.32,861.531,-641.372,-285.138,937.809,0.000273943,19.8973
1999,-166.943,-169.52,38.2016,79.0211,0.000980701,19.8944
1998.98,-225.446,-233.345,52.1382,162.624,0.000486625,19.8941
1998.94,-299.335,-317.524,70.1664,271.807,0.000327674,19.8938
1998.89,-437.61,-486.927,105.372,492.739,0.000302719,19.8933
1998.85,-567.947,-663.051,140.656,714.047,0.000288721,19.8929
1998.8,-680.694,-830.93,173.24,918.146,0.000273934,19.8925
1999.48,-192.376,140.113,-54.7019,80.0615,0.000980729,19.8989
1999.45,-264.095,188.527,-74.6244,164.761,0.000486639,19.8986
1999.43,-358.239,249.15,-100.411,275.378,0.000327684,19.8984
1999.39,-546.245,360.788,-150.775,499.218,0.000302728,19.898
1999.35,-739.895,463.528,-201.261,723.445,0.000288729,19.8976
1999.3,-922.656,549.915,-247.827,930.246,0.000273943,19.8972
1998.9,113.097,-209.389,45.1797,79.4057,0.000980695,19.8934
1998.87,156.867,-284.062,61.5879,163.414,0.000486622,19.8931
1998.84,215.534,-379.36,82.7968,273.126,0.000327672,19.8929
1998.8,336.833,-561.391,124.252,495.13,0.000302717,19.8924
1998.76,466.87,-737.735,165.794,717.514,0.000288719,19.8921
1998.73,594.155,-894.752,204.139,922.61,0.000273933,19.8917
1999.24,-40.5583,234.503,-74.1993,81.7199,0.000980715,19.8966
1999.21,-58.4162,319.188,-101.17,168.177,0.000486632,19.8963
1998.98,-83.9466,428.213,-136.065,281.09,0.000327675,19.8942
1998.89,-141.608,639.157,-204.26,509.594,0.000302719,19.8933
1998.84,-209.78,847.538,-272.608,738.51,0.00028872,19.8929
1998.79,-281.679,1036.52,-335.658,949.661,0.000273934,19.8923
1999.33,-105.889,-213.093,160.265,94.0548,0.00098072,19.8974
1999.29,-141.166,-292.104,218.507,193.567,0.000486635,19.8971
1999.26,-184.204,-395.555,293.917,323.543,0.000327681,19.8968
1999.2,-259.56,-601.016,441.211,586.647,0.000302724,19.8963
1999.15,-323.347,-810.972,588.926,850.398,0.000288726,19.8958
1999.1,-371.633,-1007.77,725.354,1093.87,0.000273939,19.8953
1999.53,139.434,-192.799,-62.5987,80.6744,0.000980732,19.8994
1999.5,192.673,-261.076,-85.3847,166.026,0.000486641,19.8991
1999.47,263.457,-347.856,-114.865,277.497,0.000327685,19.8988
1999.41,407.8,-512.176,-172.44,503.064,0.000302728,19.8983
1999.38,560.218,-669.617,-230.112,729.026,0.00028873,19.8979
1999.34,707.472,-808.141,-283.319,937.435,0.000273943,19.8975
1999.55,-236.46,26.8151,28.9964,78.5912,0.000980734,19.8996
1999.51,-322.707,33.4997,39.4917,161.736,0.000486641,19.8992
1999.49,-434.583,39.77,53.0888,270.321,0.000327685,19.899
1999.44,-653.18,44.2298,79.6154,490.039,0.000302728,19.8985
1999.39,-872.198,38.3611,106.205,710.125,0.00028873,19.8981
1999.36,-1073.88,23.7622,130.758,913.092,0.000273944,19.8977
1999.95,12.8051,170.788,209.79,2.48905,0.0022044,19.9034
1999.85,15.1117,237.503,291.54,95.0354,0.000980751,19.9024
1999.8,15.8494,324.069,397.56,225.625,0.000486649,19.9019
1999.74,13.023,436.174,534.93,396.289,0.00032769,19.9014
1999.68,-4.83126,654.682,803.601,742.142,0.000302733,19.9008
1999.62,-37.1391,862.331,1061.19,1073.62,0.000288734,19.9002
1998.63,-237.95,-1.41332,116.788,86.9034,0.00098068,19.8909
1998.59,-324.434,-5.23818,159.259,178.848,0.000486614,19.8905
1998.56,-436.194,-12.8418,214.212,298.934,0.000327667,19.8902
1998.51,-653.698,-36.273,321.545,541.976,0.000302712,19.8897
1998.47,-870.208,-71.1104,429.179,785.533,0.000288714,19.8893
1998.43,-1068.11,-113.237,528.491,1010.25,0.000273928,19.8889
1999.35,-22.9,-236.875,119.963,87.3774,0.000980722,19.8977
1999.31,-27.8887,-323.21,163.56,179.821,0.000486635,19.8973
1999.28,-31.6925,-435.222,220.067,300.562,0.000327681,19.897
1999.23,-30.5702,-653.947,330.242,544.871,0.000302725,19.8966
1999.19,-17.9615,-872.922,440.699,789.675,0.000288727,19.8962
1999.13,3.8845,-1074.09,542.589,1015.55,0.00027394,19.8955
1999.56,109.091,211.518,25.0352,78.4485,0.000980734,19.8996
1999.52,146.008,289.759,34.1174,161.441,0.000486641,19.8993
1999.5,191.604,392.013,45.8703,269.827,0.000327685,19.8991
1999.45,273.523,594.835,68.8191,489.141,0.000302729,19.8986
1999.4,345.923,801.621,91.8007,708.82,0.00028873,19.8981
1999.35,404.003,995.207,112.985,911.406,0.000273943,19.8976
1999.53,106.716,212.683,47.6094,79.5637,0.000980732,19.8994
1999.5,142.812,291.351,64.9292,163.739,0.000486641,19.8991
1999.47,187.301,394.135,87.3352,273.668,0.000327685,19.8988
1999.43,266.848,597.798,131.022,496.102,0.000302728,19.8984
1999.38,336.747,805.563,174.831,718.919,0.00028873,19.8979
1999.34,392.318,999.882,215.221,924.414,0.000273943,19.8975
1999.54,-191.663,141.02,-19.5017,78.2802,0.000980733,19.8995
1999.51,-263.146,189.872,-26.6114,161.096,0.000486641,19.8992
1999.49,-356.915,251.061,-35.8021,269.251,0.000327685,19.899
1999.43,-544.125,363.993,-53.7484,488.096,0.000302728,19.8984
1999.35,-736.926,468.256,-71.7675,707.307,0.000288729,19.8976
1999.3,-918.871,556.248,-88.4186,909.465,0.000273943,19.8972
1998.71,133.274,197.137,179.558,97.8055,0.000980684,19.8916
1998.67,178.467,270.966,244.976,201.295,0.000486617,19.8912
1998.64,234.405,368.067,329.671,336.48,0.000327668,19.891
1998.58,335.139,562.363,495.08,610.147,0.000302713,19.8903
1998.53,424.574,762.853,660.985,884.515,0.000288715,19.8899
1998.48,496.578,952.448,814.226,1137.83,0.000273929,19.8894
1999.33,-201.337,126.887,43.6164,79.3126,0.00098072,19.8975
1999.3,-276.089,170.353,59.4194,163.22,0.000486635,19.8972
1999.27,-374.111,224.563,79.8991,272.801,0.000327681,19.8969
1999.23,-569.185,323.478,119.912,494.545,0.000302725,19.8965
1999.19,-769.117,413.18,160.008,716.665,0.000288726,19.8961
1999.15,-957.117,487.417,196.989,921.51,0.00027394,19.8957
1999.88,-110.787,-227.779,-446.115,22.9724,0.00066319,19.9027
1999.7,-137.41,-293.953,-571.742,162.486,0.000486646,19.9009
1999.62,-175.163,-399.694,-769.55,381.399,0.000327688,19.9002
1999.55,-211.974,-522.771,-995.852,640.431,0.000308398,19.8996
1999.55,-212.524,-524.819,-999.585,642.211,0.000304354,19.8996
1998.54,-237.986,-0.832593,28.524,78.5746,0.000980674,19.8899
1998.49,-324.417,-4.15522,38.8853,161.703,0.000486611,19.8896
1998.47,-436.168,-10.8523,52.2949,270.266,0.000327665,19.8893
1998.43,-653.924,-31.708,78.4807,489.939,0.00030271,19.8889
1998.37,-870.777,-62.8832,104.697,709.98,0.000288712,19.8884
1998.33,-1069.32,-100.695,128.892,912.904,0.000273927,19.888
1999.59,-237.171,19.1612,-34.6297,78.8447,0.000980736,19.9
1999.56,-323.676,23.0599,-47.2639,162.259,0.000486642,19.8996
1999.53,-435.583,25.6976,-63.6017,271.195,0.000327686,19.8994
1999.47,-654.311,23.0515,-95.5235,491.625,0.000302729,19.8988
1999.43,-873.024,10.0344,-127.489,712.426,0.000288731,19.8985
1999.4,-1074.03,-11.1581,-156.967,916.051,0.000273944,19.8981
1999.49,-120.942,204.956,163.137,94.5923,0.00098073,19.899
1999.43,-167.984,277.555,222.438,194.682,0.000486639,19.8985
1999.41,-231.306,369.965,299.218,325.41,0.000327683,19.8982
1999.34,-362.683,545.046,449.249,590.041,0.000302727,19.8976
1999.28,-504.137,712.768,599.657,855.327,0.000288728,19.897
1999.23,-643.055,860.319,738.597,1100.22,0.000273942,19.8966
1999.52,-3.79204,237.953,139.974,90.5398,0.000980732,19.8993
1999.48,-8.53676,324.328,190.927,186.343,0.00048664,19.8989
1999.45,-17.4447,435.999,256.913,311.474,0.000327684,19.8986
1999.4,-43.7664,653.251,385.828,564.748,0.000302728,19.8981
1999.32,-81.9118,869.217,515.024,818.586,0.000288729,19.8974
1999.27,-127.518,1066.54,634.37,1052.86,0.000273942,19.8969
1999.5,-46.4741,233.364,1.08181,78.0187,0.00098073,19.8991
1999.46,-66.3266,317.59,1.44617,160.558,0.00048664,19.8987
1999.44,-94.3346,426.037,1.92132,268.351,0.000327684,19.8985
1999.4,-156.463,635.736,2.8545,486.463,0.000302728,19.8981
1999.35,-228.451,842.655,3.80053,704.934,0.000288729,19.8977
1999.32,-303.407,1030.34,4.68574,906.405,0.000273943,19.8973
1998.94,47.6691,233.139,-168.927,95.6066,0.000980698,19.8938
1998.9,61.443,318.58,-230.193,196.754,0.000486623,19.8934
1998.88,76.3872,429.641,-309.52,328.87,0.000327673,19.8932
1998.83,96.1811,647.556,-464.436,596.323,0.000302717,19.8928
1998.76,103.453,866.943,-619.847,864.44,0.000288719,19.8921
1998.71,98.9666,1069.58,-763.266,1111.91,0.000273933,19.8916
1999.91,131.862,-147.677,273.623,14.9218,0.00158051,19.903
1999.83,159.806,-176.364,328.948,81.4866,0.00098075,19.9022
1999.73,221.599,-236.981,448.544,222.379,0.000486647,19.9012
1999.68,304.503,-312.598,603.599,406.526,0.000327689,19.9008
1999.6,475.169,-450.327,906.775,779.83,0.000302731,19.9
1999.57,550.245,-504.175,1034.53,936.269,0.000283564,19.8997
1998.56,552.566,-505.778,1038.43,938.133,0.00029084,19.8902
1999.49,-100.554,215.708,107.521,85.6389,0.00098073,19.899
1999.46,-140.131,292.68,146.693,176.247,0.00048664,19.8987
1999.44,-193.645,391.055,197.381,294.586,0.000327684,19.8985
1999.4,-305.529,578.985,296.388,534.087,0.000302728,19.8981
1999.34,-427.264,761.417,395.68,774.069,0.000288729,19.8976
1999.3,-547.739,923.939,487.285,995.476,0.000273943,19.8972
1999.85,237.199,19.222,-294.825,93.1987,0.000980751,19.9024
1999.8,323.001,30.9893,-402.15,224.724,0.000486649,19.9019
1999.76,433.494,49.9752,-541.067,396.574,0.00032769,19.9016
1999.5,647.13,99.3104,-812.734,744.746,0.00030273,19.8991
1999.4,835.943,157.353,-1057.45,1058.2,0.000282127,19.8982
1999.55,-56.3096,231.187,-98.5729,84.4613,0.000980733,19.8995
1999.52,-79.9312,314.41,-134.452,173.823,0.000486641,19.8992
1999.49,-113.005,421.476,-180.939,290.539,0.000327685,19.899
1999.43,-185.52,627.824,-271.714,526.756,0.000302728,19.8984
1999.38,-268.63,830.709,-362.743,763.445,0.00028873,19.898
1999.34,-354.389,1013.96,-446.746,981.797,0.000273943,19.8976
1999.91,-168.88,94.7398,-273.637,7.60528,0.00158051,19.903
1999.85,-208.471,114.708,-336.291,75.171,0.000980751,19.9024
1999.79,-286.757,151.836,-458.718,218.176,0.000486649,19.9018
1999.75,-389.79,196.143,-617.221,405.096,0.00032769,19.9015
1999.64,-596.284,270.297,-927.352,783.991,0.000302732,19.9004
1999.61,-666.278,291.214,-1030.58,909.271,0.000286275,19.9001
1999.49,90.8455,-219.922,1.41189,78.0202,0.00098073,19.899
1999.45,126.662,-298.696,1.97499,160.561,0.000486639,19.8986
1999.42,175.191,-399.668,2.70223,268.355,0.000327684,19.8983
1999.34,276.848,-593.292,4.13259,486.473,0.000302727,19.8976
1999.29,387.664,-782.286,5.56878,704.95,0.000288728,19.8971
1999.26,497.649,-951.839,6.90832,906.426,0.000273942,19.8968
1999.17,206.689,117.857,-16.1699,78.1959,0.000980711,19.896
1999.14,280.342,163.251,-22.023,160.921,0.00048663,19.8957
1999.12,374.474,224.066,-29.5993,268.957,0.000327678,19.8955
1999.06,553.797,349.138,-44.3859,487.563,0.000302722,19.8949
1998.97,727.413,482.76,-59.1996,706.53,0.000288723,19.8941
1998.94,881.921,613.183,-72.8701,908.457,0.000273937,19.8937
1999.49,124.415,202.87,-74.3653,81.7465,0.00098073,19.899
1999.45,166.958,278.237,-101.427,168.229,0.000486639,19.8986
1999.42,219.816,376.964,-136.445,281.176,0.000327684,19.8983
1999.35,315.834,573.426,-204.818,509.735,0.000302727,19.8976
1999.3,402.313,774.896,-273.356,738.704,0.000288728,19.8972
1999.27,473.209,964.254,-336.575,949.9,0.000273942,19.8969
1999.53,-237.324,16.8362,38.4581,79.0389,0.000980732,19.8993
1999.5,-323.854,19.8647,52.5017,162.658,0.000486641,19.8991
1999.47,-435.872,21.3772,70.6693,271.861,0.000327685,19.8988
1999.4,-654.464,16.5097,106.14,492.836,0.000302728,19.8981
1999.31,-873.038,1.31206,141.654,714.174,0.000288728,19.8973
1999.27,-1073.91,-21.8919,174.407,918.293,0.000273942,19.8969
1999.4,237.598,13.7967,-118.709,87.2079,0.000980724,19.8981
1999.36,323.67,22.1931,-161.885,179.473,0.000486637,19.8978
1999.33,434.912,35.7086,-217.817,299.97,0.000327682,19.8975
1999.28,650.867,70.6518,-327.029,543.851,0.000302726,19.897
1999.24,865.18,116.952,-436.492,788.235,0.000288727,19.8966
1999.19,1060.65,169.6,-537.55,1013.72,0.000273941,19.8961
1999.38,213.256,-105.578,-53.5042,79.9711,0.000980723,19.8979
1999.34,292.189,-141.153,-72.9751,164.574,0.000486636,19.8976
1999.31,395.261,-184.926,-98.1604,275.064,0.000327682,19.8973
1999.26,599.488,-263.045,-147.31,498.64,0.000302725,19.8968
1999.21,807.682,-331.392,-196.541,722.6,0.000288727,19.8964
1999.18,1002.56,-385.507,-241.938,929.145,0.000273941,19.896
1999.35,-236.88,22.6299,215.447,105.231,0.000980722,19.8977
1999.3,-323.342,26.8649,293.754,216.567,0.000486635,19.8972
1999.27,-435.354,29.1704,395.085,361.999,0.000327681,19.8969
1999.21,-654.235,23.242,593.118,656.468,0.000302724,19.8963
1999.13,-873.084,3.4068,791.877,951.834,0.000288725,19.8956
1999.06,-1073.75,-27.1822,975.5,1224.7,0.000273939,19.8949
1999.84,26.0159,236.558,-265.642,102.341,0.000980751,19.9023
1999.8,31.0043,322.97,-362.276,226.118,0.00048665,19.902
1999.77,33.899,435.036,-487.437,387.844,0.000327691,19.9016
1999.71,27.8903,654.096,-732.324,715.592,0.000302733,19.9011
1999.65,6.35391,873.056,-978.265,1044.63,0.000288734,19.9005
1999.62,-7.20935,963.899,-1080.94,1181.36,0.000274685,19.9002
1999.56,-211.586,-108.883,-32.2505,78.7276,0.000980734,19.8996
1999.53,-287.059,-151.142,-43.934,162.016,0.000486642,19.8994
1999.51,-383.629,-207.957,-59.0636,270.787,0.000327685,19.8992
1999.46,-567.998,-325.482,-88.5974,490.885,0.000302729,19.8987
1999.4,-747.053,-451.918,-118.221,711.356,0.00028873,19.8982
1999.37,-906.679,-575.899,-145.517,914.675,0.000273944,19.8979
1999.95,31.3666,-169.603,209.858,4.30089,0.0022044,19.9033
1999.84,45.8404,-233.501,289.565,96.483,0.000980751,19.9023
1999.77,67.1329,-317.424,394.898,226.552,0.000486649,19.9016
1999.73,98.3586,-425.143,531.354,396.521,0.00032769,19.9013
1999.65,171.029,-631.98,798.165,740.92,0.000302732,19.9005
1999.58,257.446,-830.14,1061.23,1080.43,0.000288733,19.8999
1999.94,-92.1427,140.682,-177.92,11.9658,0.00270508,19.9033
1994.27,-132.486,197.638,-251.717,111.338,0.000980423,19.8496
1994.23,-184.203,267.123,-343.265,231.486,0.000486487,19.8491
1994.18,-253.86,354.899,-461.73,388.482,0.000327581,19.8487
1994.12,-398.735,519.267,-693.393,706.474,0.000302632,19.8481
1994.05,-555.099,673.909,-925.92,1025.59,0.000288637,19.8475
1994.01,-676.258,780.246,-1096.33,1259.19,0.000277295,19.847
1999.3,100.155,-215.852,126.85,88.4525,0.000980719,19.8972
1999.26,139.686,-292.895,173.111,182.044,0.000486634,19.8968
1999.22,193.176,-391.238,232.92,304.283,0.00032768,19.8965
1999.15,305.381,-579.128,349.874,551.706,0.000302723,19.8958
1999.1,427.657,-761.14,467.071,799.661,0.000288725,19.8953
1999.06,549.032,-923.208,575.3,1028.46,0.000273939,19.8949
1999.54,-204.305,121.913,-19.4049,78.2758,0.000980733,19.8995
1999.5,-280.185,163.69,-26.4535,161.087,0.000486641,19.8991
1999.48,-379.399,215.585,-35.558,269.234,0.000327685,19.8989
1999.42,-576.6,309.995,-53.3286,488.065,0.000302728,19.8983
1999.38,-778.527,395.251,-71.1414,707.259,0.00028873,19.8979
1999.05,-968.08,465.362,-87.5155,909.393,0.000273938,19.8948
1999.44,127.061,201.204,26.8466,78.5117,0.000980727,19.8985
1999.4,170.672,275.939,36.5805,161.571,0.000486638,19.8982
1999.38,225.017,373.819,49.1676,270.043,0.000327683,19.8979
1999.34,324.329,568.713,73.7662,489.533,0.000302727,19.8975
1999.29,414.51,768.384,98.3961,709.387,0.000288728,19.8971
1999.25,489.253,956.166,121.121,912.138,0.000273942,19.8967
1999.28,159.834,176.248,-37.0818,78.9647,0.000980718,19.897
1999.25,215.691,242.408,-50.6036,162.505,0.000486634,19.8967
1999.23,286.05,329.462,-68.0857,271.605,0.00032768,19.8965
1999.17,417.385,504.389,-102.263,492.371,0.000302724,19.8959
1999.12,540.506,685.622,-136.485,713.506,0.000288725,19.8955
1999.08,646.341,857.818,-168.061,917.442,0.000273939,19.8951
1999.43,90.9469,219.928,-119.419,87.2733,0.000980726,19.8984
1999.34,120.846,301.07,-162.763,179.61,0.000486636,19.8976
1999.31,157.095,407.139,-218.952,300.212,0.000327682,19.8973
1999.26,219.593,616.747,-328.586,544.289,0.000302725,19.8968
1999.22,271.126,829.864,-438.559,788.904,0.000288727,19.8964
1999.18,308.734,1028.78,-540.083,1014.59,0.000273941,19.896
1999.05,-235.632,-32.9264,-17.5008,78.2267,0.000980704,19.8948
1999.02,-320.852,-47.8854,-23.8394,160.987,0.000486627,19.8946
1999,-430.795,-69.6092,-32.045,269.067,0.000327675,19.8944
1998.92,-643.647,-119.57,-48.0484,487.763,0.000302719,19.8936
1998.88,-854.353,-179.597,-64.0508,706.82,0.000288721,19.8933
1998.85,-1046.12,-243.721,-78.8248,908.831,0.000273935,19.8929
1999.9,223.438,6.03374,369.266,9.75459,0.00108623,19.9028
1999.88,237.862,7.13479,393.16,28.6016,0.000980753,19.9026
1999.8,324.127,15.5414,536.308,188.157,0.000486649,19.9019
1999.75,435.254,31.0141,721.563,396.7,0.00032769,19.9014
1999.68,604.888,64.9369,1007.2,729.503,0.00029699,19.9008
1999.95,34.7375,-177.326,-241.733,2.02098,0.00184668,19.9034
1999.86,48.1396,-233.023,-318.343,83.4843,0.000980752,19.9025
1999.8,70.5748,-316.722,-434.238,221.431,0.00048665,19.902
1999.76,103.429,-423.926,-584.225,401.723,0.00032769,19.9016
1999.7,180.076,-629.429,-877.765,767.206,0.000302733,19.901
1999.66,230.022,-741.675,-1042.24,971.375,0.00029186,19.9006
1999.84,76.5577,225.339,-242.153,111.303,0.00098075,19.9023
1999.79,100.342,308.525,-330.139,229.075,0.000486649,19.9019
1999.75,127.886,417.199,-444.163,382.948,0.00032769,19.9015
1999.7,170.954,631.999,-667.019,694.597,0.000302733,19.901
1999.64,199.728,849.959,-890.693,1007.3,0.000288734,19.9004
1999.58,213.319,1052.73,-1097.46,1296.31,0.000273947,19.8999
1999.87,33.6512,-233.692,401.202,15.5015,0.000980752,19.9026
1999.81,52.1885,-320.264,551.668,178.467,0.00048665,19.902
1999.75,80.3185,-428.928,742.429,391.514,0.00032769,19.9015
1999.69,127.071,-575.168,1003.39,693.186,0.000300561,19.9009
1999.83,-24.2436,236.696,244.681,111.923,0.00098075,19.9022
1999.79,-37.3733,322.309,333.743,230.369,0.000486649,19.9018
1999.75,-57.7243,432.564,449.035,385.116,0.00032769,19.9014
1999.68,-108.359,645.651,674.243,698.504,0.000302733,19.9008
1999.59,-173.467,855.684,900.345,1012.95,0.000288733,19.8999
1999.53,-244.094,1040.68,1103.95,1296.04,0.000273946,19.8994
1999.34,-228.993,64.8431,-186.807,99.2203,0.000980721,19.8975
1999.27,-313.154,84.7575,-254.729,204.197,0.000486634,19.8969
1999.24,-422.875,107.608,-342.75,341.324,0.00032768,19.8966
1999.15,-639.009,142.543,-514.68,618.927,0.000302723,19.8958
1999.08,-857.408,164.582,-687.021,897.249,0.000288725,19.8952
1999.04,-1060.02,173.352,-846.225,1154.23,0.000273938,19.8947
1999.47,-224.018,80.1869,11.1599,78.1022,0.000980729,19.8988
1999.44,-306.437,106.482,15.1704,160.729,0.000486639,19.8985
1999.42,-413.835,138.235,20.3725,268.638,0.000327684,19.8983
1999.38,-625.644,192.763,30.5599,486.988,0.000302727,19.8979
1999.33,-840.162,237.383,40.7763,705.699,0.000288729,19.8975
1999.29,-1039.68,269.581,50.1992,907.389,0.000273942,19.8971
1999.3,-66.6075,-228.421,-70.1815,81.3394,0.000980719,19.8972
1999.27,-87.7588,-312.337,-95.686,167.392,0.000486634,19.8969
1999.24,-112.74,-421.551,-128.705,279.776,0.00032768,19.8967
1999.2,-153.625,-636.364,-193.158,507.198,0.000302724,19.8963
1999.14,-184.047,-853.409,-257.749,735.025,0.000288726,19.8957
1999.1,-202.681,-1054.8,-317.352,945.16,0.000273939,19.8953
1999.5,222.042,-85.5949,45.8808,79.449,0.000980731,19.8991
1999.47,303.84,-113.908,62.5416,163.502,0.00048664,19.8988
1999.45,410.357,-148.213,84.079,273.273,0.000327684,19.8986
1999.38,620.849,-207.726,126.181,495.397,0.000302727,19.898
1999.34,834.289,-257.214,168.327,717.896,0.000288729,19.8975
1999.29,1033.19,-293.77,207.251,923.102,0.000273942,19.8971
1999.92,70.8043,199.761,337.399,6.02666,0.00121537,19.9031
1999.89,78.3283,224.711,378.896,42.731,0.000980754,19.9028
1999.81,101.452,308.217,516.865,198.1,0.00048665,19.902
1999.76,127.039,417.462,695.496,401.177,0.00032769,19.9015
1999.68,160.118,612.817,1010.96,772.664,0.000293625,19.9008
1999.17,-103.986,-214.045,-170.726,96.0792,0.000980711,19.8959
1999.13,-138.419,-293.457,-232.908,197.733,0.00048663,19.8956
1999.1,-180.27,-397.372,-313.383,330.512,0.000327677,19.8953
1999.04,-253.12,-603.736,-470.622,599.314,0.000302721,19.8947
1998.97,-314.171,-814.592,-628.445,868.844,0.000288723,19.8941
1998.92,-359.628,-1012.14,-774.194,1117.68,0.000273936,19.8936
1999.55,159.314,-176.702,14.5202,78.1614,0.000980733,19.8995
1999.51,219.467,-238.915,19.7753,160.852,0.000486641,19.8991
1999.48,299.062,-317.813,26.5922,268.842,0.000327685,19.8989
1999.43,459.688,-466.138,39.9381,487.36,0.000302728,19.8984
1999.37,627.448,-607.048,53.3366,706.241,0.00028873,19.8978
1999.33,787.989,-729.978,65.6893,908.088,0.000273943,19.8975
1999.3,-9.49842,237.729,170.471,95.9867,0.000980719,19.8972
1999.26,-16.6251,324.05,232.529,197.546,0.000486634,19.8968
1999.22,-28.7559,435.438,312.818,330.209,0.00032768,19.8965
1999.17,-61.8663,651.737,469.612,598.754,0.000302724,19.896
1999.11,-107.398,866.436,626.957,868.004,0.000288725,19.8954
1999.06,-160.377,1062.11,772.261,1116.55,0.000273939,19.8949
1999.85,116.371,-207.542,-219.894,106.243,0.000980751,19.9024
1999.8,162.226,-281.006,-299.905,218.659,0.00048665,19.902
1999.77,224.284,-374.332,-403.456,365.516,0.000327691,19.9016
1999.71,354.205,-550.602,-605.786,662.893,0.000302733,19.9011
1999.66,495.647,-718.778,-808.828,961.188,0.000288735,19.9006
1999.6,635.635,-865.857,-996.442,1236.77,0.000273948,19.9
1999.93,-54.704,189.647,-273.566,13.9914,0.00158051,19.9032
1999.87,-67.6429,228.14,-329.83,80.6824,0.000980752,19.9026
1999.82,-97.1475,309.61,-449.88,221.835,0.00048665,19.9021
1999.77,-139.14,413.579,-605.217,406.292,0.000327691,19.9016
1999.69,-233.474,611.646,-909.141,780.128,0.000302733,19.9009
1999.65,-276.964,691.046,-1034.52,933.613,0.000283565,19.9005
1943.83,97.5995,217.019,-196.005,101.257,0.000977416,19.3716
1943.8,129.598,297.447,-267.584,208.39,0.000484995,19.3712
1943.76,168.059,402.712,-360.279,348.352,0.000326576,19.3709
1943.7,233.404,611.634,-541.33,631.739,0.000301704,19.3703
1943.62,285.767,824.974,-723.102,916.009,0.000287752,19.3695
1943.56,322.187,1024.63,-891.031,1178.59,0.000273015,19.3689
1999.56,147.631,-186.597,11.6927,78.1124,0.000980734,19.8996
1999.52,203.678,-252.522,15.9276,160.75,0.000486641,19.8993
1999.5,277.997,-336.279,21.4053,268.672,0.000327685,19.8991
1999.44,428.883,-494.644,32.0892,487.045,0.000302728,19.8985
1999.39,587.274,-646.01,42.7648,705.778,0.00028873,19.8981
1999.36,739.512,-778.928,52.6067,907.485,0.000273944,19.8977
1999.95,-143.246,-96.7605,-209.843,4.92046,0.0022044,19.9034
1999.86,-195.741,-135.336,-288.92,96.9801,0.000980752,19.9025
1999.82,-264.183,-188.376,-394.021,226.87,0.00048665,19.9021
1999.78,-350.456,-259.945,-530.057,396.574,0.000327691,19.9017
1999.71,-511.087,-409.131,-796.203,740.463,0.000302733,19.9011
1999.57,-659.669,-569.046,-1061.25,1082.76,0.000288733,19.8997
1998.05,-661.793,-571.511,-1065.2,1083.77,0.000282908,19.8854
1999.47,-237.235,-18.4438,-151.303,92.4563,0.000980729,19.8988
1999.43,-323.228,-28.6523,-206.353,190.276,0.000486639,19.8985
1999.4,-434.083,-44.6491,-277.543,318.039,0.000327683,19.8982
1999.36,-649.147,-84.9488,-416.64,576.656,0.000302727,19.8977
1999.29,-862.259,-137.257,-556.185,835.897,0.000288728,19.8971
1999.25,-1056.07,-195.922,-684.99,1075.18,0.000273942,19.8967
1999.52,-110.187,-210.899,104.567,85.1988,0.000980732,19.8993
1999.5,-147.393,-289.069,142.545,175.336,0.000486641,19.8991
1999.46,-193.167,-391.294,191.683,293.06,0.000327685,19.8987
1999.41,-274.765,-594.228,287.643,531.31,0.000302728,19.8982
1999.36,-346.032,-801.61,383.835,770.025,0.000288729,19.8978
1999.31,-402.279,-995.924,472.57,990.252,0.000273943,19.8972
1999.37,-146.458,-187.592,170.968,96.0497,0.000980723,19.8979
1999.3,-196.667,-258.012,233.064,197.686,0.000486635,19.8972
1999.27,-259.339,-350.95,313.538,330.436,0.000327681,19.8969
1999.21,-373.664,-537.541,470.673,599.187,0.000302724,19.8964
1999.15,-477.353,-731.063,628.298,868.597,0.000288726,19.8958
1999.1,-562.984,-914.777,773.804,1117.31,0.000273939,19.8953
1999.46,-210.86,-110.274,-58.9195,80.372,0.000980728,19.8987
1999.43,-286.053,-153.061,-80.3252,165.401,0.000486639,19.8985
1999.41,-382.207,-210.6,-108.051,276.447,0.000327684,19.8982
1999.37,-565.621,-329.637,-162.159,501.157,0.000302727,19.8978
1999.33,-743.456,-457.663,-216.378,726.26,0.000288729,19.8975
1999.3,-901.937,-583.324,-266.427,933.872,0.000273943,19.8972
1997.8,101.448,-215.292,170.829,96.0237,0.00098063,19.883
1997.76,141.677,-291.906,232.899,197.624,0.00048659,19.8826
1997.72,196.358,-389.707,313.256,330.328,0.00032765,19.8822
1997.66,311.365,-575.877,470.235,598.987,0.000302696,19.8817
1997.57,437.322,-755.67,627.699,868.311,0.000288698,19.8808
1997.53,562.691,-914.962,773.13,1116.97,0.000273914,19.8804
1999.54,-201.324,-126.822,-49.3334,79.6885,0.000980733,19.8994
1999.5,-272.817,-175.607,-67.3182,163.994,0.000486641,19.8991
1999.48,-363.937,-240.726,-90.5869,274.094,0.000327685,19.8989
1999.42,-537.123,-374.211,-136.01,496.884,0.000302728,19.8983
1999.35,-704.102,-516.256,-181.552,720.064,0.000288729,19.8976
1999.3,-851.908,-654.161,-223.539,925.888,0.000273943,19.8972
0.853537,-700.595,-552.626,-180.206,1130.05,0.00688822,inf
0.853537,-537.622,-406.357,-139.391,1352.16,0.00718996,inf
0.853537,-374.228,-259.709,-98.4707,1574.9,0.0077267,inf
0.853537,-292.37,-186.241,-77.9703,1685.7,0.00942853,inf
0.853537,-223.46,-124.394,-60.7125,1771.4,0.0161449,inf
0.853537,-156.94,-64.6917,-44.0533,1854.33,0.065839,inf
0.853537,126.687,189.865,26.9777,1937.26,0.0238749,inf
0.853537,189.526,246.263,42.7151,2022.95,0.0118474,inf
0.853537,270.688,319.106,63.0411,2133.76,0.00797771,inf
0.853537,434.214,465.872,103.994,2356.5,0.00737017,inf
0.853537,597.232,612.182,144.821,2578.6,0.00702939,inf
0.853537,747.049,746.643,182.34,2782.77,0.00666943,inf
1999.25,-17.7515,-237.319,74.2612,81.7455,0.000980716,19.8968
1999.22,-21.0499,-323.802,101.322,168.229,0.000486633,19.8965
1999.19,-22.8216,-435.776,136.331,281.173,0.000327679,19.8962
1999.15,-18.1688,-654.399,204.692,509.732,0.000302723,19.8957
1999.1,-2.7545,-873.105,273.235,738.705,0.000288725,19.8953
1999.06,20.9813,-1073.91,336.441,949.9,0.000273939,19.8949
1999.46,-116.423,-207.504,99.5843,84.5721,0.000980728,19.8987
1999.43,-155.876,-284.595,135.797,174.045,0.000486639,19.8984
1999.4,-204.581,-385.392,182.61,290.899,0.000327683,19.8982
1999.34,-292.149,-585.899,274.125,527.391,0.000302727,19.8976
1999.26,-369.596,-790.968,365.796,764.332,0.000288728,19.8968
1999.21,-431.79,-983.537,450.405,982.904,0.000273941,19.8964
1999.92,153.866,129.038,-305.486,3.35378,0.00137617,19.9031
1999.88,181.231,154.216,-362.037,56.6413,0.000980753,19.9027
1999.81,243.555,214.378,-493.783,207.029,0.00048665,19.902
1999.76,321.215,295.385,-664.467,403.606,0.00032769,19.9015
1999.68,462.539,463.305,-998.404,802.239,0.000302733,19.9008
1999.68,470.664,473.902,-1018.72,825.322,0.00029533,19.9008
1999.54,65.1081,-228.865,2.96992,78.0232,0.000980733,19.8995
1999.52,91.6042,-311.241,4.0845,160.567,0.000486641,19.8992
1999.48,128.15,-417.087,5.52268,268.365,0.000327685,19.8989
1999.43,206.795,-621.189,8.33414,486.489,0.000302728,19.8985
1999.39,295.006,-821.694,11.1076,704.97,0.00028873,19.8981
1999.35,384.634,-1002.87,13.6593,906.444,0.000273943,19.8977
1999.39,214.198,103.66,126.28,88.3324,0.000980724,19.898
1999.31,290.528,144.391,172.202,181.789,0.000486635,19.8973
1999.29,388.084,199.495,231.678,303.854,0.000327681,19.8971
1999.23,574.074,314.628,347.773,550.896,0.000302725,19.8966
1999.16,754.217,439.85,464.187,798.45,0.000288726,19.8959
1999.12,914.269,563.683,571.557,1026.87,0.00027394,19.8955
1999.1,224.157,-79.7517,-17.0881,78.2244,0.000980707,19.8953
1999.07,306.635,-105.897,-23.3847,160.981,0.000486628,19.895
1999.05,414.163,-137.477,-31.532,269.057,0.000327676,19.8948
1999,625.984,-191.635,-47.4114,487.743,0.000302721,19.8944
1998.94,840.549,-235.908,-63.3201,706.789,0.000288722,19.8938
1998.9,1040.17,-267.767,-78.0058,908.791,0.000273936,19.8934
1999.91,-114.548,201.577,-401.154,7.25702,0.000980755,19.903
1999.84,-165.881,278.878,-561.652,172.384,0.000486651,19.9023
1999.79,-232.021,369.6,-755.873,388.295,0.000327691,19.9018
1999.72,-321.066,478.783,-999.623,668.695,0.000304357,19.9011
1999.4,-211.761,108.457,161.731,94.3681,0.000980724,19.8981
1999.36,-290.456,144.56,220.619,194.212,0.000486637,19.8977
1999.32,-393.477,188.655,296.831,324.624,0.000327682,19.8974
1999.27,-598.134,266.079,445.671,588.621,0.000302725,19.8969
1999.2,-807.518,331.94,594.97,853.256,0.000288727,19.8963
1999.16,-1003.85,382.099,732.787,1097.53,0.00027394,19.8958
1999.55,-141.99,190.9,-39.6307,79.0931,0.000980733,19.8995
1999.51,-196.052,258.469,-54.0442,162.77,0.000486641,19.8992
1999.49,-267.911,344.462,-72.7183,272.048,0.000327685,19.899
1999.41,-414.014,507.122,-109.164,493.176,0.000302728,19.8983
1999.37,-568.006,662.98,-145.674,714.676,0.000288729,19.8978
1999.33,-716.565,800.182,-179.38,918.953,0.000273943,19.8975
1999.49,207.691,116.135,-33.7824,78.797,0.00098073,19.899
1999.45,281.672,160.934,-46.0261,162.158,0.000486639,19.8986
1999.43,376.244,221.006,-61.8874,271.024,0.000327684,19.8984
1999.37,556.506,344.733,-92.8224,491.31,0.000302727,19.8979
1999.33,731.151,477.19,-123.837,711.968,0.000288729,19.8975
1999.29,886.449,606.548,-152.42,915.461,0.000273942,19.8971
1999.04,-154.052,-181.36,32.6451,78.7441,0.000980704,19.8948
1999.01,-207.742,-249.176,44.4774,162.051,0.000486627,19.8945
1998.98,-275.391,-338.487,59.8006,270.845,0.000327675,19.8942
1998.93,-401.099,-517.372,89.7143,490.991,0.000302719,19.8937
1998.89,-518.497,-702.428,119.666,711.501,0.000288721,19.8933
1998.85,-618.914,-877.875,147.279,914.856,0.000273935,19.8929
1999.86,-78.4211,224.663,320.665,81.8546,0.000980751,19.9025
1999.81,-111.73,304.654,437.417,220.466,0.00048665,19.902
1999.76,-158.506,406.592,588.536,401.603,0.00032769,19.9016
1999.69,-261.585,600.138,884.05,768.714,0.000302733,19.9009
1999.56,-322.926,700.255,1042.26,964.557,0.000291859,19.8997
1999.84,-19.2014,162.662,177.933,5.64795,0.00270507,19.9023
1999.75,-30.6602,236.013,258.582,106.471,0.000980745,19.9014
1999.7,-46.1878,321.183,352.61,228.391,0.000486647,19.901
1999.67,-69.7407,430.738,474.322,387.685,0.000327689,19.9007
1999.6,-126.947,642.283,712.362,710.34,0.000302731,19.9
1999.52,-198.966,850.127,951.298,1034.16,0.000288732,19.8993
1999.49,-246.862,967.226,1088.67,1219.97,0.000281085,19.899
1999.3,-210.6,-110.842,-198.368,101.546,0.000980719,19.8972
1999.25,-285.211,-154.626,-270.41,208.994,0.000486634,19.8967
1999.2,-380.308,-214.03,-363.799,349.361,0.000327679,19.8963
1999.15,-560.42,-338.43,-546.144,633.567,0.000302723,19.8958
1999.07,-733.216,-474.023,-729.123,918.571,0.000288724,19.8951
1999.03,-885.203,-608.427,-898.102,1181.76,0.000273938,19.8947
1999.38,118.233,206.491,-5.16099,78.0353,0.000980724,19.898
1999.36,158.617,283.022,-7.01351,160.592,0.000486637,19.8977
1999.33,208.759,383.147,-9.40212,268.407,0.000327682,19.8975
1999.28,299.7,582.079,-14.0461,486.567,0.000302726,19.897
1999.23,381.361,785.375,-18.7004,705.085,0.000288727,19.8965
1999.19,448.168,976.11,-22.9884,906.598,0.000273941,19.8962
1999.55,-196.308,134.446,-61.0269,80.5379,0.000980733,19.8996
1999.51,-269.436,180.839,-83.2086,165.741,0.000486641,19.8992
1999.49,-365.258,238.725,-111.877,277.014,0.000327685,19.899
1998.25,-556.516,344.88,-167.896,502.187,0.000302707,19.8873
1998.2,-753.065,441.789,-224.048,727.766,0.000288709,19.8868
1998.16,-938.36,522.643,-275.852,935.82,0.000273924,19.8864
1999.95,-147.878,74.3464,177.936,8.14418,0.00270508,19.9033
1999.85,-213.83,104.464,255.882,108.403,0.000980751,19.9024
1999.81,-293.466,138.462,348.974,229.655,0.00048665,19.902
1999.76,-397.875,179.228,469.498,388.088,0.00032769,19.9015
1999.7,-605.781,248.237,705.083,708.993,0.000302733,19.901
1999.64,-818.8,302.997,941.62,1031.04,0.000288734,19.9004
1999.6,-956.444,330.182,1092.47,1236.08,0.000279204,19.9
1999.56,230.038,-60.838,-2.98996,78.0234,0.000980734,19.8997
1999.53,314.404,-80.0758,-4.06174,160.567,0.000486642,19.8994
1999.5,424.086,-102.642,-5.44889,268.366,0.000327685,19.8991
1999.46,639.748,-139.149,-8.17319,486.489,0.000302729,19.8987
1999.41,857.227,-165.58,-10.8969,704.971,0.00028873,19.8982
1999.34,1058.72,-180.879,-13.4358,906.452,0.000273943,19.8976
1999.54,-237.339,16.8858,-9.67383,78.0819,0.000980733,19.8995
1999.51,-323.854,20.0729,-13.2087,160.688,0.000486641,19.8991
1999.48,-435.771,21.8047,-17.7845,268.568,0.000327685,19.8989
1999.43,-654.46,17.4601,-26.7143,486.857,0.000302728,19.8984
1999.38,-873.059,2.82221,-35.6527,705.509,0.00028873,19.898
1999.35,-1073.89,-19.7531,-43.9066,907.145,0.000273943,19.8977
1999.29,-99.7247,216.039,4.85983,78.0344,0.000980718,19.8971
1999.26,-138.683,293.305,6.6294,160.59,0.000486634,19.8969
1999.24,-191.221,392.194,8.91612,268.403,0.00032768,19.8966
1999.18,-300.617,581.607,13.3556,486.558,0.000302724,19.8961
1999.15,-418.945,765.987,17.8077,705.073,0.000288726,19.8957
1999.11,-535.651,930.98,21.9155,906.581,0.000273939,19.8954
1999.9,234.845,-38.571,366.208,53.7397,0.000980754,19.9028
1999.84,321.013,-47.1061,499.516,205.428,0.000486651,19.9023
1999.78,433.048,-53.799,672.315,403.709,0.000327691,19.9018
1999.69,652.558,-52.608,1010.46,805.855,0.000302733,19.9009
1999.69,657.949,-52.3402,1018.78,814.466,0.000295331,19.9009
1999.48,-226.516,-72.9844,102.406,84.9327,0.000980729,19.8989
1999.43,-307.788,-102.569,139.606,174.788,0.000486639,19.8984
1999.4,-412.137,-143.303,187.791,292.145,0.000327683,19.8982
1999.34,-612.656,-230.641,281.901,529.66,0.000302727,19.8976
1999.29,-808.975,-328.351,376.252,767.637,0.000288728,19.8971
1999.24,-985.426,-427.259,463.299,987.185,0.000273942,19.8966
1999.41,-237.051,20.6297,-188.688,99.5452,0.000980725,19.8983
1999.37,-323.537,24.3672,-257.28,204.881,0.000486637,19.8978
1999.34,-435.54,26.1695,-346.05,342.482,0.000327682,19.8976
1999.29,-654.352,19.7844,-519.535,621.065,0.000302726,19.8971
1999.23,-873.075,0.273863,-693.539,900.381,0.000288727,19.8966
1999.17,-1073.71,-29.316,-854.242,1158.3,0.000273941,19.896
1999.51,176.448,159.625,10.8584,78.0982,0.000980731,19.8992
1999.45,238.576,219.876,14.7845,160.721,0.000486639,19.8986
1999.42,317.285,299.499,19.8629,268.622,0.000327684,19.8983
1999.35,465.439,460.424,29.7729,486.957,0.000302727,19.8977
1999.31,606.095,628.39,39.6724,705.652,0.000288728,19.8972
1999.27,728.712,789.045,48.7907,907.329,0.000273942,19.8969
1999.89,212.749,138.296,446.108,23.8663,0.000663191,19.9028
1999.77,269.283,181.013,570.631,163.152,0.000486649,19.9016
1999.72,356.121,252.197,767.929,381.634,0.00032769,19.9012
1999.67,451.97,339.571,995.837,642.665,0.0003084,19.9007
1999.67,453.511,341.059,999.601,646.927,0.000304357,19.9007
1999.47,-170.098,-166.43,96.6894,84.2054,0.000980729,19.8988
1999.44,-229.668,-229.179,131.816,173.292,0.000486639,19.8985
1999.41,-304.874,-312.12,177.275,289.643,0.000327684,19.8982
1999.36,-445.538,-479.694,266.115,525.109,0.000302727,19.8978
1999.32,-577.803,-654.485,355.099,761.018,0.000288729,19.8974
1999.28,-691.907,-821.599,437.234,978.641,0.000273942,19.897
1999.53,223.829,80.7446,-141.982,90.8772,0.000980732,19.8994
1999.5,304.035,113.346,-193.69,187.029,0.000486641,19.8991
1999.47,406.725,158.089,-260.591,312.617,0.000327685,19.8988
1999.42,603.513,253.649,-391.27,566.823,0.000302728,19.8983
1999.37,795.372,360.092,-522.358,821.608,0.00028873,19.8978
1999.32,967.039,467.499,-643.367,1056.75,0.000273943,19.8974
1999.5,228.605,66.2067,-23.5673,78.3977,0.00098073,19.8991
1999.47,310.813,93.1644,-32.1093,161.338,0.00048664,19.8988
1999.44,416.414,130.305,-43.1652,269.654,0.000327684,19.8985
1999.4,619.976,210.136,-64.7666,488.83,0.000302728,19.8981
1999.35,820.046,299.67,-86.437,708.372,0.000288729,19.8977
1999.31,1000.6,390.474,-106.442,910.833,0.000273943,19.8973
1999.95,-3.40837,-173.539,209.842,6.02227,0.0022044,19.9033
1999.86,-2.10164,-237.985,287.769,97.8604,0.000980752,19.9025
1999.82,1.8317,-324.493,392.468,227.447,0.00048665,19.9021
1999.78,10.6485,-436.248,528,396.769,0.000327691,19.9017
1999.67,39.9734,-653.45,793.108,739.894,0.000302733,19.9007
1999.59,85.4,-868.905,1059.5,1084.46,0.000288733,19.9
1999.59,86.5456,-873.477,1065.2,1090.76,0.000282934,19.9
1999.5,-108.115,212.004,-82.4702,82.5663,0.000980731,19.8991
1999.47,-150.175,287.596,-112.415,169.913,0.00048664,19.8988
1999.45,-206.845,384.247,-151.197,283.988,0.000327684,19.8986
1999.4,-324.432,568.619,-226.902,514.842,0.000302728,19.8981
1999.36,-451.295,747.331,-302.79,746.127,0.000288729,19.8978
1999.31,-576.102,906.489,-372.838,959.47,0.000273943,19.8973
1999.5,-216.642,98.3883,-49.6524,79.7058,0.000980731,19.8991
1999.47,-296.668,131.35,-67.7432,164.03,0.00048664,19.8988
1999.44,-401.119,171.753,-91.1484,274.153,0.000327684,19.8986
1999.4,-607.765,243.21,-136.822,496.988,0.000302728,19.8982
1999.36,-818.127,304.867,-182.604,720.203,0.000288729,19.8978
1999.33,-1014.55,352.756,-224.839,926.066,0.000273943,19.8974
1999.54,166.126,-170.421,-60.2281,80.4861,0.000980733,19.8995
1999.51,228.625,-230.157,-82.1445,165.636,0.000486641,19.8992
1999.49,311.3,-305.786,-110.552,276.842,0.000327685,19.899
1999.45,477.918,-447.379,-166.014,501.881,0.000302729,19.8986
1999.4,651.632,-581.102,-221.656,727.323,0.00028873,19.8981
1999.35,817.379,-696.843,-272.97,935.249,0.000273943,19.8977
1999.5,-192.179,140.365,40.5996,79.1467,0.00098073,19.899
1999.47,-263.777,188.906,55.3668,162.88,0.00048664,19.8988
1999.44,-357.831,249.754,74.4949,272.233,0.000327684,19.8986
1999.4,-545.554,361.848,111.831,493.511,0.000302728,19.8981
1999.34,-738.878,465.168,149.282,715.166,0.000288729,19.8976
1999.29,-921.324,552.199,183.824,919.585,0.000273942,19.8971
1999.9,-138.232,-199.332,-446.169,1.21012,0.000663191,19.9029
1999.89,-150.924,-220.199,-491.088,24.7828,0.000597663,19.9028
1999.86,-179.969,-269.987,-597.096,140.173,0.000486651,19.9025
1999.79,-232.818,-369.082,-803.705,366.509,0.000327691,19.9018
1999.75,-276.64,-461.589,-991.974,579.634,0.000308309,19.9014
1999.45,-233.822,44.2652,-28.9954,78.5937,0.000980727,19.8986
1999.42,-319.335,57.3336,-39.517,161.742,0.000486638,19.8983
1999.4,-430.438,71.8791,-53.1503,270.331,0.000327683,19.8981
1999.35,-648.101,92.5402,-79.7508,490.057,0.000302727,19.8977
1999.31,-866.949,102.949,-106.419,710.151,0.000288729,19.8973
1999.28,-1069.16,103.378,-131.035,913.123,0.000273942,19.897
1999.92,10.7081,-206.049,305.51,13.1255,0.00137617,19.9031
1999.85,13.7937,-237.595,352.435,65.4298,0.000980751,19.9024
1999.79,24.166,-323.594,480.656,213.019,0.000486649,19.9019
1999.73,41.8347,-434.349,646.693,405.937,0.00032769,19.9013
1999.59,90.0531,-648.453,971.765,797.149,0.000302731,19.8999
1999.58,99.2198,-681.587,1022.68,857.362,0.000292144,19.8998
1999.45,-39.9922,234.533,123.43,87.9324,0.000980728,19.8986
1999.42,-57.9021,319.284,168.458,180.968,0.000486638,19.8983
1999.4,-83.6708,428.251,226.677,302.486,0.000327683,19.8981
1999.35,-142.491,639.02,340.499,548.45,0.000302727,19.8976
1999.29,-212.54,846.806,454.621,794.963,0.000288728,19.8971
1999.25,-286.885,1035.13,559.993,1022.42,0.000273942,19.8967
1999.31,-222.997,-83.1003,120.18,87.3896,0.000980719,19.8972
1999.27,-302.856,-116.494,163.86,179.853,0.000486634,19.8969
1999.24,-405.123,-162.156,220.376,300.617,0.00032768,19.8966
1999.18,-601.159,-259.184,330.77,545.039,0.000302724,19.8961
1999.12,-792.382,-366.651,441.461,789.958,0.000288725,19.8955
1999.08,-963.566,-474.554,543.589,1015.94,0.000273939,19.8951
1999.39,-168.56,167.995,-27.9397,78.5498,0.000980724,19.898
1999.36,-231.881,226.931,-38.0736,161.651,0.000486637,19.8978
1999.34,-315.442,301.432,-51.1983,270.18,0.000327682,19.8976
1999.3,-483.8,441.077,-76.8675,489.788,0.000302726,19.8972
1999.24,-658.854,572.828,-102.564,709.764,0.000288727,19.8966
1999.2,-825.686,686.908,-126.267,912.626,0.000273941,19.8962
1999.88,-231.604,-146.32,536.085,9.84584,0.00054517,19.9027
1999.86,-250.153,-159.946,581.09,39.9415,0.000502417,19.9025
1999.83,-272.216,-176.563,635.097,100.498,0.00048665,19.9022
1999.77,-359.716,-247.066,854.816,337.978,0.000327691,19.9016
1999.7,-409.438,-290.672,984.132,481.971,0.00030217,19.901
1999.5,48.7422,-232.932,-108.664,85.7877,0.00098073,19.8991
1999.46,69.675,-316.904,-148.231,176.552,0.00048664,19.8988
1999.44,99.2837,-424.898,-199.427,295.093,0.000327684,19.8985
1999.4,165.301,-633.504,-299.468,535.001,0.000302728,19.8981
1999.35,242.119,-838.831,-399.671,775.374,0.000288729,19.8976
1999.31,322.331,-1024.56,-492.129,997.136,0.000273943,19.8973
1999.53,-18.9911,237.152,-113.132,86.3815,0.000980732,19.8994
1999.49,-29.1693,323.156,-154.284,177.772,0.00048664,19.899
1999.38,-44.941,434.043,-207.503,297.132,0.000327683,19.898
1999.33,-84.2243,649.242,-311.442,538.698,0.000302726,19.8975
1999.28,-134.715,862.583,-415.628,780.758,0.000288728,19.897
1999.24,-191.089,1056.98,-511.855,1004.1,0.000273942,19.8966
1999.85,297.315,191.762,-788.43,17.5468,0.000363646,19.9024
1999.83,317.969,208.182,-847.164,55.4687,0.000344095,19.9022
1999.8,359.869,242.967,-968.391,182.291,0.000327691,19.9019
1999.95,-106.74,-132.072,209.85,0.111558,0.0022044,19.9034
1999.86,-147.426,-186.806,294.146,93.1797,0.000980752,19.9025
1999.82,-197.23,-257.618,401.139,224.486,0.00048665,19.9021
1999.77,-258.633,-351.495,539.746,396.043,0.000327691,19.9017
1999.68,-368.162,-541.395,810.724,743.689,0.000302733,19.9008
1999.62,-455.313,-720.958,1057.43,1060.03,0.000282131,19.9002
1997.33,200.3,-128.383,-108.656,85.8119,0.000980603,19.8785
1997.3,274.93,-172.32,-148.314,176.6,0.000486576,19.8782
1997.27,372.728,-226.858,-199.594,295.176,0.000327641,19.8779
1997.18,567.823,-325.915,-299.818,535.16,0.000302688,19.8771
1997.13,768.156,-414.949,-400.249,775.629,0.000288691,19.8766
1997.08,956.932,-487.868,-492.954,997.481,0.000273906,19.8762
0.227496,208.758,-92.294,-101.56,1083.34,0.0669971,inf
0.227496,294.207,-100.039,-118.847,1170.52,0.0332469,inf
0.227496,403.742,-109.968,-141.006,1282.49,0.0223878,inf
0.227496,623.465,-129.884,-185.457,1506.7,0.0206829,inf
0.227496,842.047,-149.696,-229.678,1729.85,0.0197266,inf
0.227496,1042.77,-167.89,-270.285,1934.83,0.0187164,inf
1999.93,-187.036,60.175,273.595,12.4564,0.00158051,19.9031
1999.86,-227.076,71.1482,331.423,79.3831,0.000980752,19.9025
1999.82,-311.155,92.0731,452.1,221.028,0.00048665,19.9021
1999.78,-420.876,115.205,608.291,406.151,0.000327691,19.9017
1999.7,-637.895,147.331,913.961,781.409,0.000302733,19.901
1999.66,-724.055,155.177,1034.46,928.651,0.000283566,19.9006
1999.38,-119.572,205.756,203.437,102.615,0.000980724,19.898
1999.33,-166.499,278.525,277.417,211.214,0.000486636,19.8975
1999.27,-229.824,370.917,373.152,353.102,0.000327681,19.8969
1999.22,-361.911,545.59,560.44,640.452,0.000302725,19.8965
1999.09,-504.916,712.238,748.249,928.628,0.000288725,19.8952
1999.04,-645.968,858.126,921.762,1194.77,0.000273938,19.8947
1999.42,232.557,50.6017,-51.5044,79.816,0.000980726,19.8984
1999.4,316.356,71.9156,-70.1712,164.256,0.000486638,19.8981
1999.37,424.262,101.863,-94.3429,274.531,0.000327683,19.8978
1999.31,632.783,167.957,-141.55,497.676,0.000302726,19.8973
1999.27,838.248,244.072,-188.835,721.203,0.000288728,19.8969
1999.23,1024.37,322.935,-232.463,927.355,0.000273942,19.8966
1999.93,159.806,111.526,-273.62,9.72435,0.00158051,19.9031
1999.87,194.07,137.75,-334.197,77.0017,0.000980752,19.9026
1999.82,261.558,192.022,-455.78,219.396,0.00048665,19.9022
1999.78,346.337,265.472,-613.297,405.522,0.000327691,19.9017
1999.71,503.072,418.998,-921.406,782.767,0.000302733,19.901
1999.69,557.402,478.44,-1034.47,920.494,0.000283566,19.9009
1999.89,264.404,-5.65848,491.1,18.4589,0.000597663,19.9027
1999.82,324.464,-2.54079,602.692,134.647,0.00048665,19.9022
1999.76,436.303,7.61429,811.115,362.539,0.000327691,19.9016
1999.72,532.814,21.0021,992.004,566.766,0.000308308,19.9012
1999.37,234.104,-42.5622,-85.3112,82.8888,0.000980723,19.8979
1999.33,319.775,-54.8478,-116.369,170.587,0.000486636,19.8974
1998.59,430.936,-68.2649,-156.583,285.132,0.000327667,19.8905
1998.53,648.966,-86.3256,-235.191,516.943,0.000302712,19.8899
1998.46,868.018,-93.5499,-313.95,749.187,0.000288714,19.8892
1998.41,1070.31,-90.532,-386.648,963.413,0.000273928,19.8888
1999.36,234.415,-40.8743,190.732,99.9871,0.000980722,19.8978
1999.31,320.306,-51.8199,260.112,205.789,0.000486635,19.8973
1999.28,431.805,-62.942,349.891,343.991,0.000327681,19.897
1999.22,650.366,-74.7592,525.292,623.804,0.000302724,19.8964
1999.12,869.977,-73.4276,701.318,904.397,0.000288725,19.8955
1999.06,1072.41,-60.4745,863.899,1163.51,0.000273939,19.8949
1999.53,103.075,214.462,3.10504,78.025,0.000980732,19.8994
1999.5,137.819,293.714,4.23133,160.57,0.000486641,19.8991
1999.48,180.589,397.204,5.69849,268.371,0.000327685,19.8989
1999.44,256.932,602.184,8.55726,486.501,0.000302728,19.8985
1999.36,323.717,810.84,11.4299,704.989,0.000288729,19.8978
1999.32,376.583,1005.9,14.0782,906.474,0.000273943,19.8974
1999.41,57.9752,230.803,120.731,87.431,0.000980725,19.8982
1999.38,75.7765,315.511,164.5,179.932,0.000486637,19.8979
1999.35,96.1978,425.629,221.125,300.742,0.000327682,19.8977
1999.3,127.525,642.104,331.72,545.251,0.000302726,19.8972
1999.25,147.498,860.541,442.662,790.282,0.000288727,19.8967
1999.2,155.701,1062.73,545.017,1016.37,0.000273941,19.8962
1999.43,-182.662,-152.49,-2.205,78.0214,0.000980726,19.8984
1999.37,-247.119,-210.225,-3.03743,160.564,0.000486637,19.8979
1999.34,-328.966,-286.748,-4.13003,268.36,0.000327682,19.8976
1999.25,-483.309,-441.648,-6.26365,486.483,0.000302725,19.8967
1999.2,-630.498,-603.927,-8.37317,704.966,0.000288727,19.8963
1999.16,-759.408,-759.573,-10.3281,906.443,0.00027394,19.8958
1999.52,-148.766,185.674,-87.0808,83.0684,0.000980731,19.8992
1999.48,-205.366,251.187,-118.721,170.951,0.00048664,19.8989
1999.45,-280.491,334.279,-159.656,285.726,0.000327684,19.8987
1999.39,-433.134,490.877,-239.545,517.984,0.000302728,19.898
1999.34,-593.824,640.064,-319.645,750.676,0.000288729,19.8976
1999.3,-748.469,770.382,-393.516,965.319,0.000273943,19.8972
1999.43,167.029,-169.471,-164.575,94.9012,0.000980726,19.8984
1999.38,230.278,-228.587,-224.522,195.313,0.000486637,19.898
1999.33,314.06,-302.926,-302.077,326.468,0.000327682,19.8975
1999.27,483.865,-441.042,-453.677,591.981,0.000302725,19.8969
1999.21,661.677,-569.573,-605.664,858.158,0.000288727,19.8964
1999.17,832.189,-679.102,-746.039,1103.86,0.00027394,19.8959
1999.49,-213.124,105.839,-84.0822,82.7592,0.00098073,19.899
1999.45,-291.952,141.444,-114.679,170.314,0.000486639,19.8986
1999.42,-395.036,185.249,-154.299,284.66,0.000327684,19.8983
1999.36,-599.476,263.21,-231.69,516.058,0.000302727,19.8978
1999.32,-807.887,331.031,-309.228,747.891,0.000288729,19.8974
1999.28,-1002.96,384.353,-380.774,961.737,0.000273942,19.897
1999.48,-196.569,134.085,151.526,92.5029,0.000980729,19.8989
1999.32,-270.032,179.93,206.674,190.375,0.000486636,19.8974
1999.28,-366.547,236.809,278.035,318.218,0.000327681,19.897
1999.22,-559.543,339.86,417.427,577.008,0.000302724,19.8964
1999.16,-758.52,432.266,557.193,836.395,0.000288726,19.8959
1999.12,-946.544,507.655,686.217,1075.78,0.00027394,19.8954
1999.53,-235.454,-34.5327,80.0888,82.3141,0.000980732,19.8994
1999.49,-320.577,-50.2067,109.197,169.399,0.000486641,19.899
1999.47,-430.205,-72.9305,146.853,283.133,0.000327685,19.8988
1999.43,-642.617,-125.286,220.441,513.292,0.000302728,19.8984
1999.39,-852.559,-188.177,294.163,743.874,0.00028873,19.898
1999.35,-1043.28,-255.358,362.178,956.561,0.000273943,19.8977
1999.49,-236.223,28.6479,110.272,85.9956,0.00098073,19.899
1999.46,-322.462,35.7713,150.384,176.979,0.000486639,19.8987
1999.39,-434.328,42.3781,202.339,295.813,0.000327683,19.8981
1999.35,-652.998,46.7715,303.744,536.31,0.000302727,19.8976
1999.29,-872.12,39.8704,405.365,777.277,0.000288728,19.8971
1999.24,-1073.86,23.4374,499.174,999.59,0.000273942,19.8967
1999.84,-114.95,-208.379,-233.631,109.346,0.00098075,19.9023
1999.8,-153.015,-286.08,-318.567,225.056,0.00048665,19.902
1999.63,-199.331,-388.2,-428.639,376.22,0.000327688,19.9003
1999.44,-279.773,-591.912,-643.818,682.467,0.000302729,19.8985
1999.38,-346.898,-801.206,-859.718,989.681,0.00028873,19.8979
1999.27,-396.684,-998.203,-1059.33,1273.57,0.000273942,19.8969
1999.28,219.633,91.4717,148.337,91.9495,0.000980718,19.897
1999.23,298.166,128.018,202.339,189.231,0.000486633,19.8965
1999.2,398.469,177.777,272.156,316.3,0.000327679,19.8962
1999.12,590.299,283.145,408.653,573.517,0.000302723,19.8955
1999.07,776.415,399.238,545.47,831.334,0.000288724,19.8951
1999.04,942.358,515.435,671.826,1069.28,0.000273938,19.8947
1999.4,235.673,-32.7807,35.2325,78.8623,0.000980725,19.8982
1999.36,321.803,-41.696,48.0256,162.297,0.000486637,19.8978
1999.33,433.366,-50.8294,64.5644,271.26,0.000327682,19.8975
1999.27,651.875,-60.8746,96.9014,491.748,0.000302725,19.8969
1999.21,870.972,-60.5906,129.345,712.614,0.000288727,19.8964
1999.17,1072.87,-51.1148,159.255,916.298,0.00027394,19.896
1999.31,-125.707,202.042,-158.365,93.7318,0.000980719,19.8973
1999.28,-174.512,273.547,-216.01,192.915,0.000486634,19.897
1999.24,-239.974,364.398,-290.578,322.468,0.00032768,19.8967
1999.18,-375.374,536.378,-436.371,584.729,0.000302724,19.8961
1999.12,-520.642,700.901,-582.586,847.63,0.000288725,19.8955
1999.08,-662.76,845.231,-717.532,1090.31,0.000273939,19.8951
1999.4,-16.049,237.424,150.542,92.3211,0.000980724,19.8981
1999.36,-25.4178,323.433,205.256,189.997,0.000486637,19.8978
1999.33,-40.3193,434.475,276.117,317.578,0.000327682,19.8975
1999.28,-78.4724,649.988,414.546,575.819,0.000302726,19.897
1998.81,-128.652,863.533,553.278,834.654,0.00028872,19.8926
1998.77,-185.467,1057.99,681.298,1073.49,0.000273934,19.8922
1999.38,188.867,-144.694,-172.259,96.3738,0.000980723,19.8979
1999.34,259.772,-194.339,-235,198.339,0.000486636,19.8976
1999.26,353.266,-256.211,-316.269,331.528,0.000327681,19.8969
1999.21,540.857,-368.884,-474.922,601.165,0.000302724,19.8963
1999.15,735.28,-470.828,-634.098,871.489,0.000288726,19.8958
1999.1,919.709,-554.776,-780.983,1121.03,0.000273939,19.8953
1999.42,116.928,207.296,-138.939,90.3925,0.000980726,19.8983
1999.38,156.359,284.303,-189.555,186.034,0.000486637,19.898
1999.36,204.96,385.25,-255.105,310.953,0.000327683,19.8977
1999.3,291.689,586.087,-383.085,563.789,0.000302726,19.8972
1999.26,367.617,791.932,-511.427,817.178,0.000288728,19.8968
1999.2,427.679,985.261,-629.86,1051.02,0.000273941,19.8962
1999.44,-221.512,86.946,103.616,85.1024,0.000980727,19.8985
1999.41,-303.243,115.496,141.319,175.136,0.000486638,19.8982
1999.38,-409.818,149.973,190.097,292.722,0.000327683,19.898
1999.33,-620.349,209.212,285.345,530.694,0.000302726,19.8975
1999.28,-834.18,257.762,380.838,769.131,0.000288728,19.897
1999.24,-1033.44,292.821,468.954,989.1,0.000273942,19.8967
1999.9,-47.5781,159.848,177.962,9.92498,0.00270508,19.9029
1999.79,-70.4197,227.296,253.943,109.782,0.000980747,19.9018
1999.74,-100.217,308.581,346.321,230.546,0.000486648,19.9013
1999.7,-142.059,412.625,465.983,388.327,0.000327689,19.9009
1999.56,-234.191,611.352,699.761,707.921,0.000302731,19.8997
1999.5,-340.132,804.087,934.554,1028.69,0.000288732,19.8991
1999.46,-418.759,929.45,1092.53,1244.11,0.000279202,19.8988
1998.93,-420.712,932.413,1096.32,1248.06,0.000277377,19.8937
1999.55,-219.368,-92.2527,-66.222,80.9893,0.000980733,19.8995
1999.51,-297.87,-128.667,-90.3224,166.672,0.000486641,19.8991
1999.48,-398.417,-178.038,-121.516,278.573,0.000327685,19.8989
1999.38,-591.006,-281.538,-182.418,505.017,0.000302727,19.8979
1999.33,-778.833,-394.585,-243.488,731.865,0.000288729,19.8975
1999.3,-946.92,-506.95,-299.897,941.131,0.000273943,19.8971
1999.24,161.832,174.47,114.901,86.6668,0.000980715,19.8966
1999.19,218.129,240.149,156.726,178.358,0.000486632,19.8962
1999.16,289.015,326.903,210.886,298.108,0.000327679,19.8959
1998.94,420.726,501.641,316.603,540.435,0.000302719,19.8938
1998.88,543.454,683.312,422.542,783.257,0.000288721,19.8933
1998.85,648.187,856.427,520.298,1007.29,0.000273935,19.8929
1999.53,10.8516,237.668,129.02,88.7629,0.000980732,19.8994
1999.5,11.4132,324.251,175.996,182.677,0.000486641,19.8991
1999.46,9.43149,436.255,236.771,305.338,0.000327685,19.8987
1999.39,-3.2508,654.641,355.486,553.615,0.000302728,19.898
1999.32,-27.5877,872.645,474.565,802.436,0.000288729,19.8974
1999.28,-60.298,1072.37,584.435,1032.03,0.000273942,19.897
1999.47,-210.426,111.015,-70.2974,81.346,0.000980729,19.8988
1999.44,-288.418,148.62,-95.8535,167.408,0.000486639,19.8985
1999.41,-390.358,195.025,-128.903,279.801,0.000327684,19.8983
1999.36,-592.583,278.214,-193.451,507.248,0.000302727,19.8978
1999.32,-799.12,351.621,-258.126,735.093,0.000288729,19.8974
1999.28,-992.654,410.288,-317.8,945.25,0.000273942,19.897
1999.57,-104.523,-213.775,36.3125,78.9265,0.000980734,19.8997
1999.54,-139.79,-292.826,49.5557,162.426,0.000486642,19.8994
1999.51,-183.188,-396.005,66.68,271.473,0.000327685,19.8992
1999.46,-260.713,-600.548,100.16,492.133,0.000302729,19.8987
1999.42,-328.563,-808.879,133.692,713.165,0.00028873,19.8983
1999.38,-382.342,-1003.71,164.619,917.003,0.000273944,19.898
1999.52,222.575,-84.0495,-94.087,83.912,0.000980732,19.8993
1999.49,304.614,-111.585,-128.351,172.691,0.00048664,19.899
1999.45,411.648,-144.8,-172.729,288.64,0.000327684,19.8986
1999.4,622.836,-201.607,-259.314,523.284,0.000302728,19.8982
1999.35,837.193,-247.833,-346.148,758.382,0.000288729,19.8977
1999.31,1036.74,-280.828,-426.257,975.262,0.000273943,19.8973
1999.93,-4.4885,-183.154,241.677,6.23386,0.00184668,19.9032
1999.85,-3.51417,-237.955,313.962,86.9755,0.000980751,19.9024
1999.8,0.17418,-324.446,428.112,223.675,0.000486649,19.9019
1999.76,8.88915,-436.255,575.997,402.317,0.00032769,19.9015
1999.67,38.7166,-653.532,865.272,764.37,0.000302733,19.9007
1999.62,65.882,-787.854,1046.03,990.097,0.000289259,19.9002
1999.32,-11.751,-237.708,-186.824,99.1962,0.00098072,19.8974
1999.29,-12.1561,-324.195,-254.731,204.168,0.000486634,19.8971
1999.26,-9.656,-436.256,-342.734,341.282,0.000327681,19.8968
1999.2,5.06363,-654.695,-514.639,618.879,0.000302724,19.8963
1999.11,32.8603,-872.439,-687.031,897.239,0.000288725,19.8954
1999.02,70.0835,-1071.81,-846.283,1154.26,0.000273938,19.8946
1999.51,-121.032,204.851,36.3378,78.9251,0.000980731,19.8992
1999.48,-167.698,277.788,49.5697,162.423,0.00048664,19.8989
1999.46,-230.037,370.757,66.6693,271.468,0.000327684,19.8987
1999.41,-358.289,547.959,100.087,492.12,0.000302728,19.8983
1999.38,-495.021,719.163,133.572,713.147,0.00028873,19.8979
1999.33,-628.218,871.189,164.453,916.98,0.000273943,19.8974
1999.49,75.7901,-225.598,-162.638,94.4971,0.00098073,19.899
1999.45,106.744,-306.384,-221.731,194.472,0.000486639,19.8986
1999.42,149.506,-409.93,-298.247,325.055,0.000327684,19.8984
1999.2,241.715,-608.452,-447.753,589.391,0.000302724,19.8963
1999.14,345.343,-801.855,-597.517,854.318,0.000288726,19.8957
1999.09,450.724,-974.979,-735.703,1098.79,0.000273939,19.8952
1999.44,-23.5011,236.767,78.7159,82.1802,0.000980727,19.8985
1999.39,-35.1905,322.498,107.341,169.122,0.000486638,19.8981
1999.37,-52.8141,433.165,144.407,282.667,0.000327683,19.8979
1999.33,-95.2215,647.69,216.744,512.442,0.000302726,19.8975
1999.28,-148.312,860.419,289.276,742.64,0.000288728,19.897
1999.24,-206.54,1054.06,356.185,954.978,0.000273942,19.8966
1999.77,233.004,-48.4397,242.309,111.347,0.000980747,19.9017
1999.73,318.521,-61.847,330.41,229.171,0.000486647,19.9013
1999.69,429.713,-75.8274,444.49,383.117,0.000327689,19.9009
1999.62,648.187,-92.1471,667.53,694.901,0.000302732,19.9002
1999.53,868.047,-93.826,891.364,1007.73,0.000288732,19.8993
1999.48,1070.96,-82.2875,1098.24,1296.84,0.000273945,19.8989
1999.47,120.292,205.301,2.74634,78.022,0.000980728,19.8988
1999.44,161.453,281.416,3.71731,160.564,0.000486639,19.8985
1999.38,212.606,381.028,4.97232,268.361,0.000327683,19.898
1999.32,305.549,578.963,7.42702,486.484,0.000302726,19.8974
1999.28,389.298,781.475,9.86389,704.966,0.000288728,19.897
1999.24,458.046,971.517,12.1227,906.444,0.000273942,19.8966
1999.56,-151.12,183.814,-84.0111,82.7352,0.000980734,19.8996
1999.52,-208.483,248.632,-114.562,170.268,0.000486641,19.8993
1999.5,-284.563,330.789,-154.088,284.588,0.000327685,19.8991
1999.43,-439.069,485.542,-231.286,515.936,0.000302728,19.8984
1999.38,-601.508,632.816,-308.714,747.721,0.00028873,19.8979
1999.33,-757.634,761.338,-380.116,961.52,0.000273943,19.8975
1999.41,197.275,133.123,-158.15,93.6875,0.000980725,19.8983
1999.38,266.943,184.473,-215.651,192.8,0.000486637,19.8979
1999.33,355.358,253.193,-290.031,322.249,0.000327682,19.8975
1999.27,522.31,394.732,-435.43,584.289,0.000302725,19.8969
1999.21,681.425,545.777,-581.18,846.955,0.000288727,19.8963
1999.16,820.593,693.058,-715.797,1089.41,0.00027394,19.8959
1999.51,-66.7623,228.407,46.612,79.4901,0.000980731,19.8992
1999.47,-93.9342,310.589,63.5033,163.586,0.00048664,19.8988
1999.45,-131.384,416.145,85.3528,273.411,0.000327684,19.8986
1999.38,-211.862,619.44,128.001,495.642,0.000302727,19.898
1999.34,-302.151,819.081,170.722,718.252,0.000288729,19.8976
1999.31,-393.871,999.319,210.143,923.553,0.000273943,19.8972
1999.5,137.05,194.515,-0.0433934,78.0198,0.00098073,19.8991
1999.42,184.326,266.995,0.0366579,160.56,0.000486638,19.8983
1999.4,243.495,362.07,0.145235,268.355,0.000327683,19.8981
1999.34,352.429,551.756,0.348808,486.472,0.000302727,19.8976
1999.3,452.505,746.656,0.513762,704.95,0.000288728,19.8972
1999.26,536.627,930.422,0.634412,906.424,0.000273942,19.8968
1999.88,176.009,-160.156,-347.105,69.0116,0.000980753,19.9027
1999.83,243.523,-214.427,-473.379,215.058,0.00048665,19.9023
1999.78,333.546,-281.376,-636.945,405.959,0.000327691,19.9017
1999.69,517.52,-401.008,-956.96,792.978,0.000302733,19.9009
1999.67,558.864,-425.005,-1026.66,876.287,0.000289131,19.9007
1999.4,-215.344,101.204,9.43384,78.0787,0.000980725,19.8981
1999.37,-294.884,135.275,12.8586,160.681,0.000486637,19.8978
1999.34,-398.729,177.167,17.2915,268.557,0.000327682,19.8976
1999.3,-604.352,251.758,25.9416,486.838,0.000302726,19.8972
1999.26,-813.572,316.754,34.5928,705.477,0.000288728,19.8968
1999.22,-1009.07,367.965,42.565,907.1,0.000273941,19.8964
1999.37,-177.023,-158.996,7.02494,78.05,0.000980723,19.8978
1999.33,-239.411,-219.033,9.53766,160.622,0.000486636,19.8975
1999.26,-318.421,-298.364,12.7901,268.458,0.000327681,19.8968
1999.2,-467.162,-458.684,19.1343,486.659,0.000302724,19.8963
1999.15,-608.456,-626.119,25.4896,705.222,0.000288726,19.8957
1999.11,-731.705,-786.285,31.3529,906.775,0.000273939,19.8954
1999.53,184.567,-150.224,-66.5525,81.0008,0.000980732,19.8993
1999.47,253.561,-202.373,-90.6848,166.695,0.00048664,19.8988
1999.44,344.381,-267.902,-121.922,278.607,0.000327684,19.8985
1999.37,526.304,-389.277,-182.931,505.075,0.000302727,19.8979
1999.32,714.316,-501.994,-244.068,731.934,0.000288729,19.8974
1999.27,892.406,-597.724,-300.421,941.164,0.000273942,19.8969
1999.4,95.2892,218.079,-195.369,100.913,0.000980725,19.8981
1999.36,126.337,298.814,-266.292,207.681,0.000486637,19.8978
1999.33,163.687,404.493,-358.211,347.159,0.000327682,19.8975
1999.28,227.092,613.99,-537.737,629.561,0.000302726,19.897
1999.22,277.891,827.709,-717.922,912.746,0.000288727,19.8965
1999.18,313.21,1027.42,-884.267,1174.26,0.000273941,19.896
1999.4,-130.459,199.033,210.59,104.216,0.000980724,19.8981
1999.35,-181.206,269.18,287.241,214.491,0.000486636,19.8977
1999.32,-249.432,358.073,386.45,358.548,0.000327682,19.8973
1999.24,-390.745,525.269,580.326,650.265,0.000302725,19.8966
1999.17,-542.785,683.856,774.879,942.833,0.000288726,19.896
1999.13,-691.868,821.586,954.543,1213.05,0.00027394,19.8955
1999.42,-60.562,230.163,-134.295,89.5734,0.000980726,19.8983
1999.38,-85.8179,312.859,-183.061,184.345,0.000486637,19.8979
1999.35,-121.15,419.212,-246.283,308.135,0.000327682,19.8976
1999.28,-198.501,623.859,-369.734,558.699,0.000302726,19.897
1999.22,-287.006,824.567,-493.526,809.817,0.000288727,19.8964
1999.18,-378.163,1005.3,-607.795,1041.57,0.000273941,19.896
1999.95,-172.124,61.2424,241.732,5.32159,0.00184668,19.9033
1999.6,-224.955,77.5648,314.877,86.2189,0.000980736,19.9001
1999.44,-308.352,101.035,429.438,223.163,0.000486639,19.8985
1999.39,-417.305,127.596,577.7,402.103,0.000327683,19.8981
1999.33,-633.064,166.944,867.763,764.788,0.000302726,19.8974
1999.27,-766.974,182.736,1046.06,987.227,0.000289253,19.8969
1999.85,-18.5418,-237.227,237.072,110.145,0.000980751,19.9024
1999.79,-21.0548,-323.809,323.35,226.694,0.000486649,19.9018
1999.76,-20.9427,-435.855,434.963,378.963,0.00032769,19.9016
1999.69,-9.81701,-654.609,653.149,687.318,0.000302733,19.9009
1999.48,15.8336,-872.946,872.16,996.706,0.000288731,19.8989
1999.42,52.3708,-1072.82,1074.66,1282.68,0.000273945,19.8983
1999.85,-140.582,191.978,-296.427,93.4911,0.000980751,19.9024
1999.81,-195.554,258.941,-404.317,225.407,0.00048665,19.902
1999.76,-269.589,343.14,-543.912,397.757,0.00032769,19.9016
1999.69,-423.421,499.357,-817.03,747.06,0.000302733,19.9009
1999.62,-568.155,626.99,-1057.45,1054.31,0.000282131,19.9002
1999.17,-149.992,184.783,94.9775,84.0245,0.000980711,19.896
1999.14,-206.962,249.913,129.57,172.919,0.00048663,19.8957
1999.11,-282.585,332.486,174.33,289.016,0.000327678,19.8954
1999.07,-436.327,488.015,261.752,523.966,0.000302722,19.895
1999.03,-598.154,635.994,349.378,759.353,0.000288724,19.8946
1998.99,-753.868,765.068,430.194,976.494,0.000273937,19.8942
1.3452,-637.936,623.912,798.73,1303.87,0.00475114,inf
1.3452,-515.917,515.775,1009.06,1565.88,0.00480722,inf
1999.49,-224.639,78.3911,70.8187,81.4225,0.00098073,19.899
1999.45,-307.368,103.866,96.6773,167.57,0.000486639,19.8987
1999.43,-415.119,134.442,130.137,280.079,0.000327684,19.8984
1999.24,-627.55,186.319,195.461,507.753,0.000302725,19.8966
1999.2,-842.832,227.833,260.968,735.841,0.000288727,19.8962
1999.16,-1042.98,256.759,321.386,946.214,0.00027394,19.8959
1999.47,-234.478,40.3848,-36.8893,78.9584,0.000980729,19.8988
1999.44,-320.27,52.0783,-50.373,162.492,0.000486639,19.8986
1999.4,-431.514,64.8206,-67.8024,271.583,0.000327683,19.8982
1999.35,-649.492,81.9184,-101.842,492.328,0.000302727,19.8977
1999.32,-868.541,88.6822,-135.947,713.444,0.000288729,19.8974
1999.28,-1070.64,85.6839,-167.4,917.364,0.000273942,19.897
1999.83,-221.53,252.853,729.707,17.9591,0.000387288,19.9022
1999.82,-241.175,271.468,788.387,57.5537,0.000363645,19.9021
1999.78,-295.931,320.726,948.068,229.881,0.000327691,19.9018
1999.78,-304.412,328.027,972.329,255.221,0.00031738,19.9017
1999.51,-17.7915,-237.311,-89.7407,83.3879,0.000980731,19.8992
1999.48,-21.0577,-323.811,-122.393,171.609,0.00048664,19.8989
1999.43,-22.7424,-435.801,-164.63,286.823,0.000327684,19.8984
1999.37,-17.7658,-654.432,-247.082,519.975,0.000302727,19.8979
1999.3,-1.8283,-873.033,-329.719,753.565,0.000288728,19.8972
1999.26,22.5886,-1073.89,-406,969.04,0.000273942,19.8969
1999.86,-190.192,-143.04,322.695,82.188,0.000980752,19.9025
1999.81,-256.225,-199.04,440.097,221.367,0.00048665,19.902
1999.77,-339.139,-274.61,592.256,403.28,0.000327691,19.9017
1999.67,-492.136,-431.793,889.839,771.995,0.000302733,19.9007
1999.64,-563.74,-514.663,1038.41,955.519,0.000290859,19.9004
1999.54,-214.973,-102.064,30.7868,78.6754,0.000980733,19.8994
1999.51,-291.769,-141.857,42.0369,161.909,0.000486641,19.8992
1999.48,-390.125,-195.525,56.6074,270.608,0.000327685,19.8989
1999.42,-578.191,-307.035,85.0461,490.562,0.000302728,19.8984
1999.24,-761.23,-427.566,113.526,710.878,0.000288727,19.8966
1999.2,-924.824,-546.308,139.827,914.061,0.000273941,19.8962
1999.28,-74.3967,-226.022,215.851,105.324,0.000980717,19.897
1999.23,-97.6374,-309.416,294.318,216.759,0.000486633,19.8966
1999.18,-124.619,-418.173,395.895,362.341,0.000327679,19.8961
1999.13,-167.123,-633.013,594.424,657.121,0.000302723,19.8956
1999.07,-196.065,-850.813,793.634,952.812,0.000288724,19.895
1999.02,-210.496,-1053.31,977.755,1226.01,0.000273938,19.8946
1999.32,173.137,163.254,-145.772,91.4957,0.00098072,19.8974
1999.26,233.622,225.196,-198.8,188.304,0.000486634,19.8968
1999.23,309.844,307.249,-267.396,314.749,0.00032768,19.8965
1999.18,452.005,473.627,-401.442,570.685,0.000302724,19.896
1999.11,585.096,647.962,-535.787,827.204,0.000288725,19.8954
1999.06,699.323,815.274,-659.881,1063.95,0.000273939,19.8949
1999.12,55.9297,231.259,-56.8744,80.217,0.000980708,19.8955
1999.09,73.3158,316.063,-77.5771,165.083,0.000486629,19.8952
1999.06,93.4007,426.198,-104.341,275.915,0.000327677,19.8949
1999.01,124.791,642.646,-156.605,500.184,0.000302721,19.8945
1998.97,145.774,860.81,-208.965,724.84,0.000288723,19.8941
1998.94,155.779,1062.71,-257.244,932.033,0.000273937,19.8938
1999.45,87.307,221.384,-48.6752,79.6441,0.000980727,19.8986
1999.42,116.167,302.947,-66.4365,163.905,0.000486638,19.8983
1999.39,151.219,409.316,-89.4261,273.948,0.000327683,19.8981
1999.33,212.124,619.314,-134.264,496.613,0.000302726,19.8975
1999.29,263.05,832.528,-179.215,719.661,0.000288728,19.8971
1998.92,300.875,1031.1,-220.597,925.358,0.000273936,19.8936
1999.54,208.984,-113.69,-80.6762,82.3794,0.000980733,19.8995
1999.46,286.586,-152.157,-110.03,169.537,0.00048664,19.8987
1999.42,388.054,-199.647,-147.991,283.362,0.000327684,19.8983
1999.38,589.459,-284.906,-222.115,513.711,0.000302727,19.8979
1999.34,795.267,-360.263,-296.433,744.494,0.000288729,19.8975
1999.29,988.252,-420.675,-365.012,957.372,0.000273942,19.8971
1999.54,110.446,-210.813,25.2463,78.4534,0.000980733,19.8995
1999.52,153.236,-286.001,34.4018,161.453,0.000486641,19.8992
1999.47,210.683,-382.096,46.2491,269.846,0.000327685,19.8988
1999.42,329.522,-565.735,69.3979,489.178,0.000302728,19.8984
1999.38,457.069,-743.871,92.6051,708.877,0.00028873,19.8979
1999.33,582.028,-902.714,114.029,911.481,0.000273943,19.8975
1999.95,153.548,-44.9764,-177.914,0.0718566,0.00270509,19.9034
1999.82,229.164,-64.0183,-264.637,102.203,0.00098075,19.9022
1999.78,313.659,-82.9431,-360.928,225.712,0.000486649,19.9017
1999.71,423.822,-103.98,-485.64,387.074,0.00032769,19.9011
1999.65,640.897,-133.608,-729.281,713.938,0.000302732,19.9006
1999.57,860.469,-148.008,-973.948,1041.98,0.000288733,19.8998
1999.54,960.243,-149.443,-1084.87,1190.21,0.000280154,19.8995
1999.26,225.438,-76.0818,-197.963,101.52,0.000980716,19.8968
1999.21,308.706,-99.9782,-270.053,208.935,0.000486632,19.8964
1999.18,417.164,-127.891,-363.25,349.25,0.000327679,19.896
1999.12,631.487,-172.644,-545.472,633.349,0.000302723,19.8955
1999.06,848.856,-204.363,-728.283,918.229,0.000288724,19.895
1999.02,1050.99,-221.842,-897.05,1181.28,0.000273938,19.8945
1999.07,-211.837,-108.373,216.015,105.337,0.000980705,19.895
1999.02,-286.957,-151.384,294.502,216.795,0.000486627,19.8945
1998.99,-382.568,-209.847,396.133,362.409,0.000327675,19.8942
1998.4,-563.719,-332.895,594.805,657.307,0.00030271,19.8886
1998.33,-737.279,-467.597,794.26,953.186,0.000288712,19.888
1998.29,-889.787,-601.643,978.575,1226.51,0.000273926,19.8876
1999.49,-175.578,-160.651,102.306,84.9358,0.00098073,19.899
1999.46,-237.104,-221.439,139.507,174.794,0.00048664,19.8987
1999.42,-314.957,-301.962,187.669,292.146,0.000327684,19.8983
1999.36,-460.884,-465.013,281.732,529.628,0.000302727,19.8978
1999.31,-598.566,-635.593,375.953,767.569,0.000288729,19.8973
1999.27,-717.778,-799.097,462.928,987.079,0.000273942,19.8969
1999.31,-203.002,124.2,-183.613,98.5684,0.000980719,19.8973
1999.27,-278.762,165.975,-250.394,202.869,0.000486634,19.8969
1999.24,-378.351,217.449,-336.949,339.122,0.00032768,19.8966
1999.18,-577.085,309.132,-505.982,614.992,0.000302724,19.8961
1999.13,-781.587,389.116,-675.583,891.6,0.000288725,19.8956
1999.06,-974.352,452.113,-832.199,1146.99,0.000273939,19.895
1999.44,-147.949,-186.355,34.779,78.8489,0.000980727,19.8985
1999.39,-199.374,-256.022,47.457,162.268,0.000486638,19.8981
1999.37,-263.909,-347.484,63.8429,271.209,0.000327683,19.8979
1999.32,-383.55,-530.605,95.8608,491.652,0.000302726,19.8974
1999.28,-494.575,-719.49,127.93,712.464,0.000288728,19.897
1999.24,-588.956,-898.219,157.513,916.101,0.000273942,19.8967
1999.81,57.327,230.957,269.212,103.093,0.000980749,19.9021
1999.76,73.7476,315.949,367.133,227.785,0.000486648,19.9016
1999.73,91.4509,426.662,493.993,390.727,0.00032769,19.9013
1999.65,114.416,644.621,742.089,720.87,0.000302732,19.9005
1999.59,121.915,864.528,991.197,1052.28,0.000288733,19.8999
1999.56,120.784,943.818,1080.96,1170.99,0.000274684,19.8996
1999.93,-103.991,159.62,-273.574,2.28107,0.00158051,19.9032
1999.88,-131.658,198.251,-341.795,70.5732,0.000980753,19.9027
1999.83,-183.81,267.353,-466.075,215.105,0.00048665,19.9022
1999.78,-254.71,354.353,-627.199,404.013,0.000327691,19.9018
1999.71,-403.55,515.491,-942.234,786.998,0.000302733,19.901
1999.69,-447.608,558.436,-1030.59,893.413,0.000286276,19.9009
1999.4,-172.511,-163.905,-155.924,93.1724,0.000980725,19.8981
1999.37,-232.431,-226.401,-212.413,191.76,0.000486637,19.8978
1999.34,-307.872,-309.209,-285.498,320.53,0.000327682,19.8975
1999.29,-448.308,-477.141,-428.342,581.194,0.000302726,19.8971
1999.24,-579.41,-653.087,-571.479,842.453,0.000288727,19.8966
1999.18,-691.562,-821.853,-703.613,1083.57,0.000273941,19.896
1999.79,-208.519,114.649,273.58,104.017,0.000980748,19.9019
1999.72,-286.52,152.323,373.13,229.83,0.000486647,19.9012
1999.68,-389,197.783,501.977,394.22,0.000327689,19.9008
1999.61,-593.828,275.719,753.864,727.23,0.000302731,19.9001
1999.55,-804.522,339.085,1006.7,1061.49,0.000288733,19.8995
1999.53,-863.81,354.009,1076.95,1153.6,0.00027662,19.8994
1996.6,-65.2805,228.859,-134.89,89.69,0.00098056,19.8717
1996.57,-92.3419,311.081,-184,184.601,0.000486555,19.8713
1996.53,-129.942,416.544,-247.529,308.568,0.000327627,19.8709
1996.48,-211.76,619.519,-371.714,559.483,0.000302675,19.8705
1996.44,-304.621,818.198,-496.16,810.948,0.000288679,19.87
1996.39,-399.784,996.963,-611.079,1043,0.000273895,19.8696
1999.2,-136.721,194.781,56.5846,80.1925,0.000980713,19.8963
1999.17,-188.939,263.76,77.1448,165.032,0.000486631,19.896
1999.14,-258.456,351.547,103.754,275.83,0.000327678,19.8957
1999.09,-400.417,517.983,155.729,500.036,0.000302722,19.8952
1999.05,-550.477,677.664,207.769,724.626,0.000288724,19.8948
1999.02,-695.586,818.412,255.767,931.759,0.000273938,19.8945
1999.52,57.7968,-230.87,73.172,81.6413,0.000980732,19.8993
1999.49,81.8112,-313.922,99.8203,168.015,0.000486641,19.899
1999.46,115.357,-420.873,134.357,280.816,0.000327684,19.8987
1999.4,188.464,-626.96,201.741,509.083,0.000302728,19.8982
1999.27,271.747,-829.666,269.278,737.763,0.000288728,19.8969
1999.23,357.478,-1012.9,331.604,948.696,0.000273941,19.8965
1999.4,32.512,235.7,61.2163,80.5547,0.000980724,19.8981
1999.35,41.2923,321.856,83.4813,165.779,0.000486636,19.8977
1999.33,50.1915,433.451,112.264,277.081,0.000327682,19.8975
1999.28,59.6151,651.905,168.499,502.311,0.000302726,19.897
1999.22,58.4994,871.123,224.894,727.938,0.000288727,19.8964
1999.18,48.079,1073.01,276.878,936.028,0.000273941,19.8961
1999.82,188.94,-144.661,-219.246,106.09,0.000980749,19.9021
1999.78,260.122,-193.985,-299.009,218.347,0.000486649,19.9017
1999.72,354.018,-255.108,-402.239,365.021,0.00032769,19.9012
1999.67,543.1,-365.638,-604.105,662.06,0.000302733,19.9007
1999.59,739.424,-464.188,-806.571,960.005,0.000288733,19.8999
1999.54,926.211,-543.984,-993.779,1235.26,0.000273947,19.8995
1999.48,100.417,-215.76,-206.45,103.359,0.000980729,19.8989
1999.44,140.516,-292.471,-281.656,212.736,0.000486639,19.8985
1999.41,195.21,-390.285,-379.039,355.628,0.000327684,19.8982
1999.35,310.895,-576.131,-569.312,644.973,0.000302727,19.8977
1999.29,438.386,-755.076,-760.326,935.187,0.000288728,19.8971
1999.21,565.826,-912.99,-936.705,1203.23,0.000273941,19.8964
1999.53,-104.675,213.659,-16.8791,78.2147,0.000980732,19.8994
1999.49,-145.449,289.974,-23.0317,160.962,0.000486641,19.899
1999.47,-200.339,387.63,-31.0004,269.027,0.000327685,19.8988
1999.42,-314.186,574.343,-46.5274,487.691,0.000302728,19.8984
1999.37,-436.891,755.847,-62.0606,706.715,0.00028873,19.8979
1999.34,-557.566,918.09,-76.39,908.693,0.000273943,19.8975
1999.48,-181.077,154.381,112.827,86.3274,0.000980729,19.8989
1999.44,-249.061,207.977,153.816,177.659,0.000486639,19.8985
1999.4,-338.583,275.207,206.831,296.946,0.000327683,19.8982
1999.34,-518.546,399.643,310.472,538.378,0.000302727,19.8976
1999.29,-705.107,514.822,414.34,780.302,0.000288728,19.8971
1999.25,-882.431,612.431,510.22,1003.5,0.000273942,19.8968
1999.85,-206.831,117.715,-272.373,103.763,0.000980751,19.9024
1999.8,-284.226,156.51,-371.431,229.261,0.00048665,19.9019
1999.76,-386.022,203.488,-499.716,393.241,0.00032769,19.9016
1999.71,-589.666,284.509,-750.588,725.468,0.000302733,19.9011
1999.64,-799.401,351.096,-1002.45,1058.95,0.000288734,19.9004
1999.62,-862.312,367.901,-1076.96,1156.94,0.000276622,19.9002
1999.56,-205.763,-119.5,-0.431491,78.0177,0.000980734,19.8996
1999.53,-279.051,-165.509,-0.652644,160.556,0.000486642,19.8993
1999.5,-372.611,-227.038,-0.93491,268.346,0.000327685,19.8991
1999.46,-550.93,-353.58,-1.49302,486.455,0.000302729,19.8987
1999.41,-723.523,-488.676,-2.02749,704.926,0.00028873,19.8982
1999.36,-876.873,-620.28,-2.52531,906.395,0.000273944,19.8978
1998.19,75.6804,225.569,37.4714,78.988,0.000980653,19.8867
1998.16,100.324,308.571,51.1891,162.556,0.000486602,19.8864
1998.13,129.861,416.561,68.9264,271.694,0.000327658,19.8861
1998.04,179.966,629.495,103.584,492.536,0.000302703,19.8853
1998,219.965,844.907,138.28,713.749,0.000288706,19.8849
1997.95,247.777,1045.14,170.314,917.759,0.00027392,19.8844
1999.46,-173.061,-163.34,-75.5109,81.8416,0.000980728,19.8987
1999.43,-233.757,-225.027,-102.933,168.43,0.000486639,19.8984
1999.4,-310.513,-306.609,-138.439,281.518,0.000327683,19.8982
1999.35,-454.331,-471.317,-207.758,510.368,0.000302727,19.8977
1999.3,-590.244,-643.344,-277.239,739.627,0.000288728,19.8972
1999.27,-707.956,-807.751,-341.336,951.093,0.000273942,19.8969
1999.89,-162.523,-137.539,-337.403,7.82286,0.00121536,19.9028
1999.87,-180.866,-154.63,-377.112,44.3871,0.000980752,19.9026
1999.79,-242.934,-215.132,-514.354,199.133,0.000486649,19.9019
1999.74,-320.065,-296.589,-691.948,401.391,0.00032769,19.9014
1999.67,-449.192,-451.363,-1011.04,777.673,0.000293625,19.9007
1999.63,-450.627,-453.234,-1014.77,782.057,0.000302732,19.9003
1999.55,74.0634,226.179,42.0727,79.2195,0.000980733,19.8995
1999.51,98.0791,309.251,57.3058,163.029,0.000486641,19.8992
1999.48,126.863,417.506,77.0392,272.482,0.000327685,19.8989
1998.97,175.414,630.693,115.523,493.956,0.00030272,19.894
1998.92,213.863,846.498,154.055,715.797,0.000288722,19.8936
1998.88,240.215,1046.9,189.568,920.381,0.000273936,19.8932
1999.34,113.734,-208.991,85.9948,82.9581,0.000980721,19.8975
1999.31,157.882,-283.471,117.278,170.723,0.000486635,19.8973
1999.29,217.166,-378.52,157.748,285.344,0.000327681,19.8971
1999.13,339.805,-559.63,236.756,517.295,0.000302723,19.8956
1999.04,471.533,-734.742,315.881,749.668,0.000288724,19.8948
1999,600.75,-890.421,388.905,964.003,0.000273938,19.8944
1999.46,-130.405,199.026,7.13273,78.0525,0.000980728,19.8987
1999.43,-180.325,269.707,9.69312,160.627,0.000486639,19.8984
1999.41,-246.849,359.783,12.9944,268.465,0.000327683,19.8982
1999.36,-382.936,531.028,19.457,486.671,0.000302727,19.8978
1999.31,-527.107,695.99,25.9554,705.236,0.000288729,19.8973
1999.27,-666.8,842.03,31.9538,906.789,0.000273942,19.8969
1999.65,-112.689,-209.626,268.248,102.877,0.000980739,19.9005
1999.6,-149.63,-287.918,365.792,227.295,0.000486644,19.9001
1999.57,-194.21,-390.798,492.127,389.852,0.000327687,19.8997
1999.49,-270.493,-596.179,739.086,719.195,0.000302729,19.899
1999.34,-332.391,-807.313,987.105,1049.78,0.000288729,19.8976
1999.32,-351.89,-888.229,1080.91,1174.16,0.00027468,19.8974
1999.9,-78.0611,-192.232,305.512,15.1235,0.00137617,19.9029
1999.87,-88.2498,-220.992,350.431,67.227,0.000980752,19.9026
1999.8,-115.344,-303.3,477.992,214.257,0.000486649,19.9019
1999.75,-146.332,-411.128,643.195,406.469,0.00032769,19.9015
1999.67,-193.466,-625.456,966.409,796.165,0.000302733,19.9007
1999.65,-200.261,-665.768,1026.59,867.771,0.000289131,19.9005
1999.48,-176.095,-160.091,-119.392,87.2868,0.000980729,19.8989
1999.4,-237.873,-220.592,-162.748,179.624,0.000486638,19.8982
1999.38,-316.061,-300.911,-218.928,300.216,0.000327683,19.8979
1999.32,-462.299,-463.552,-328.586,544.295,0.000302726,19.8974
1999.27,-600.16,-634.031,-438.521,788.881,0.000288728,19.8969
1999.23,-719.355,-797.649,-540.028,1014.55,0.000273941,19.8965
1999.4,-154.449,181.029,-141.281,90.7456,0.000980725,19.8982
1999.37,-213.253,244.581,-192.715,186.764,0.000486637,19.8979
1999.34,-291.332,324.906,-259.281,312.185,0.000327682,19.8976
1999.28,-450.118,475.356,-389.266,566.044,0.000302726,19.897
1999.22,-617.362,617.407,-519.668,820.47,0.000288727,19.8964
1999.17,-778.329,740.192,-639.969,1055.27,0.000273941,19.896
1999.47,-225.289,-76.5741,-145.516,91.4895,0.000980729,19.8988
1999.44,-306.05,-107.843,-198.539,188.288,0.000486639,19.8985
1999.4,-409.425,-150.86,-267.085,314.717,0.000327683,19.8982
1999.23,-607.814,-243.25,-401.078,570.628,0.000302725,19.8966
1999.18,-801.293,-346.634,-535.362,827.104,0.000288726,19.8961
1999.09,-974.656,-451.419,-659.346,1063.8,0.000273939,19.8952
1999.87,-70.2517,-252.458,-491.133,13.4217,0.000597662,19.9026
1999.83,-82.5705,-313.787,-608.282,130.447,0.00048665,19.9022
1999.75,-100.293,-424.702,-818.716,360.016,0.00032769,19.9015
1999.72,-110.41,-514.502,-988.094,550.745,0.00029783,19.9011
1999.35,191.194,141.688,-159.163,93.861,0.000980722,19.8977
1999.31,258.495,196.094,-217.006,193.159,0.000486635,19.8973
1999.28,343.798,268.761,-291.884,322.849,0.000327681,19.897
1999.23,504.149,417.636,-438.104,585.378,0.000302725,19.8965
1999.17,656.321,575.799,-584.747,848.519,0.000288726,19.896
1999.13,788.626,729.178,-720.088,1091.42,0.00027394,19.8955
1999.28,101.527,215.256,159.581,93.9466,0.000980717,19.897
1999.24,135.095,294.978,217.587,193.346,0.000486633,19.8966
1999.21,175.928,399.325,292.73,323.18,0.00032768,19.8963
1999.16,246.93,606.289,439.493,586.006,0.000302723,19.8959
1999.11,306.324,817.574,586.705,849.462,0.000288725,19.8954
1999.06,350.456,1015.32,722.623,1092.66,0.000273939,19.8949
1999.51,-237.117,19.7908,-3.32773,78.0251,0.000980731,19.8992
1999.47,-323.601,24.0238,-4.55524,160.571,0.00048664,19.8988
1999.44,-435.486,27.1146,-6.13589,268.372,0.000327684,19.8985
1999.4,-654.212,25.4207,-9.21538,486.502,0.000302728,19.8981
1999.36,-872.968,13.4691,-12.2838,704.991,0.000288729,19.8978
1999.33,-1074.12,-6.63346,-15.1189,906.476,0.000273943,19.8975
1999.47,-232.634,-50.1269,103.049,85.0251,0.000980729,19.8988
1999.44,-316.428,-71.5388,140.497,174.976,0.000486639,19.8985
1999.35,-424.307,-101.78,189.004,292.454,0.000327682,19.8977
1999.31,-632.531,-168.899,283.783,530.226,0.000302726,19.8973
1999.26,-837.468,-246.712,378.739,768.459,0.000288728,19.8968
1999.23,-1022.91,-327.756,466.421,988.247,0.000273941,19.8965
1999.34,237.786,9.32535,172.161,96.3024,0.000980721,19.8976
1999.31,324.016,16.3913,234.755,198.199,0.000486635,19.8973
1999.27,435.397,28.4726,315.809,331.298,0.000327681,19.8969
1999.19,651.757,61.5645,474.156,600.733,0.000302724,19.8961
1999.13,866.431,107.198,632.964,870.859,0.000288725,19.8956
1999.08,1062.05,160.324,779.68,1120.26,0.000273939,19.8952
1999.52,-220.371,-89.8188,-120.773,87.4841,0.000980732,19.8993
1999.49,-299.176,-125.609,-164.673,180.044,0.00048664,19.899
1999.46,-400.013,-174.336,-221.472,300.932,0.000327684,19.8987
1999.4,-593.034,-277.228,-332.423,545.603,0.000302728,19.8981
1999.32,-780.924,-390.42,-443.672,790.772,0.000288729,19.8974
1999.16,-948.785,-503.497,-546.278,1016.97,0.00027394,19.8959
1999.73,183.618,-151.369,-218.416,105.934,0.000980744,19.9013
1999.69,252.892,-203.23,-297.9,218.047,0.000486646,19.9009
1999.66,344.527,-267.826,-400.923,364.534,0.000327688,19.9006
1999.6,529.335,-385.215,-602.165,661.191,0.000302731,19.9001
1999.55,721.914,-490.984,-804.116,958.748,0.000288733,19.8995
1999.5,905.535,-577.649,-990.791,1233.67,0.000273946,19.8991
1999.42,-160.81,175.34,143.813,91.1752,0.000980726,19.8984
1999.39,-221.839,236.735,196.148,187.639,0.000486637,19.898
1999.33,-302.786,314.265,263.907,313.631,0.000327682,19.8975
1999.28,-466.892,458.929,396.163,568.649,0.000302726,19.897
1999.2,-639.119,594.737,528.737,824.23,0.000288727,19.8963
1999.12,-804.545,711.613,651.169,1060.1,0.00027394,19.8955
1999.07,-70.2994,-227.351,-188.072,99.4775,0.000980705,19.895
1999,-92.1651,-311.135,-256.559,204.743,0.000486626,19.8944
1998.97,-117.507,-420.261,-345.174,342.25,0.000327675,19.8941
1998.87,-157.35,-635.474,-518.305,620.638,0.000302718,19.8932
1998.73,-184.356,-853.403,-691.954,899.738,0.000288719,19.8918
1998.67,-197.696,-1055.78,-852.321,1157.45,0.000273932,19.8912
1999.51,-230.528,58.8578,-80.5548,82.3639,0.000980731,19.8992
1999.47,-315.172,77.1448,-109.848,169.502,0.00048664,19.8988
1999.44,-425.165,98.3303,-147.737,283.305,0.000327684,19.8985
1999.39,-641.342,131.607,-221.706,513.6,0.000302728,19.8981
1999.35,-859.385,154.18,-295.825,744.316,0.000288729,19.8976
1999.31,-1061.26,165.403,-364.179,957.126,0.000273943,19.8973
1999.79,125.381,-202.277,-228.448,108.162,0.000980747,19.9018
1999.74,174.459,-273.543,-311.514,222.623,0.000486648,19.9014
1999.7,240.738,-363.962,-419.155,372.17,0.000327689,19.901
1999.51,378.707,-534.04,-629.506,675.051,0.00030273,19.8992
1999.46,527.961,-695.338,-840.587,978.899,0.000288731,19.8987
1999.34,674.975,-835.51,-1035.69,1259.65,0.000273943,19.8976
1999.48,167.863,168.606,87.0493,83.0759,0.000980729,19.8989
1999.45,226.607,232.202,118.724,170.971,0.000486639,19.8986
1999.42,300.731,316.189,159.719,285.768,0.000327684,19.8983
1999.37,439.157,485.489,239.765,518.085,0.000302727,19.8979
1999.33,569.323,661.947,320.031,750.837,0.000288729,19.8975
1999.22,681.419,830.272,394.065,965.539,0.000273941,19.8964
1999.94,152.644,-121.524,-273.614,10.1327,0.00158051,19.9032
1999.88,187.361,-146.754,-333.798,77.3619,0.000980753,19.9027
1999.82,258.607,-195.987,-455.293,219.687,0.00048665,19.9021
1999.77,353.159,-256.344,-612.692,405.714,0.000327691,19.9017
1999.7,544.949,-362.875,-920.642,782.834,0.000302733,19.901
1999.68,617.918,-398.279,-1034.46,921.529,0.000283566,19.9008
1999.95,47.3821,-160.407,-177.928,10.6545,0.00270508,19.9033
1999.85,69.9283,-227.464,-253.169,110.338,0.000980751,19.9024
1999.81,99.5077,-308.796,-345.219,230.896,0.00048665,19.902
1999.77,141.078,-412.924,-464.466,388.4,0.000327691,19.9016
1999.69,232.689,-611.961,-697.541,707.425,0.000302733,19.9009
1999.62,338.127,-804.966,-931.515,1027.6,0.000288734,19.9002
1999.58,420.189,-936.284,-1096.29,1252.8,0.000277388,19.8999
1999.45,-226.001,74.6114,-13.171,78.1389,0.000980728,19.8987
1999.42,-308.967,98.8947,-18.0143,160.805,0.000486638,19.8983
1999.39,-417.084,128.068,-24.2897,268.764,0.000327683,19.8981
1999.35,-630.153,177.516,-36.5566,487.215,0.000302727,19.8977
1999.31,-845.642,216.986,-48.8363,706.026,0.000288729,19.8973
1999.25,-1045.88,244.406,-60.1589,907.808,0.000273942,19.8968
1999.52,127.79,200.677,-63.1024,80.7358,0.000980732,19.8993
1999.49,171.64,275.349,-86.1359,166.147,0.00048664,19.899
1999.46,226.188,373.101,-115.912,277.693,0.000327685,19.8987
1999.4,325.745,567.919,-174.099,503.412,0.000302728,19.8982
1999.36,415.893,767.622,-232.368,729.527,0.000288729,19.8978
1999.32,490.398,955.666,-286.168,938.081,0.000273943,19.8974
1999.4,-101.988,-214.964,-174.005,96.673,0.000980725,19.8981
1999.36,-135.679,-294.728,-237.343,198.962,0.000486637,19.8977
1999.33,-176.541,-399.073,-319.311,332.572,0.000327682,19.8974
1999.22,-247.297,-606.187,-479.414,603.054,0.000302724,19.8964
1999.1,-306.058,-817.647,-639.962,874.224,0.000288725,19.8953
1999.05,-349.364,-1015.69,-788.249,1124.57,0.000273939,19.8949
1999.81,-216.751,-98.2255,277.315,104.853,0.000980749,19.9021
1999.76,-293.612,-138.104,378.254,231.697,0.000486648,19.9015
1999.7,-391.404,-192.944,508.966,397.441,0.000327689,19.901
1999.54,-576.409,-310.366,764.449,733.212,0.00030273,19.8995
1999.46,-753.294,-441.431,1021.11,1070.28,0.000288731,19.8987
1999.45,-787.893,-469.474,1073.02,1137.71,0.000278636,19.8986
1999.4,236.553,25.7175,0.810635,78.0191,0.000980725,19.8982
1999.32,322.2,38.0766,1.12234,160.558,0.000486636,19.8974
1999.31,432.668,56.4162,1.52881,268.351,0.000327681,19.8972
1999.25,647.053,99.8396,2.31017,486.464,0.000302725,19.8967
1999.21,859.532,153.344,3.08961,704.936,0.000288727,19.8963
1999.16,1053.03,211.462,3.79194,906.406,0.00027394,19.8959
1999.47,18.0667,-237.241,-182.494,98.3043,0.000980729,19.8988
1999.43,28.3939,-323.235,-248.877,202.324,0.000486639,19.8984
1999.39,44.7222,-434.06,-334.737,338.199,0.000327683,19.8981
1999.33,86.2492,-648.932,-502.517,613.295,0.000302727,19.8975
1999.29,140.573,-861.67,-670.893,889.142,0.000288728,19.8971
1999.24,201.861,-1054.97,-826.429,1143.86,0.000273942,19.8966
1999.29,-144.307,-189.195,137.303,90.0686,0.000980718,19.8971
1999.24,-193.952,-260.091,187.217,185.365,0.000486633,19.8966
1999.21,-255.953,-353.406,251.82,309.828,0.00032768,19.8964
1999.16,-369.519,-540.4,377.983,561.745,0.000302723,19.8959
1999.12,-473.119,-733.775,504.499,814.217,0.000288725,19.8955
1999.07,-559.337,-917.025,621.302,1047.21,0.000273939,19.895
1999.02,237.302,18.1871,-54.1931,80.0116,0.000980702,19.8946
1999,323.292,27.8619,-73.8779,164.66,0.000486626,19.8943
1998.97,434.268,42.8023,-99.3512,275.21,0.000327675,19.8941
1998.92,649.764,79.8264,-149.098,498.913,0.000302719,19.8936
1998.87,863.786,127.264,-198.98,723.005,0.000288721,19.8931
1998.84,1058.91,180.066,-245.007,929.684,0.000273935,19.8928
1999.52,-105.901,213.057,100.023,84.6396,0.000980731,19.8992
1999.48,-147.374,289.077,136.438,174.187,0.00048664,19.8989
1999.45,-203.236,386.086,183.512,291.139,0.000327684,19.8986
1999.4,-319.614,571.364,275.521,527.822,0.000302728,19.8982
1999.34,-445.4,750.881,367.737,764.97,0.000288729,19.8976
1999.3,-569.48,910.739,452.883,983.747,0.000273943,19.8972
1999.45,228.531,-66.2484,201.308,102.214,0.000980728,19.8986
1999.38,312.738,-86.5176,274.591,210.369,0.000486637,19.8979
1999.34,422.343,-109.706,369.374,351.647,0.000327682,19.8976
1999.28,638.441,-145.061,554.702,637.729,0.000302726,19.897
1999.21,856.906,-167.136,740.601,924.66,0.000288727,19.8964
1999.16,1059.65,-175.525,912.398,1189.68,0.00027394,19.8959
1998.92,200.555,128.062,-54.7761,80.0454,0.000980697,19.8936
1998.9,271.814,177.222,-74.6295,164.728,0.000486623,19.8934
1998.87,362.573,242.806,-100.304,275.321,0.000327673,19.8931
1998.82,535.037,377.217,-150.429,499.109,0.000302717,19.8926
1998.76,701.27,520.126,-200.684,723.285,0.000288719,19.8921
1998.72,848.316,658.84,-247.019,930.034,0.000273933,19.8917
1999.44,223.039,82.8268,-71.273,81.4488,0.000980727,19.8985
1999.4,303.046,115.862,-97.2239,167.62,0.000486638,19.8982
1999.38,405.595,160.894,-130.805,280.159,0.000327683,19.8979
1999.33,602.502,256.207,-196.431,507.906,0.000302727,19.8975
1999.29,794.847,361.223,-262.194,736.068,0.000288728,19.8971
1999.25,967.554,466.35,-322.899,946.523,0.000273942,19.8967
1999.58,-47.1771,233.27,-64.7128,80.8559,0.000980735,19.8998
1999.55,-67.3526,317.375,-88.2468,166.398,0.000486642,19.8995
1999.51,-95.8759,425.715,-118.731,278.114,0.000327686,19.8992
1999.47,-159.268,634.985,-178.247,504.187,0.000302729,19.8988
1999.42,-232.932,841.472,-237.93,730.662,0.00028873,19.8984
1999.38,-309.676,1028.51,-292.964,939.544,0.000273944,19.898
1999.53,45.3619,-233.582,4.14156,78.0302,0.000980732,19.8993
1999.5,64.8069,-317.901,5.66321,160.581,0.000486641,19.8991
1999.47,92.2851,-426.457,7.63541,268.389,0.000327685,19.8988
1998.92,153.422,-636.474,11.4911,486.534,0.000302719,19.8936
1998.88,224.484,-843.717,15.3892,705.043,0.000288721,19.8932
1998.84,298.617,-1031.73,18.9925,906.549,0.000273935,19.8928
1999.49,61.3842,229.87,-198.782,101.738,0.00098073,19.899
1998.19,79.9914,314.469,-271.335,209.437,0.000486603,19.8867
1998.16,101.011,424.501,-365.205,350.147,0.000327659,19.8864
1998.09,132.124,641.244,-548.71,635.044,0.000302704,19.8858
1998.03,149.973,860.078,-732.693,920.73,0.000288706,19.8851
1997.97,154.54,1062.92,-902.683,1184.56,0.000273921,19.8846
1999.91,184.445,166.546,-446.145,13.4376,0.000663192,19.903
1999.86,237.146,221.456,-582.792,155.013,0.000486651,19.9025
1999.79,311.507,305.6,-784.328,377.056,0.000327691,19.9018
1999.73,384.959,397.701,-995.791,617.957,0.000308401,19.9013
1999.38,-236.447,27.0378,144.713,91.2988,0.000980723,19.8979
1999.33,-322.772,33.4234,197.317,187.897,0.000486636,19.8975
1999.31,-434.632,38.9031,265.386,314.072,0.000327681,19.8972
1999.26,-653.395,40.5417,398.392,569.481,0.000302725,19.8968
1999.13,-872.563,30.1768,531.769,825.454,0.000288725,19.8956
1999.09,-1074.02,9.96946,654.841,1061.69,0.000273939,19.8952
1999.96,61.936,-150.301,177.938,3.84074,0.00270509,19.9034
1999.86,93.2816,-218.91,260.507,105.083,0.000980752,19.9025
1999.81,131.306,-296.738,355.33,227.528,0.00048665,19.902
1999.76,183.651,-395.82,477.998,387.505,0.00032769,19.9016
1999.69,296.041,-583.916,717.871,711.543,0.000302733,19.9009
1999.61,421.745,-764.446,958.715,1036.78,0.000288734,19.9002
1999.59,494.73,-858.113,1088.7,1211.79,0.000281087,19.8999
1999.82,203.466,123.354,-219.773,106.239,0.000980749,19.9021
1999.78,275.299,171.724,-299.83,218.686,0.000486649,19.9018
1999.75,366.427,236.995,-403.468,365.595,0.00032769,19.9015
1999.65,538.062,372.964,-605.971,663.105,0.000302732,19.9005
1999.6,701.274,520.105,-809.194,961.52,0.000288733,19.9
1999.55,843.444,665.074,-997.003,1237.23,0.000273947,19.8996
1999.15,200.238,-128.616,-159.932,93.9961,0.00098071,19.8957
1999.11,274.888,-172.321,-218.05,193.451,0.000486629,19.8954
1999.08,373.002,-226.451,-293.343,323.361,0.000327677,19.8951
1999.02,568.969,-323.925,-440.451,586.348,0.000302721,19.8946
1998.98,770.588,-410.417,-587.888,849.951,0.000288723,19.8941
1998.93,960.867,-480.079,-724.064,1093.27,0.000273936,19.8937
1999.19,-198.238,-131.663,163.211,94.6009,0.000980712,19.8961
1999.15,-268.225,-182.509,222.532,194.702,0.000486631,19.8958
1999.12,-357.128,-250.666,299.353,325.454,0.000327678,19.8955
1999.07,-524.96,-391.19,449.463,590.129,0.000302722,19.895
1999.02,-684.932,-541.35,599.874,855.414,0.000288724,19.8945
1998.97,-824.871,-687.938,738.802,1100.3,0.000273937,19.8941
1999.48,-178.695,-157.08,139.03,90.329,0.000980729,19.8989
1999.43,-241.389,-216.828,189.554,185.9,0.000486639,19.8984
1999.4,-320.572,-296.091,254.924,310.732,0.000327683,19.8982
1999.35,-468.703,-457.068,382.603,563.416,0.000302727,19.8976
1999.27,-608.272,-626.318,510.658,816.667,0.000288728,19.8969
1999.23,-728.796,-789.006,628.87,1050.39,0.000273942,19.8966
1999.77,-149.389,-314.146,788.399,3.08026,0.000363644,19.9016
1999.76,-158.147,-338.576,847.137,25.7319,0.000344093,19.9015
1999.74,-166.565,-363.097,905.814,67.9365,0.000327734,19.9014
1999.73,-175.173,-389.374,968.4,133.843,0.00032769,19.9013
1999.84,-320.071,76.7808,729.694,1.17365,0.000387288,19.9023
1999.83,-346.341,80.5698,788.458,22.996,0.000363645,19.9022
1999.82,-372.621,83.9877,847.139,65.4455,0.000344094,19.9021
1999.76,-427.007,89.9091,968.288,197.028,0.00032769,19.9016
1999.76,-428.81,90.0788,972.297,200,0.000317379,19.9016
1999.55,-150.881,-183.939,-22.1663,78.357,0.000980733,19.8995
1999.52,-203.437,-252.789,-30.2437,161.254,0.000486641,19.8993
1999.49,-269.462,-343.212,-40.6813,269.513,0.000327685,19.899
1999.42,-392.031,-524.263,-61.0475,488.572,0.000302728,19.8983
1999.38,-506.247,-711.343,-81.4548,707.993,0.00028873,19.8979
1999.34,-603.638,-888.436,-100.277,910.343,0.000273943,19.8976
1999.22,-230.966,-57.3049,-225.718,107.537,0.000980714,19.8965
1999.18,-313.899,-82.078,-307.77,221.312,0.000486631,19.8961
1999.09,-420.277,-117.292,-414.022,369.964,0.000327677,19.8952
1999.02,-624.613,-196.181,-621.825,671.051,0.000302721,19.8946
1998.93,-824.085,-288.409,-830.335,973.097,0.000288722,19.8937
1998.79,-1002.77,-384.975,-1023.05,1252.18,0.000273934,19.8924
1999.51,237.896,-6.10917,82.8194,82.6072,0.000980731,19.8992
1999.48,324.427,-5.19596,112.934,170.004,0.00048664,19.8989
1999.45,436.372,-1.50538,151.904,284.142,0.000327684,19.8987
1999.41,654.505,13.8917,228.012,515.128,0.000302728,19.8982
1999.36,872.186,40.1394,304.318,746.537,0.000288729,19.8978
1999.29,1071.56,73.8871,374.699,959.993,0.000273942,19.8971
1999.66,297.251,17.6013,-626.006,1.87602,0.000467097,19.9006
1999.65,318.491,20.5602,-671.022,21.5053,0.000486645,19.9005
1999.58,434.457,40.8215,-918.157,273.056,0.000327687,19.8999
1999.57,461.549,46.5715,-976.282,336.031,0.000311898,19.8997
1999.55,-204.414,121.87,-26.6702,78.5083,0.000980733,19.8995
1999.52,-280.226,163.539,-36.3861,161.566,0.000486641,19.8992
1999.48,-379.493,215.371,-48.9427,270.034,0.000327685,19.8989
1999.44,-576.844,309.637,-73.4803,489.518,0.000302728,19.8985
1999.39,-778.766,394.662,-98.0696,709.368,0.00028873,19.898
1999.35,-968.405,464.559,-120.758,912.115,0.000273943,19.8976
1999.5,-158.043,177.863,105.739,85.3654,0.00098073,19.8991
1999.47,-217.958,240.335,144.185,175.687,0.00048664,19.8988
1999.44,-297.343,319.341,193.948,293.658,0.000327684,19.8986
1999.37,-458.271,467.547,291.179,532.418,0.000302727,19.8978
1999.33,-626.972,607.584,388.6,771.644,0.000288729,19.8974
1999.28,-788.807,728.97,478.451,992.327,0.000273942,19.897
1999.57,228.782,65.54,-26.918,78.5186,0.000980734,19.8997
1999.42,311.066,92.2385,-36.7545,161.589,0.000486638,19.8983
1999.4,416.794,129.05,-49.4911,270.075,0.000327683,19.8981
1999.36,620.678,208.279,-74.3706,489.595,0.000302727,19.8977
1999.32,820.929,297.161,-99.2894,709.48,0.000288729,19.8974
1999.28,1001.74,387.439,-122.282,912.259,0.000273942,19.897
1999.83,-65.8661,228.63,227.692,107.986,0.00098075,19.9022
1999.78,-93.8274,310.604,310.52,222.239,0.000486649,19.9018
1999.75,-133.11,415.537,417.676,371.504,0.00032769,19.9015
1999.67,-219.901,616.653,627.232,673.814,0.000302733,19.9007
1999.62,-319.826,812.359,837.428,977.055,0.000288734,19.9002
1999.53,-423.438,987.146,1031.8,1257.27,0.000273946,19.8994
1999.46,224.261,79.6196,-56.9685,80.1949,0.000980728,19.8987
1999.43,304.743,111.381,-77.5485,165.036,0.000486639,19.8984
1999.41,407.97,154.743,-104.18,275.836,0.000327683,19.8982
1999.35,606.433,246.737,-156.21,500.047,0.000302727,19.8977
1999.31,800.574,348.332,-208.295,724.638,0.000288729,19.8973
1999.27,975.149,450.247,-256.335,931.773,0.000273942,19.8969
1999.91,206.428,99.4659,401.147,1.86525,0.000980755,19.903
1999.9,228.955,111.891,446.16,27.7857,0.000663191,19.9029
1999.81,289.331,146.84,568.243,166.625,0.00048665,19.902
1999.75,384.239,206.857,764.783,384.458,0.00032769,19.9014
1999.7,493.67,284.47,999.605,653.752,0.000304357,19.901
1999.8,-211.279,109.443,-226.924,107.83,0.000980748,19.9019
1999.76,-290.017,145.536,-309.52,221.927,0.000486648,19.9015
1999.73,-393.212,189.195,-416.378,370.99,0.00032769,19.9012
1999.66,-598.878,264.566,-625.338,672.886,0.000302733,19.9006
1999.6,-809.699,326.68,-835.059,975.772,0.000288734,19.9001
1999.53,-1007.73,371.796,-1028.93,1255.67,0.000273946,19.8994
1999.92,70.0769,-204.516,-337.407,13.8175,0.00121537,19.9031
1999.89,78.1046,-224.787,-371.433,49.998,0.000980754,19.9028
1999.84,111.716,-304.648,-506.61,203.112,0.000486651,19.9023
1999.79,159.251,-406.259,-681.623,403.251,0.000327691,19.9019
1999.71,261.998,-593.479,-1014.84,797.906,0.000302733,19.9011
1999.57,-148.739,185.789,-42.391,79.2447,0.000980735,19.8998
1999.54,-205.111,251.36,-57.7868,163.082,0.000486642,19.8995
1999.52,-279.95,334.706,-77.7322,272.57,0.000327686,19.8992
1999.44,-431.785,492.034,-116.66,494.121,0.000302729,19.8986
1999.4,-591.323,642.357,-155.668,716.044,0.00028873,19.8982
1999.37,-744.616,774.1,-191.62,920.705,0.000273944,19.8978
1999.42,-132.31,-197.746,-15.3154,78.1787,0.000980726,19.8983
1999.38,-177.871,-271.305,-20.8557,160.887,0.000486637,19.898
1999.36,-234.841,-367.817,-28.0313,268.9,0.000327683,19.8977
1999.31,-339.245,-559.955,-42.0504,487.462,0.000302726,19.8973
1999.27,-434.705,-757.116,-56.0988,706.385,0.000288728,19.8969
1999.23,-514.529,-942.893,-69.0627,908.27,0.000273941,19.8966
1999.04,232.297,-51.5499,84.7523,82.8272,0.000980704,19.8948
1999.01,317.466,-67.1667,115.614,170.457,0.000486626,19.8944
1998.98,427.994,-84.8634,155.507,284.901,0.000327675,19.8942
1998.93,645.118,-111.277,233.428,516.491,0.000302719,19.8937
1998.88,863.797,-126.806,311.479,748.501,0.000288721,19.8932
1998.83,1065.99,-131.45,383.474,962.512,0.000273935,19.8927
1999.45,-125.884,201.906,194.037,100.665,0.000980728,19.8987
1999.42,-174.981,273.229,264.607,207.177,0.000486638,19.8983
1999.38,-241.005,363.725,355.913,346.317,0.000327683,19.898
1999.31,-377.985,534.548,534.359,627.996,0.000302726,19.8973
1999.23,-525.468,697.279,713.366,910.464,0.000288727,19.8965
1999.18,-670.228,839.39,878.701,1171.31,0.000273941,19.8961
1999.92,66.2964,-241.162,446.106,16.6825,0.000663192,19.903
1999.86,91.1227,-311.41,578.91,157.477,0.000486651,19.9025
1999.8,132.82,-415.678,779.023,378.317,0.000327691,19.902
1999.75,183.739,-526.213,995.821,625.752,0.000308402,19.9015
1999.54,208.505,114.711,74.9718,81.7879,0.000980733,19.8994
1999.5,282.752,159.178,102.176,168.312,0.000486641,19.8991
1999.47,377.52,218.842,137.381,281.314,0.000327685,19.8988
1999.42,558.122,342.134,206.138,509.991,0.000302728,19.8984
1999.37,732.864,474.465,275.063,739.085,0.00028873,19.8978
1999.33,888.155,604.048,338.655,950.391,0.000273943,19.8975
1998.91,-122.705,-203.906,149.702,92.1872,0.000980696,19.8935
1998.89,-164.271,-279.79,204.146,189.722,0.000486623,19.8933
1998.86,-215.616,-379.374,274.666,317.127,0.000327673,19.893
1998.81,-307.658,-577.848,412.422,575.038,0.000302717,19.8926
1998.77,-388.739,-781.785,550.567,833.529,0.000288719,19.8921
1998.73,-453.434,-973.75,678.075,1072.1,0.000273933,19.8918
1999.43,193.757,-138.117,186.844,99.2048,0.000980726,19.8984
1999.38,266.436,-185.101,254.785,204.172,0.000486637,19.8979
1999.32,362.167,-243.394,342.761,341.276,0.000327682,19.8974
1999.28,554.11,-348.733,514.63,618.85,0.000302726,19.897
1999.23,752.492,-442.707,686.959,897.172,0.000288727,19.8966
1999.18,940.455,-518.885,846.147,1154.15,0.000273941,19.8961
1999.36,5.38406,-237.882,78.5095,82.1751,0.000980722,19.8977
1999.29,10.4729,-324.31,107.134,169.111,0.000486635,19.8971
1999.26,19.5637,-435.936,144.153,282.647,0.000327681,19.8969
1999.19,45.4118,-653.076,216.434,512.403,0.000302724,19.8962
1999.15,82.0184,-869.249,288.922,742.582,0.000288726,19.8958
1999.11,125.207,-1066.79,355.762,954.894,0.000273939,19.8954
1998.81,-130.202,-199.149,-179.236,97.7144,0.00098069,19.8925
1998.77,-174.41,-273.612,-244.525,201.108,0.000486619,19.8921
1998.73,-229.04,-371.45,-328.996,336.156,0.00032767,19.8918
1998.68,-327.166,-567.06,-493.965,609.546,0.000302715,19.8913
1998.5,-413.931,-768.742,-659.451,883.634,0.000288715,19.8897
1998.46,-483.398,-959.227,-812.226,1136.67,0.000273929,19.8892
1999.32,-196.542,134.161,172.405,96.3259,0.00098072,19.8973
1999.28,-269.969,179.915,235.047,198.248,0.000486634,19.897
1999.25,-366.568,236.653,316.168,331.384,0.000327681,19.8968
1999.19,-559.993,339.142,474.728,600.926,0.000302724,19.8961
1999.13,-759.603,430.497,633.767,871.166,0.000288725,19.8956
1999.08,-948.282,504.391,780.544,1120.65,0.000273939,19.8951
1999.57,-237.919,-4.96125,-55.0983,80.0719,0.000980735,19.8998
1999.54,-324.33,-9.8809,-75.0837,164.785,0.000486642,19.8994
1999.51,-435.959,-18.6818,-100.934,275.417,0.000327686,19.8992
1999.47,-653.169,-43.791,-151.417,499.288,0.000302729,19.8988
1999.42,-869.48,-79.3917,-202.051,723.552,0.00028873,19.8983
1999.38,-1067.22,-121.422,-248.754,930.389,0.000273944,19.898
1999.8,-141.193,-191.52,-234.169,109.467,0.000980748,19.9019
1999.76,-189.166,-263.653,-319.381,225.292,0.000486648,19.9016
1999.73,-248.432,-358.762,-429.587,376.59,0.00032769,19.9012
1999.66,-354.883,-550.13,-644.949,682.985,0.000302732,19.9006
1999.6,-448.85,-748.85,-861.183,990.418,0.000288734,19.9
1999.5,-523.871,-937.737,-1061.09,1274.51,0.000273946,19.8991
1999.39,174.318,-161.949,152.253,92.5908,0.000980724,19.8981
1999.33,240.11,-218.247,207.565,190.547,0.000486636,19.8975
1999.27,327.049,-288.929,279.13,318.49,0.000327681,19.8969
1999.2,502.421,-419.689,418.832,577.453,0.000302724,19.8963
1999.15,685.373,-540.885,558.986,837.02,0.000288726,19.8958
1998.99,859.922,-643.56,688.3,1076.58,0.000273938,19.8943
1999.96,-160.153,23.1418,177.918,2.76686,0.00270509,19.9034
1999.85,-235.949,31.1783,261.725,104.255,0.000980751,19.9024
1999.8,-322.216,38.0764,356.892,227.004,0.000486649,19.9019
1999.76,-434.2,43.494,480.181,387.377,0.00032769,19.9016
1999.7,-653.269,42.5752,721.09,712.21,0.000302733,19.901
1999.63,-872.707,26.2788,963.15,1038.3,0.000288734,19.9003
1999.61,-982.452,12.2712,1084.9,1201.8,0.000280155,19.9001
1999.5,-122.305,204.089,-32.3029,78.735,0.00098073,19.899
1999.47,-169.427,276.66,-44.0381,162.032,0.00048664,19.8988
1999.44,-232.438,369.308,-59.2357,270.814,0.000327684,19.8985
1999.4,-361.805,545.645,-88.9008,490.933,0.000302728,19.8981
1999.36,-499.632,716.02,-118.647,711.424,0.000288729,19.8977
1999.32,-633.764,867.212,-146.089,914.764,0.000273943,19.8974
1999.8,5.56392,237.881,240.717,110.99,0.000980748,19.9019
1999.74,3.312,324.428,328.28,228.437,0.000486648,19.9014
1999.71,-2.99863,436.331,441.628,381.871,0.000327689,19.901
1999.65,-26.3406,654.165,663.221,692.623,0.000302732,19.9005
1999.58,-64.3018,870.68,885.5,1004.38,0.000288733,19.8999
1999.51,-112.222,1068.23,1090.99,1292.46,0.000273946,19.8992
1999.42,-169.645,166.919,147.711,91.8113,0.000980726,19.8984
1999.39,-233.696,225.022,201.355,188.956,0.000486637,19.898
1999.36,-318.551,298.212,270.869,315.841,0.000327682,19.8977
1999.3,-490.042,434.06,406.597,572.678,0.000302726,19.8972
1999.24,-669.306,560.615,542.72,830.097,0.000288727,19.8966
1999.2,-840.775,668.489,668.352,1067.66,0.000273941,19.8963
1999.89,159.752,-141.35,337.38,8.58796,0.00121536,19.9028
1999.81,179.006,-156.811,376.434,45.1143,0.000980749,19.9021
1999.76,247.737,-209.519,513.436,199.747,0.000486648,19.9015
1999.69,339.443,-274.22,690.938,401.858,0.000327689,19.9009
1999.61,513.853,-381.39,1014.77,783.932,0.000302732,19.9002
1999.88,164.67,270.993,-670.991,14.9642,0.000486652,19.9027
1999.86,176.998,295.86,-729.674,52.7603,0.000387288,19.9025
1999.8,215.4,379.533,-924.362,263.698,0.000327691,19.902
1999.79,224.976,402.11,-976.227,319.774,0.000311902,19.9018
1998.94,231.197,-56.4748,24.7191,78.4342,0.000980698,19.8938
1998.91,315.889,-74.1233,33.6845,161.413,0.000486624,19.8935
1998.89,425.953,-94.6171,45.2939,269.781,0.000327673,19.8933
1998.84,642.281,-126.969,67.9865,489.062,0.000302718,19.8928
1998.8,860.243,-149.145,90.7349,708.71,0.00028872,19.8924
1998.75,1062.03,-160.491,111.715,911.267,0.000273934,19.892
1999.37,-61.3545,229.919,16.0683,78.1956,0.000980723,19.8979
1999.35,-86.572,312.646,21.894,160.922,0.000486636,19.8976
1999.33,-121.516,419.131,29.4428,268.958,0.000327682,19.8974
1999.27,-197.023,624.316,44.1782,487.567,0.000302725,19.8969
1999.23,-282.247,826.149,58.9488,706.537,0.000288727,19.8965
1999.2,-369.223,1008.69,72.5811,908.467,0.000273941,19.8962
1999.55,3.52366,237.962,30.7272,78.6646,0.000980733,19.8995
1999.52,1.7742,324.424,41.879,161.887,0.000486641,19.8993
1999.49,-2.89231,436.373,56.3254,270.572,0.000327685,19.899
1999.45,-19.7799,654.36,84.5038,490.492,0.000302729,19.8986
1999.4,-46.9922,871.806,112.74,710.78,0.00028873,19.8981
1999.31,-81.16,1070.99,138.761,913.927,0.000273943,19.8973
1999.13,236.77,-24.0811,-129.818,88.8712,0.000980709,19.8956
1999.07,323.086,-29.4541,-176.986,182.899,0.000486628,19.895
1999.04,435.031,-33.7019,-238.092,305.711,0.000327676,19.8948
1998.99,653.862,-33.161,-357.465,554.284,0.00030272,19.8943
1998.95,872.809,-20.8988,-477.112,803.402,0.000288722,19.8939
1998.9,1074.13,0.781986,-587.558,1033.26,0.000273936,19.8934
1999.48,133.534,196.99,55.6719,80.1211,0.000980729,19.8989
1999.44,179.514,270.29,75.893,164.885,0.000486639,19.8985
1999.38,236.925,366.423,102.051,275.583,0.000327683,19.898
1999.32,342.147,558.094,153.153,499.59,0.000302726,19.8973
1999.17,438.242,755.132,204.382,723.989,0.000288726,19.896
1999.13,518.34,940.742,251.613,930.947,0.00027394,19.8956
1999.14,226.258,-73.7705,125.164,88.1736,0.000980709,19.8957
1999.1,309.517,-97.3189,170.706,181.459,0.000486629,19.8953
1999.08,418.036,-125.227,229.69,303.301,0.000327677,19.8951
1999.02,631.925,-171.211,344.855,549.898,0.000302721,19.8945
1998.97,848.483,-205.932,460.309,797.012,0.000288723,19.8941
1998.94,1049.68,-227.754,566.844,1025.03,0.000273937,19.8937
1999.31,47.3715,-233.197,-105.53,85.3628,0.000980719,19.8973
1999.26,67.8108,-317.286,-143.936,175.673,0.000486634,19.8969
1999.24,96.7978,-425.471,-193.641,293.621,0.00032768,19.8966
1999.19,161.556,-634.468,-290.759,532.33,0.000302724,19.8961
1999.14,237.075,-840.269,-388.065,771.51,0.000288726,19.8957
1999.09,316.061,-1026.6,-477.894,992.166,0.000273939,19.8952
1999.2,-23.8019,-236.796,217.528,105.695,0.000980713,19.8962
1999.13,-28.3295,-323.257,296.629,217.538,0.00048663,19.8956
1999.08,-30.9489,-435.258,398.965,363.635,0.000327677,19.8951
1999.01,-25.5629,-654.217,599.007,659.442,0.000302721,19.8944
1998.95,-6.24331,-873.058,799.631,956.126,0.000288722,19.8938
1998.88,23.9378,-1073.88,985.067,1230.19,0.000273936,19.8932
1999.87,-163.533,192.256,-446.141,21.1864,0.00066319,19.9026
1999.82,-214.064,243.824,-573.721,161.05,0.00048665,19.9022
1999.65,-295.762,320.823,-772.07,380.44,0.000327688,19.9006
1999.59,-392.306,402.794,-995.837,636.303,0.000308399,19.9
1999.51,-167.074,-169.379,-80.0225,82.319,0.000980731,19.8992
1999.48,-225.619,-233.207,-109.176,169.411,0.00048664,19.8989
1999.46,-299.431,-317.388,-146.865,283.155,0.000327685,19.8987
1999.41,-437.398,-487.17,-220.514,513.336,0.000302728,19.8983
1999.37,-567.034,-663.879,-294.289,743.937,0.00028873,19.8978
1999.34,-678.761,-832.421,-362.361,956.644,0.000273943,19.8975
1999.49,-70.4313,-227.298,126.376,88.3532,0.00098073,19.899
1999.45,-92.7558,-310.88,172.353,181.836,0.000486639,19.8986
1999.21,-119.066,-419.791,231.92,303.942,0.00032768,19.8964
1999.15,-161.874,-634.303,348.219,551.079,0.000302723,19.8958
1999.11,-193.31,-851.408,464.823,798.727,0.000288725,19.8954
1999.07,-212.018,-1053.02,572.453,1027.25,0.000273939,19.895
1999.65,-229.817,-214.034,671.037,7.81286,0.000486645,19.9005
1999.64,-248.221,-234.426,729.673,38.0084,0.000387283,19.9004
1999.58,-309.927,-307.177,933.346,250.636,0.000327687,19.8998
1999.57,-321.34,-321.414,972.361,292.238,0.000317376,19.8997
1999.57,-322.48,-322.846,976.289,294.153,0.000311898,19.8997
1999.46,62.4851,229.593,177.425,97.3961,0.000980728,19.8987
1999.43,81.5444,314.021,242.096,200.456,0.000486639,19.8984
1999.37,103.306,423.946,325.816,335.073,0.000327683,19.8979
1999.19,136.282,640.31,489.278,607.555,0.000302724,19.8962
1999.14,156.611,858.919,653.21,880.712,0.000288726,19.8957
1998.93,164.003,1061.53,804.589,1132.9,0.000273937,19.8937
1999.49,-64.5453,-229.014,36.0335,78.9093,0.00098073,19.899
1999.46,-85.1226,-313.121,49.1558,162.39,0.000486639,19.8987
1999.43,-109.39,-422.378,66.1172,271.412,0.000327684,19.8984
1999.38,-149.159,-637.484,99.2936,492.022,0.000302727,19.898
1999.34,-178.748,-854.574,132.514,713.002,0.000288729,19.8975
1999.28,-196.93,-1055.89,163.154,916.789,0.000273942,19.897
1999.54,-61.8328,-229.756,-86.0911,82.9801,0.000980733,19.8995
1999.52,-81.2115,-314.142,-117.434,170.766,0.000486641,19.8993
1999.49,-103.788,-423.82,-157.977,285.418,0.000327685,19.899
1999.44,-139.817,-639.562,-237.187,517.441,0.000302729,19.8985
1999.36,-165.108,-857.273,-316.561,749.898,0.000288729,19.8977
1999.32,-178.798,-1059.13,-389.842,964.327,0.000273943,19.8973
1999.48,192.352,-140.09,97.9191,84.3473,0.000980729,19.8989
1999.43,264.132,-188.385,133.462,173.585,0.000486639,19.8985
1999.4,358.503,-248.777,179.5,290.137,0.000327683,19.8981
1999.34,547.091,-359.528,269.384,526.013,0.000302727,19.8976
1999.27,741.574,-460.845,359.508,762.345,0.000288728,19.8969
1999.23,925.305,-545.434,442.652,980.369,0.000273941,19.8965
1999.93,-133.841,-124.534,-241.712,5.54647,0.00184668,19.9031
1999.87,-172.627,-163.776,-314.645,86.4056,0.000980752,19.9026
1999.81,-231.964,-226.9,-429.165,223.32,0.00048665,19.902
1999.77,-305.837,-311.265,-577.416,402.256,0.000327691,19.9016
1999.65,-440.368,-484.48,-867.433,764.896,0.000302732,19.9005
1999.6,-516.398,-596.114,-1046.03,987.758,0.000289259,19.9
1999.49,45.1234,233.611,-14.4848,78.1612,0.00098073,19.899
1999.46,58.5264,319.094,-19.716,160.851,0.000486639,19.8987
1999.43,73.5198,430.161,-26.4884,268.841,0.000327684,19.8984
1999.38,95.0417,647.739,-39.6981,487.355,0.000302727,19.898
1999.34,106.359,866.537,-52.9407,706.231,0.000288729,19.8976
1999.3,107.701,1068.74,-65.1581,908.072,0.000273943,19.8972
1999.93,-58.3409,212.373,369.25,3.47363,0.00108623,19.9032
1999.92,-63.8964,229.236,399.004,22.5235,0.000980755,19.9031
1999.86,-92.7946,310.909,544.155,183.776,0.000486651,19.9025
1999.81,-134.594,415.098,732.176,394.53,0.000327691,19.902
1999.76,-203.403,561.699,1003.45,709.293,0.000300562,19.9015
1999.92,191.601,-0.243996,-273.583,4.17038,0.00158051,19.903
1999.86,237.964,1.74696,-339.833,72.2036,0.000980751,19.9025
1999.81,324.355,7.60615,-463.402,216.16,0.00048665,19.9021
1999.75,435.93,19.318,-623.47,404.279,0.00032769,19.9015
1999.67,652.326,55.5686,-936.624,785.639,0.000302733,19.9007
1999.65,716.573,69.8681,-1030.54,899.179,0.000286275,19.9005
1999.3,-230.926,57.4594,-30.5118,78.6585,0.000980719,19.8972
1999.27,-315.55,75.3813,-41.6247,161.876,0.000486634,19.8969
1999.24,-425.637,96.2475,-56.0273,270.556,0.00032768,19.8966
1999.19,-641.771,129.263,-84.1456,490.47,0.000302724,19.8961
1999.15,-859.678,152.074,-112.321,710.753,0.000288726,19.8958
1999.12,-1061.54,163.973,-138.332,913.9,0.00027394,19.8954
1999.48,237.223,-19.2037,-143.905,91.1982,0.000980729,19.8989
1999.43,323.666,-22.6715,-196.269,187.694,0.000486639,19.8984
1999.4,435.709,-24.3735,-264.095,313.732,0.000327683,19.8981
1999.33,654.404,-18.6537,-396.577,568.873,0.000302727,19.8975
1999.28,873.07,-0.927954,-529.412,824.578,0.000288728,19.897
1999.24,1073.82,26.057,-652.054,1060.56,0.000273942,19.8966
1999.48,126.941,201.291,108.932,85.8099,0.000980729,19.8989
1999.45,170.289,276.226,148.565,176.595,0.000486639,19.8986
1999.41,224.064,374.414,199.842,295.176,0.000327684,19.8983
1999.36,321.606,570.275,300.09,535.173,0.000302727,19.8978
1999.31,409.095,771.289,400.55,775.656,0.000288729,19.8973
1999.26,480.575,960.648,493.292,997.519,0.000273942,19.8968
1999.53,-182.016,153.329,-25.5397,78.4649,0.000980732,19.8993
1999.5,-250.096,206.709,-34.8151,161.477,0.000486641,19.8991
1999.48,-339.651,273.897,-46.822,269.887,0.000327685,19.8989
1999.42,-519.122,398.827,-70.29,489.255,0.000302728,19.8983
1999.38,-704.693,515.403,-93.8245,708.991,0.00028873,19.898
1999.33,-880.522,615.082,-115.496,911.624,0.000273943,19.8975
1999.38,-237.292,18.3059,191.209,100.028,0.000980724,19.898
1999.34,-323.779,21.1392,260.597,205.853,0.000486636,19.8976
1999.31,-435.821,21.7539,350.435,344.087,0.000327682,19.8973
1999.26,-654.518,13.021,525.927,623.945,0.000302725,19.8968
1999.2,-873.064,-8.89207,702.064,904.577,0.000288727,19.8963
1999.16,-1073.33,-40.7453,864.699,1163.73,0.00027394,19.8959
1999.86,-80.3016,224.007,-298.579,93.9068,0.000980752,19.9025
1999.82,-114.014,303.751,-407.18,226.408,0.00048665,19.9021
1999.77,-161.188,405.497,-547.833,399.533,0.000327691,19.9016
1999.69,-264.582,598.852,-822.828,750.302,0.000302733,19.9009
1999.64,-362.35,754.754,-1053.63,1044.45,0.000284402,19.9004
1999.59,-364.039,757.262,-1057.42,1049.12,0.00028213,19.8999
1999.95,-31.3219,163.8,177.956,9.91687,0.00270508,19.9033
1999.83,-47.2898,233.205,253.97,109.791,0.00098075,19.9022
1999.78,-68.7638,317.069,346.373,230.575,0.000486649,19.9018
1999.74,-99.9147,424.741,466.01,388.377,0.00032769,19.9014
1999.68,-171.619,631.777,699.909,708.011,0.000302733,19.9008
1999.59,-257.671,834.176,934.717,1028.79,0.000288733,19.9
1999.56,-323.209,966.637,1092.5,1243.98,0.000279203,19.8996
1999.02,-324.88,969.829,1096.34,1247.69,0.000277379,19.8946
1999.54,-139.243,-192.98,140.916,90.6742,0.000980733,19.8995
1999.51,-186.973,-265.133,192.116,186.6,0.000486641,19.8992
1999.45,-246.461,-360.051,258.409,311.889,0.000327684,19.8986
1999.39,-354.948,-550.121,387.943,565.489,0.000302728,19.8981
1999.34,-453.124,-746.248,517.81,819.681,0.000288729,19.8976
1999.24,-534.147,-931.838,637.701,1054.26,0.000273942,19.8967
1999.94,-81.4367,-183.981,305.455,4.09157,0.00137617,19.9033
1999.9,-94.7776,-218.292,361.322,57.3004,0.000980754,19.9029
1999.83,-124.242,-299.772,492.816,207.464,0.00048665,19.9022
1999.78,-158.281,-406.663,663.082,403.752,0.000327691,19.9018
1999.68,-211.284,-619.667,996.331,801.767,0.000302733,19.9008
1999.68,-214.195,-634.152,1018.76,827.397,0.00029533,19.9008
1999.95,103.772,125.22,177.923,3.96065,0.00270508,19.9034
1999.85,149.652,185.005,260.409,105.202,0.000980751,19.9024
1999.78,200.616,255.045,355.24,227.65,0.000486649,19.9018
1999.75,263.663,347.682,477.916,387.631,0.00032769,19.9014
1999.69,377.302,535.042,717.85,711.69,0.000302733,19.9009
1998.72,478.058,730.571,958.753,1036.96,0.000288718,19.8917
1998.69,526.6,838.693,1088.66,1211.85,0.000281072,19.8915
1999.52,141.731,-191.142,110.187,85.9794,0.000980732,19.8993
1999.49,195.862,-258.707,150.279,176.945,0.00048664,19.899
1999.44,267.919,-344.47,202.162,295.754,0.000327684,19.8985
1999.39,415.004,-506.325,303.465,536.203,0.000302728,19.8981
1999.34,570.6,-660.76,405.023,777.137,0.000288729,19.8976
1999.3,721.147,-796.034,498.766,999.412,0.000273943,19.8972
1999.45,237.802,8.32219,-168.215,95.562,0.000980727,19.8986
1999.41,324.107,15.0263,-229.43,196.675,0.000486638,19.8982
1999.37,435.572,26.6103,-308.682,328.752,0.000327683,19.8979
1999.32,652.035,58.65,-463.438,596.117,0.000302726,19.8973
1999.27,866.92,103.185,-618.668,864.161,0.000288728,19.8969
1999.21,1062.87,155.226,-762.129,1111.63,0.000273941,19.8963
1995.51,234.875,-38.1673,168.867,95.6271,0.000980495,19.8612
1995.47,320.85,-48.3439,230.195,196.801,0.000486523,19.8609
1995.44,432.386,-58.604,309.546,328.959,0.000327605,19.8606
1995.39,650.991,-69.1688,464.62,596.499,0.000302655,19.8601
1995.34,870.502,-67.115,620.154,864.702,0.00028866,19.8596
1995.29,1072.78,-54.019,763.766,1112.29,0.000273877,19.8592
1999.82,-340.397,-211.456,-964.556,0.656065,0.000313904,19.9021
1999.87,110.282,210.905,-296.939,93.5961,0.000980752,19.9026
1999.82,146.091,289.741,-404.992,225.678,0.00048665,19.9021
1999.77,188.95,393.319,-544.862,398.261,0.000327691,19.9017
1999.69,261.143,600.349,-818.548,748.008,0.000302733,19.9009
1999.63,311.298,785.03,-1057.42,1053.05,0.000282131,19.9003
1999.8,-232.501,-50.6095,-264.932,102.175,0.000980748,19.902
1999.75,-316.085,-73.4144,-361.385,225.76,0.000486648,19.9014
1999.71,-423.192,-106.327,-486.106,387.213,0.000327689,19.9011
1999.65,-628.943,-181.704,-730.061,714.28,0.000302732,19.9005
1999.58,-829.7,-271.703,-974.995,1042.56,0.000288733,19.8999
1999.55,-917.589,-316.61,-1084.86,1189.21,0.000280155,19.8996
1999.9,247.366,14.9903,-446.154,12.0276,0.000663191,19.9029
1999.82,323.489,25.0822,-584.376,153.881,0.00048665,19.9021
1999.22,434.121,44.477,-786.549,376.424,0.00032768,19.8964
1999.17,547.494,70.3311,-995.785,614.671,0.000308391,19.896
1999.78,279.052,210.054,788.428,6.54838,0.000363644,19.9018
1999.77,298.199,227.689,847.116,32.8567,0.000344093,19.9016
1999.73,336.995,264.965,968.394,147.314,0.00032769,19.9013
1999.48,-213.272,105.498,142.56,90.9602,0.00098073,19.8989
1999.45,-292.354,140.73,194.451,187.204,0.000486639,19.8987
1999.42,-395.77,183.762,261.593,312.913,0.000327684,19.8983
1999.37,-601.042,259.41,392.721,567.351,0.000302727,19.8978
1999.32,-810.761,323.909,524.269,822.379,0.000288729,19.8974
1999.27,-1007.19,373.26,645.811,1057.79,0.000273942,19.8969
1999.85,-3.14948,237.949,229.106,108.316,0.000980751,19.9024
1999.8,-8.47872,324.353,312.458,222.943,0.00048665,19.9019
1999.77,-18.7101,435.947,420.375,372.707,0.000327691,19.9016
1999.7,-49.4087,652.838,631.329,675.982,0.000302733,19.901
1999.63,-94.2932,867.953,842.895,980.184,0.000288734,19.9003
1999.59,-148.181,1063.86,1038.5,1261.26,0.000273947,19.8999
1999.5,31.2551,235.884,3.63262,78.0272,0.00098073,19.8991
1999.45,39.6733,322.022,4.99902,160.575,0.000486639,19.8986
1999.42,48.2077,433.658,6.76196,268.377,0.000327684,19.8983
1999.38,57.1639,652.205,10.1793,486.511,0.000302727,19.8979
1999.32,55.8741,871.256,13.5499,705.003,0.000288729,19.8974
1999.27,45.5819,1073.11,16.6791,906.491,0.000273942,19.8969
1999.27,-176.587,-159.481,69.353,81.2593,0.000980717,19.8969
1999.24,-238.703,-219.777,94.5732,167.232,0.000486633,19.8966
1999.21,-317.321,-299.562,127.206,279.512,0.00032768,19.8964
1999.17,-464.968,-460.896,190.939,506.727,0.000302724,19.896
1999.12,-604.854,-629.623,254.844,734.36,0.000288725,19.8955
1999.02,-726.464,-791.191,313.836,944.325,0.000273938,19.8945
1999.54,172.264,-164.112,117.839,87.0713,0.000980733,19.8995
1999.51,237.209,-221.359,160.733,179.195,0.000486641,19.8992
1999.48,322.998,-293.442,216.256,299.517,0.000327685,19.8989
1999.43,495.834,-427.419,324.619,543.033,0.000302728,19.8985
1999.38,676.003,-552.565,433.267,787.026,0.00028873,19.8979
1999.33,847.76,-659.489,533.425,1012.13,0.000273943,19.8975
1999.49,-237.98,-2.7577,-107.712,85.6287,0.00098073,19.899
1999.4,-324.345,-7.02864,-146.822,176.224,0.000486638,19.8982
1999.38,-436.114,-15.1607,-197.5,294.544,0.000327683,19.8979
1999.31,-653.467,-39.4735,-296.389,533.99,0.000302726,19.8973
1999.05,-869.879,-75.0267,-395.55,773.911,0.000288724,19.8948
1998.99,-1067.63,-117.682,-487.001,995.252,0.000273938,19.8943
1999.81,-175.216,88.6392,273.576,12.2793,0.0015805,19.902
1999.75,-213.134,105.802,331.559,79.2115,0.000980745,19.9015
1999.7,-292.902,139.647,452.283,220.883,0.000486647,19.901
1999.67,-397.668,179.653,608.54,406.046,0.000327689,19.9007
1999.59,-606.982,245.322,914.264,781.364,0.000302731,19.9
1999.56,-690.627,266.503,1034.49,928.205,0.000283564,19.8997
1999.51,-131.171,-198.552,-67.1785,81.0617,0.000980731,19.8992
1999.45,-176.191,-272.391,-91.5689,166.823,0.000486639,19.8986
1999.42,-232.384,-369.298,-123.21,278.84,0.000327684,19.8983
1999.37,-335.097,-562.447,-185.006,505.516,0.000302727,19.8979
1999.32,-428.427,-760.691,-246.916,732.601,0.000288729,19.8974
1999.28,-505.885,-947.472,-304.044,942.047,0.000273942,19.897
1999.52,-102.137,214.908,-128.083,88.6289,0.000980731,19.8992
1999.48,-142.314,291.583,-174.728,182.399,0.00048664,19.8989
1999.45,-196.682,389.548,-235.105,304.872,0.000327684,19.8986
1999.4,-310.422,576.39,-352.992,552.755,0.000302728,19.8982
1999.36,-434.306,757.429,-471.224,801.169,0.000288729,19.8977
1999.31,-557.003,918.383,-580.312,1030.4,0.000273943,19.8973
1999.91,-96.6494,-162.176,241.699,15.1645,0.00184668,19.903
1999.83,-120.077,-205.468,304.687,94.3889,0.00098075,19.9022
1999.76,-159.488,-282.538,415.433,228.514,0.000486648,19.9015
1999.71,-207.079,-384.122,558.952,403.782,0.000327689,19.9011
1999.64,-288.504,-587.657,839.496,758.973,0.000302732,19.9004
1999.55,-339.258,-743.993,1049.83,1024.8,0.000286775,19.8996
1998.55,-340.087,-746.824,1053.6,1026.69,0.000284384,19.8901
1999.33,10.1816,-237.781,-178.971,97.598,0.000980721,19.8975
1999.29,17.7402,-324.013,-244.02,200.873,0.000486634,19.8971
1999.23,30.493,-435.261,-328.165,335.775,0.00032768,19.8965
1999.17,65.0564,-651.451,-492.674,608.864,0.000302724,19.896
1999.12,112.351,-865.78,-657.566,882.641,0.000288725,19.8954
1999.04,167.176,-1061.03,-809.916,1135.41,0.000273938,19.8948
1999.54,108.297,-211.861,-78.2776,82.1362,0.000980733,19.8995
1999.51,150.464,-287.417,-106.754,169.034,0.000486641,19.8992
1999.49,207.264,-384.032,-143.638,282.522,0.000327685,19.899
1999.44,325.022,-568.279,-215.606,512.183,0.000302729,19.8986
1999.19,452.047,-746.983,-287.804,742.273,0.000288727,19.8962
1999.15,576.884,-906.052,-354.421,954.516,0.00027394,19.8958
1999.45,113.854,208.979,-192.033,100.184,0.000980727,19.8986
1999.41,151.741,286.775,-261.7,206.184,0.000486638,19.8982
1999.12,198.046,388.801,-351.889,344.635,0.000327678,19.8955
1999.06,279.395,592.084,-528.171,624.955,0.000302722,19.8949
1999,348.55,800.445,-704.914,906.034,0.000288723,19.8943
1998.92,401.156,996.41,-868.25,1165.59,0.000273936,19.8936
1999.82,-346.686,129.332,847.143,13.6446,0.000344094,19.9021
1999.81,-371.565,135.742,905.887,46.3546,0.000327735,19.902
1999.79,-398.108,142.18,968.336,102.273,0.000327691,19.9018
1999.92,-186.962,51.3024,273.588,8.06418,0.00158051,19.9031
1999.87,-229.979,61.1014,335.825,75.5551,0.000980752,19.9026
1999.81,-314.9,78.2948,458.076,218.423,0.00048665,19.902
1999.76,-425.574,96.4923,616.354,405.159,0.000327691,19.9016
1999.69,-643.841,118.746,926.11,783.755,0.000302733,19.9009
1999.67,-717.781,122.242,1030.59,910.625,0.000286276,19.9007
1998.89,-720.524,122.328,1034.46,913.021,0.000283552,19.8933
1999.55,-77.5437,224.939,-10.2802,78.0905,0.000980733,19.8995
1999.52,-108.506,305.747,-14.0556,160.706,0.000486641,19.8993
1999.46,-150.793,409.429,-18.9436,268.597,0.000327685,19.8987
1999.42,-240.52,608.909,-28.4977,486.913,0.000302728,19.8983
1999.36,-339.66,804.264,-38.0647,705.589,0.000288729,19.8978
1999.32,-439.155,980.184,-46.8797,907.247,0.000273943,19.8973
1999.46,-101.78,215.135,64.4673,80.8228,0.000980728,19.8987
1999.41,-141.598,291.92,87.8596,166.33,0.000486638,19.8983
1999.38,-195.359,390.214,118.151,278,0.000327683,19.8979
1999.34,-307.22,578.1,177.255,503.967,0.000302727,19.8976
1999.27,-428.307,760.754,236.483,730.331,0.000288728,19.8969
1999.23,-547.82,923.927,291.139,939.109,0.000273941,19.8966
1999.83,231.554,54.9031,-221.836,106.667,0.00098075,19.9022
1999.79,314.758,78.8698,-302.529,219.535,0.000486649,19.9018
1999.75,421.453,112.992,-406.931,366.99,0.00032769,19.9015
1999.69,626.593,189.74,-611.127,665.615,0.000302733,19.9009
1999.63,827.052,279.792,-816.038,965.187,0.000288734,19.9003
1999.57,1006.79,374.293,-1005.4,1241.97,0.000273947,19.8998
1999.35,-186.711,147.582,-157.82,93.627,0.000980722,19.8977
1999.31,-256.814,198.341,-215.24,192.699,0.000486635,19.8973
1999.28,-349.163,261.682,-289.526,322.099,0.000327681,19.897
1999.23,-534.755,377.723,-434.749,584.043,0.000302725,19.8966
1999.18,-727.02,483.393,-580.314,846.611,0.000288726,19.8961
1999.1,-909.684,571.143,-714.635,1088.91,0.000273939,19.8953
1999.87,177.906,122.349,337.392,13.3354,0.00121536,19.9026
1999.84,195.473,135.68,371.83,49.5315,0.000980751,19.9024
1999.7,263.363,189.535,507.148,202.744,0.000486647,19.901
1999.66,348.465,262.71,682.392,403.004,0.000327689,19.9006
1999.58,500.54,411.585,1014.8,796.702,0.000302731,19.8998
1999.93,-12.4989,-204.11,305.486,9.93427,0.00137617,19.9031
1999.89,-13.0209,-237.619,355.549,62.5628,0.000980753,19.9028
1999.82,-12.3707,-324.264,484.994,211.091,0.00048665,19.9021
1999.77,-7.22957,-436.327,652.626,405.259,0.000327691,19.9017
1999.7,16.8061,-654.457,980.681,798.987,0.000302733,19.901
1999.69,21.2101,-682.188,1022.65,848.286,0.000292146,19.9009
1999.56,235.345,35.0743,-69.1946,81.2541,0.000980734,19.8996
1999.53,320.443,50.9743,-94.3681,167.216,0.000486641,19.8993
1999.5,430.07,73.9769,-126.94,279.481,0.000327685,19.8991
1999.45,642.286,126.7,-190.521,506.658,0.000302729,19.8986
1999.4,852.136,189.844,-254.237,734.239,0.00028873,19.8982
1999.36,1042.89,257.15,-313.034,944.143,0.000273944,19.8978
1999.52,54.4612,231.667,-27.4002,78.5318,0.000980731,19.8992
1999.48,71.3047,316.519,-37.3431,161.614,0.00048664,19.8989
1999.46,90.7528,426.771,-50.2146,270.116,0.000327685,19.8987
1999.42,121.084,643.394,-75.3716,489.667,0.000302728,19.8983
1999.36,141.229,861.556,-100.563,709.583,0.000288729,19.8978
1999.33,150.687,1063.44,-123.791,912.386,0.000273943,19.8974
1999.56,84.5937,-222.427,-30.0108,78.6305,0.000980734,19.8997
1999.54,118.163,-302.151,-40.868,161.817,0.000486642,19.8994
1999.51,163.848,-404.463,-54.9295,270.455,0.000327686,19.8992
1999.44,260.075,-600.8,-82.3889,490.287,0.000302728,19.8985
1999.4,365.67,-792.761,-109.896,710.485,0.00028873,19.8981
1999.36,471.067,-965.334,-135.304,913.554,0.000273944,19.8978
1999.46,-216.977,-97.6678,164.477,94.9097,0.000980728,19.8987
1999.42,-294.326,-136.47,224.435,195.346,0.000486638,19.8983
1999.39,-393.137,-189.301,302.103,326.552,0.000327683,19.898
1999.3,-581.552,-300.721,453.861,592.163,0.000302726,19.8972
1999.21,-763.721,-423.019,606.035,858.459,0.000288727,19.8964
1999.16,-925.527,-545.067,746.618,1104.29,0.00027394,19.8959
1999.46,203.685,-123.022,-147.028,91.6267,0.000980728,19.8987
1999.42,279.536,-164.701,-200.319,188.573,0.000486639,19.8984
1999.4,379.067,-216.207,-269.325,315.2,0.000327683,19.8981
1999.34,577.373,-308.607,-404.045,571.506,0.000302727,19.8976
1999.29,781.08,-390.181,-539.155,828.39,0.000288728,19.8971
1999.25,972.777,-455.391,-663.771,1065.44,0.000273942,19.8967
1999.83,235.305,-35.4055,-278.137,105.034,0.00098075,19.9022
1999.79,321.496,-43.6755,-379.324,232.063,0.000486649,19.9019
1999.75,433.388,-50.7356,-510.362,398.055,0.00032769,19.9015
1999.64,652.57,-52.5998,-766.667,734.4,0.000302732,19.9004
1999.57,872.22,-38.5382,-1024.06,1072.09,0.000288733,19.8998
1999.55,913.878,-34.0592,-1073.05,1135.5,0.000278638,19.8996
1999.21,49.8947,-232.705,95.2982,84.044,0.000980714,19.8964
1999.03,71.2375,-316.563,129.954,172.964,0.000486627,19.8946
1999.01,101.328,-424.416,174.799,289.095,0.000327676,19.8944
1998.94,168.114,-632.728,262.402,524.111,0.000302719,19.8938
1998.9,245.506,-837.849,350.208,759.582,0.000288721,19.8934
1998.86,326.015,-1023.4,431.241,976.81,0.000273935,19.8931
1999.45,-235.728,32.3239,137.804,90.2044,0.000980727,19.8986
1999.41,-321.948,40.5583,188.047,185.642,0.000486638,19.8982
1999.39,-433.63,48.466,253.001,310.296,0.000327683,19.898
1999.34,-652.383,55.0153,379.964,562.596,0.000302727,19.8975
1999.29,-871.695,49.728,507.232,815.45,0.000288728,19.8971
1999.26,-1073.57,34.3046,624.689,1048.79,0.000273942,19.8968
1999.5,-49.3439,232.767,-85.6078,82.9056,0.00098073,19.8991
1999.47,-70.3914,316.755,-116.715,170.613,0.00048664,19.8988
1999.44,-100.064,424.683,-156.89,285.149,0.000327684,19.8985
1999.4,-165.956,633.302,-235.386,516.923,0.000302728,19.8981
1999.35,-242.288,838.754,-314.028,749.13,0.000288729,19.8977
1999.31,-321.743,1024.82,-386.622,963.323,0.000273943,19.8973
1999.94,-157.167,108.373,-273.567,2.98929,0.00158051,19.9033
1999.88,-197.092,133.36,-341.052,71.1891,0.000980753,19.9027
1999.82,-271.637,177.453,-465.136,215.53,0.00048665,19.9021
1999.77,-370.24,230.948,-625.873,404.192,0.000327691,19.9016
1999.62,-569.247,323.432,-940.246,786.538,0.000302732,19.9002
1999.59,-627.79,346.947,-1030.59,895.567,0.000286274,19.9
1999.59,228.683,-65.6984,12.2641,78.1226,0.000980736,19.9
1999.56,312.662,-86.6843,16.7518,160.772,0.000486643,19.8997
1999.54,421.817,-111.511,22.554,268.708,0.000327686,19.8994
1999.49,636.688,-152.44,33.9006,487.113,0.000302729,19.899
1999.45,853.59,-183.299,45.3203,705.882,0.000288731,19.8986
1999.41,1054.76,-202.713,55.8587,907.626,0.000273944,19.8983
1999.44,-170.362,-166.143,126.995,88.3188,0.000980727,19.8985
1999.41,-229.786,-229.031,172.876,181.76,0.000486638,19.8983
1999.39,-304.76,-312.3,232.293,303.802,0.000327683,19.898
1999.34,-444.494,-480.602,348.304,550.813,0.000302727,19.8975
1999.29,-575.487,-656.575,464.678,798.36,0.000288728,19.8971
1999.24,-687.877,-824.896,572.016,1026.77,0.000273942,19.8967
1999.44,120.498,205.206,-90.3034,83.4543,0.000980727,19.8986
1999.42,161.563,281.402,-123.169,171.747,0.000486638,19.8983
1999.38,212.45,381.171,-165.693,287.057,0.000327683,19.898
1999.32,304.378,579.596,-248.727,520.412,0.000302726,19.8974
1999.28,386.457,782.929,-331.955,754.198,0.000288728,19.897
1999.25,453.005,973.909,-408.702,969.853,0.000273942,19.8967
1999.44,-135.543,195.603,123.108,87.8028,0.000980727,19.8985
1999.39,-187.597,264.765,167.797,180.703,0.000486637,19.898
1999.36,-257.065,352.62,225.62,302.038,0.000327683,19.8978
1999.32,-399.467,518.653,338.559,547.615,0.000302726,19.8973
1999.27,-550.863,677.39,451.808,793.701,0.000288728,19.8969
1999.23,-697.752,816.585,556.288,1020.76,0.000273941,19.8965
1997.97,234.223,-41.7612,-18.5953,78.2595,0.00098064,19.8846
1997.94,319.981,-53.9602,-25.4085,161.053,0.000486595,19.8843
1997.87,431.146,-67.3549,-34.2212,269.179,0.000327653,19.8837
1997.82,649.006,-85.7902,-51.4333,487.969,0.000302699,19.8832
1997.77,867.944,-93.9816,-68.6982,707.124,0.000288702,19.8827
1997.71,1070.14,-92.4025,-84.6398,909.226,0.000273917,19.8822
1999.53,-133.59,-196.945,28.3277,78.5665,0.000980732,19.8994
1999.5,-179.678,-270.15,38.6081,161.684,0.000486641,19.899
1999.47,-237.286,-366.139,51.9074,270.232,0.000327685,19.8988
1999.41,-343.103,-557.573,77.8994,489.877,0.000302728,19.8982
1999.37,-439.941,-754.097,103.946,709.889,0.000288729,19.8978
1999.33,-520.959,-939.253,127.972,912.784,0.000273943,19.8974
1999.87,242.991,-175.305,625.991,6.193,0.000467103,19.9026
1999.86,261.427,-186.49,671.017,30.3282,0.000486651,19.9025
1999.8,362.361,-243.114,912.712,280.813,0.000327691,19.9019
1999.76,389.442,-257.035,976.297,349.866,0.000311902,19.9015
1999.52,-144.826,188.845,65.4295,80.9147,0.000980732,19.8993
1999.49,-199.881,255.548,89.2113,166.519,0.000486641,19.899
1999.47,-273.07,340.362,120.018,278.317,0.000327685,19.8988
1999.42,-421.903,500.553,180.154,504.552,0.000302728,19.8983
1999.37,-578.731,653.741,240.45,731.187,0.00028873,19.8978
1999.32,-729.797,788.097,296.066,940.22,0.000273943,19.8974
1999.42,-92.4818,-219.254,-58.1995,80.3174,0.000980726,19.8984
1999.38,-123.247,-300.117,-79.352,165.289,0.000486637,19.8979
1999.35,-160.775,-405.601,-106.726,276.259,0.000327682,19.8977
1999.27,-226.547,-614.214,-160.219,500.817,0.000302725,19.8969
1999.22,-282.299,-826.142,-213.831,725.771,0.000288727,19.8965
1999.18,-324.621,-1023.92,-263.305,933.244,0.000273941,19.8961
1999.39,-180.241,155.349,33.9087,78.8019,0.000980724,19.8981
1999.36,-247.689,209.496,46.2024,162.17,0.000486637,19.8978
1999.33,-336.541,277.745,62.1254,271.045,0.000327682,19.8975
1999.29,-514.566,404.673,93.1964,491.352,0.000302726,19.8971
1999.25,-698.853,523.349,124.334,712.027,0.000288727,19.8967
1999.21,-873.587,624.929,153.023,915.534,0.000273941,19.8964
1999.81,-235,-37.5711,249.195,112.969,0.000980749,19.9021
1999.76,-319.697,-55.5134,339.815,232.511,0.000486648,19.9016
1999.72,-428.581,-82.0838,457.13,388.691,0.00032769,19.9012
1999.64,-638.428,-144.849,686.421,705.018,0.000302732,19.9004
1999.57,-844.348,-222.034,916.553,1022.39,0.000288733,19.8997
1999.52,-1004.56,-293.538,1100.12,1275.32,0.000275636,19.8993
1999.47,237.061,-20.7347,-163.888,94.7214,0.000980729,19.8988
1999.44,323.562,-24.5877,-223.482,194.943,0.000486639,19.8985
1999.37,435.562,-26.6978,-300.588,325.853,0.000327683,19.8978
1999.31,654.311,-21.4389,-451.214,590.854,0.000302726,19.8973
1999.21,873.089,-3.69723,-602.265,856.473,0.000288727,19.8963
1999.16,1073.89,23.7563,-741.713,1101.66,0.00027394,19.8959
1999.71,182.965,-152.134,-327.048,82.8969,0.000980743,19.9011
1999.66,252.684,-203.503,-446.013,223.259,0.000486645,19.9006
1999.61,345.325,-266.741,-600.091,406.686,0.000327687,19.9001
1999.53,533.611,-379.289,-901.472,778.466,0.00030273,19.8994
1999.48,621.983,-425.377,-1038.4,946.72,0.000290856,19.8989
1999.92,187.75,46.9078,273.583,7.47068,0.00158051,19.903
1999.87,230.421,59.5793,336.515,75.062,0.000980752,19.9026
1999.82,312.795,86.247,458.971,218.158,0.00048665,19.9021
1999.78,418.144,124.703,617.653,405.229,0.000327691,19.9018
1999.69,619.236,212.459,928.201,784.467,0.000302733,19.9009
1999.67,683.886,244.941,1030.58,908.616,0.000286276,19.9007
1999.49,72.1654,-226.76,90.6515,83.4788,0.00098073,19.8989
1999.45,101.46,-308.21,123.589,171.797,0.000486639,19.8986
1999.42,141.723,-412.674,166.205,287.146,0.000327684,19.8983
1999.37,228.041,-613.651,249.441,520.569,0.000302727,19.8978
1999.32,324.532,-810.553,332.869,754.425,0.000288729,19.8974
1999.27,422.19,-987.651,409.818,970.149,0.000273942,19.8969
1999.94,166.068,63.4054,209.839,12.4258,0.0022044,19.9033
1999.85,221.477,87.101,280.967,102.976,0.000980751,19.9024
1999.8,300.196,123.056,383.094,230.727,0.00048665,19.902
1999.76,400.631,172.968,515.461,397.66,0.000327691,19.9016
1999.69,591.235,281.112,774.097,735.828,0.000302733,19.9009
1999.6,774.343,403.366,1033.92,1075.32,0.000288734,19.9001
1999.6,798.446,420.94,1069.11,1120.43,0.000280741,19.9
1999.52,234.068,42.7656,60.1174,80.4656,0.000980732,19.8993
1999.48,318.556,61.3623,81.954,165.595,0.00048664,19.8989
1999.45,427.435,87.8406,110.229,276.771,0.000327684,19.8987
1999.4,637.874,147.236,165.382,501.738,0.000302728,19.8982
1999.36,845.735,216.903,220.663,727.095,0.000288729,19.8978
1999.32,1034.22,289.994,271.653,934.945,0.000273943,19.8974
1999.93,-197.737,47.5593,-305.466,7.97875,0.00137617,19.9031
1999.89,-231.766,54.0983,-357.494,60.7953,0.000980753,19.9028
1999.83,-317.168,68.4408,-487.538,209.862,0.00048665,19.9022
1999.78,-428.477,82.7694,-656.109,404.733,0.000327691,19.9018
1999.7,-647.522,96.792,-985.976,799.93,0.000302733,19.901
1999.69,-671.92,97.2065,-1022.64,842.858,0.000292146,19.9009
1999.64,-99.9382,166.338,-273.574,8.38177,0.00158048,19.9004
1999.57,-124.225,202.966,-335.487,75.8145,0.000980735,19.8998
1999.53,-173.853,273.995,-457.603,218.577,0.000486642,19.8994
1999.49,-241.488,363.475,-615.759,405.225,0.000327685,19.899
1999.41,-384.253,530.088,-925.251,783.61,0.000302728,19.8982
1999.39,-435.847,584.054,-1030.55,911.585,0.000286271,19.898
1998.94,-437.806,586.045,-1034.49,915.147,0.000283553,19.8938
1999.52,13.0608,237.579,77.9972,82.1198,0.000980732,19.8993
1999.49,14.6464,324.091,106.42,169.001,0.00048664,19.899
1999.46,14.1945,436.155,143.227,282.468,0.000327685,19.8987
1999.4,5.20298,654.645,215.017,512.07,0.000302728,19.8982
1999.35,-14.5404,872.907,286.946,742.083,0.000288729,19.8977
1999.32,-42.3078,1073.29,353.349,954.246,0.000273943,19.8974
1999.5,221.269,-87.6332,149.341,92.0698,0.000980731,19.8991
1999.47,302.971,-116.191,203.578,189.492,0.00048664,19.8988
1999.36,409.618,-150.492,273.775,316.736,0.000327683,19.8978
1999.17,620.513,-208.697,410.841,574.284,0.000302724,19.896
1999.12,834.973,-255.218,548.37,832.455,0.000288725,19.8955
1998.94,1034.88,-287.545,675.26,1070.72,0.000273937,19.8938
1999.44,60.9586,-230.006,-1.20888,78.0192,0.000980727,19.8986
1999.39,86.0306,-312.828,-1.64137,160.559,0.000486638,19.8981
1999.37,120.728,-419.297,-2.20507,268.351,0.000327683,19.8978
1999.33,195.811,-624.74,-3.3099,486.464,0.000302726,19.8975
1999.28,280.574,-826.762,-4.40948,704.936,0.000288728,19.897
1999.22,367.108,-1009.42,-5.41955,906.408,0.000273941,19.8964
1999.57,-182.607,-152.512,79.6594,82.2824,0.000980734,19.8997
1999.53,-247.06,-210.37,108.672,169.33,0.000486642,19.8994
1999.49,-328.673,-287.012,146.174,283.015,0.000327685,19.899
1999.45,-482.395,-442.535,219.393,513.064,0.000302729,19.8986
1999.4,-628.625,-605.898,292.781,743.528,0.00028873,19.8981
1999.36,-756.177,-762.798,360.462,956.105,0.000273944,19.8978
1999.47,100.952,-215.459,-10.9136,78.0986,0.000980729,19.8988
1999.44,140.364,-292.492,-14.8554,160.722,0.000486639,19.8985
1999.41,193.471,-391.073,-19.9659,268.626,0.000327684,19.8982
1999.36,303.956,-579.852,-29.9489,486.963,0.000302727,19.8977
1999.32,423.356,-763.541,-39.9559,705.661,0.000288729,19.8973
1999.27,541.074,-927.906,-49.2128,907.341,0.000273942,19.8969
1999.42,-18.0363,237.3,82.0323,82.5268,0.000980726,19.8983
1999.4,-27.7941,323.257,111.854,169.837,0.000486638,19.8981
1999.37,-42.9244,434.276,150.472,283.863,0.000327683,19.8979
1999.33,-80.5519,649.697,225.845,514.613,0.000302726,19.8975
1999.28,-128.906,863.464,301.368,745.783,0.000288728,19.897
1999.05,-182.934,1058.43,371.071,959.016,0.000273939,19.8949
1999.28,88.6275,-220.865,-0.356535,78.0175,0.000980717,19.897
1999.25,123.588,-299.981,-0.433214,160.555,0.000486633,19.8967
1999.22,171.005,-401.397,-0.53296,268.346,0.00032768,19.8965
1999.14,270.624,-596.158,-0.727044,486.456,0.000302723,19.8957
1999.09,379.393,-786.332,-0.927116,704.924,0.000288725,19.8952
1999.02,487.527,-957.064,-1.10406,906.389,0.000273938,19.8945
1999.82,-155.079,-180.465,219.691,106.197,0.000980749,19.9021
1999.77,-208.29,-248.79,299.662,218.594,0.000486649,19.9017
1999.74,-274.486,-339.195,403.185,365.461,0.00032769,19.9013
1999.67,-395.224,-521.943,605.586,662.873,0.000302733,19.9007
1999.6,-504.424,-712.647,808.613,961.165,0.000288734,19.9001
1999.52,-594.285,-894.741,996.239,1236.76,0.000273946,19.8993
1999.58,-227.548,-69.4228,41.518,79.1867,0.000980735,19.8999
1999.54,-309.367,-97.6513,56.5419,162.962,0.000486642,19.8995
1999.52,-414.477,-136.457,75.994,272.37,0.000327686,19.8992
1999.48,-616.744,-219.496,113.987,493.764,0.000302729,19.8989
1999.43,-815.324,-312.31,152.09,715.538,0.000288731,19.8985
1999.4,-994.337,-406.205,187.231,920.067,0.000273944,19.8982
1999.87,33.6173,235.613,-297.132,93.61,0.000980752,19.9025
1999.82,41.0451,321.882,-405.163,225.678,0.00048665,19.9021
1999.78,46.8577,433.828,-545.028,398.258,0.000327691,19.9017
1999.7,45.8137,653.087,-818.609,747.919,0.000302733,19.901
1999.65,31.4575,844.04,-1057.47,1052.97,0.000282131,19.9005
1999.34,-230.879,-57.5608,-19.0107,78.264,0.000980721,19.8976
1999.31,-314.128,-81.383,-25.9019,161.062,0.000486635,19.8973
1999.26,-421.094,-114.468,-34.8164,269.194,0.000327681,19.8969
1999.21,-627.586,-186.458,-52.2418,487.995,0.000302724,19.8963
1999.16,-830.873,-268.25,-69.7274,707.162,0.000288726,19.8959
1999.12,-1014.78,-352.089,-85.8437,909.274,0.00027394,19.8955
1999.46,208.955,-113.915,-144.488,91.2855,0.000980728,19.8987
1999.43,286.557,-152.267,-197.068,187.872,0.000486639,19.8984
1999.4,388.164,-199.374,-265.101,314.029,0.000327683,19.8981
1999.35,590.293,-283.089,-397.988,569.374,0.000302727,19.8977
1999.3,797.306,-355.807,-531.228,825.279,0.000288728,19.8972
1999.25,991.604,-412.747,-654.175,1061.45,0.000273942,19.8968
1999.17,234.997,37.6067,-114.065,86.5002,0.000980711,19.8959
1999.14,319.835,54.539,-155.465,178.012,0.00048663,19.8956
1999.1,429.158,79.05,-209.084,297.533,0.000327678,19.8953
1999.06,640.535,135.246,-313.763,539.427,0.000302722,19.8949
1999.01,849.265,202.518,-418.725,781.813,0.000288723,19.8944
1998.96,1038.49,274.139,-515.58,1005.45,0.000273937,19.894
1999.85,-39.6376,-234.654,-275.409,104.439,0.000980751,19.9024
1999.79,-49.4891,-320.665,-375.589,230.75,0.000486649,19.9019
1999.76,-58.624,-432.429,-505.377,395.806,0.00032769,19.9015
1999.69,-64.6459,-651.461,-759.084,730.234,0.000302733,19.9009
1999.61,-54.8884,-871.381,-1014,1065.98,0.000288734,19.9001
1999.6,-50.3779,-922.139,-1073.02,1143,0.000278639,19.9
1999.49,-114.518,-208.547,-86.8897,83.0698,0.00098073,19.899
1999.46,-153.35,-285.927,-118.537,170.955,0.00048664,19.8987
1999.44,-201.302,-387.106,-159.464,285.733,0.000327684,19.8985
1999.4,-287.471,-588.152,-239.425,518.012,0.000302728,19.8981
1999.35,-363.701,-793.743,-319.597,750.729,0.000288729,19.8977
1999.31,-424.836,-986.511,-393.539,965.394,0.000273943,19.8972
1999.55,190.34,142.784,-49.0847,79.6632,0.000980733,19.8995
1999.51,257.67,197.17,-66.9428,163.942,0.000486641,19.8992
1999.48,343.249,269.414,-90.051,274.009,0.000327685,19.8989
1999.43,505.115,416.413,-135.165,496.732,0.000302728,19.8984
1999.39,660.154,571.391,-180.384,719.837,0.00028873,19.898
1999.35,796.404,720.714,-222.083,925.595,0.000273943,19.8977
1999.43,206.547,118.239,-139.223,90.429,0.000980726,19.8984
1999.39,279.81,164.257,-189.893,186.098,0.000486638,19.8981
1999.36,373.154,226.14,-255.485,311.052,0.000327683,19.8977
1999.31,550.414,354.424,-383.651,563.972,0.000302726,19.8973
1999.27,720.894,492.551,-512.156,817.449,0.000288728,19.8969
1999.22,871.315,628.053,-630.724,1051.37,0.000273941,19.8965
1999.14,-166.13,-170.411,184.712,98.7135,0.000980709,19.8957
1999.1,-223.784,-234.937,251.764,203.159,0.000486629,19.8953
1999.07,-296.17,-320.461,338.606,339.601,0.000327677,19.895
1999,-429.931,-493.677,508.289,615.859,0.000302721,19.8944
1998.94,-553.568,-675.117,678.541,892.861,0.000288722,19.8937
1998.88,-657.975,-848.985,835.807,1148.64,0.000273936,19.8933
1999.8,-14.011,237.571,303.916,94.9264,0.000980748,19.9019
1999.74,-23.938,323.6,414.437,228.845,0.000486648,19.9014
1999.7,-40.6148,434.479,557.53,403.838,0.000327689,19.901
1999.62,-85.6472,649.06,837.372,758.434,0.000302732,19.9002
1999.57,-131.539,812.169,1053.65,1032.09,0.000284401,19.8997
1999.96,86.5535,134.727,177.932,0.248314,0.00270509,19.9034
1999.79,126.135,201.805,264.475,102.327,0.000980748,19.9018
1999.74,168.177,277.51,360.707,225.787,0.000486648,19.9014
1999.7,219.463,377.195,485.299,387.103,0.000327689,19.901
1999.63,309.221,577.068,728.849,713.883,0.000302732,19.9003
1999.49,385.057,783.576,973.322,1041.82,0.000288732,19.899
1994.54,414.849,879.464,1084.89,1190.88,0.00028007,19.8521
1999.5,54.3813,231.702,-139.135,90.4047,0.00098073,19.8991
1999.46,70.7558,316.652,-189.779,186.06,0.00048664,19.8987
1999.4,89.2659,427.148,-255.369,310.998,0.000327683,19.8982
1999.35,116.545,644.243,-383.47,563.878,0.000302727,19.8977
1999.29,132.015,863.061,-511.864,817.304,0.000288728,19.8971
1999.24,135.721,1065.47,-630.347,1051.17,0.000273942,19.8966
1999.56,47.666,-233.12,-49.0972,79.6578,0.000980734,19.8997
1999.52,68.0202,-317.244,-66.9284,163.932,0.000486641,19.8993
1999.48,96.7259,-425.529,-90.0006,273.99,0.000327685,19.8989
1999.44,160.33,-634.694,-135.037,496.697,0.000302728,19.8985
1999.38,234.051,-841.138,-180.191,719.785,0.00028873,19.898
1999.35,310.748,-1028.17,-221.825,925.533,0.000273943,19.8977
1999.49,224.134,-79.9777,123.684,87.8442,0.00098073,19.899
1999.45,306.657,-105.87,168.429,180.784,0.000486639,19.8986
1999.42,414.342,-136.85,226.411,302.177,0.000327684,19.8984
1999.37,626.79,-188.936,339.649,547.884,0.000302727,19.8978
1999.33,842.284,-229.886,453.22,794.11,0.000288729,19.8975
1999.29,1042.75,-257.544,557.995,1021.3,0.000273942,19.8971
1999.5,-210.657,110.611,-86.4392,82.9792,0.00098073,19.8991
1999.46,-288.745,148.031,-117.805,170.77,0.000486639,19.8987
1999.43,-390.824,194.14,-158.38,285.427,0.000327684,19.8985
1999.38,-593.357,276.614,-237.601,517.456,0.000302727,19.8979
1999.3,-800.263,349.154,-317.057,749.921,0.000288728,19.8972
1999.26,-994.078,406.868,-390.336,964.348,0.000273942,19.8969
1999.93,-8.55196,-185.827,-241.677,10.7916,0.00184668,19.9031
1999.83,-8.76709,-237.835,-309.242,90.7688,0.00098075,19.9022
1999.78,-7.02277,-324.375,-421.709,226.202,0.000486649,19.9017
1999.74,-0.84588,-436.389,-567.489,403.194,0.00032769,19.9013
1999.65,23.9331,-654.226,-852.494,761.915,0.000302732,19.9005
1999.6,50.8449,-803.605,-1049.82,1009.76,0.000286776,19.9
1999.34,-236.205,-28.492,68.5189,81.2039,0.000980721,19.8976
1999.31,-321.753,-41.9796,93.5212,167.117,0.000486635,19.8973
1999.28,-431.989,-61.8647,125.861,279.318,0.000327681,19.897
1999.24,-645.608,-108.572,189.011,506.374,0.000302725,19.8967
1999.2,-857.157,-165.754,252.31,733.838,0.000288727,19.8963
1999.17,-1049.74,-227.636,310.718,943.631,0.00027394,19.8959
1999.87,213.862,206.519,626.021,0.759779,0.000467103,19.9026
1999.86,228.016,222.553,671.018,19.1942,0.000486651,19.9025
1999.82,246.216,243.681,729.688,60.685,0.000387288,19.9021
1999.78,303.159,313.877,919.873,270.765,0.000327691,19.9017
1999.77,319.44,335.183,976.295,331.819,0.000311902,19.9016
1999.31,106.924,-212.579,-58.6258,80.3615,0.000980719,19.8973
1999.28,148.512,-288.443,-79.9901,165.381,0.000486634,19.897
1999.26,204.513,-385.502,-107.662,276.414,0.000327681,19.8968
1999.21,320.615,-570.786,-161.654,501.096,0.000302724,19.8963
1999.16,445.776,-750.647,-215.756,726.169,0.000288726,19.8959
1999.13,568.889,-911.114,-265.691,933.752,0.00027394,19.8956
1999.47,74.4587,225.981,-61.0866,80.5571,0.000980729,19.8988
1999.21,98.6089,309.15,-83.3435,165.779,0.000486632,19.8964
1999.18,127.473,417.314,-112.089,277.072,0.000327679,19.8961
1999.14,176.107,630.493,-168.245,502.283,0.000302723,19.8956
1999.1,214.493,846.329,-224.565,727.893,0.000288725,19.8953
1999.02,240.607,1046.8,-276.509,935.974,0.000273938,19.8945
1999.93,-166.516,-70.9423,-241.679,2.58749,0.00184668,19.9032
1999.87,-217.952,-95.4928,-317.773,83.9657,0.000980752,19.9026
1999.82,-295.129,-134.804,-433.42,221.765,0.00048665,19.9021
1999.78,-393.212,-189.241,-583.216,401.858,0.000327691,19.9018
1999.69,-578.352,-306.813,-876.104,766.82,0.000302733,19.9009
1999.65,-679.128,-379.778,-1042.21,973.293,0.00029186,19.9005
1999.39,-209.909,-112.029,169.6,95.8459,0.000980724,19.8981
1999.35,-284.515,-156.04,231.396,197.259,0.000486636,19.8977
1999.32,-379.439,-215.434,311.278,329.724,0.000327682,19.8974
1999.26,-559.785,-339.508,467.469,597.888,0.000302725,19.8968
1999.2,-733.132,-474.12,624.072,866.725,0.000288727,19.8962
1999.15,-886.043,-607.102,768.611,1114.88,0.00027394,19.8958
1999.29,193.774,-138.078,-10.9221,78.1002,0.000980718,19.8971
1999.25,265.989,-185.801,-14.8821,160.726,0.000486634,19.8967
1999.23,360.674,-245.526,-20.0063,268.63,0.00032768,19.8965
1999.19,549.633,-355.697,-30.0887,486.97,0.000302724,19.8961
1999.13,743.858,-457.055,-40.1884,705.669,0.000288725,19.8956
1999.1,927.056,-542.384,-49.5048,907.349,0.000273939,19.8953
1999.95,184.67,12.4531,-241.723,9.23357,0.00184668,19.9033
1999.88,237.274,18.2359,-310.85,89.488,0.000980753,19.9026
1999.82,323.083,29.795,-423.942,225.367,0.00048665,19.9022
1999.79,433.678,48.6352,-570.455,402.915,0.000327691,19.9018
1999.71,647.31,97.9172,-856.777,762.67,0.000302733,19.9011
1999.67,786.205,139.453,-1046.06,999.95,0.00028926,19.9007
1999.39,-65.14,-228.91,-162.152,94.4094,0.000980724,19.898
1999.35,-85.3765,-313.007,-221.071,194.294,0.000486636,19.8976
1999.31,-108.801,-422.588,-297.393,324.758,0.000327682,19.8973
1999.26,-145.31,-638.311,-446.408,588.845,0.000302725,19.8968
1999.19,-169.602,-856.443,-595.84,853.542,0.000288726,19.8961
1999.15,-180.99,-1058.77,-733.815,1097.88,0.00027394,19.8958
1999.55,-182.685,-152.545,41.4843,79.1975,0.000980733,19.8995
1999.52,-247.057,-210.287,56.5742,162.984,0.000486641,19.8993
1999.49,-328.791,-286.844,76.1137,272.407,0.000327685,19.899
1999.41,-482.923,-441.967,114.259,493.823,0.000302728,19.8982
1999.37,-629.868,-604.625,152.477,715.611,0.00028873,19.8979
1999.34,-758.374,-760.642,187.713,920.149,0.000273943,19.8975
1999.79,37.0113,-235.066,243.395,111.633,0.000980748,19.9019
1999.7,54.6952,-319.792,331.924,229.757,0.000486647,19.901
1999.63,80.9218,-428.822,446.621,384.074,0.000327688,19.9003
1999.57,142.866,-638.898,670.65,696.612,0.000302731,19.8997
1999.51,219.077,-845.128,895.522,1010.2,0.000288732,19.8992
1999.42,301.786,-1030.87,1103.44,1300.01,0.000273945,19.8984
1999.42,301.792,-1030.88,1103.46,1300.01,0.000273945,19.8984
1998.61,36.0838,235.189,-99.03,84.5028,0.000980678,19.8906
1998.57,46.0201,321.218,-135.062,173.906,0.000486614,19.8903
1998.54,56.2985,432.74,-181.658,290.67,0.000327667,19.89
1998.49,68.0178,651.169,-272.672,526.972,0.000302711,19.8895
1998.44,68.6205,870.37,-363.902,763.743,0.000288713,19.889
1998.38,59.3279,1072.43,-448.11,982.174,0.000273928,19.8885
1999.41,-189.864,-143.366,118.582,87.172,0.000980725,19.8982
1999.37,-256.903,-198.13,161.732,179.405,0.000486637,19.8978
1999.34,-341.942,-271.027,217.569,299.87,0.000327682,19.8976
1999.28,-502.302,-419.896,326.67,543.685,0.000302726,19.897
1999.23,-654.951,-577.289,435.978,787.997,0.000288727,19.8965
1999.18,-788.387,-729.526,536.873,1013.4,0.000273941,19.8961
1999.88,298.464,-157.257,729.701,20.7657,0.000387289,19.9027
1999.87,323.56,-167.657,788.441,63.3003,0.000363646,19.9026
1999.83,391.036,-193.649,944.79,235.224,0.000327692,19.9022
1999.83,403.001,-197.961,972.288,264.106,0.000317381,19.9022
1999.33,-237.918,5.85081,209.615,104.099,0.000980721,19.8975
1999.28,-324.436,4.14655,286.034,214.245,0.000486634,19.897
1999.26,-436.33,-1.22954,384.971,358.139,0.000327681,19.8968
1999.19,-654.318,-22.0477,578.397,649.506,0.000302724,19.8961
1999.13,-871.266,-56.5774,772.452,941.739,0.000288725,19.8956
1999.08,-1069.42,-100.462,951.808,1211.72,0.000273939,19.8951
1999.5,184.262,150.516,-165.933,95.1359,0.00098073,19.8991
1999.46,248.944,208.049,-226.325,195.795,0.00048664,19.8987
1999.43,330.731,284.689,-304.513,327.273,0.000327684,19.8985
1999.37,483.784,441.068,-457.15,593.419,0.000302727,19.8979
1999.23,628.077,606.481,-610.28,860.228,0.000288727,19.8965
1999.18,752.635,766.268,-751.584,1106.51,0.000273941,19.8961
1999.41,-54.6361,-231.619,-186.603,99.1496,0.000980725,19.8982
1999.38,-70.7902,-316.613,-254.432,204.058,0.000486637,19.8979
1999.35,-88.741,-427.245,-342.294,341.091,0.000327682,19.8976
1999.3,-114.046,-644.636,-513.891,618.526,0.000302726,19.8972
1999.24,-126.407,-863.87,-686.053,896.699,0.000288727,19.8966
1999.19,-126.176,-1066.69,-845.088,1153.57,0.000273941,19.8962
1999.84,258.298,31.1217,-491.1,9.4997,0.000597661,19.9023
1999.79,321.556,43.5243,-612.66,127.162,0.000486649,19.9019
1999.72,430.785,69.5728,-824.425,357.92,0.00032769,19.9012
1999.68,514.218,93.5333,-988.102,541.892,0.00029783,19.9008
1999.22,146.638,-187.456,88.5146,83.2214,0.000980714,19.8964
1999.19,202.436,-253.521,120.614,171.269,0.000486632,19.8961
1999.16,276.637,-337.43,162.207,286.267,0.000327679,19.8958
1999.11,427.614,-495.703,243.444,518.99,0.000302722,19.8954
1999.06,586.672,-646.578,324.865,752.15,0.000288724,19.895
1999.01,739.917,-778.548,400,967.235,0.000273938,19.8944
1999.45,-153.23,-182.034,-85.4457,82.8936,0.000980728,19.8987
1999.42,-206.51,-250.283,-116.538,170.597,0.000486638,19.8983
1999.38,-273.389,-340.038,-156.741,285.142,0.000327683,19.898
1999.34,-397.418,-520.259,-235.312,516.94,0.000302727,19.8975
1999.27,-512.527,-706.769,-314.055,749.18,0.000288728,19.8969
1999.23,-610.415,-883.834,-386.745,963.406,0.000273941,19.8965
1999.52,234.314,-41.4376,-58.5766,80.4033,0.000980731,19.8992
1999.49,320.057,-53.0477,-80.0784,165.465,0.00048664,19.899
1999.46,431.416,-65.647,-107.925,276.554,0.000327684,19.8987
1999.4,649.438,-82.2994,-162.256,501.348,0.000302728,19.8982
1999.36,868.537,-88.3994,-216.708,726.534,0.000288729,19.8977
1999.32,1070.79,-84.6111,-266.949,934.222,0.000273943,19.8973
1999.56,17.6752,237.309,-30.5634,78.6647,0.000980734,19.8997
1999.44,21.053,323.745,-41.6972,161.885,0.000486639,19.8985
1999.4,23.0412,435.774,-56.1265,270.568,0.000327683,19.8982
1999.37,19.111,654.38,-84.2851,490.487,0.000302727,19.8978
1999.32,4.8519,873.011,-112.518,710.776,0.000288729,19.8974
1999.29,-17.4349,1073.95,-138.577,913.926,0.000273942,19.8971
1999.5,-224.042,-80.0938,123.408,87.8412,0.000980731,19.8991
1999.46,-304.276,-112.531,168.16,180.778,0.00048664,19.8987
1999.43,-407.144,-157.006,226.112,302.16,0.000327684,19.8984
1999.37,-604.313,-251.733,339.261,547.842,0.000302727,19.8978
1999.31,-796.763,-357.015,452.764,794.051,0.000288729,19.8973
1999.27,-969.202,-463.047,557.505,1021.23,0.000273942,19.8969
1999.53,-184.16,-150.747,-79.0507,82.2612,0.000980732,19.8994
1999.5,-249.073,-207.935,-107.958,169.289,0.000486641,19.8991
1999.47,-331.423,-283.839,-145.383,282.949,0.000327685,19.8988
1999.42,-486.627,-437.975,-218.465,512.951,0.000302728,19.8984
1999.36,-634.341,-599.916,-291.683,743.369,0.000288729,19.8977
1999.31,-763.344,-755.617,-359.218,955.905,0.000273943,19.8973
1999.5,237.888,5.87237,31.8129,78.7094,0.000980731,19.8991
1999.47,324.234,11.0132,43.3587,161.98,0.00048664,19.8988
1999.43,435.91,20.0657,58.3138,270.728,0.000327684,19.8984
1999.38,653.068,45.4741,87.4757,490.773,0.000302727,19.8979
1999.33,869.332,81.1882,116.709,711.187,0.000288729,19.8975
1999.29,1067.04,123.164,143.66,914.455,0.000273942,19.8971
1999.53,160.988,-175.219,1.22588,78.0186,0.000980732,19.8994
1999.49,221.704,-236.875,1.64185,160.558,0.00048664,19.899
1999.47,301.954,-314.974,2.17774,268.349,0.000327685,19.8988
1999.42,463.966,-461.859,3.21811,486.462,0.000302728,19.8984
1999.38,633.003,-601.303,4.24544,704.931,0.00028873,19.898
1999.35,794.529,-722.757,5.17286,906.398,0.000273943,19.8976
1999.93,102.524,-152.766,-241.714,7.44518,0.00184668,19.9031
1999.85,134.509,-196.339,-312.706,87.977,0.000980751,19.9024
1999.8,187.456,-264.855,-426.437,224.336,0.000486649,19.9019
1999.66,259.096,-351.147,-573.753,402.534,0.000327688,19.9006
1999.59,408.758,-511.366,-861.857,763.718,0.000302731,19.8999
1999.54,510.726,-607.524,-1046.01,994.029,0.000289258,19.8994
1999.31,84.4019,-222.5,150.499,92.2663,0.000980719,19.8973
1999.28,118.277,-302.11,205.118,189.89,0.000486634,19.897
1999.25,164.713,-404.069,275.855,317.404,0.00032768,19.8968
1999.21,263.628,-599.203,413.998,575.516,0.000302724,19.8963
1999.15,373.53,-789.129,552.552,834.22,0.000288726,19.8957
1999.1,484.193,-958.807,680.496,1073.01,0.000273939,19.8953
1999.9,199.693,-168.224,491.144,11.4345,0.000597663,19.9028
1999.85,251.156,-205.437,610.536,128.82,0.000486651,19.9024
1999.79,344.742,-267.577,821.726,359.012,0.000327691,19.9018
1999.75,420.628,-313.101,988.04,546.249,0.000297831,19.9015
1999.84,207.228,116.991,-236.025,109.905,0.000980751,19.9023
1999.8,280.412,163.188,-321.848,226.199,0.000486649,19.9019
1999.76,373.398,225.83,-433.025,378.122,0.00032769,19.9015
1997.3,548.67,357.15,-650.018,685.663,0.00030269,19.8782
1997.24,715.493,500.342,-867.731,994.142,0.000288693,19.8777
1997.2,860.94,642.216,-1068.92,1279.2,0.000273908,19.8773
1999.52,-88.0366,221.107,42.9603,79.2822,0.000980732,19.8993
1999.49,-122.887,300.245,58.5858,163.16,0.00048664,19.899
1999.47,-170.236,401.762,78.8178,272.699,0.000327685,19.8988
1999.43,-269.763,596.558,118.319,494.353,0.000302728,19.8984
1999.38,-378.625,786.71,157.901,716.386,0.00028873,19.8979
1999.33,-486.956,957.36,194.421,921.152,0.000273943,19.8975
1999.94,-145.096,-69.9419,177.963,1.60643,0.00270508,19.9033
1999.84,-213.115,-105.946,262.992,103.363,0.00098075,19.9023
1999.78,-288.535,-148.41,358.6,226.413,0.000486649,19.9018
1999.73,-384.457,-206.483,482.438,387.166,0.00032769,19.9013
1999.67,-565.638,-329.636,724.43,712.8,0.000302733,19.9007
1999.6,-738.494,-465.694,967.471,1039.66,0.000288734,19.9001
1999.57,-818.478,-535.683,1084.87,1197,0.000280155,19.8998
1999.27,-181.881,-153.438,-168.301,95.5988,0.000980717,19.8969
1999.23,-245.586,-212.024,-229.588,196.759,0.000486633,19.8966
1999.21,-326.068,-290.008,-308.936,328.889,0.00032768,19.8963
1999.16,-476.455,-448.964,-463.909,596.382,0.000302723,19.8958
1999.11,-617.92,-616.813,-619.372,864.538,0.000288725,19.8954
1999.07,-739.795,-778.77,-762.907,1112.08,0.000273939,19.895
1999.46,-237.974,-3.03202,-157.301,93.5138,0.000980728,19.8987
1999.43,-324.33,-7.76343,-214.43,192.454,0.000486639,19.8984
1999.39,-436.041,-16.739,-288.458,321.686,0.000327683,19.8981
1999.34,-653.262,-43.4846,-433.037,583.279,0.000302727,19.8976
1999.29,-869.173,-82.4842,-578.014,845.514,0.000288728,19.8971
1999.25,-1066.29,-129.198,-711.864,1087.56,0.000273942,19.8967
1999.54,-101.096,215.379,91.1111,83.5484,0.000980733,19.8994
1999.5,-140.696,292.376,124.303,171.947,0.000486641,19.8991
1999.48,-194.149,390.745,167.224,287.399,0.000327685,19.8989
1999.43,-305.777,578.835,251.064,521.034,0.000302728,19.8984
1999.38,-427.027,761.534,335.11,755.111,0.00028873,19.898
1999.35,-546.866,924.444,412.653,971.047,0.000273943,19.8976
1999.88,-56.9855,284.977,-581.051,16.5559,0.000502417,19.9027
1999.86,-66.2104,317.668,-648.918,78.1696,0.000486651,19.9025
1999.8,-100.508,424.656,-873.472,319.87,0.000327691,19.9019
1999.77,-118.811,474.836,-980.221,437.923,0.000306849,19.9017
1999.88,-191.252,141.646,321.858,82.0475,0.000980753,19.9027
1999.83,-263.726,189.009,438.945,220.989,0.00048665,19.9022
1999.78,-359.768,246.986,590.635,402.54,0.000327691,19.9017
1999.67,-553.978,348.895,887.181,770.454,0.000302733,19.9007
1999.63,-655.999,394.929,1038.46,957.495,0.000290859,19.9004
1999.13,-658.565,396.023,1042.23,960.752,0.000291851,19.8956
1999.3,146.277,-187.74,88.1499,83.2036,0.000980719,19.8972
1999.28,201.878,-253.971,120.186,171.228,0.000486634,19.897
1999.25,275.809,-338.113,161.697,286.194,0.00032768,19.8967
1999.02,426.29,-496.913,242.794,518.854,0.000302721,19.8946
1998.98,584.826,-648.257,324.001,751.939,0.000288723,19.8942
1998.95,737.652,-780.704,398.925,966.946,0.000273937,19.8939
1999.5,89.1189,-220.661,-130.545,88.9969,0.000980731,19.8991
1999.47,124.683,-299.499,-177.999,183.157,0.00048664,19.8988
1999.44,173.244,-400.536,-239.511,306.14,0.000327684,19.8985
1999.36,275.896,-593.705,-359.546,555.057,0.000302727,19.8977
1999.31,388.973,-781.594,-479.874,804.503,0.000288728,19.8972
1999.26,502.149,-949.499,-591.013,1034.7,0.000273942,19.8968
1999.5,40.437,234.535,-24.5027,78.4295,0.00098073,19.8991
1999.46,52.158,320.25,-33.4037,161.404,0.00048664,19.8988
1999.44,64.9559,431.474,-44.935,269.766,0.000327684,19.8985
1999.39,82.21,649.53,-67.4952,489.037,0.000302728,19.8981
1999.35,89.1638,868.512,-90.1041,708.676,0.000288729,19.8976
1999.31,86.4524,1070.6,-110.952,911.223,0.000273943,19.8973
1999.53,110.226,-210.857,-105.962,85.4101,0.000980732,19.8993
1999.49,153.203,-285.992,-144.518,175.774,0.00048664,19.899
1999.46,211.057,-381.889,-194.423,293.801,0.000327685,19.8987
1999.42,331.253,-564.718,-291.929,532.666,0.000302728,19.8983
1999.38,460.91,-741.483,-389.628,772.006,0.00028873,19.8979
1999.34,588.522,-898.57,-479.826,992.812,0.000273943,19.8976
1999.44,88.139,220.982,-67.811,81.1302,0.000980727,19.8985
1999.41,117.313,302.545,-92.5225,166.964,0.000486638,19.8982
1999.38,152.667,408.736,-124.437,279.059,0.000327683,19.898
1999.34,214.106,618.691,-186.814,505.892,0.000302727,19.8976
1999.27,265.342,831.757,-249.31,733.132,0.000288728,19.8969
1999.23,303.368,1030.4,-306.961,942.714,0.000273941,19.8965
1999.84,132.308,-343.581,847.162,9.02488,0.000344095,19.9023
1999.83,143.952,-366.319,905.83,36.8972,0.000327736,19.9022
1999.81,156.713,-390.392,968.399,87.7578,0.000327691,19.9021
1999.5,-58.7349,230.605,141.23,90.6888,0.00098073,19.8991
1999.46,-83.4418,313.507,192.493,186.646,0.00048664,19.8987
1999.42,-118.065,420.041,258.876,311.978,0.000327684,19.8983
1999.37,-194.181,625.228,388.56,565.648,0.000302727,19.8979
1999.32,-281.54,826.401,518.515,819.88,0.000288729,19.8974
1999.27,-371.855,1007.69,638.498,1054.49,0.000273942,19.897
1999.52,-111.369,210.281,91.4675,83.6018,0.000980732,19.8993
1999.49,-154.682,285.215,124.792,172.052,0.00048664,19.899
1999.45,-212.905,380.847,167.908,287.573,0.000327684,19.8986
1999.39,-333.651,563.217,252.122,521.349,0.000302728,19.898
1999.33,-463.715,739.695,336.53,755.569,0.000288729,19.8975
1999.29,-591.522,896.515,414.446,971.645,0.000273942,19.8971
1999.93,175.545,84.4808,273.597,9.65274,0.00158051,19.9032
1999.88,213.615,104.909,334.265,76.9383,0.000980753,19.9027
1999.82,288.942,147.685,455.909,219.355,0.00048665,19.9022
1999.78,384.36,206.618,613.427,405.507,0.000327691,19.9018
1999.71,563.645,333.078,921.58,782.79,0.000302733,19.9011
1999.69,626.694,382.996,1034.5,920.291,0.000283566,19.9009
1998.09,-7.06074,237.798,-10.0573,78.0876,0.000980648,19.8858
1998.06,-12.6279,324.184,-13.7278,160.7,0.000486599,19.8855
1998.04,-22.2148,435.749,-18.484,268.588,0.000327657,19.8852
1997.99,-48.6418,652.882,-27.7762,486.896,0.000302702,19.8848
1997.95,-85.2745,868.883,-37.0793,705.564,0.000288705,19.8844
1997.9,-128.014,1066.41,-45.6438,907.214,0.00027392,19.8839
1999.39,-197.872,132.239,-73.4554,81.6534,0.000980724,19.898
1999.35,-271.422,177.676,-100.149,168.039,0.000486636,19.8977
1999.32,-368.061,234.458,-134.75,280.856,0.000327682,19.8974
1999.28,-560.516,338.164,-202.24,509.154,0.000302726,19.897
1999.24,-758.305,432.624,-269.931,737.866,0.000288727,19.8966
1999.2,-944.735,511.109,-332.401,948.82,0.000273941,19.8963
1999.49,64.9494,228.873,-20.9967,78.3178,0.00098073,19.899
1999.46,85.6977,312.973,-28.5953,161.173,0.00048664,19.8987
1999.43,110.197,422.219,-38.4169,269.377,0.000327684,19.8984
1999.38,150.453,637.115,-57.605,488.327,0.000302727,19.898
1998.8,180.598,854.221,-76.8713,707.645,0.00028872,19.8925
1998.76,199.3,1055.46,-94.6784,909.903,0.000273934,19.8921
1999.93,-88.4188,-169.199,273.629,2.91368,0.00158051,19.9031
1999.87,-108.352,-211.864,341.11,71.1173,0.000980752,19.9026
1999.82,-143.078,-291.211,465.228,215.477,0.00048665,19.9021
1999.73,-184.22,-395.574,625.96,404.13,0.00032769,19.9013
1998.46,-251.84,-604.321,940.268,786.444,0.000302711,19.8892
1998.44,-268.075,-665.306,1030.6,895.434,0.000286254,19.889
1999.49,165.223,171.176,54.8899,80.065,0.00098073,19.899
1999.46,223.103,235.612,74.8538,164.77,0.00048664,19.8987
1999.41,296.09,320.532,100.659,275.392,0.000327684,19.8983
1999.36,432.499,491.421,151.073,499.246,0.000302727,19.8978
1999.31,560.87,669.123,201.636,723.493,0.000288729,19.8973
1999.28,671.539,838.291,248.26,930.311,0.000273942,19.897
1999.35,4.49896,237.904,-3.04563,78.0252,0.000980722,19.8977
1999.32,3.15435,324.425,-4.26489,160.571,0.000486636,19.8974
1999.29,-0.956035,436.329,-5.84359,268.372,0.000327681,19.8971
1999.24,-16.7064,654.492,-8.90934,486.501,0.000302725,19.8967
1999.18,-42.6942,872.013,-11.9683,704.99,0.000288726,19.8961
1999.14,-75.7163,1071.41,-14.7854,906.478,0.00027394,19.8957
1999.82,237.749,10.4234,-232.268,109.031,0.000980749,19.9021
1999.77,323.952,18.3689,-316.761,224.414,0.000486649,19.9017
1999.74,435.202,31.9458,-426.174,375.169,0.00032769,19.9013
1999.66,650.997,69.1702,-640.056,680.522,0.000302732,19.9006
1999.6,864.683,120.656,-854.676,986.819,0.000288733,19.9
1999.5,1058.81,180.636,-1053.03,1269.83,0.000273946,19.8991
1999.45,-234.534,40.0627,6.31206,78.0469,0.000980727,19.8986
1999.42,-320.306,51.6056,8.62507,160.616,0.000486638,19.8983
1999.39,-431.576,64.176,11.6204,268.448,0.000327683,19.898
1999.34,-649.666,81.0369,17.4728,486.64,0.000302727,19.8975
1999.3,-868.653,87.6763,23.3302,705.192,0.000288728,19.8972
1999.23,-1070.73,84.7173,28.7252,906.732,0.000273941,19.8965
1999.52,224.253,79.605,-109.705,85.9194,0.000980732,19.8993
1999.48,304.648,111.621,-149.617,176.821,0.00048664,19.8989
1999.46,407.68,155.465,-201.259,295.543,0.000327684,19.8987
1999.41,605.528,248.901,-302.181,535.817,0.000302728,19.8982
1999.35,798.663,352.629,-403.287,776.568,0.000288729,19.8977
1999.32,971.992,457.144,-496.644,998.689,0.000273943,19.8973
1999.5,30.7439,-235.953,-121.892,87.6567,0.00098073,19.8991
1999.47,45.2871,-321.272,-166.209,180.398,0.00048664,19.8988
1999.37,66.7298,-431.184,-223.54,301.52,0.000327683,19.8979
1999.32,117.154,-644.12,-335.59,546.671,0.000302726,19.8974
1999.27,178.841,-854.528,-447.906,792.35,0.000288728,19.897
1999.22,245.576,-1045.67,-551.634,1019.05,0.000273941,19.8964
1999.5,217.937,-95.4371,50.3133,79.7505,0.00098073,19.8991
1999.47,298.397,-127.353,68.6596,164.123,0.00048664,19.8988
1999.45,403.366,-166.381,92.3936,274.311,0.000327684,19.8986
1999.41,610.96,-235.123,138.74,497.281,0.000302728,19.8982
1999.36,822.08,-294.008,185.189,720.631,0.000288729,19.8978
1999.33,1019.15,-339.304,228.046,926.62,0.000273943,19.8974
1999.51,-49.8346,-232.655,-117.654,86.9998,0.000980731,19.8992
1999.41,-64.6813,-317.976,-160.372,179.043,0.000486638,19.8982
1999.38,-81.2585,-428.731,-215.606,299.255,0.000327683,19.898
1999.34,-105.071,-646.189,-323.526,542.561,0.000302727,19.8975
1999.29,-117.513,-865.146,-431.728,786.372,0.000288728,19.8971
1999.26,-118.819,-1067.49,-531.572,1011.33,0.000273942,19.8968
1999.67,141.66,-78.0702,-177.942,2.63492,0.00270504,19.9007
1999.51,209.807,-112.349,-261.874,104.16,0.000980731,19.8992
1999.47,288.089,-149.245,-357.116,226.96,0.00048664,19.8988
1999.38,390.96,-193.82,-480.496,387.398,0.000327683,19.898
1999.31,596.303,-270.245,-721.624,712.366,0.000302726,19.8972
1999.24,807.357,-332.393,-963.753,1038.53,0.000288727,19.8966
1999.21,914.454,-357.9,-1084.9,1201.21,0.000280149,19.8963
1999.33,119.662,-205.64,138.127,90.242,0.00098072,19.8975
1999.29,166.133,-278.702,188.464,185.727,0.000486635,19.8971
1999.26,228.535,-371.703,253.576,310.442,0.000327681,19.8968
1999.22,357.792,-548.276,380.76,562.849,0.000302724,19.8964
1999.18,496.735,-717.958,508.209,815.807,0.000288726,19.896
1999.14,633.035,-867.747,625.91,1049.25,0.00027394,19.8956
1999.53,-66.4012,228.498,98.3367,84.4201,0.000980733,19.8994
1999.5,-93.6335,310.64,134.109,173.738,0.000486641,19.8991
1999.45,-131.306,416.133,180.406,290.388,0.000327684,19.8986
1999.4,-212.688,619.123,270.802,526.46,0.000302728,19.8981
1999.35,-304.529,818.258,361.447,762.991,0.000288729,19.8977
1999.32,-398.119,997.576,445.052,981.194,0.000273943,19.8974
1999.37,18.2977,237.242,-104.722,85.2434,0.000980723,19.8979
1999.34,21.6589,323.746,-142.813,175.427,0.000486636,19.8976
1999.31,23.4124,435.739,-192.104,293.213,0.000327682,19.8973
1999.26,18.3911,654.389,-288.364,531.591,0.000302725,19.8968
1999.22,2.12847,873.095,-384.879,770.435,0.000288727,19.8964
1999.17,-22.7629,1073.85,-473.927,990.788,0.00027394,19.896
1999.46,228.185,-67.4045,2.39459,78.0213,0.000980728,19.8987
1999.43,311.981,-89.0526,3.27311,160.563,0.000486639,19.8984
1999.4,420.97,-114.756,4.40871,268.359,0.000327683,19.8981
1999.33,635.505,-157.397,6.62267,486.479,0.000302726,19.8974
1999.26,852.145,-190.013,8.88232,704.957,0.000288728,19.8968
1999.22,1053.14,-211.085,11.0042,906.431,0.000273941,19.8965
1999.73,-301.376,265.043,964.574,2.23629,0.000313902,19.9013
1999.54,-79.3723,-224.306,-70.065,81.3329,0.000980733,19.8995
1999.5,-105.223,-306.918,-95.5552,167.38,0.000486641,19.8991
1999.47,-136.305,-414.567,-128.553,279.758,0.000327685,19.8988
1999.43,-189.18,-626.715,-192.958,507.171,0.000302728,19.8984
1999.38,-231.756,-841.784,-257.567,734.998,0.00028873,19.8979
1999.34,-261.673,-1041.74,-317.122,945.124,0.000273943,19.8976
1998.31,168.811,-33.1288,209.811,3.66206,0.00220418,19.8878
1998.24,233.986,-43.2171,290.257,95.9896,0.000980656,19.8871
1998.19,319.923,-54.2458,395.915,226.246,0.000486603,19.8867
1998.15,431.512,-64.7804,532.627,396.469,0.000327659,19.8863
1998.08,650.592,-73.1188,800.036,741.334,0.000302704,19.8856
1998.01,864.608,-65.6142,1061.24,1078.06,0.000288706,19.885
1999.45,23.0876,236.811,-122.702,87.7831,0.000980728,19.8987
1999.41,28.168,323.202,-167.328,180.659,0.000486638,19.8983
1999.1,32.0746,435.197,-225.151,301.978,0.000327677,19.8953
1999.06,30.9549,653.926,-338.031,547.525,0.000302722,19.8949
1999.01,18.2603,872.904,-451.269,793.604,0.000288723,19.8944
1998.96,-3.68985,1074.08,-555.762,1020.67,0.000273937,19.894
1999.45,-177.343,158.707,55.222,80.0884,0.000980728,19.8986
1999.43,-243.815,214.102,75.2873,164.818,0.000486639,19.8984
1999.4,-331.361,283.883,101.249,275.473,0.000327683,19.8981
1999.35,-507.195,413.88,151.97,499.391,0.000302727,19.8977
1999.3,-689.511,535.599,202.817,723.697,0.000288728,19.8972
1999.27,-862.634,639.962,249.694,930.564,0.000273942,19.8969
1999.64,77.444,225.015,-294.928,93.1843,0.000980739,19.9005
1999.59,101.045,308.358,-402.251,224.694,0.000486643,19.8999
1999.55,127.909,417.195,-541.171,396.557,0.000327686,19.8996
1999.48,168.382,632.677,-812.867,744.749,0.000302729,19.8989
1999.42,191.019,828.769,-1057.47,1058,0.000282127,19.8983
1999.85,-90.4234,-336.401,788.395,4.28426,0.000363646,19.9024
1999.84,-94.668,-362.045,847.144,28.2085,0.000344095,19.9023
1999.68,-98.5556,-387.735,905.868,71.7583,0.000327733,19.9008
1999.66,-102.304,-415.116,968.337,139.081,0.000327689,19.9006
1999.88,214.967,-102.043,344.826,68.6986,0.000980753,19.9027
1999.82,295.346,-134.374,470.297,214.094,0.00048665,19.9022
1999.53,400.897,-172.28,632.693,404.108,0.000327686,19.8994
1999.45,611.648,-233.408,950.603,789.392,0.000302729,19.8986
1999.38,662.718,-245.421,1026.59,880.556,0.000289126,19.898
0.300537,777.97,-355.267,765.499,1221.77,0.0160197,inf
0.300537,927.767,-504.783,384.219,1655.7,0.0151994,inf
1999.91,-178.224,-166.352,-446.111,3.82667,0.000663191,19.9029
1999.89,-195.153,-184.188,-491.094,30.1987,0.000597663,19.9028
1999.84,-233.147,-225.681,-593.988,145.096,0.000486651,19.9023
1999.77,-305.807,-311.266,-799.391,370.467,0.000327691,19.9017
1999.73,-369.982,-394.752,-992.052,588.721,0.000308308,19.9012
1998.47,-138.308,-193.641,-177.429,97.341,0.00098067,19.8894
1998.44,-185.478,-266.197,-241.994,200.346,0.00048661,19.889
1998.41,-244.049,-361.75,-325.604,334.892,0.000327664,19.8887
1998.35,-350.078,-553.194,-488.872,607.265,0.000302709,19.8882
1998.28,-445.064,-751.132,-652.637,880.319,0.000288711,19.8875
1998.24,-522.329,-938.582,-803.84,1132.41,0.000273925,19.8871
1999.55,-155.718,-179.918,-98.5645,84.4527,0.000980733,19.8995
1999.52,-209.848,-247.403,-134.411,173.802,0.000486641,19.8993
1999.49,-277.919,-336.397,-180.837,290.497,0.000327685,19.899
1999.42,-404.024,-515.081,-271.431,526.647,0.000302728,19.8984
1999.38,-521.2,-700.444,-362.221,763.236,0.00028873,19.898
1999.35,-620.812,-876.492,-445.957,981.49,0.000273943,19.8976
1999.58,-236.943,-21.3697,19.1819,78.2723,0.000980735,19.8998
1999.45,-322.901,-32.1521,26.1666,161.078,0.000486639,19.8986
1999.42,-433.674,-48.4372,35.1944,269.219,0.000327684,19.8983
1999.36,-648.722,-87.894,52.8203,488.039,0.000302727,19.8978
1999.31,-862.151,-137.501,70.5139,707.222,0.000288729,19.8973
1999.17,-1056.75,-192.105,86.8324,909.35,0.000273941,19.896
1999.36,-112.63,-209.568,-39.3634,79.0752,0.000980722,19.8977
1999.32,-150.932,-287.184,-53.6571,162.731,0.000486636,19.8974
1999.3,-198.347,-388.706,-72.1729,271.985,0.000327681,19.8972
1999.25,-283.72,-590.024,-108.323,493.063,0.000302725,19.8967
1999.18,-359.6,-795.576,-144.55,714.515,0.000288726,19.8961
1999.14,-420.851,-988.255,-177.961,918.745,0.00027394,19.8956
1999.9,-173.776,-192.762,491.124,8.13187,0.000597663,19.9029
1999.84,-213.617,-244.225,614.224,126.081,0.000486651,19.9023
1999.76,-278.696,-335.786,826.772,357.461,0.00032769,19.9015
1999.72,-324.882,-407.418,988.039,538.652,0.000297831,19.9012
1999.49,150.708,-184.115,-61.2566,80.562,0.00098073,19.899
1999.45,207.944,-249.109,-83.5395,165.791,0.000486639,19.8987
1999.43,283.762,-331.478,-112.337,277.098,0.000327684,19.8984
1999.38,437.645,-486.826,-168.584,502.337,0.000302727,19.898
1999.34,599.288,-634.927,-224.972,727.971,0.000288729,19.8976
1999.3,754.587,-764.434,-276.974,936.073,0.000273943,19.8972
1999.52,-200.429,-128.224,50.0265,79.7208,0.000980732,19.8993
1999.49,-271.639,-177.413,68.2053,164.062,0.00048664,19.899
1999.46,-362.383,-243.045,91.7332,274.209,0.000327685,19.8987
1999.42,-534.888,-377.553,137.675,497.092,0.000302728,19.8983
1999.37,-701.035,-520.401,183.69,720.359,0.00028873,19.8979
1999.34,-848.082,-659.101,226.177,926.276,0.000273943,19.8975
1999.28,202.77,-124.467,-100.065,84.6483,0.000980717,19.897
1999.24,278.236,-166.937,-136.511,174.207,0.000486633,19.8967
1999.2,377.026,-219.585,-183.618,291.17,0.000327679,19.8963
1999.16,573.932,-315.015,-275.701,527.877,0.000302723,19.8958
1999.11,775.781,-400.455,-367.95,765.046,0.000288725,19.8954
1999.06,965.78,-470.125,-453.122,983.842,0.000273939,19.8949
1999.85,-183.06,152.066,235.594,109.795,0.000980751,19.9024
1999.8,-252.252,204.052,321.261,225.982,0.00048665,19.902
1999.75,-343.867,268.687,432.241,377.769,0.00032769,19.9015
1999.67,-528.897,385.889,649.036,685.152,0.000302733,19.9007
1999.62,-721.912,491.034,866.607,993.544,0.000288734,19.9002
1999.56,-906.151,576.68,1067.69,1278.51,0.000273947,19.8997
1998.61,-149.497,-185.155,199.702,101.861,0.000980678,19.8907
1998.56,-200.716,-254.912,272.318,209.643,0.000486613,19.8902
1998.53,-264.506,-347.033,366.344,350.44,0.000327666,19.8899
1998.46,-380.702,-532.633,550.135,635.532,0.000302711,19.8892
1998.4,-485.597,-725.533,734.448,921.439,0.000288713,19.8887
1998.35,-571.862,-909.209,904.793,1185.5,0.000273927,19.8882
1999.47,81.8134,-223.428,-85.8868,82.9434,0.000980729,19.8988
1999.44,114.588,-303.569,-117.108,170.689,0.000486639,19.8985
1999.41,159.319,-406.275,-157.498,285.285,0.000327684,19.8982
1999.34,254.115,-603.345,-236.38,517.202,0.000302727,19.8976
1999.3,358.836,-795.883,-315.432,749.549,0.000288728,19.8972
1999.25,463.859,-968.735,-388.375,963.868,0.000273942,19.8967
1999.83,67.8425,228.12,-224.304,107.229,0.00098075,19.9022
1999.77,88.5968,312.157,-305.934,220.72,0.000486649,19.9017
1999.73,112.262,421.644,-411.548,368.973,0.00032769,19.9013
1999.67,148.059,637.707,-618.063,669.19,0.000302733,19.9007
1999.62,169.915,856.384,-825.265,970.33,0.000288734,19.9002
1999.56,177.498,1059.32,-1016.71,1248.55,0.000273947,19.8997
1999.39,-28.7168,-236.187,-93.4681,83.8257,0.000980724,19.898
1999.34,-36.0135,-322.418,-127.472,172.511,0.000486636,19.8975
1999.31,-42.932,-434.275,-171.505,288.335,0.000327682,19.8973
1999.26,-48.1373,-652.899,-257.427,522.73,0.000302725,19.8968
1999.21,-42.3384,-872.045,-343.587,757.578,0.000288727,19.8963
1999.17,-27.1916,-1073.78,-423.102,974.224,0.00027394,19.896
1999.51,135.497,195.631,38.1853,79.0166,0.000980731,19.8992
1999.48,182.247,268.448,52.0701,162.611,0.00048664,19.8989
1999.44,240.68,363.913,70.0317,271.783,0.000327684,19.8986
1999.4,348.103,554.461,105.117,492.691,0.000302728,19.8982
1999.36,446.522,750.215,140.261,713.972,0.000288729,19.8978
1999.33,529.021,934.843,172.692,918.043,0.000273943,19.8974
1999.52,-108.901,-211.622,24.136,78.4091,0.000980731,19.8992
1999.49,-145.791,-289.875,32.8059,161.361,0.00048664,19.899
1999.47,-191.344,-392.15,43.9919,269.689,0.000327685,19.8988
1999.42,-273.148,-594.908,65.8292,488.889,0.000302728,19.8983
1999.37,-345.523,-801.797,87.7215,708.451,0.000288729,19.8978
1999.33,-403.574,-995.391,107.904,910.928,0.000273943,19.8974
1999.9,-22.446,-236.259,401.194,17.8433,0.000980754,19.9029
1999.78,-24.7542,-323.529,548.659,180.071,0.000486649,19.9017
1999.73,-23.1053,-435.75,738.268,392.172,0.00032769,19.9012
1999.66,-11.9594,-592.28,1003.41,699.113,0.00030056,19.9006
1999.43,215.443,101.028,-58.6926,80.3645,0.000980727,19.8984
1999.41,292.386,140.589,-80.0646,165.388,0.000486638,19.8982
1999.38,390.897,193.999,-107.741,276.425,0.000327683,19.8979
1999.33,579.196,305.16,-161.719,501.11,0.000302727,19.8975
1999.29,762.303,425.534,-215.804,726.186,0.000288728,19.8971
1999.23,925.985,544.349,-265.712,933.767,0.000273942,19.8966
1999.88,-90.3032,157.418,-241.745,3.30625,0.00184667,19.9027
1999.76,-120.494,205.207,-317.04,84.5636,0.000980746,19.9016
1999.72,-168.618,277.225,-432.406,222.145,0.000486647,19.9011
1999.68,-234.2,368.217,-581.797,401.937,0.000327689,19.9008
1999.61,-372.718,538.23,-873.957,766.337,0.000302732,19.9001
1999.56,-458.36,631.069,-1042.24,975.632,0.000291859,19.8997
1999.42,-234.976,-37.7912,-136.515,89.9317,0.000980726,19.8983
1999.38,-319.777,-54.8608,-186.082,185.072,0.000486637,19.898
1999.35,-429.055,-79.6555,-250.282,309.331,0.000327682,19.8977
1999.29,-640.233,-136.719,-375.625,560.838,0.000302726,19.8971
1999.25,-848.635,-205.275,-501.33,812.894,0.000288727,19.8967
1999.15,-1037.37,-278.427,-617.364,1045.52,0.00027394,19.8958
1999.94,-84.793,145.067,177.896,11.7994,0.00270508,19.9032
1999.81,-122.296,204.14,252.009,111.266,0.000980749,19.9021
1999.76,-170.469,276.074,343.707,231.555,0.000486648,19.9016
1999.73,-235.713,367.263,462.471,388.715,0.00032769,19.9013
1999.66,-372.224,538.561,694.543,707.067,0.000302732,19.9006
1999.6,-520.765,700.754,927.595,1026.57,0.000288734,19.9
1999.55,-635.036,811.618,1096.31,1257.57,0.000277388,19.8996
1999.5,-196.986,133.407,72.2803,81.5481,0.00098073,19.8991
1999.47,-270.351,179.332,98.6143,167.825,0.00048664,19.8988
1999.45,-366.584,236.624,132.697,280.505,0.000327684,19.8986
1999.39,-558.575,341.491,199.297,508.534,0.000302728,19.8981
1999.32,-755.816,437,266.006,736.97,0.000288729,19.8974
1999.29,-941.745,516.448,327.52,947.662,0.000273942,19.8971
