gen_time,drift_time,long_diffusion,trans_diffusion
0.052073,2933.5,0.007076,0.012003
0.012716,2224.88,0.007078,0.012027
0.0492305,2933.5,0.007076,0.012003
0.0494184,2933.5,0.007076,0.012003
0.0590066,2803.98,0.007077,0.012007
0.0166508,2423.94,0.007077,0.012022
0.0624149,2676.73,0.007077,0.01201
0.060451,2803.98,0.007077,0.012007
0.0116511,2224.88,0.007078,0.012027
0.0456585,3109.54,0.007076,0.012
0.048737,2933.5,0.007076,0.012003
0.0462006,3109.54,0.007076,0.012
0.0471131,3109.54,0.007076,0.012
0.0394432,3421.44,0.007076,0.011995
0.0553981,2803.98,0.007077,0.012007
0.0685075,2550.91,0.007077,0.012019
0.0480244,2933.5,0.007076,0.012003
0.0582641,2803.98,0.007077,0.012007
0.0362154,3421.44,0.007076,0.011995
0.0386176,3421.44,0.007076,0.011995
0.00164759,1637.02,0.007078,0.012033
0.0039548,1637.02,0.007078,0.012033
0.0645256,2676.73,0.007077,0.01201
0.0614742,2676.73,0.007077,0.01201
0.014637,2423.94,0.007077,0.012022
0.0249532,2676.73,0.007077,0.01201
0.021765,2676.73,0.007077,0.01201
0.0324024,2933.5,0.007076,0.012003
0.0166653,2423.94,0.007077,0.012022
0.00746401,1813.56,0.007078,0.012027
0.00779625,1813.56,0.007078,0.012027
0.0340566,3421.44,0.007076,0.011995
0.00450203,1637.02,0.007078,0.012033
0.0649366,2676.73,0.007077,0.01201
0.019913,2423.94,0.007077,0.012022
0.0249677,2676.73,0.007077,0.01201
0.0453968,3109.54,0.007076,0.012
0.0461918,3109.54,0.007076,0.012
0.0343189,3421.44,0.007076,0.011995
0.00570402,1637.02,0.007078,0.012033
0.0643596,2676.73,0.007077,0.01201
0.03685,3421.44,0.007076,0.011995
0.00332896,1637.02,0.007078,0.012033
0.0704688,2550.91,0.007077,0.012019
0.0603444,2803.98,0.007077,0.012007
0.0519967,2933.5,0.007076,0.012003
0.0575874,2803.98,0.007077,0.012007
0.0665957,2676.73,0.007077,0.01201
0.0413971,3109.54,0.007076,0.012
0.0466716,3109.54,0.007076,0.012
0.0466094,3109.54,0.007076,0.012
0.066401,2676.73,0.007077,0.01201
0.0152456,2423.94,0.007077,0.012022
0.0387702,3421.44,0.007076,0.011995
0.0557896,2803.98,0.007077,0.012007
0.0322627,2933.5,0.007076,0.012003
0.0171367,2423.94,0.007077,0.012022
0.0518935,2933.5,0.007076,0.012003
0.036816,3421.44,0.007076,0.011995
0.0660813,2676.73,0.007077,0.01201
0.0524021,2933.5,0.007076,0.012003
0.0116108,2224.88,0.007078,0.012027
0.0503478,2933.5,0.007076,0.012003
0.0167663,2423.94,0.007077,0.012022
0.0138832,2423.94,0.007077,0.012022
0.0530294,2933.5,0.007076,0.012003
0.0449632,3109.54,0.007076,0.012
0.0315464,2933.5,0.007076,0.012003
0.011186,2224.88,0.007078,0.012027
0.0375438,3421.44,0.007076,0.011995
0.0634944,2676.73,0.007077,0.01201
0.0318597,2933.5,0.007076,0.012003
0.0207464,2676.73,0.007077,0.01201
0.00329527,1637.02,0.007078,0.012033
0.0619043,2676.73,0.007077,0.01201
0.073679,2550.91,0.007077,0.012019
0.0104147,2224.88,0.007078,0.012027
0.0319926,2933.5,0.007076,0.012003
0.0194397,2423.94,0.007077,0.012022
0.0484202,2933.5,0.007076,0.012003
0.0739101,2550.91,0.007077,0.012019
0.0425456,3109.54,0.007076,0.012
0.0534777,2933.5,0.007076,0.012003
0.0541831,2933.5,0.007076,0.012003
0.024024,2676.73,0.007077,0.01201
0.00942719,2224.88,0.007078,0.012027
0.0199055,2423.94,0.007077,0.012022
0.0618038,2676.73,0.007077,0.01201
0.0689431,2550.91,0.007077,0.012019
0.0396392,3421.44,0.007076,0.011995
0.0390198,3421.44,0.007076,0.011995
0.0428542,3109.54,0.007076,0.012
0.0735913,2550.91,0.007077,0.012019
0.0740288,2550.91,0.007077,0.012019
0.0548258,2803.98,0.007077,0.012007
0.060162,2803.98,0.007077,0.012007
0.0600695,2803.98,0.007077,0.012007
0.0289839,2933.5,0.007076,0.012003
0.00170855,1637.02,0.007078,0.012033
0.0311821,2933.5,0.007076,0.012003
0.0586248,2803.98,0.007077,0.012007
0.0434798,3109.54,0.007076,0.012
0.0315042,2933.5,0.007076,0.012003
0.0514191,2933.5,0.007076,0.012003
0.0462267,3109.54,0.007076,0.012
0.0124072,2224.88,0.007078,0.012027
0.0441238,3109.54,0.007076,0.012
0.0627953,2676.73,0.007077,0.01201
0.0446777,3109.54,0.007076,0.012
0.0249853,2676.73,0.007077,0.01201
0.0511831,2933.5,0.007076,0.012003
0.0261615,2676.73,0.007077,0.01201
0.0288218,2933.5,0.007076,0.012003
0.00797702,1813.56,0.007078,0.012027
0.0384658,3421.44,0.007076,0.011995
0.0301564,2933.5,0.007076,0.012003
0.0606156,2803.98,0.007077,0.012007
0.0397648,3421.44,0.007076,0.011995
0.0205189,2676.73,0.007077,0.01201
0.0563003,2803.98,0.007077,0.012007
0.0485912,2933.5,0.007076,0.012003
0.00329754,1637.02,0.007078,0.012033
0.0676203,2676.73,0.007077,0.01201
0.0170295,2423.94,0.007077,0.012022
0.062006,2676.73,0.007077,0.01201
0.00586478,1637.02,0.007078,0.012033
0.0546504,2803.98,0.007077,0.012007
0.0620666,2676.73,0.007077,0.01201
0.0557985,2803.98,0.007077,0.012007
0.0682512,2550.91,0.007077,0.012019
0.0372601,3421.44,0.007076,0.011995
0.0452657,3109.54,0.007076,0.012
0.0122364,2224.88,0.007078,0.012027
0.0063533,1813.56,0.007078,0.012027
0.0642188,2676.73,0.007077,0.01201
0.0715778,2550.91,0.007077,0.012019
0.0653462,2676.73,0.007077,0.01201
0.0370689,3421.44,0.007076,0.011995
0.0429017,3109.54,0.007076,0.012
0.0292984,2933.5,0.007076,0.012003
0.0710792,2550.91,0.007077,0.012019
0.0450212,3109.54,0.007076,0.012
0.0745899,2550.91,0.007077,0.012019
0.046961,3109.54,0.007076,0.012
0.00462422,1637.02,0.007078,0.012033
0.0674559,2676.73,0.007077,0.01201
0.00210415,1637.02,0.007078,0.012033
0.0660786,2676.73,0.007077,0.01201
0.0107905,2224.88,0.007078,0.012027
0.0512037,2933.5,0.007076,0.012003
0.0084198,1813.56,0.007078,0.012027
0.035569,3421.44,0.007076,0.011995
0.0338229,3421.44,0.007076,0.011995
0.0455213,3109.54,0.007076,0.012
0.069573,2550.91,0.007077,0.012019
0.0233265,2676.73,0.007077,0.01201
0.0610328,2803.98,0.007077,0.012007
0.0126051,2224.88,0.007078,0.012027
0.0302951,2933.5,0.007076,0.012003
0.0193494,2423.94,0.007077,0.012022
0.00121588,1637.02,0.007078,0.012033
0.0632679,2676.73,0.007077,0.01201
0.0224936,2676.73,0.007077,0.01201
0.0237775,2676.73,0.007077,0.01201
0.0200638,2676.73,0.007077,0.01201
0.0537018,2933.5,0.007076,0.012003
0.056823,2803.98,0.007077,0.012007
0.0559033,2803.98,0.007077,0.012007
0.0134215,2423.94,0.007077,0.012022
0.0639037,2676.73,0.007077,0.01201
0.013151,2423.94,0.007077,0.012022
0.0297819,2933.5,0.007076,0.012003
0.0343355,3421.44,0.007076,0.011995
0.0311401,2933.5,0.007076,0.012003
0.0275478,2933.5,0.007076,0.012003
0.0494036,2933.5,0.007076,0.012003
0.0670667,2676.73,0.007077,0.01201
0.0260003,2676.73,0.007077,0.01201
0.0213246,2676.73,0.007077,0.01201
0.0593329,2803.98,0.007077,0.012007
0.0210306,2676.73,0.007077,0.01201
0.0590502,2803.98,0.007077,0.012007
0.0553122,2803.98,0.007077,0.012007
0.0402379,3421.44,0.007076,0.011995
0.066347,2676.73,0.007077,0.01201
0.0595362,2803.98,0.007077,0.012007
0.0118897,2224.88,0.007078,0.012027
0.00466258,1637.02,0.007078,0.012033
0.0206879,2676.73,0.007077,0.01201
0.0313546,2933.5,0.007076,0.012003
0.0729497,2550.91,0.007077,0.012019
0.0689663,2550.91,0.007077,0.012019
0.0044833,1637.02,0.007078,0.012033
0.0593353,2803.98,0.007077,0.012007
0.0501147,2933.5,0.007076,0.012003
0.0474888,2933.5,0.007076,0.012003
0.0115214,2224.88,0.007078,0.012027
0.00412682,1637.02,0.007078,0.012033
0.0345142,3421.44,0.007076,0.011995
0.0239595,2676.73,0.007077,0.01201
0.000144566,1637.02,0.007078,0.012033
0.0150427,2423.94,0.007077,0.012022
0.00941635,2224.88,0.007078,0.012027
0.048574,2933.5,0.007076,0.012003
0.0581335,2803.98,0.007077,0.012007
0.0613877,2676.73,0.007077,0.01201
0.0154399,2423.94,0.007077,0.012022
0.0261312,2676.73,0.007077,0.01201
0.0301697,2933.5,0.007076,0.012003
0.01626,2423.94,0.007077,0.012022
0.0720586,2550.91,0.007077,0.012019
0.0702062,2550.91,0.007077,0.012019
0.057096,2803.98,0.007077,0.012007
0.026584,2676.73,0.007077,0.01201
0.0544558,2803.98,0.007077,0.012007
0.0608346,2803.98,0.007077,0.012007
0.0150305,2423.94,0.007077,0.012022
0.049161,2933.5,0.007076,0.012003
0.0514483,2933.5,0.007076,0.012003
0.0526094,2933.5,0.007076,0.012003
0.0472411,3109.54,0.007076,0.012
0.0345004,3421.44,0.007076,0.011995
0.0446096,3109.54,0.007076,0.012
0.0226788,2676.73,0.007077,0.01201
0.0084914,1813.56,0.007078,0.012027
0.00695856,1813.56,0.007078,0.012027
0.0456945,3109.54,0.007076,0.012
0.0387188,3421.44,0.007076,0.011995
0.0627967,2676.73,0.007077,0.01201
0.0300903,2933.5,0.007076,0.012003
0.0393213,3421.44,0.007076,0.011995
0.0516753,2933.5,0.007076,0.012003
0.0222631,2676.73,0.007077,0.01201
0.0347993,3421.44,0.007076,0.011995
0.021459,2676.73,0.007077,0.01201
0.0722139,2550.91,0.007077,0.012019
0.0205073,2676.73,0.007077,0.01201
0.00772564,1813.56,0.007078,0.012027
0.0682065,2550.91,0.007077,0.012019
0.03867,3421.44,0.007076,0.011995
0.0397592,3421.44,0.007076,0.011995
0.0480116,2933.5,0.007076,0.012003
0.0383045,3421.44,0.007076,0.011995
0.0529817,2933.5,0.007076,0.012003
0.0613307,2676.73,0.007077,0.01201
0.0276891,2933.5,0.007076,0.012003
0.00823956,1813.56,0.007078,0.012027
0.0415334,3109.54,0.007076,0.012
0.0342102,1870.03,0.007077,0.01201
0.0220562,1356.75,0.007078,0.012025
0.0816709,1568.92,0.007077,0.012013
0.00212854,891.052,0.00708,0.012049
0.0503112,2611.03,0.007076,0.011999
0.0520929,2399.36,0.007076,0.012001
0.0929803,1314.92,0.007077,0.01202
0.0543789,2399.36,0.007076,0.012001
0.0659446,1985.16,0.007077,0.012008
0.0809244,1568.92,0.007077,0.012013
0.0133251,1153.1,0.007078,0.012034
0.0775287,1735.1,0.007077,0.012008
0.00292239,1011.6,0.007079,0.012041
0.0369225,2170.06,0.007076,0.012004
0.0923497,1314.92,0.007077,0.01202
0.0650167,1985.16,0.007077,0.012008
0.0818403,1568.92,0.007077,0.012013
0.0368578,2170.06,0.007076,0.012004
0.034702,1870.03,0.007077,0.01201
0.0092269,1011.6,0.007079,0.012041
0.0669272,1985.16,0.007077,0.012008
0.0933387,1314.92,0.007077,0.01202
0.0787281,1568.92,0.007077,0.012013
0.0643234,1985.16,0.007077,0.012008
0.0710736,1985.16,0.007077,0.012008
0.0539548,2399.36,0.007076,0.012001
0.0899248,1455.94,0.007077,0.012016
0.0110464,1153.1,0.007078,0.012034
0.0408998,2170.06,0.007076,0.012004
0.0727883,1870.03,0.007077,0.01201
0.00788893,1011.6,0.007079,0.012041
0.0472211,2611.03,0.007076,0.011999
0.0855438,1455.94,0.007077,0.012016
0.000814454,891.052,0.00708,0.012049
0.0876768,1455.94,0.007077,0.012016
0.028789,1536.15,0.007077,0.012019
0.0479331,2611.03,0.007076,0.011999
0.0449825,2611.03,0.007076,0.011999
0.0743195,1735.1,0.007077,0.012008
0.0172345,1356.75,0.007078,0.012025
0.014485,1153.1,0.007078,0.012034
0.0919096,1314.92,0.007077,0.01202
0.0684035,1985.16,0.007077,0.012008
0.00523974,1011.6,0.007079,0.012041
0.0635832,2170.06,0.007076,0.012004
0.0870831,1455.94,0.007077,0.012016
0.0433764,2170.06,0.007076,0.012004
0.0922112,1314.92,0.007077,0.01202
0.00337542,1011.6,0.007079,0.012041
0.0671753,1985.16,0.007077,0.012008
0.0369691,2170.06,0.007076,0.012004
0.0560912,2399.36,0.007076,0.012001
0.0454741,2611.03,0.007076,0.011999
0.0827409,1568.92,0.007077,0.012013
0.0844998,1568.92,0.007077,0.012013
0.0251367,1536.15,0.007077,0.012019
0.0781889,1568.92,0.007077,0.012013
0.0806256,1568.92,0.007077,0.012013
0.0736636,1870.03,0.007077,0.01201
0.0448512,2611.03,0.007076,0.011999
0.070051,1985.16,0.007077,0.012008
0.019784,1356.75,0.007078,0.012025
0.00903111,1011.6,0.007079,0.012041
0.0393309,2170.06,0.007076,0.012004
0.04493,2611.03,0.007076,0.011999
0.0544525,2399.36,0.007076,0.012001
0.0246855,1536.15,0.007077,0.012019
0.0310538,1870.03,0.007077,0.01201
0.0516016,2399.36,0.007076,0.012001
0.0512436,2399.36,0.007076,0.012001
0.0331598,1870.03,0.007077,0.01201
0.0706003,1985.16,0.007077,0.012008
0.0228399,1356.75,0.007078,0.012025
0.0859808,1455.94,0.007077,0.012016
0.0841422,1568.92,0.007077,0.012013
0.0318121,1870.03,0.007077,0.01201
0.0165407,1356.75,0.007078,0.012025
0.0271459,1536.15,0.007077,0.012019
0.0124184,1153.1,0.007078,0.012034
0.00550363,1011.6,0.007079,0.012041
0.0187163,1356.75,0.007078,0.012025
0.0604142,2170.06,0.007076,0.012004
0.0666943,1985.16,0.007077,0.012008
0.0390324,2170.06,0.007076,0.012004
0.00450449,1011.6,0.007079,0.012041
0.0590539,2170.06,0.007076,0.012004
0.079122,1568.92,0.007077,0.012013
0.0408312,2170.06,0.007076,0.012004
0.0757419,1735.1,0.007077,0.012008
0.0271177,1536.15,0.007077,0.012019
0.075818,1735.1,0.007077,0.012008
0.0496706,2611.03,0.007076,0.011999
0.0799336,1568.92,0.007077,0.012013
0.0624124,2170.06,0.007076,0.012004
0.0339298,1870.03,0.007077,0.01201
0.0225402,1356.75,0.007078,0.012025
0.0153524,1153.1,0.007078,0.012034
0.0826105,1568.92,0.007077,0.012013
0.0321344,1870.03,0.007077,0.01201
0.0420538,2170.06,0.007076,0.012004
0.0936282,1314.92,0.007077,0.01202
0.036768,1870.03,0.007077,0.01201
0.00245959,1011.6,0.007079,0.012041
0.0292521,1536.15,0.007077,0.012019
0.0706911,1985.16,0.007077,0.012008
0.0667706,1985.16,0.007077,0.012008
0.0776257,1735.1,0.007077,0.012008
0.00842446,1011.6,0.007079,0.012041
0.0826229,1568.92,0.007077,0.012013
0.0259493,1536.15,0.007077,0.012019
0.0845153,1568.92,0.007077,0.012013
0.0334179,1870.03,0.007077,0.01201
0.0450774,2611.03,0.007076,0.011999
0.0846101,1568.92,0.007077,0.012013
0.00125439,891.052,0.00708,0.012049
0.0226599,1356.75,0.007078,0.012025
0.0622677,2170.06,0.007076,0.012004
0.036612,1870.03,0.007077,0.01201
0.0560781,2399.36,0.007076,0.012001
0.0607672,2170.06,0.007076,0.012004
0.0653313,1985.16,0.007077,0.012008
0.0471609,2611.03,0.007076,0.011999
0.0622949,2170.06,0.007076,0.012004
0.0665037,1985.16,0.007077,0.012008
0.032235,1870.03,0.007077,0.01201
0.0102184,1153.1,0.007078,0.012034
0.0295042,1536.15,0.007077,0.012019
0.0743334,1735.1,0.007077,0.012008
0.0414168,2170.06,0.007076,0.012004
0.027571,1536.15,0.007077,0.012019
0.0278842,1536.15,0.007077,0.012019
0.0583892,2170.06,0.007076,0.012004
0.0254407,1536.15,0.007077,0.012019
0.0916788,1455.94,0.007077,0.012016
0.00112525,891.052,0.00708,0.012049
0.00528638,1011.6,0.007079,0.012041
0.0681465,1985.16,0.007077,0.012008
0.0848316,1568.92,0.007077,0.012013
0.0445718,2611.03,0.007076,0.011999
0.0494644,2611.03,0.007076,0.011999
0.0553328,2399.36,0.007076,0.012001
0.0524442,2399.36,0.007076,0.012001
0.0336801,1870.03,0.007077,0.01201
0.0775415,1735.1,0.007077,0.012008
0.0611748,2170.06,0.007076,0.012004
0.0605719,2170.06,0.007076,0.012004
0.0613157,2170.06,0.007076,0.012004
0.0916545,1455.94,0.007077,0.012016
0.00823277,1011.6,0.007079,0.012041
0.0852974,1455.94,0.007077,0.012016
0.0627877,2170.06,0.007076,0.012004
0.057173,2399.36,0.007076,0.012001
0.0848076,1568.92,0.007077,0.012013
0.047405,2611.03,0.007076,0.011999
0.0458038,2611.03,0.007076,0.011999
0.010607,1153.1,0.007078,0.012034
0.0497189,2611.03,0.007076,0.011999
0.0163507,1356.75,0.007078,0.012025
0.0730961,1870.03,0.007077,0.01201
0.0711982,1870.03,0.007077,0.01201
0.0364883,1870.03,0.007077,0.01201
0.0360828,1870.03,0.007077,0.01201
0.0663388,1985.16,0.007077,0.012008
0.0439597,2611.03,0.007076,0.011999
0.0878234,1455.94,0.007077,0.012016
0.0116144,1153.1,0.007078,0.012034
0.0361342,1870.03,0.007077,0.01201
0.0887148,1455.94,0.007077,0.012016
0.0303404,1870.03,0.007077,0.01201
0.0299216,1870.03,0.007077,0.01201
0.0127001,1153.1,0.007078,0.012034
0.0775195,1735.1,0.007077,0.012008
0.0463026,2611.03,0.007076,0.011999
0.0731141,1870.03,0.007077,0.01201
0.0215754,1356.75,0.007078,0.012025
0.00555991,1011.6,0.007079,0.012041
0.0643346,1985.16,0.007077,0.012008
0.0251557,1536.15,0.007077,0.012019
0.0718334,1870.03,0.007077,0.01201
0.0430593,2170.06,0.007076,0.012004
0.0251775,1536.15,0.007077,0.012019
0.0661787,1985.16,0.007077,0.012008
0.0685108,1985.16,0.007077,0.012008
0.0741819,1735.1,0.007077,0.012008
0.068451,1985.16,0.007077,0.012008
0.0269932,1536.15,0.007077,0.012019
0.0443685,2611.03,0.007076,0.011999
0.0112627,1153.1,0.007078,0.012034
0.0616976,2170.06,0.007076,0.012004
0.00837377,1011.6,0.007079,0.012041
0.057107,2399.36,0.007076,0.012001
0.0722959,1870.03,0.007077,0.01201
0.0524501,2399.36,0.007076,0.012001
0.0756256,1735.1,0.007077,0.012008
0.0177706,1356.75,0.007078,0.012025
0.0193473,1356.75,0.007078,0.012025
0.0422163,2170.06,0.007076,0.012004
0.00719484,1011.6,0.007079,0.012041
0.0596875,2170.06,0.007076,0.012004
0.0112499,1153.1,0.007078,0.012034
0.0182105,1356.75,0.007078,0.012025
0.0302469,1870.03,0.007077,0.01201
0.0637081,2170.06,0.007076,0.012004
0.054278,2399.36,0.007076,0.012001
0.0416556,2170.06,0.007076,0.012004
0.0513807,2399.36,0.007076,0.012001
0.059045,2170.06,0.007076,0.012004
0.0183784,1356.75,0.007078,0.012025
0.0852812,1455.94,0.007077,0.012016
0.0477412,2611.03,0.007076,0.011999
0.0257024,1536.15,0.007077,0.012019
0.00776067,1011.6,0.007079,0.012041
0.0621346,2170.06,0.007076,0.012004
0.0712116,1870.03,0.007077,0.01201
0.0201805,1356.75,0.007078,0.012025
0.0752458,1735.1,0.007077,0.012008
0.0548176,2399.36,0.007076,0.012001
0.0854728,1455.94,0.007077,0.012016
0.0273847,1536.15,0.007077,0.012019
0.0791362,1568.92,0.007077,0.012013
0.0351515,1870.03,0.007077,0.01201
0.0315482,1870.03,0.007077,0.01201
0.0245834,1536.15,0.007077,0.012019
0.0634661,2170.06,0.007076,0.012004
0.0796436,1568.92,0.007077,0.012013
0.0921073,1314.92,0.007077,0.01202
0.0538789,2399.36,0.007076,0.012001
0.0252832,1536.15,0.007077,0.012019
0.0120776,1153.1,0.007078,0.012034
0.0107534,1153.1,0.007078,0.012034
0.0829504,1568.92,0.007077,0.012013
0.0556226,2399.36,0.007076,0.012001
0.0143283,1153.1,0.007078,0.012034
0.0566894,2399.36,0.007076,0.012001
0.0932542,1314.92,0.007077,0.01202
0.0406902,2170.06,0.007076,0.012004
0.0655704,1985.16,0.007077,0.012008
0.0508274,2399.36,0.007076,0.012001
0.0496557,2611.03,0.007076,0.011999
0.069934,1985.16,0.007077,0.012008
0.0159166,1153.1,0.007078,0.012034
0.0787769,1568.92,0.007077,0.012013
0.0141177,1153.1,0.007078,0.012034
0.0604994,2170.06,0.007076,0.012004
0.0251899,1536.15,0.007077,0.012019
0.0619847,2170.06,0.007076,0.012004
0.0853426,1455.94,0.007077,0.012016
0.0187373,1356.75,0.007078,0.012025
0.0747504,1735.1,0.007077,0.012008
0.0884897,1455.94,0.007077,0.012016
0.0809294,1568.92,0.007077,0.012013
0.0281027,1536.15,0.007077,0.012019
0.0674699,1985.16,0.007077,0.012008
0.0123701,1153.1,0.007078,0.012034
0.0446199,2611.03,0.007076,0.011999
0.052033,2399.36,0.007076,0.012001
0.0875604,1455.94,0.007077,0.012016
0.0844544,1568.92,0.007077,0.012013
0.056713,2399.36,0.007076,0.012001
0.0281977,1536.15,0.007077,0.012019
0.0578832,2170.06,0.007076,0.012004
0.0635446,2170.06,0.007076,0.012004
0.0174509,1356.75,0.007078,0.012025
0.0749361,1735.1,0.007077,0.012008
0.0445907,2611.03,0.007076,0.011999
0.0763639,1735.1,0.007077,0.012008
0.00193332,891.052,0.00708,0.012049
0.0364464,1870.03,0.007077,0.01201
0.0148375,1153.1,0.007078,0.012034
0.0380613,2170.06,0.007076,0.012004
0.0783491,1568.92,0.007077,0.012013
0.0932887,1314.92,0.007077,0.01202
0.0932497,1314.92,0.007077,0.01202
0.0109146,1153.1,0.007078,0.012034
0.0788981,1568.92,0.007077,0.012013
0.0613135,2170.06,0.007076,0.012004
0.0792923,1568.92,0.007077,0.012013
0.0418073,2170.06,0.007076,0.012004
0.0492546,2611.03,0.007076,0.011999
0.0863998,1455.94,0.007077,0.012016
0.0203665,1356.75,0.007078,0.012025
0.0349247,1870.03,0.007077,0.01201
0.0607498,2170.06,0.007076,0.012004
0.0756915,1735.1,0.007077,0.012008
0.0761417,1735.1,0.007077,0.012008
0.0519444,2399.36,0.007076,0.012001
0.0176078,1356.75,0.007078,0.012025
0.024237,1536.15,0.007077,0.012019
0.0651349,1985.16,0.007077,0.012008
0.0533783,3026.24,0.007076,0.011998
0.0736682,2496.12,0.007077,0.012015
0.00330752,1882.16,0.007079,0.012038
0.0765721,2496.12,0.007077,0.012015
0.0934838,2123.48,0.007078,0.012024
0.0196259,2224.88,0.007078,0.012027
0.0823101,2327.05,0.007077,0.012019
0.00162459,1759.18,0.007079,0.012043
0.0566878,3026.24,0.007076,0.011998
0.0855595,2237.81,0.007077,0.012021
0.0621862,2791.33,0.007076,0.012002
0.0255477,2423.94,0.007077,0.012022
0.083128,2327.05,0.007077,0.012019
0.0258876,2423.94,0.007077,0.012022
0.00147079,1759.18,0.007079,0.012043
0.0384219,2933.5,0.007076,0.012003
0.0308696,2676.73,0.007077,0.01201
0.0605823,2791.33,0.007076,0.012002
0.071292,2496.12,0.007077,0.012015
0.0631953,2791.33,0.007076,0.012002
0.0527203,3026.24,0.007076,0.011998
0.0104477,2038.23,0.007078,0.012033
0.0529533,3026.24,0.007076,0.011998
0.0753085,2496.12,0.007077,0.012015
0.0167236,2224.88,0.007078,0.012027
0.0918887,2123.48,0.007078,0.012024
0.0508069,3109.54,0.007076,0.012
0.0630233,2791.33,0.007076,0.012002
0.0917652,2123.48,0.007078,0.012024
0.0198043,2224.88,0.007078,0.012027
0.0593791,2791.33,0.007076,0.012002
0.0837837,2327.05,0.007077,0.012019
0.0408277,2933.5,0.007076,0.012003
0.0610987,2791.33,0.007076,0.012002
0.0563694,3026.24,0.007076,0.011998
0.021204,2224.88,0.007078,0.012027
0.038571,2933.5,0.007076,0.012003
0.0552804,3026.24,0.007076,0.011998
0.0279339,2423.94,0.007077,0.012022
0.0316923,2676.73,0.007077,0.01201
0.0575272,2791.33,0.007076,0.012002
0.00847207,1882.16,0.007079,0.012038
0.0607778,2791.33,0.007076,0.012002
0.0534981,3026.24,0.007076,0.011998
0.0819038,2327.05,0.007077,0.012019
0.0168168,2224.88,0.007078,0.012027
0.020001,2224.88,0.007078,0.012027
0.0894956,2237.81,0.007077,0.012021
0.0594855,2791.33,0.007076,0.012002
0.0390534,2933.5,0.007076,0.012003
0.0679999,2637.48,0.007077,0.012012
0.0587429,2791.33,0.007076,0.012002
0.0674241,2637.48,0.007077,0.012012
0.0873868,2237.81,0.007077,0.012021
0.0393627,2933.5,0.007076,0.012003
0.00668416,1882.16,0.007079,0.012038
0.0184144,2224.88,0.007078,0.012027
0.0817683,2327.05,0.007077,0.012019
0.0678434,2637.48,0.007077,0.012012
0.018977,2224.88,0.007078,0.012027
0.0342844,2676.73,0.007077,0.01201
0.0695235,2637.48,0.007077,0.012012
0.0738913,2496.12,0.007077,0.012015
0.0708479,2496.12,0.007077,0.012015
0.00120034,1759.18,0.007079,0.012043
0.0270591,2423.94,0.007077,0.012022
0.0498205,3421.44,0.007076,0.011995
0.084673,2237.81,0.007077,0.012021
0.0212321,2224.88,0.007078,0.012027
0.060072,2791.33,0.007076,0.012002
0.0648521,2637.48,0.007077,0.012012
0.0113179,2038.23,0.007078,0.012033
0.00613718,1882.16,0.007079,0.012038
0.0231232,2423.94,0.007077,0.012022
0.00422618,1882.16,0.007079,0.012038
0.0590402,2791.33,0.007076,0.012002
0.00784622,1882.16,0.007079,0.012038
0.0639277,2637.48,0.007077,0.012012
0.0157586,2224.88,0.007078,0.012027
0.0184464,2224.88,0.007078,0.012027
0.0220393,2224.88,0.007078,0.012027
0.0055438,1882.16,0.007079,0.012038
0.0134361,2038.23,0.007078,0.012033
0.0287942,2423.94,0.007077,0.012022
0.0103309,2038.23,0.007078,0.012033
0.0118678,2038.23,0.007078,0.012033
0.0634502,2791.33,0.007076,0.012002
0.0196881,2224.88,0.007078,0.012027
0.0827982,2327.05,0.007077,0.012019
0.08492,2237.81,0.007077,0.012021
0.0911272,2237.81,0.007077,0.012021
0.0104062,2038.23,0.007078,0.012033
0.0621556,2791.33,0.007076,0.012002
0.0918762,2123.48,0.007078,0.012024
0.00573907,1882.16,0.007079,0.012038
0.0532294,3026.24,0.007076,0.011998
0.0601426,2791.33,0.007076,0.012002
0.0919354,2123.48,0.007078,0.012024
0.0450188,3421.44,0.007076,0.011995
0.042625,2933.5,0.007076,0.012003
0.0931008,2123.48,0.007078,0.012024
0.0561859,3026.24,0.007076,0.011998
0.0590355,2791.33,0.007076,0.012002
0.019747,2224.88,0.007078,0.012027
0.0266033,2423.94,0.007077,0.012022
0.018516,2224.88,0.007078,0.012027
0.0356899,2676.73,0.007077,0.01201
0.054382,3026.24,0.007076,0.011998
0.0804604,2327.05,0.007077,0.012019
0.0936003,2123.48,0.007078,0.012024
0.0918686,2123.48,0.007078,0.012024
0.057156,2791.33,0.007076,0.012002
0.0223706,2224.88,0.007078,0.012027
0.0610265,2791.33,0.007076,0.012002
0.0347616,2676.73,0.007077,0.01201
0.0514385,3026.24,0.007076,0.011998
0.0479669,3421.44,0.007076,0.011995
0.0885556,2237.81,0.007077,0.012021
0.0240465,2423.94,0.007077,0.012022
0.0445389,3421.44,0.007076,0.011995
0.0583574,2791.33,0.007076,0.012002
0.0644771,2637.48,0.007077,0.012012
0.0305829,2676.73,0.007077,0.01201
0.0861922,2237.81,0.007077,0.012021
0.0443639,3421.44,0.007076,0.011995
0.0211531,2224.88,0.007078,0.012027
0.0577701,2791.33,0.007076,0.012002
0.0679241,2637.48,0.007077,0.012012
0.0926893,2123.48,0.007078,0.012024
0.0402441,2933.5,0.007076,0.012003
0.0625828,2791.33,0.007076,0.012002
0.0442,3421.44,0.007076,0.011995
0.0815914,2327.05,0.007077,0.012019
0.0153452,2038.23,0.007078,0.012033
0.0751655,2496.12,0.007077,0.012015
0.0931248,2123.48,0.007078,0.012024
0.0477254,3421.44,0.007076,0.011995
0.0266762,2423.94,0.007077,0.012022
0.0443564,3421.44,0.007076,0.011995
0.0463066,3421.44,0.007076,0.011995
0.0184651,2224.88,0.007078,0.012027
0.0813463,2327.05,0.007077,0.012019
0.0800308,2327.05,0.007077,0.012019
0.0231371,2423.94,0.007077,0.012022
0.0568602,2791.33,0.007076,0.012002
0.0241445,2423.94,0.007077,0.012022
0.0264316,2423.94,0.007077,0.012022
0.00754548,1882.16,0.007079,0.012038
0.0731787,2496.12,0.007077,0.012015
0.0915927,2123.48,0.007078,0.012024
8.72231e-05,1759.18,0.007079,0.012043
0.0227868,2423.94,0.007077,0.012022
0.0362376,2933.5,0.007076,0.012003
0.0173896,2224.88,0.007078,0.012027
0.0899166,2237.81,0.007077,0.012021
0.0861662,2237.81,0.007077,0.012021
0.0735929,2496.12,0.007077,0.012015
0.0771203,2496.12,0.007077,0.012015
0.0797858,2327.05,0.007077,0.012019
0.0758989,2496.12,0.007077,0.012015
0.0874012,2237.81,0.007077,0.012021
0.0165369,2224.88,0.007078,0.012027
0.0927106,2123.48,0.007078,0.012024
0.0301457,2676.73,0.007077,0.01201
0.0560397,3026.24,0.007076,0.011998
0.0875134,2237.81,0.007077,0.012021
0.0281014,2423.94,0.007077,0.012022
0.0602441,2791.33,0.007076,0.012002
0.0511013,3109.54,0.007076,0.012
0.0596899,2791.33,0.007076,0.012002
0.00140234,1759.18,0.007079,0.012043
0.0704107,2637.48,0.007077,0.012012
0.0506469,3109.54,0.007076,0.012
0.0910932,2237.81,0.007077,0.012021
0.0613596,2791.33,0.007076,0.012002
0.0174497,2224.88,0.007078,0.012027
0.045998,3421.44,0.007076,0.011995
0.0627764,2791.33,0.007076,0.012002
0.0466638,3421.44,0.007076,0.011995
0.0488993,3421.44,0.007076,0.011995
0.0770016,2496.12,0.007077,0.012015
0.0941971,2123.48,0.007078,0.012024
0.0489571,3421.44,0.007076,0.011995
0.0739742,2496.12,0.007077,0.012015
0.0764857,2496.12,0.007077,0.012015
0.00905661,2038.23,0.007078,0.012033
0.00638404,1882.16,0.007079,0.012038
0.015748,2224.88,0.007078,0.012027
0.0526001,3026.24,0.007076,0.011998
0.00944867,2038.23,0.007078,0.012033
0.0296722,2676.73,0.007077,0.01201
0.0261986,2423.94,0.007077,0.012022
0.00107691,1759.18,0.007079,0.012043
0.0705604,2496.12,0.007077,0.012015
0.0328219,2676.73,0.007077,0.01201
0.0074039,1882.16,0.007079,0.012038
0.0103092,2038.23,0.007078,0.012033
0.0719077,2496.12,0.007077,0.012015
0.0455283,3421.44,0.007076,0.011995
0.0571244,2791.33,0.007076,0.012002
0.0775078,2327.05,0.007077,0.012019
0.00646714,1882.16,0.007079,0.012038
0.00787053,1882.16,0.007079,0.012038
0.0776528,2327.05,0.007077,0.012019
0.0809757,2327.05,0.007077,0.012019
0.0476272,3421.44,0.007076,0.011995
0.0906174,2237.81,0.007077,0.012021
0.0549039,3026.24,0.007076,0.011998
0.0371928,2933.5,0.007076,0.012003
0.032177,2676.73,0.007077,0.01201
0.0281901,2423.94,0.007077,0.012022
0.0811849,2327.05,0.007077,0.012019
0.0508978,3109.54,0.007076,0.012
0.0593465,2791.33,0.007076,0.012002
0.027228,2423.94,0.007077,0.012022
0.0737136,2496.12,0.007077,0.012015
0.0289787,2423.94,0.007077,0.012022
0.0274509,2423.94,0.007077,0.012022
0.0412242,2933.5,0.007076,0.012003
0.057191,2791.33,0.007076,0.012002
0.0258077,2423.94,0.007077,0.012022
0.051869,3026.24,0.007076,0.011998
0.00029683,1759.18,0.007079,0.012043
0.0417743,2933.5,0.007076,0.012003
0.055401,3026.24,0.007076,0.011998
0.0339433,2676.73,0.007077,0.01201
0.0711772,2496.12,0.007077,0.012015
0.0747543,2496.12,0.007077,0.012015
0.00470597,1882.16,0.007079,0.012038
0.0158008,2224.88,0.007078,0.012027
0.0298615,2676.73,0.007077,0.01201
0.00100659,1759.18,0.007079,0.012043
0.0448819,3421.44,0.007076,0.011995
0.0540359,3026.24,0.007076,0.011998
0.0806566,2327.05,0.007077,0.012019
0.0624654,2791.33,0.007076,0.012002
0.0380472,2933.5,0.007076,0.012003
0.085433,2237.81,0.007077,0.012021
0.0281747,2423.94,0.007077,0.012022
0.0201038,2224.88,0.007078,0.012027
0.0847382,2237.81,0.007077,0.012021
0.0185742,2224.88,0.007078,0.012027
0.0238901,2423.94,0.007077,0.012022
0.0662252,2637.48,0.007077,0.012012
0.0362204,2933.5,0.007076,0.012003
0.0261979,2423.94,0.007077,0.012022
0.0896249,2237.81,0.007077,0.012021
0.00513717,1882.16,0.007079,0.012038
0.0831382,2327.05,0.007077,0.012019
0.0585932,2791.33,0.007076,0.012002
0.0682219,2637.48,0.007077,0.012012
0.0891067,2237.81,0.007077,0.012021
0.0693203,2637.48,0.007077,0.012012
0.00634316,1882.16,0.007079,0.012038
0.092044,2123.48,0.007078,0.012024
0.00603493,1882.16,0.007079,0.012038
0.0936253,2123.48,0.007078,0.012024
0.0547074,3026.24,0.007076,0.011998
0.00719179,1882.16,0.007079,0.012038
0.0718679,2496.12,0.007077,0.012015
0.0792472,2327.05,0.007077,0.012019
0.0112156,2038.23,0.007078,0.012033
0.0460094,3421.44,0.007076,0.011995
0.0661866,2637.48,0.007077,0.012012
0.0672025,2637.48,0.007077,0.012012
0.0275248,2423.94,0.007077,0.012022
0.0415449,2933.5,0.007076,0.012003
0.0481254,3421.44,0.007076,0.011995
0.0455054,3421.44,0.007076,0.011995
0.021869,2224.88,0.007078,0.012027
0.0734452,2496.12,0.007077,0.012015
0.0334737,2676.73,0.007077,0.01201
0.0294605,2676.73,0.007077,0.01201
0.0839293,2327.05,0.007077,0.012019
0.0836549,2327.05,0.007077,0.012019
0.0348262,2676.73,0.007077,0.01201
0.0397315,2933.5,0.007076,0.012003
0.0857986,2237.81,0.007077,0.012021
0.0607733,2791.33,0.007076,0.012002
0.0275427,2423.94,0.007077,0.012022
0.0640994,2637.48,0.007077,0.012012
0.0505463,3109.54,0.007076,0.012
0.0628698,2791.33,0.007076,0.012002
0.0531804,3026.24,0.007076,0.011998
0.0866832,2237.81,0.007077,0.012021
0.0232914,2423.94,0.007077,0.012022
0.00409241,1882.16,0.007079,0.012038
0.0899147,2237.81,0.007077,0.012021
0.0180482,2224.88,0.007078,0.012027
0.00497561,1882.16,0.007079,0.012038
0.0208169,2224.88,0.007078,0.012027
0.00128646,1759.18,0.007079,0.012043
0.00807905,1882.16,0.007079,0.012038
0.0592217,2791.33,0.007076,0.012002
0.0441955,3421.44,0.007076,0.011995
0.0650787,2637.48,0.007077,0.012012
0.0846476,2237.81,0.007077,0.012021
0.00154464,1759.18,0.007079,0.012043
0.0907392,2237.81,0.007077,0.012021
0.0301903,2676.73,0.007077,0.01201
0.0225405,2423.94,0.007077,0.012022
0.00795225,1882.16,0.007079,0.012038
0.0306054,2676.73,0.007077,0.01201
0.00631052,1882.16,0.007079,0.012038
0.0740143,2496.12,0.007077,0.012015
0.050093,3109.54,0.007076,0.012
0.0302812,2676.73,0.007077,0.01201
0.000692513,1759.18,0.007079,0.012043
0.0127929,2038.23,0.007078,0.012033
0.00200531,1882.16,0.007079,0.012038
0.017807,2224.88,0.007078,0.012027
0.0375972,2933.5,0.007076,0.012003
0.0891482,2237.81,0.007077,0.012021
0.0274092,2423.94,0.007077,0.012022
0.0271781,2423.94,0.007077,0.012022
0.0327114,2676.73,0.007077,0.01201
0.0175082,2224.88,0.007078,0.012027
0.0150303,2038.23,0.007078,0.012033
0.0111588,2038.23,0.007078,0.012033
0.0612349,2791.33,0.007076,0.012002
0.00398019,1882.16,0.007079,0.012038
0.0256834,2423.94,0.007077,0.012022
0.0872408,2237.81,0.007077,0.012021
0.0924765,2123.48,0.007078,0.012024
0.0280033,2423.94,0.007077,0.012022
0.0366241,1553.82,0.007076,0.011994
0.0134294,655.126,0.007078,0.012026
0.0191558,837.822,0.007077,0.012015
0.0732716,1477.42,0.007076,0.012005
0.0172255,837.822,0.007077,0.012015
0.060977,1553.82,0.007076,0.011994
0.0482272,1961.63,0.007076,0.011989
0.0596406,1553.82,0.007076,0.011994
0.0528864,1765.72,0.007076,0.011991
0.0299662,1287.71,0.007076,0.011999
0.0393249,1553.82,0.007076,0.011994
0.0334871,1287.71,0.007076,0.011999
0.0294677,1287.71,0.007076,0.011999
0.0497861,1765.72,0.007076,0.011991
0.0825389,1336.06,0.007077,0.012008
0.078234,1336.06,0.007077,0.012008
0.024696,1053.78,0.007076,0.012006
0.0641644,1642.72,0.007076,0.012001
0.0583152,1553.82,0.007076,0.011994
0.0931557,1113.53,0.007077,0.012016
0.0578062,1553.82,0.007076,0.011994
0.0790156,1336.06,0.007077,0.012008
0.0169967,837.822,0.007077,0.012015
0.0815773,1336.06,0.007077,0.012008
0.0487313,1765.72,0.007076,0.011991
0.0835685,1218.83,0.007077,0.012012
0.0209562,1053.78,0.007076,0.012006
0.062762,1642.72,0.007076,0.012001
0.010403,655.126,0.007078,0.012026
0.0348042,1553.82,0.007076,0.011994
0.0601618,1553.82,0.007076,0.011994
0.0401311,1553.82,0.007076,0.011994
0.0204812,837.822,0.007077,0.012015
0.0214505,1053.78,0.007076,0.012006
0.0649275,1642.72,0.007076,0.012001
0.0799637,1336.06,0.007077,0.012008
0.0109122,655.126,0.007078,0.012026
0.0186941,837.822,0.007077,0.012015
0.0685561,1642.72,0.007076,0.012001
0.0498102,1765.72,0.007076,0.011991
0.071715,1477.42,0.007076,0.012005
0.03896,1553.82,0.007076,0.011994
0.0941708,1113.53,0.007077,0.012016
0.0627244,1642.72,0.007076,0.012001
0.00321393,509.206,0.007079,0.012038
0.0501036,1765.72,0.007076,0.011991
0.00733077,655.126,0.007078,0.012026
0.0200078,837.822,0.007077,0.012015
0.0309689,1287.71,0.007076,0.011999
0.0718544,1477.42,0.007076,0.012005
0.0507065,1765.72,0.007076,0.011991
0.029405,1287.71,0.007076,0.011999
0.040461,1553.82,0.007076,0.011994
0.0237872,1053.78,0.007076,0.012006
0.030089,1287.71,0.007076,0.011999
0.0120718,655.126,0.007078,0.012026
0.0419069,1961.63,0.007076,0.011989
0.0642656,1642.72,0.007076,0.012001
0.0434199,1961.63,0.007076,0.011989
0.0535752,1765.72,0.007076,0.011991
0.0299632,1287.71,0.007076,0.011999
0.0388169,1553.82,0.007076,0.011994
0.00745243,655.126,0.007078,0.012026
0.0250868,1053.78,0.007076,0.012006
0.0861018,1218.83,0.007077,0.012012
0.0571334,1553.82,0.007076,0.011994
0.0320085,1287.71,0.007076,0.011999
0.0141326,837.822,0.007077,0.012015
0.0584821,1553.82,0.007076,0.011994
0.0653637,1642.72,0.007076,0.012001
0.0544134,1765.72,0.007076,0.011991
0.0248293,1053.78,0.007076,0.012006
0.0654901,1642.72,0.007076,0.012001
0.0523631,1765.72,0.007076,0.011991
0.0497525,1765.72,0.007076,0.011991
0.0689156,1642.72,0.007076,0.012001
0.0203425,837.822,0.007077,0.012015
0.050827,1765.72,0.007076,0.011991
0.0119193,655.126,0.007078,0.012026
0.0113975,655.126,0.007078,0.012026
0.00929101,655.126,0.007078,0.012026
0.0719142,1477.42,0.007076,0.012005
0.0136183,655.126,0.007078,0.012026
0.0868208,1218.83,0.007077,0.012012
0.00489701,509.206,0.007079,0.012038
0.0261348,1053.78,0.007076,0.012006
0.03282,1287.71,0.007076,0.011999
0.0794096,1336.06,0.007077,0.012008
0.0505952,1765.72,0.007076,0.011991
0.00662775,509.206,0.007079,0.012038
0.0112564,655.126,0.007078,0.012026
0.0902604,1113.53,0.007077,0.012016
0.0790504,1336.06,0.007077,0.012008
0.0542891,1765.72,0.007076,0.011991
0.000638694,509.206,0.007079,0.012038
0.0935955,1113.53,0.007077,0.012016
0.0902814,1113.53,0.007077,0.012016
0.0820328,1336.06,0.007077,0.012008
0.0205897,837.822,0.007077,0.012015
0.00269972,509.206,0.007079,0.012038
0.0645031,1642.72,0.007076,0.012001
0.0677132,1642.72,0.007076,0.012001
0.00312476,509.206,0.007079,0.012038
0.0138529,655.126,0.007078,0.012026
0.0752698,1477.42,0.007076,0.012005
0.0887268,1218.83,0.007077,0.012012
0.0362289,1553.82,0.007076,0.011994
0.0030684,509.206,0.007079,0.012038
0.0464334,1961.63,0.007076,0.011989
0.0814038,1336.06,0.007077,0.012008
0.0470061,1961.63,0.007076,0.011989
0.00133936,509.206,0.007079,0.012038
0.0112545,655.126,0.007078,0.012026
0.0758645,1336.06,0.007077,0.012008
0.0856398,1218.83,0.007077,0.012012
0.065917,1642.72,0.007076,0.012001
0.00927078,655.126,0.007078,0.012026
0.035409,1553.82,0.007076,0.011994
0.0744509,1477.42,0.007076,0.012005
0.0105589,655.126,0.007078,0.012026
0.0537701,1765.72,0.007076,0.011991
0.0504695,1765.72,0.007076,0.011991
0.0224929,1053.78,0.007076,0.012006
0.0442188,1961.63,0.007076,0.011989
0.0781713,1336.06,0.007077,0.012008
0.0730256,1477.42,0.007076,0.012005
0.00550536,509.206,0.007079,0.012038
0.0146255,837.822,0.007077,0.012015
0.0912956,1113.53,0.007077,0.012016
0.0582303,1553.82,0.007076,0.011994
0.00507073,509.206,0.007079,0.012038
0.0427513,1961.63,0.007076,0.011989
0.00337011,509.206,0.007079,0.012038
0.00756258,655.126,0.007078,0.012026
3.89254e-05,403.887,0.00708,0.012049
0.0636518,1642.72,0.007076,0.012001
0.0654842,1642.72,0.007076,0.012001
0.0813033,1336.06,0.007077,0.012008
0.0359039,1553.82,0.007076,0.011994
0.0520831,1765.72,0.007076,0.011991
0.060939,1553.82,0.007076,0.011994
0.0621907,1642.72,0.007076,0.012001
0.0643611,1642.72,0.007076,0.012001
0.039941,1553.82,0.007076,0.011994
0.0469437,1961.63,0.007076,0.011989
0.0928416,1113.53,0.007077,0.012016
0.00347863,509.206,0.007079,0.012038
0.0287373,1287.71,0.007076,0.011999
0.0405064,1553.82,0.007076,0.011994
0.0602039,1553.82,0.007076,0.011994
0.0830324,1218.83,0.007077,0.012012
0.0513021,1765.72,0.007076,0.011991
0.0199481,837.822,0.007077,0.012015
0.0201854,837.822,0.007077,0.012015
0.0276515,1053.78,0.007076,0.012006
0.0314874,1287.71,0.007076,0.011999
0.0261277,1053.78,0.007076,0.012006
0.012518,655.126,0.007078,0.012026
0.0190016,837.822,0.007077,0.012015
0.0543364,1765.72,0.007076,0.011991
0.0204363,837.822,0.007077,0.012015
0.0207018,837.822,0.007077,0.012015
0.0819449,1336.06,0.007077,0.012008
0.0223923,1053.78,0.007076,0.012006
0.0272239,1053.78,0.007076,0.012006
0.0610308,1553.82,0.007076,0.011994
0.00731962,655.126,0.007078,0.012026
0.00661238,509.206,0.007079,0.012038
0.0845927,1218.83,0.007077,0.012012
0.0396901,1553.82,0.007076,0.011994
0.0559476,1553.82,0.007076,0.011994
0.0194809,837.822,0.007077,0.012015
0.0552641,1553.82,0.007076,0.011994
0.0410265,1553.82,0.007076,0.011994
0.0899926,1113.53,0.007077,0.012016
0.0697269,1477.42,0.007076,0.012005
0.0610809,1553.82,0.007076,0.011994
0.0449974,1961.63,0.007076,0.011989
0.00617771,509.206,0.007079,0.012038
0.0236981,1053.78,0.007076,0.012006
0.0844975,1218.83,0.007077,0.012012
0.0629174,1642.72,0.007076,0.012001
0.0114993,655.126,0.007078,0.012026
0.0287808,1287.71,0.007076,0.011999
0.0586104,1553.82,0.007076,0.011994
0.000444844,509.206,0.007079,0.012038
0.0041628,509.206,0.007079,0.012038
0.0422635,1961.63,0.007076,0.011989
0.0759555,1336.06,0.007077,0.012008
0.0638003,1642.72,0.007076,0.012001
0.0439771,1961.63,0.007076,0.011989
0.0643069,1642.72,0.007076,0.012001
0.0675119,1642.72,0.007076,0.012001
0.0521055,1765.72,0.007076,0.011991
0.0186261,837.822,0.007077,0.012015
0.0642253,1642.72,0.007076,0.012001
0.00036622,509.206,0.007079,0.012038
0.0306973,1287.71,0.007076,0.011999
0.0479773,1961.63,0.007076,0.011989
0.093608,1113.53,0.007077,0.012016
0.0455227,1961.63,0.007076,0.011989
0.0215941,1053.78,0.007076,0.012006
0.0617886,1802.78,0.007076,0.011998
0.0845094,1218.83,0.007077,0.012012
0.0379994,1553.82,0.007076,0.011994
0.0745586,1477.42,0.007076,0.012005
0.0329478,1287.71,0.007076,0.011999
0.0216792,1053.78,0.007076,0.012006
0.0422327,1961.63,0.007076,0.011989
0.0790861,1336.06,0.007077,0.012008
0.0370212,1553.82,0.007076,0.011994
0.0187121,837.822,0.007077,0.012015
0.08411,1218.83,0.007077,0.012012
0.0385779,1553.82,0.007076,0.011994
0.0602591,1553.82,0.007076,0.011994
0.00418665,509.206,0.007079,0.012038
0.00680185,509.206,0.007079,0.012038
0.065438,1642.72,0.007076,0.012001
0.0690529,1477.42,0.007076,0.012005
0.0461951,1961.63,0.007076,0.011989
0.0457368,1961.63,0.007076,0.011989
0.0542448,1765.72,0.007076,0.011991
0.0340052,1287.71,0.007076,0.011999
0.0372462,1553.82,0.007076,0.011994
0.0326162,1287.71,0.007076,0.011999
0.0932165,1113.53,0.007077,0.012016
0.00038561,509.206,0.007079,0.012038
0.012133,655.126,0.007078,0.012026
0.0422686,1961.63,0.007076,0.011989
0.0174571,837.822,0.007077,0.012015
0.0109379,655.126,0.007078,0.012026
0.0559483,1553.82,0.007076,0.011994
0.0854742,1218.83,0.007077,0.012012
0.054107,1765.72,0.007076,0.011991
0.0923857,1113.53,0.007077,0.012016
0.0715576,1477.42,0.007076,0.012005
0.0832576,1218.83,0.007077,0.012012
0.0636119,1642.72,0.007076,0.012001
0.0345615,1287.71,0.007076,0.011999
0.0769092,1336.06,0.007077,0.012008
0.00950909,655.126,0.007078,0.012026
0.0336848,1287.71,0.007076,0.011999
0.0215157,1053.78,0.007076,0.012006
0.057762,1553.82,0.007076,0.011994
0.0837546,1218.83,0.007077,0.012012
0.0490589,1765.72,0.007076,0.011991
0.0405178,1553.82,0.007076,0.011994
0.0133265,655.126,0.007078,0.012026
0.0711582,1477.42,0.007076,0.012005
0.0611611,1553.82,0.007076,0.011994
0.0224011,1053.78,0.007076,0.012006
0.0551597,1765.72,0.007076,0.011991
0.0315038,1287.71,0.007076,0.011999
0.0499797,1765.72,0.007076,0.011991
0.0554798,1553.82,0.007076,0.011994
0.0373413,1553.82,0.007076,0.011994
0.0393309,1553.82,0.007076,0.011994
0.00748206,655.126,0.007078,0.012026
0.069178,1477.42,0.007076,0.012005
0.0634049,1642.72,0.007076,0.012001
0.0937514,1113.53,0.007077,0.012016
0.0612332,1553.82,0.007076,0.011994
0.0355032,1553.82,0.007076,0.011994
0.0506878,1765.72,0.007076,0.011991
0.0551997,1765.72,0.007076,0.011991
0.0633742,1642.72,0.007076,0.012001
0.0314896,1287.71,0.007076,0.011999
0.0744038,1477.42,0.007076,0.012005
0.00700233,509.206,0.007079,0.012038
0.026362,1053.78,0.007076,0.012006
0.0801902,1336.06,0.007077,0.012008
0.0287893,1287.71,0.007076,0.011999
0.0443621,1961.63,0.007076,0.011989
0.00890293,1822.86,0.007078,0.012033
0.0148708,1822.86,0.007078,0.012033
0.0439952,3340.44,0.007076,0.011995
0.0445048,3340.44,0.007076,0.011995
0.0728817,2316.37,0.007077,0.012014
0.0756908,2316.37,0.007077,0.012014
0.0709543,2316.37,0.007077,0.012014
0.042091,2791.33,0.007076,0.012002
0.0373547,2791.33,0.007076,0.012002
0.0316551,2496.12,0.007077,0.012015
0.0308559,2496.12,0.007077,0.012015
0.0164843,2021.59,0.007078,0.012027
0.0109697,1822.86,0.007078,0.012033
0.015401,2021.59,0.007078,0.012027
0.0215304,2021.59,0.007078,0.012027
0.0691987,2473.53,0.007077,0.012011
0.00447026,1667.57,0.007079,0.012039
0.059781,2652.04,0.007077,0.012008
0.0521949,2882.93,0.007076,0.011997
0.000201851,1527.46,0.007079,0.012044
0.0736583,2316.37,0.007077,0.012014
0.0784082,2158.02,0.007077,0.012018
0.0747991,2316.37,0.007077,0.012014
0.0511888,2882.93,0.007076,0.011997
0.0915252,1937.94,0.007078,0.012023
0.0118679,1822.86,0.007078,0.012033
0.0621543,2652.04,0.007077,0.012008
0.0333311,2496.12,0.007077,0.012015
0.0561254,2882.93,0.007076,0.011997
0.0813865,2158.02,0.007077,0.012018
0.0622003,2652.04,0.007077,0.012008
0.0518794,2882.93,0.007076,0.011997
0.0566439,2652.04,0.007077,0.012008
0.0491439,2807.35,0.007076,0.011995
0.0901725,2061.39,0.007077,0.01202
0.0347862,2496.12,0.007077,0.012015
0.0330647,2496.12,0.007077,0.012015
0.0532111,2882.93,0.007076,0.011997
0.0393329,2791.33,0.007076,0.012002
0.0567313,2652.04,0.007077,0.012008
0.0153922,2021.59,0.007078,0.012027
0.0662122,2473.53,0.007077,0.012011
0.0139863,1822.86,0.007078,0.012033
0.0685989,2473.53,0.007077,0.012011
0.0720091,2316.37,0.007077,0.012014
0.0347138,2496.12,0.007077,0.012015
0.0447622,3340.44,0.007076,0.011995
0.0429316,3340.44,0.007076,0.011995
0.0669207,2473.53,0.007077,0.012011
0.074202,2316.37,0.007077,0.012014
0.0338198,2496.12,0.007077,0.012015
0.0591528,2652.04,0.007077,0.012008
0.0438491,3340.44,0.007076,0.011995
0.0142989,1822.86,0.007078,0.012033
0.0613,2652.04,0.007077,0.012008
0.0194086,2021.59,0.007078,0.012027
0.0747487,2316.37,0.007077,0.012014
0.0524099,2882.93,0.007076,0.011997
0.0340223,2496.12,0.007077,0.012015
0.03116,2496.12,0.007077,0.012015
0.0197009,2021.59,0.007078,0.012027
0.0045515,1667.57,0.007079,0.012039
0.016216,2021.59,0.007078,0.012027
0.0146632,1822.86,0.007078,0.012033
0.0897756,2061.39,0.007077,0.01202
0.061746,2652.04,0.007077,0.012008
0.0500876,2882.93,0.007076,0.011997
0.0771449,2316.37,0.007077,0.012014
0.0366913,2791.33,0.007076,0.012002
0.0939501,1937.94,0.007078,0.012023
0.0593943,2652.04,0.007077,0.012008
0.0331349,2496.12,0.007077,0.012015
0.0582924,2652.04,0.007077,0.012008
0.0728457,2316.37,0.007077,0.012014
0.0674402,2473.53,0.007077,0.012011
0.0224525,2237.81,0.007077,0.012021
0.0912283,1937.94,0.007078,0.012023
0.0882115,2061.39,0.007077,0.01202
0.0175746,2021.59,0.007078,0.012027
0.0543302,2882.93,0.007076,0.011997
0.0564351,2882.93,0.007076,0.011997
0.0598292,2652.04,0.007077,0.012008
0.039553,2791.33,0.007076,0.012002
0.00857059,1822.86,0.007078,0.012033
0.0567143,2652.04,0.007077,0.012008
0.0780054,2158.02,0.007077,0.012018
0.0638151,2473.53,0.007077,0.012011
0.0767404,2316.37,0.007077,0.012014
0.0288727,2237.81,0.007077,0.012021
0.0646984,2473.53,0.007077,0.012011
0.0899548,2061.39,0.007077,0.01202
0.0661333,2473.53,0.007077,0.012011
0.0827913,2158.02,0.007077,0.012018
0.0345862,2496.12,0.007077,0.012015
0.0261677,2237.81,0.007077,0.012021
0.0198123,2021.59,0.007078,0.012027
0.0592642,2652.04,0.007077,0.012008
0.0765591,2316.37,0.007077,0.012014
0.00346116,1667.57,0.007079,0.012039
0.0713432,2316.37,0.007077,0.012014
0.0657822,2473.53,0.007077,0.012011
0.0356543,2496.12,0.007077,0.012015
0.0829866,2158.02,0.007077,0.012018
0.0713459,2316.37,0.007077,0.012014
0.0483009,3340.44,0.007076,0.011995
0.0700269,2473.53,0.007077,0.012011
0.0169323,2021.59,0.007078,0.012027
0.0484161,3340.44,0.007076,0.011995
0.0568035,2652.04,0.007077,0.012008
0.00954175,1822.86,0.007078,0.012033
0.0426736,2791.33,0.007076,0.012002
0.0260383,2237.81,0.007077,0.012021
0.00682526,1667.57,0.007079,0.012039
0.0509817,2882.93,0.007076,0.011997
0.0662225,2473.53,0.007077,0.012011
0.003513,1667.57,0.007079,0.012039
0.0861546,2061.39,0.007077,0.01202
0.0557064,2882.93,0.007076,0.011997
0.0413827,2791.33,0.007076,0.012002
0.0644938,2473.53,0.007077,0.012011
0.0938289,1937.94,0.007078,0.012023
0.0450542,3340.44,0.007076,0.011995
0.064108,2473.53,0.007077,0.012011
0.0053183,1667.57,0.007079,0.012039
0.0474797,3340.44,0.007076,0.011995
0.0675448,2473.53,0.007077,0.012011
0.0664083,2473.53,0.007077,0.012011
0.080799,2158.02,0.007077,0.012018
0.0703371,2473.53,0.007077,0.012011
0.0881,2061.39,0.007077,0.01202
0.0668553,2473.53,0.007077,0.012011
0.0867171,2061.39,0.007077,0.01202
0.0223668,2237.81,0.007077,0.012021
0.0741233,2316.37,0.007077,0.012014
0.0501349,2882.93,0.007076,0.011997
0.0581209,2652.04,0.007077,0.012008
0.0643322,2473.53,0.007077,0.012011
0.0879865,2061.39,0.007077,0.01202
0.0492739,2807.35,0.007076,0.011995
2.19062e-05,1527.46,0.007079,0.012044
0.0534899,2882.93,0.007076,0.011997
0.0136767,1822.86,0.007078,0.012033
0.0907647,2061.39,0.007077,0.01202
0.0771429,2316.37,0.007077,0.012014
0.00197797,1667.57,0.007079,0.012039
0.013044,1822.86,0.007078,0.012033
0.0518254,2882.93,0.007076,0.011997
0.0513926,2882.93,0.007076,0.011997
0.0843221,2061.39,0.007077,0.01202
0.0205763,2021.59,0.007078,0.012027
0.0723539,2316.37,0.007077,0.012014
0.00287892,1667.57,0.007079,0.012039
0.00984683,1822.86,0.007078,0.012033
0.0937199,1937.94,0.007078,0.012023
0.0845756,2061.39,0.007077,0.01202
0.0243542,2237.81,0.007077,0.012021
0.0368457,2791.33,0.007076,0.012002
0.0715745,2316.37,0.007077,0.012014
0.0632495,2652.04,0.007077,0.012008
0.014018,1822.86,0.007078,0.012033
0.00841621,1667.57,0.007079,0.012039
0.017806,2021.59,0.007078,0.012027
0.0690414,2473.53,0.007077,0.012011
0.0937556,1937.94,0.007078,0.012023
0.0525162,2882.93,0.007076,0.011997
0.00432682,1667.57,0.007079,0.012039
0.0039153,1667.57,0.007079,0.012039
0.0788348,2158.02,0.007077,0.012018
0.0759049,2316.37,0.007077,0.012014
0.0571558,2652.04,0.007077,0.012008
0.0396976,2791.33,0.007076,0.012002
0.0465384,3340.44,0.007076,0.011995
0.0262645,2237.81,0.007077,0.012021
0.066548,2473.53,0.007077,0.012011
0.0175222,2021.59,0.007078,0.012027
0.0398249,2791.33,0.007076,0.012002
0.0125761,1822.86,0.007078,0.012033
0.0132242,1822.86,0.007078,0.012033
0.0362675,2791.33,0.007076,0.012002
0.037925,2791.33,0.007076,0.012002
0.00551863,1667.57,0.007079,0.012039
0.0218693,2021.59,0.007078,0.012027
0.0198682,2021.59,0.007078,0.012027
0.0924271,1937.94,0.007078,0.012023
0.0371325,2791.33,0.007076,0.012002
0.0658936,2473.53,0.007077,0.012011
0.0887764,2061.39,0.007077,0.01202
0.0786915,2158.02,0.007077,0.012018
0.0365631,2791.33,0.007076,0.012002
0.0906862,2061.39,0.007077,0.01202
0.0638267,2473.53,0.007077,0.012011
0.0455987,3340.44,0.007076,0.011995
0.0250626,2237.81,0.007077,0.012021
0.088634,2061.39,0.007077,0.01202
0.0938685,1937.94,0.007078,0.012023
0.0635861,2473.53,0.007077,0.012011
0.0521816,2882.93,0.007076,0.011997
0.0122116,1822.86,0.007078,0.012033
0.0519904,2882.93,0.007076,0.011997
0.0639204,2473.53,0.007077,0.012011
0.0459622,3340.44,0.007076,0.011995
0.0537315,2882.93,0.007076,0.011997
0.0765042,2316.37,0.007077,0.012014
0.079762,2158.02,0.007077,0.012018
0.0210915,2021.59,0.007078,0.012027
0.034333,2496.12,0.007077,0.012015
0.0479642,3340.44,0.007076,0.011995
0.070001,2473.53,0.007077,0.012011
0.013825,1822.86,0.007078,0.012033
0.0793463,2158.02,0.007077,0.012018
0.0400367,2791.33,0.007076,0.012002
0.0544785,2882.93,0.007076,0.011997
0.0577134,2652.04,0.007077,0.012008
0.016709,2021.59,0.007078,0.012027
0.0663209,2473.53,0.007077,0.012011
0.00182955,1667.57,0.007079,0.012039
0.0489347,2807.35,0.007076,0.011995
0.0199671,2021.59,0.007078,0.012027
0.0873086,2061.39,0.007077,0.01202
0.0706555,2316.37,0.007077,0.012014
0.0197372,2021.59,0.007078,0.012027
0.00671402,1667.57,0.007079,0.012039
0.0486191,3340.44,0.007076,0.011995
0.0773379,2158.02,0.007077,0.012018
0.0284332,2237.81,0.007077,0.012021
0.0274278,2237.81,0.007077,0.012021
0.023971,2237.81,0.007077,0.012021
0.0627636,2652.04,0.007077,0.012008
0.0111769,1822.86,0.007078,0.012033
0.0928659,1937.94,0.007078,0.012023
0.0529672,2882.93,0.007076,0.011997
0.0255252,2237.81,0.007077,0.012021
0.00111804,1527.46,0.007079,0.012044
0.00279537,1667.57,0.007079,0.012039
0.0912654,1937.94,0.007078,0.012023
0.0152004,1822.86,0.007078,0.012033
0.0749677,2316.37,0.007077,0.012014
0.0862364,2061.39,0.007077,0.01202
0.0419808,2791.33,0.007076,0.012002
0.0473382,3340.44,0.007076,0.011995
0.0403313,2791.33,0.007076,0.012002
0.0722111,2316.37,0.007077,0.012014
0.00969111,1822.86,0.007078,0.012033
0.0932344,1937.94,0.007078,0.012023
0.0488662,2807.35,0.007076,0.011995
0.0500688,2882.93,0.007076,0.011997
0.0453802,3340.44,0.007076,0.011995
0.0347836,2496.12,0.007077,0.012015
0.0521712,2882.93,0.007076,0.011997
0.0808098,2158.02,0.007077,0.012018
0.0646042,2473.53,0.007077,0.012011
0.0020951,1667.57,0.007079,0.012039
0.0556947,2882.93,0.007076,0.011997
0.0329434,2496.12,0.007077,0.012015
0.0680274,2473.53,0.007077,0.012011
0.0881405,2061.39,0.007077,0.01202
0.013665,1822.86,0.007078,0.012033
0.0444932,3340.44,0.007076,0.011995
0.0506752,2882.93,0.007076,0.011997
0.0382487,2791.33,0.007076,0.012002
0.0524352,2882.93,0.007076,0.011997
0.00644968,1667.57,0.007079,0.012039
0.0206813,2021.59,0.007078,0.012027
0.066556,2473.53,0.007077,0.012011
0.0477755,3340.44,0.007076,0.011995
0.0522124,2882.93,0.007076,0.011997
0.0651429,2473.53,0.007077,0.012011
0.0509941,2882.93,0.007076,0.011997
0.00353856,1667.57,0.007079,0.012039
0.0437216,3340.44,0.007076,0.011995
0.010038,1822.86,0.007078,0.012033
0.00269148,1667.57,0.007079,0.012039
0.0214308,2021.59,0.007078,0.012027
0.04216,2791.33,0.007076,0.012002
0.0472016,3340.44,0.007076,0.011995
0.0116308,1822.86,0.007078,0.012033
0.0184924,2021.59,0.007078,0.012027
0.0847387,2061.39,0.007077,0.01202
0.050072,2882.93,0.007076,0.011997
0.0204786,2021.59,0.007078,0.012027
0.0940261,1937.94,0.007078,0.012023
0.0355533,2496.12,0.007077,0.012015
0.0327151,2496.12,0.007077,0.012015
0.0741926,2316.37,0.007077,0.012014
0.0893361,2061.39,0.007077,0.01202
0.0648914,2473.53,0.007077,0.012011
0.0514434,2882.93,0.007076,0.011997
0.0151946,1822.86,0.007078,0.012033
0.0726681,2316.37,0.007077,0.012014
0.0573804,2652.04,0.007077,0.012008
0.0685388,2473.53,0.007077,0.012011
0.0537493,2882.93,0.007076,0.011997
0.0568648,2652.04,0.007077,0.012008
0.0323968,2496.12,0.007077,0.012015
0.0580881,2652.04,0.007077,0.012008
0.0072852,1667.57,0.007079,0.012039
0.0803545,2158.02,0.007077,0.012018
0.0461275,3340.44,0.007076,0.011995
0.0354819,2496.12,0.007077,0.012015
0.0793967,2158.02,0.007077,0.012018
0.00585697,1667.57,0.007079,0.012039
0.0672991,2473.53,0.007077,0.012011
0.0349965,2496.12,0.007077,0.012015
0.0183072,2021.59,0.007078,0.012027
0.00287796,1667.57,0.007079,0.012039
0.044502,3340.44,0.007076,0.011995
0.0411604,2791.33,0.007076,0.012002
0.093509,1937.94,0.007078,0.012023
0.0234902,2237.81,0.007077,0.012021
0.0274772,2237.81,0.007077,0.012021
0.0150815,1822.86,0.007078,0.012033
0.0573328,2652.04,0.007077,0.012008
0.0342326,2496.12,0.007077,0.012015
0.00387157,1667.57,0.007079,0.012039
0.0799082,2158.02,0.007077,0.012018
0.0353807,2496.12,0.007077,0.012015
0.055092,2882.93,0.007076,0.011997
0.0691434,2473.53,0.007077,0.012011
0.0147627,1822.86,0.007078,0.012033
0.0241653,2237.81,0.007077,0.012021
0.0620471,2652.04,0.007077,0.012008
0.0222093,2021.59,0.007078,0.012027
0.0762041,2316.37,0.007077,0.012014
0.002417,1667.57,0.007079,0.012039
0.044759,3340.44,0.007076,0.011995
0.00614103,1667.57,0.007079,0.012039
0.0278911,2237.81,0.007077,0.012021
0.0322011,2496.12,0.007077,0.012015
0.0878676,2061.39,0.007077,0.01202
0.0576358,2882.93,0.007076,0.011997
0.0379494,2791.33,0.007076,0.012002
0.0143036,1822.86,0.007078,0.012033
0.0183285,2021.59,0.007078,0.012027
0.0527375,3026.24,0.007076,0.011998
0.0160887,1822.86,0.007078,0.012033
0.0674405,2473.53,0.007077,0.012011
0.0704665,2473.53,0.007077,0.012011
0.0565079,2882.93,0.007076,0.011997
0.00999699,1822.86,0.007078,0.012033
0.0904922,2061.39,0.007077,0.01202
0.0685145,2473.53,0.007077,0.012011
0.075039,2316.37,0.007077,0.012014
0.00705727,1667.57,0.007079,0.012039
0.0764257,2316.37,0.007077,0.012014
0.0345851,2496.12,0.007077,0.012015
0.0222595,2021.59,0.007078,0.012027
0.0810017,2158.02,0.007077,0.012018
0.0414749,2791.33,0.007076,0.012002
0.0262046,2237.81,0.007077,0.012021
0.0458134,3340.44,0.007076,0.011995
0.0112102,1822.86,0.007078,0.012033
0.0668963,2473.53,0.007077,0.012011
0.00776407,1667.57,0.007079,0.012039
0.0259789,2237.81,0.007077,0.012021
0.0926939,1937.94,0.007078,0.012023
0.0155946,1822.86,0.007078,0.012033
0.0505581,3340.44,0.007076,0.011995
0.0149055,1822.86,0.007078,0.012033
0.0217466,2021.59,0.007078,0.012027
0.0798379,2158.02,0.007077,0.012018
0.045132,3340.44,0.007076,0.011995
0.0537112,3026.24,0.007076,0.011998
0.027084,2237.81,0.007077,0.012021
0.019415,2021.59,0.007078,0.012027
0.0241388,2237.81,0.007077,0.012021
0.0199889,2021.59,0.007078,0.012027
0.0421254,2791.33,0.007076,0.012002
0.0368181,2496.12,0.007077,0.012015
0.0251261,2237.81,0.007077,0.012021
0.00733854,1667.57,0.007079,0.012039
0.0321951,2496.12,0.007077,0.012015
0.0783097,2316.37,0.007077,0.012014
0.0370964,2791.33,0.007076,0.012002
0.03148,2496.12,0.007077,0.012015
0.010515,1822.86,0.007078,0.012033
0.0101078,1822.86,0.007078,0.012033
0.0665701,2473.53,0.007077,0.012011
0.0755939,2316.37,0.007077,0.012014
0.0853367,2061.39,0.007077,0.01202
0.0108142,1822.86,0.007078,0.012033
0.00725317,1667.57,0.007079,0.012039
0.0467377,3340.44,0.007076,0.011995
0.0389233,2791.33,0.007076,0.012002
0.0409761,2791.33,0.007076,0.012002
0.00717061,1667.57,0.007079,0.012039
0.0528189,3026.24,0.007076,0.011998
0.0421289,2791.33,0.007076,0.012002
0.0801089,2158.02,0.007077,0.012018
0.00137354,1527.46,0.007079,0.012044
0.00444354,1667.57,0.007079,0.012039
0.070171,2473.53,0.007077,0.012011
0.0357494,2496.12,0.007077,0.012015
0.0864034,2061.39,0.007077,0.01202
0.0372001,2791.33,0.007076,0.012002
0.0237081,2237.81,0.007077,0.012021
0.0548723,3026.24,0.007076,0.011998
0.0551122,3026.24,0.007076,0.011998
0.0149901,1822.86,0.007078,0.012033
0.0763128,2316.37,0.007077,0.012014
0.0679358,2473.53,0.007077,0.012011
0.0704917,2473.53,0.007077,0.012011
0.0444279,3340.44,0.007076,0.011995
0.0572654,2882.93,0.007076,0.011997
0.0305507,2496.12,0.007077,0.012015
0.0464872,3340.44,0.007076,0.011995
0.0608429,2652.04,0.007077,0.012008
0.00237122,1527.46,0.007079,0.012044
0.0639122,2652.04,0.007077,0.012008
0.0178792,2021.59,0.007078,0.012027
0.092207,1937.94,0.007078,0.012023
0.09197,2061.39,0.007077,0.01202
0.0357593,2496.12,0.007077,0.012015
0.0902288,2061.39,0.007077,0.01202
0.0139814,1822.86,0.007078,0.012033
0.0281558,2237.81,0.007077,0.012021
0.021406,2021.59,0.007078,0.012027
0.0259923,2237.81,0.007077,0.012021
0.0882753,2061.39,0.007077,0.01202
0.0489588,3340.44,0.007076,0.011995
0.0904344,2061.39,0.007077,0.01202
0.0931033,1937.94,0.007078,0.012023
0.0452438,3340.44,0.007076,0.011995
0.078745,2158.02,0.007077,0.012018
0.0473549,3340.44,0.007076,0.011995
0.0609692,2652.04,0.007077,0.012008
0.0498822,3340.44,0.007076,0.011995
0.0218945,2021.59,0.007078,0.012027
0.0459692,3340.44,0.007076,0.011995
0.0516836,3026.24,0.007076,0.011998
0.0578265,2652.04,0.007077,0.012008
0.0122717,1822.86,0.007078,0.012033
0.0184391,2021.59,0.007078,0.012027
0.0451095,3340.44,0.007076,0.011995
0.0711749,2473.53,0.007077,0.012011
0.0717261,2316.37,0.007077,0.012014
0.013255,1822.86,0.007078,0.012033
0.0822405,2158.02,0.007077,0.012018
0.0247373,2237.81,0.007077,0.012021
0.0708812,2473.53,0.007077,0.012011
0.0350337,2496.12,0.007077,0.012015
0.0522499,3026.24,0.007076,0.011998
0.0685154,2473.53,0.007077,0.012011
0.0175885,2021.59,0.007078,0.012027
0.0758028,2316.37,0.007077,0.012014
0.0281449,2237.81,0.007077,0.012021
0.0244558,2237.81,0.007077,0.012021
0.0803538,2158.02,0.007077,0.012018
0.0701096,2473.53,0.007077,0.012011
0.0153549,1822.86,0.007078,0.012033
0.0583435,2652.04,0.007077,0.012008
0.0699538,2473.53,0.007077,0.012011
0.0693507,2473.53,0.007077,0.012011
0.0130306,1822.86,0.007078,0.012033
0.060982,2652.04,0.007077,0.012008
0.0824304,2158.02,0.007077,0.012018
0.0900649,2061.39,0.007077,0.01202
0.0375852,2791.33,0.007076,0.012002
0.0379768,2791.33,0.007076,0.012002
0.0179089,2021.59,0.007078,0.012027
0.0879153,2061.39,0.007077,0.01202
0.0248769,2237.81,0.007077,0.012021
0.0202776,2021.59,0.007078,0.012027
0.0439657,3340.44,0.007076,0.011995
0.0605356,2652.04,0.007077,0.012008
0.0169723,2021.59,0.007078,0.012027
0.0652004,2473.53,0.007077,0.012011
0.0909568,2061.39,0.007077,0.01202
0.0271503,2237.81,0.007077,0.012021
0.0811537,2158.02,0.007077,0.012018
0.0492018,3340.44,0.007076,0.011995
0.0322551,2496.12,0.007077,0.012015
0.0382452,2791.33,0.007076,0.012002
0.0836945,2158.02,0.007077,0.012018
0.0899306,2061.39,0.007077,0.01202
0.0575316,2882.93,0.007076,0.011997
0.0124379,1822.86,0.007078,0.012033
0.00091761,1527.46,0.007079,0.012044
0.0457533,3340.44,0.007076,0.011995
0.0864118,2061.39,0.007077,0.01202
0.060122,2652.04,0.007077,0.012008
0.0245255,2237.81,0.007077,0.012021
0.0829198,2158.02,0.007077,0.012018
0.0797221,2158.02,0.007077,0.012018
0.0811961,2158.02,0.007077,0.012018
0.0834507,2158.02,0.007077,0.012018
0.0447676,3340.44,0.007076,0.011995
0.0102151,1822.86,0.007078,0.012033
0.0140014,1822.86,0.007078,0.012033
0.0378929,2791.33,0.007076,0.012002
0.0833211,2158.02,0.007077,0.012018
0.0325792,2496.12,0.007077,0.012015
0.056205,2882.93,0.007076,0.011997
0.0747168,2316.37,0.007077,0.012014
0.027795,2237.81,0.007077,0.012021
0.0902756,2061.39,0.007077,0.01202
0.0850896,2158.02,0.007077,0.012018
0.0133772,1822.86,0.007078,0.012033
0.0305125,2496.12,0.007077,0.012015
0.0892296,2061.39,0.007077,0.01202
0.0446579,3340.44,0.007076,0.011995
0.0832877,2158.02,0.007077,0.012018
0.0852262,2158.02,0.007077,0.012018
0.0546116,3026.24,0.007076,0.011998
0.0149193,1822.86,0.007078,0.012033
0.0611338,2652.04,0.007077,0.012008
0.0325925,2496.12,0.007077,0.012015
0.0928077,1937.94,0.007078,0.012023
0.060578,2652.04,0.007077,0.012008
0.0624422,2652.04,0.007077,0.012008
0.0470725,3340.44,0.007076,0.011995
0.0529564,3026.24,0.007076,0.011998
0.0741523,2316.37,0.007077,0.012014
0.0607605,2652.04,0.007077,0.012008
0.0859389,2061.39,0.007077,0.01202
0.0697705,2473.53,0.007077,0.012011
0.0930895,1937.94,0.007078,0.012023
0.0201616,2021.59,0.007078,0.012027
0.00512811,1667.57,0.007079,0.012039
0.0130062,1822.86,0.007078,0.012033
0.0209483,2021.59,0.007078,0.012027
0.0749205,2316.37,0.007077,0.012014
0.033396,2496.12,0.007077,0.012015
0.0224092,2021.59,0.007078,0.012027
0.0747692,2316.37,0.007077,0.012014
0.0213674,2021.59,0.007078,0.012027
0.070961,2473.53,0.007077,0.012011
0.0102526,1822.86,0.007078,0.012033
0.0357669,2496.12,0.007077,0.012015
0.051315,3026.24,0.007076,0.011998
0.0896385,2061.39,0.007077,0.01202
0.0754435,2316.37,0.007077,0.012014
0.0386982,2791.33,0.007076,0.012002
0.0785643,2158.02,0.007077,0.012018
0.0470086,3340.44,0.007076,0.011995
0.0720491,2316.37,0.007077,0.012014
0.0804043,2158.02,0.007077,0.012018
0.0613205,2652.04,0.007077,0.012008
0.00462013,1667.57,0.007079,0.012039
0.0162669,1822.86,0.007078,0.012033
0.0219526,2021.59,0.007078,0.012027
0.0500771,3340.44,0.007076,0.011995
0.0567482,2882.93,0.007076,0.011997
0.0319552,2496.12,0.007077,0.012015
0.0932607,1937.94,0.007078,0.012023
0.0930536,1937.94,0.007078,0.012023
0.0592944,2652.04,0.007077,0.012008
0.0220579,2021.59,0.007078,0.012027
0.0934074,1937.94,0.007078,0.012023
0.0105896,1822.86,0.007078,0.012033
0.0692051,2473.53,0.007077,0.012011
0.00868713,1667.57,0.007079,0.012039
0.01315,1822.86,0.007078,0.012033
0.00479908,1667.57,0.007079,0.012039
0.0679646,2473.53,0.007077,0.012011
0.0748881,2316.37,0.007077,0.012014
0.00822232,1667.57,0.007079,0.012039
0.0473321,3340.44,0.007076,0.011995
0.0475285,3340.44,0.007076,0.011995
0.0285519,2237.81,0.007077,0.012021
0.0137144,1822.86,0.007078,0.012033
0.00845298,1667.57,0.007079,0.012039
0.016787,2021.59,0.007078,0.012027
0.071222,2473.53,0.007077,0.012011
0.0817728,2158.02,0.007077,0.012018
0.039776,2791.33,0.007076,0.012002
0.0625238,2652.04,0.007077,0.012008
0.0327596,2496.12,0.007077,0.012015
0.0825922,2158.02,0.007077,0.012018
0.04352,2791.33,0.007076,0.012002
0.0277446,2237.81,0.007077,0.012021
0.0441022,3340.44,0.007076,0.011995
0.025583,2237.81,0.007077,0.012021
0.0117275,1822.86,0.007078,0.012033
0.032702,2496.12,0.007077,0.012015
0.072352,2316.37,0.007077,0.012014
0.0260583,2237.81,0.007077,0.012021
0.0302172,2496.12,0.007077,0.012015
0.0239645,2237.81,0.007077,0.012021
0.0635083,2652.04,0.007077,0.012008
0.0802897,2158.02,0.007077,0.012018
0.0840594,2158.02,0.007077,0.012018
0.057469,2882.93,0.007076,0.011997
0.0676913,2473.53,0.007077,0.012011
0.0280185,2237.81,0.007077,0.012021
0.0635496,2652.04,0.007077,0.012008
0.0881054,2061.39,0.007077,0.01202
0.00306084,1667.57,0.007079,0.012039
0.018657,2021.59,0.007078,0.012027
0.0730045,2316.37,0.007077,0.012014
0.0301507,2237.81,0.007077,0.012021
0.000974519,1527.46,0.007079,0.012044
0.0450572,3340.44,0.007076,0.011995
0.00124804,1527.46,0.007079,0.012044
0.0167307,2021.59,0.007078,0.012027
0.0709585,2473.53,0.007077,0.012011
0.0263193,2237.81,0.007077,0.012021
0.0540163,3026.24,0.007076,0.011998
0.0726576,2316.37,0.007077,0.012014
0.027708,2237.81,0.007077,0.012021
0.000454915,1527.46,0.007079,0.012044
0.0466772,3340.44,0.007076,0.011995
0.0879381,2061.39,0.007077,0.01202
0.0445684,3340.44,0.007076,0.011995
0.0617222,2652.04,0.007077,0.012008
0.0436801,2791.33,0.007076,0.012002
0.000489057,1527.46,0.007079,0.012044
0.0777121,2316.37,0.007077,0.012014
0.075816,2316.37,0.007077,0.012014
0.00442793,1667.57,0.007079,0.012039
0.0285767,2237.81,0.007077,0.012021
0.0429425,2791.33,0.007076,0.012002
0.0563025,2882.93,0.007076,0.011997
0.053947,3026.24,0.007076,0.011998
0.0219671,2021.59,0.007078,0.012027
0.0405222,2791.33,0.007076,0.012002
0.00298173,1667.57,0.007079,0.012039
0.0104458,1822.86,0.007078,0.012033
0.0616005,2652.04,0.007077,0.012008
0.00782829,1667.57,0.007079,0.012039
0.0237036,2237.81,0.007077,0.012021
0.0312936,2496.12,0.007077,0.012015
0.0414487,2791.33,0.007076,0.012002
0.0822485,2158.02,0.007077,0.012018
0.0452903,3340.44,0.007076,0.011995
0.0743986,2316.37,0.007077,0.012014
0.0459086,3340.44,0.007076,0.011995
0.0367555,2496.12,0.007077,0.012015
0.0779818,2316.37,0.007077,0.012014
0.00761926,1667.57,0.007079,0.012039
0.03451,2496.12,0.007077,0.012015
0.0928068,1937.94,0.007078,0.012023
0.0661893,2473.53,0.007077,0.012011
0.02695,2237.81,0.007077,0.012021
0.0938022,1937.94,0.007078,0.012023
0.0265352,2237.81,0.007077,0.012021
0.146455,1637.02,0.007078,0.012033
0.125944,1576.4,0.007078,0.012023
0.00997454,499.681,0.00708,0.012056
0.130441,1496.63,0.007078,0.012026
0.109196,1832.82,0.007077,0.012016
0.0107692,480.879,0.00708,0.012058
0.011754,480.879,0.00708,0.012058
0.147316,1637.02,0.007078,0.012033
0.130348,1496.63,0.007078,0.012026
0.00576342,499.681,0.00708,0.012056
0.0697203,2053.06,0.007076,0.012002
0.149405,1546.23,0.007079,0.012037
0.0895419,2339.17,0.007076,0.012005
0.044271,1012.71,0.007078,0.012034
0.00833642,499.681,0.00708,0.012056
0.037589,886.904,0.007079,0.012041
0.0662051,2053.06,0.007076,0.012002
0.0854409,2505.01,0.007076,0.012003
0.0379393,886.904,0.007079,0.012041
0.0504715,1198.95,0.007078,0.012025
0.137061,1397.83,0.007078,0.012029
0.00722953,499.681,0.00708,0.012056
0.151645,1546.23,0.007079,0.012037
0.0885236,2339.17,0.007076,0.012005
0.0389558,1012.71,0.007078,0.012034
0.0154626,480.879,0.00708,0.012058
0.0824634,2221.05,0.007076,0.012
0.151783,1546.23,0.007079,0.012037
0.0124921,480.879,0.00708,0.012058
0.0646085,1735.1,0.007077,0.012008
0.0731375,2456.79,0.007076,0.011997
0.0660559,2053.06,0.007076,0.012002
0.135593,1397.83,0.007078,0.012029
0.0802279,2221.05,0.007076,0.012
0.0647129,1735.1,0.007077,0.012008
0.131104,1496.63,0.007078,0.012026
0.129356,1496.63,0.007078,0.012026
0.0145128,480.879,0.00708,0.012058
0.0859628,2505.01,0.007076,0.012003
0.128678,1496.63,0.007078,0.012026
0.0990185,2144.58,0.007077,0.012009
0.0538791,1455.94,0.007077,0.012016
0.0329833,886.904,0.007079,0.012041
0.0765877,2456.79,0.007076,0.011997
0.0704033,2053.06,0.007076,0.012002
0.121768,1576.4,0.007078,0.012023
0.129603,1496.63,0.007078,0.012026
0.0336812,886.904,0.007079,0.012041
0.146679,1637.02,0.007078,0.012033
0.0762801,2456.79,0.007076,0.011997
0.00732495,499.681,0.00708,0.012056
0.0126298,480.879,0.00708,0.012058
0.0282076,775.34,0.00708,0.012049
0.0256186,775.34,0.00708,0.012049
0.0765256,2456.79,0.007076,0.011997
0.104809,1962.34,0.007077,0.012013
0.0439499,1012.71,0.007078,0.012034
0.0180562,500.87,0.00708,0.012057
4.56563e-05,562.674,0.00708,0.012051
0.0330206,886.904,0.007079,0.012041
0.0111521,480.879,0.00708,0.012058
0.101522,1962.34,0.007077,0.012013
0.0432264,1012.71,0.007078,0.012034
0.00929509,499.681,0.00708,0.012056
0.037807,886.904,0.007079,0.012041
0.0902671,2339.17,0.007076,0.012005
0.0120739,480.879,0.00708,0.012058
0.0983066,2144.58,0.007077,0.012009
0.0250473,775.34,0.00708,0.012049
0.115458,1530.36,0.007077,0.012019
0.101242,1962.34,0.007077,0.012013
0.125782,1576.4,0.007078,0.012023
0.0521012,1455.94,0.007077,0.012016
0.0381422,1012.71,0.007078,0.012034
0.0901792,2339.17,0.007076,0.012005
0.103555,1962.34,0.007077,0.012013
0.0894182,2339.17,0.007076,0.012005
0.117892,1530.36,0.007077,0.012019
0.0893062,2339.17,0.007076,0.012005
0.139124,1397.83,0.007078,0.012029
0.141814,1305.47,0.007078,0.012033
0.0274024,775.34,0.00708,0.012049
0.073224,2456.79,0.007076,0.011997
0.0169328,480.879,0.00708,0.012058
0.0048081,499.681,0.00708,0.012056
0.128203,1496.63,0.007078,0.012026
0.117288,1530.36,0.007077,0.012019
0.104579,1962.34,0.007077,0.012013
0.147599,1637.02,0.007078,0.012033
0.115028,1530.36,0.007077,0.012019
0.0549733,1455.94,0.007077,0.012016
0.0492327,1198.95,0.007078,0.012025
0.0998485,2144.58,0.007077,0.012009
0.0320075,886.904,0.007079,0.012041
0.139978,1397.83,0.007078,0.012029
0.0169409,480.879,0.00708,0.012058
0.151449,1546.23,0.007079,0.012037
0.122724,1576.4,0.007078,0.012023
0.00685838,499.681,0.00708,0.012056
0.0815788,2221.05,0.007076,0.012
0.143301,1305.47,0.007078,0.012033
0.0951912,2144.58,0.007077,0.012009
0.102729,1962.34,0.007077,0.012013
0.132863,1496.63,0.007078,0.012026
0.133663,1496.63,0.007078,0.012026
0.0549988,1455.94,0.007077,0.012016
0.116058,1530.36,0.007077,0.012019
0.0125663,480.879,0.00708,0.012058
0.0455005,1198.95,0.007078,0.012025
0.0193816,500.87,0.00708,0.012057
0.0411233,1012.71,0.007078,0.012034
0.00596803,499.681,0.00708,0.012056
0.0625359,1735.1,0.007077,0.012008
0.0184863,500.87,0.00708,0.012057
0.0324702,886.904,0.007079,0.012041
0.12596,1576.4,0.007078,0.012023
0.0345058,886.904,0.007079,0.012041
0.124027,1576.4,0.007078,0.012023
0.0683336,2053.06,0.007076,0.012002
0.0926067,2339.17,0.007076,0.012005
0.126626,1576.4,0.007078,0.012023
0.0501094,1198.95,0.007078,0.012025
0.0150588,480.879,0.00708,0.012058
0.00911945,499.681,0.00708,0.012056
0.0569039,1455.94,0.007077,0.012016
0.0988703,2144.58,0.007077,0.012009
0.0828817,2221.05,0.007076,0.012
0.0675374,2053.06,0.007076,0.012002
0.118155,1530.36,0.007077,0.012019
0.0551653,1455.94,0.007077,0.012016
0.0296284,775.34,0.00708,0.012049
0.0507769,1198.95,0.007078,0.012025
0.0054982,499.681,0.00708,0.012056
0.119281,1530.36,0.007077,0.012019
0.0934748,2144.58,0.007077,0.012009
0.0241795,500.87,0.00708,0.012057
0.0757947,2456.79,0.007076,0.011997
0.131518,1496.63,0.007078,0.012026
0.104776,1962.34,0.007077,0.012013
0.000936188,562.674,0.00708,0.012051
0.127158,1576.4,0.007078,0.012023
0.0834134,2221.05,0.007076,0.012
0.085747,2505.01,0.007076,0.012003
0.0865491,2339.17,0.007076,0.012005
0.058313,1455.94,0.007077,0.012016
0.091181,2339.17,0.007076,0.012005
0.0114868,480.879,0.00708,0.012058
0.136687,1397.83,0.007078,0.012029
0.00279338,562.674,0.00708,0.012051
0.0356257,886.904,0.007079,0.012041
0.143074,1305.47,0.007078,0.012033
0.00678664,499.681,0.00708,0.012056
0.0261753,775.34,0.00708,0.012049
0.132013,1496.63,0.007078,0.012026
0.14764,1637.02,0.007078,0.012033
0.0510737,1198.95,0.007078,0.012025
0.131873,1496.63,0.007078,0.012026
0.11644,1530.36,0.007077,0.012019
0.127812,1496.63,0.007078,0.012026
0.12097,1576.4,0.007078,0.012023
0.143703,1637.02,0.007078,0.012033
0.00609677,499.681,0.00708,0.012056
0.0229473,500.87,0.00708,0.012057
0.151906,1546.23,0.007079,0.012037
0.0310498,775.34,0.00708,0.012049
0.0386575,1012.71,0.007078,0.012034
0.0395198,1012.71,0.007078,0.012034
0.073741,2456.79,0.007076,0.011997
0.1186,1530.36,0.007077,0.012019
0.0706855,2053.06,0.007076,0.012002
0.14925,1546.23,0.007079,0.012037
0.0135604,480.879,0.00708,0.012058
0.0744686,2456.79,0.007076,0.011997
0.101938,1962.34,0.007077,0.012013
0.0866637,2339.17,0.007076,0.012005
0.000198367,562.674,0.00708,0.012051
0.0407248,1012.71,0.007078,0.012034
0.00891237,499.681,0.00708,0.012056
0.0868733,2339.17,0.007076,0.012005
0.00444493,499.681,0.00708,0.012056
0.0820473,2221.05,0.007076,0.012
0.0629464,1735.1,0.007077,0.012008
0.0732961,2456.79,0.007076,0.011997
0.125595,1576.4,0.007078,0.012023
0.0556984,1455.94,0.007077,0.012016
0.0869017,2339.17,0.007076,0.012005
0.00341208,562.674,0.00708,0.012051
0.00519135,499.681,0.00708,0.012056
0.0848316,2221.05,0.007076,0.012
0.0179898,500.87,0.00708,0.012057
0.0478035,1198.95,0.007078,0.012025
0.111855,1832.82,0.007077,0.012016
0.0126992,480.879,0.00708,0.012058
0.114239,1530.36,0.007077,0.012019
0.00103934,562.674,0.00708,0.012051
0.0271363,775.34,0.00708,0.012049
0.00263233,562.674,0.00708,0.012051
0.0455327,1198.95,0.007078,0.012025
0.0155495,480.879,0.00708,0.012058
0.105457,1962.34,0.007077,0.012013
0.044409,1012.71,0.007078,0.012034
0.0907457,2339.17,0.007076,0.012005
0.014641,480.879,0.00708,0.012058
0.0946686,2144.58,0.007077,0.012009
0.00608329,499.681,0.00708,0.012056
0.131269,1496.63,0.007078,0.012026
0.0739711,2456.79,0.007076,0.011997
0.128279,1496.63,0.007078,0.012026
0.0943598,2144.58,0.007077,0.012009
0.109055,1832.82,0.007077,0.012016
0.07434,2456.79,0.007076,0.011997
0.0364818,886.904,0.007079,0.012041
0.030062,775.34,0.00708,0.012049
0.138565,1397.83,0.007078,0.012029
0.0715995,2053.06,0.007076,0.012002
0.108895,1832.82,0.007077,0.012016
0.0893192,2339.17,0.007076,0.012005
0.0910756,2339.17,0.007076,0.012005
0.0157712,480.879,0.00708,0.012058
0.140171,1397.83,0.007078,0.012029
0.0768398,2456.79,0.007076,0.011997
0.146216,1637.02,0.007078,0.012033
0.0740828,2456.79,0.007076,0.011997
0.0439253,1012.71,0.007078,0.012034
0.153561,1546.23,0.007079,0.012037
0.116669,1530.36,0.007077,0.012019
0.00243802,562.674,0.00708,0.012051
0.12397,1576.4,0.007078,0.012023
0.103864,1962.34,0.007077,0.012013
0.115882,1530.36,0.007077,0.012019
0.042644,1012.71,0.007078,0.012034
0.0539488,1455.94,0.007077,0.012016
0.100015,2144.58,0.007077,0.012009
0.135744,1397.83,0.007078,0.012029
0.0803158,2221.05,0.007076,0.012
0.0512708,1198.95,0.007078,0.012025
0.0981763,2144.58,0.007077,0.012009
0.127513,1576.4,0.007078,0.012023
0.0273955,775.34,0.00708,0.012049
0.0195875,500.87,0.00708,0.012057
0.126982,1576.4,0.007078,0.012023
0.141821,1305.47,0.007078,0.012033
0.107259,1832.82,0.007077,0.012016
0.137757,1397.83,0.007078,0.012029
0.139469,1397.83,0.007078,0.012029
0.0227241,500.87,0.00708,0.012057
0.0983171,2144.58,0.007077,0.012009
0.0110469,480.879,0.00708,0.012058
0.138862,1397.83,0.007078,0.012029
0.0698149,2053.06,0.007076,0.012002
0.112588,1832.82,0.007077,0.012016
0.125792,1576.4,0.007078,0.012023
0.0600647,1735.1,0.007077,0.012008
0.146495,1637.02,0.007078,0.012033
0.10765,1832.82,0.007077,0.012016
0.0953219,2144.58,0.007077,0.012009
0.0494165,1198.95,0.007078,0.012025
0.127564,1576.4,0.007078,0.012023
0.109663,1832.82,0.007077,0.012016
0.0676,2053.06,0.007076,0.012002
0.0518413,1198.95,0.007078,0.012025
0.0775584,2456.79,0.007076,0.011997
0.114124,1530.36,0.007077,0.012019
0.016006,480.879,0.00708,0.012058
0.0787427,2456.79,0.007076,0.011997
0.127308,1576.4,0.007078,0.012023
0.0984894,2144.58,0.007077,0.012009
0.120753,1530.36,0.007077,0.012019
0.139193,1397.83,0.007078,0.012029
0.141835,1305.47,0.007078,0.012033
0.0222054,500.87,0.00708,0.012057
0.0604562,1735.1,0.007077,0.012008
0.100023,2144.58,0.007077,0.012009
0.089118,2339.17,0.007076,0.012005
0.0165484,480.879,0.00708,0.012058
0.083385,2221.05,0.007076,0.012
0.0794758,2221.05,0.007076,0.012
0.123021,1576.4,0.007078,0.012023
0.0348605,886.904,0.007079,0.012041
0.142295,1305.47,0.007078,0.012033
0.0970523,2144.58,0.007077,0.012009
0.129469,1496.63,0.007078,0.012026
0.14588,1637.02,0.007078,0.012033
0.150964,1546.23,0.007079,0.012037
0.00300883,562.674,0.00708,0.012051
0.0178534,500.87,0.00708,0.012057
0.032261,886.904,0.007079,0.012041
0.0396111,1012.71,0.007078,0.012034
0.132694,1496.63,0.007078,0.012026
0.0434233,1012.71,0.007078,0.012034
0.129955,1496.63,0.007078,0.012026
0.051493,1198.95,0.007078,0.012025
0.0267077,775.34,0.00708,0.012049
0.113434,1832.82,0.007077,0.012016
0.00904802,499.681,0.00708,0.012056
0.0174541,500.87,0.00708,0.012057
0.0286427,775.34,0.00708,0.012049
0.0627146,1735.1,0.007077,0.012008
0.0875412,2339.17,0.007076,0.012005
0.050132,1198.95,0.007078,0.012025
0.0630742,1735.1,0.007077,0.012008
0.122484,1576.4,0.007078,0.012023
0.120547,1530.36,0.007077,0.012019
0.110359,1832.82,0.007077,0.012016
0.123032,1576.4,0.007078,0.012023
0.10751,1832.82,0.007077,0.012016
0.00613767,499.681,0.00708,0.012056
0.0995862,2144.58,0.007077,0.012009
0.0757612,2456.79,0.007076,0.011997
0.140622,1397.83,0.007078,0.012029
0.130207,1496.63,0.007078,0.012026
0.0182927,500.87,0.00708,0.012057
0.0275723,775.34,0.00708,0.012049
0.147392,1637.02,0.007078,0.012033
0.121649,1576.4,0.007078,0.012023
0.146632,1637.02,0.007078,0.012033
0.103112,1962.34,0.007077,0.012013
0.023683,500.87,0.00708,0.012057
0.0396721,1012.71,0.007078,0.012034
0.120075,1530.36,0.007077,0.012019
0.124911,1576.4,0.007078,0.012023
0.0164631,480.879,0.00708,0.012058
0.0314088,886.904,0.007079,0.012041
0.0177533,500.87,0.00708,0.012057
0.053917,1455.94,0.007077,0.012016
0.0497562,1198.95,0.007078,0.012025
4.96981e-05,562.674,0.00708,0.012051
0.0790557,2456.79,0.007076,0.011997
0.0654761,1735.1,0.007077,0.012008
0.0346884,886.904,0.007079,0.012041
0.0948319,2144.58,0.007077,0.012009
0.0529063,1455.94,0.007077,0.012016
0.0764706,2456.79,0.007076,0.011997
0.0710269,2053.06,0.007076,0.012002
0.0930421,2339.17,0.007076,0.012005
0.0309632,775.34,0.00708,0.012049
0.102543,1962.34,0.007077,0.012013
0.0668512,2053.06,0.007076,0.012002
0.0717361,2053.06,0.007076,0.012002
0.00183329,562.674,0.00708,0.012051
0.0843895,2221.05,0.007076,0.012
0.0383889,1012.71,0.007078,0.012034
0.0711396,2053.06,0.007076,0.012002
0.00161915,562.674,0.00708,0.012051
0.027436,775.34,0.00708,0.012049
0.011147,480.879,0.00708,0.012058
0.141398,1397.83,0.007078,0.012029
0.0841772,2221.05,0.007076,0.012
0.145725,1637.02,0.007078,0.012033
0.11738,1530.36,0.007077,0.012019
0.0111078,480.879,0.00708,0.012058
0.0216589,500.87,0.00708,0.012057
0.0479064,1198.95,0.007078,0.012025
0.0926742,2339.17,0.007076,0.012005
0.0547293,1455.94,0.007077,0.012016
0.0157339,480.879,0.00708,0.012058
0.0753185,2456.79,0.007076,0.011997
0.0333482,886.904,0.007079,0.012041
0.0848882,2221.05,0.007076,0.012
0.109943,1832.82,0.007077,0.012016
0.0480928,1198.95,0.007078,0.012025
0.11904,1530.36,0.007077,0.012019
0.144427,1637.02,0.007078,0.012033
0.0673637,2053.06,0.007076,0.012002
0.107726,1832.82,0.007077,0.012016
0.0344324,886.904,0.007079,0.012041
0.106405,1962.34,0.007077,0.012013
0.0626632,1735.1,0.007077,0.012008
0.00222227,562.674,0.00708,0.012051
0.121429,1576.4,0.007078,0.012023
0.0750929,2456.79,0.007076,0.011997
0.063366,1735.1,0.007077,0.012008
0.0750968,2456.79,0.007076,0.011997
0.0164865,480.879,0.00708,0.012058
0.134121,1496.63,0.007078,0.012026
0.0864246,2339.17,0.007076,0.012005
0.099312,2144.58,0.007077,0.012009
0.0619233,1735.1,0.007077,0.012008
0.0788687,2456.79,0.007076,0.011997
0.0303812,775.34,0.00708,0.012049
0.104404,1962.34,0.007077,0.012013
0.042091,1012.71,0.007078,0.012034
0.0835996,2221.05,0.007076,0.012
0.0859169,2505.01,0.007076,0.012003
0.0381625,1012.71,0.007078,0.012034
0.0917213,2339.17,0.007076,0.012005
0.00439424,499.681,0.00708,0.012056
0.0556214,1455.94,0.007077,0.012016
0.129307,1496.63,0.007078,0.012026
0.0696665,2053.06,0.007076,0.012002
0.0243217,571.415,0.00708,0.01205
0.115129,1530.36,0.007077,0.012019
0.0501312,1198.95,0.007078,0.012025
0.14123,1397.83,0.007078,0.012029
0.0225955,500.87,0.00708,0.012057
0.0219947,500.87,0.00708,0.012057
0.109823,1832.82,0.007077,0.012016
0.132781,1496.63,0.007078,0.012026
0.125512,1576.4,0.007078,0.012023
0.0312023,886.904,0.007079,0.012041
0.0411206,1012.71,0.007078,0.012034
0.0270963,775.34,0.00708,0.012049
0.0882934,2339.17,0.007076,0.012005
0.08536,2505.01,0.007076,0.012003
0.0525332,1455.94,0.007077,0.012016
0.0559165,1455.94,0.007077,0.012016
0.0354265,886.904,0.007079,0.012041
0.025391,775.34,0.00708,0.012049
0.129014,1496.63,0.007078,0.012026
0.0553089,1455.94,0.007077,0.012016
0.00357635,562.674,0.00708,0.012051
0.120718,1530.36,0.007077,0.012019
0.0110754,480.879,0.00708,0.012058
0.0288601,775.34,0.00708,0.012049
0.0823785,2221.05,0.007076,0.012
0.058001,1455.94,0.007077,0.012016
0.152001,1546.23,0.007079,0.012037
0.132384,1496.63,0.007078,0.012026
0.151366,1546.23,0.007079,0.012037
0.0825658,2221.05,0.007076,0.012
0.133049,1496.63,0.007078,0.012026
0.0422419,1012.71,0.007078,0.012034
0.0201179,500.87,0.00708,0.012057
0.0328579,886.904,0.007079,0.012041
0.100005,2144.58,0.007077,0.012009
0.122892,1576.4,0.007078,0.012023
0.0754439,2456.79,0.007076,0.011997
0.04728,1198.95,0.007078,0.012025
0.0508886,1198.95,0.007078,0.012025
0.0160629,480.879,0.00708,0.012058
0.0625624,1735.1,0.007077,0.012008
0.0522772,1455.94,0.007077,0.012016
0.149118,1546.23,0.007079,0.012037
0.0974022,2144.58,0.007077,0.012009
0.120963,1576.4,0.007078,0.012023
0.11205,1832.82,0.007077,0.012016
0.0259332,775.34,0.00708,0.012049
0.136799,1397.83,0.007078,0.012029
0.0042384,499.681,0.00708,0.012056
0.0779021,2456.79,0.007076,0.011997
0.00573192,499.681,0.00708,0.012056
0.0551621,1455.94,0.007077,0.012016
0.0100799,499.681,0.00708,0.012056
0.0989682,2144.58,0.007077,0.012009
0.121553,1576.4,0.007078,0.012023
0.0523656,1455.94,0.007077,0.012016
0.082857,2221.05,0.007076,0.012
0.0354832,886.904,0.007079,0.012041
0.079036,2456.79,0.007076,0.011997
0.0702044,2053.06,0.007076,0.012002
0.0541173,1455.94,0.007077,0.012016
0.0372656,886.904,0.007079,0.012041
0.152081,1546.23,0.007079,0.012037
0.12369,1576.4,0.007078,0.012023
0.0117313,480.879,0.00708,0.012058
0.0108095,480.879,0.00708,0.012058
0.0231638,500.87,0.00708,0.012057
0.0252396,775.34,0.00708,0.012049
0.0639757,1735.1,0.007077,0.012008
0.0606867,1735.1,0.007077,0.012008
0.117235,1530.36,0.007077,0.012019
0.0210332,500.87,0.00708,0.012057
0.08072,2221.05,0.007076,0.012
0.0464247,1198.95,0.007078,0.012025
0.0429305,1012.71,0.007078,0.012034
0.0111969,480.879,0.00708,0.012058
0.0871308,2339.17,0.007076,0.012005
0.0236359,500.87,0.00708,0.012057
0.142645,1305.47,0.007078,0.012033
0.141199,1397.83,0.007078,0.012029
0.0120616,480.879,0.00708,0.012058
0.0422408,1012.71,0.007078,0.012034
0.0820902,2221.05,0.007076,0.012
0.0106789,480.879,0.00708,0.012058
0.0560699,1455.94,0.007077,0.012016
0.0742279,2456.79,0.007076,0.011997
0.0847791,2221.05,0.007076,0.012
0.0247965,775.34,0.00708,0.012049
0.0929692,2339.17,0.007076,0.012005
0.139615,1397.83,0.007078,0.012029
0.0470978,1198.95,0.007078,0.012025
0.0345314,886.904,0.007079,0.012041
0.0320712,886.904,0.007079,0.012041
0.0652715,1735.1,0.007077,0.012008
0.129614,1496.63,0.007078,0.012026
0.0672227,2053.06,0.007076,0.012002
0.125183,1576.4,0.007078,0.012023
0.0932798,2144.58,0.007077,0.012009
0.0659652,2053.06,0.007076,0.012002
0.0119603,480.879,0.00708,0.012058
0.0595087,1735.1,0.007077,0.012008
0.135619,1397.83,0.007078,0.012029
0.0859219,2505.01,0.007076,0.012003
0.0558806,1455.94,0.007077,0.012016
0.0443607,1012.71,0.007078,0.012034
0.102244,1962.34,0.007077,0.012013
0.00376257,499.681,0.00708,0.012056
0.137068,1397.83,0.007078,0.012029
0.0947436,2144.58,0.007077,0.012009
0.0998443,2144.58,0.007077,0.012009
0.110499,1832.82,0.007077,0.012016
0.0888133,2339.17,0.007076,0.012005
0.0863599,2339.17,0.007076,0.012005
0.0543509,1455.94,0.007077,0.012016
0.149442,1546.23,0.007079,0.012037
0.0227991,500.87,0.00708,0.012057
0.122646,1576.4,0.007078,0.012023
0.13652,1397.83,0.007078,0.012029
0.129362,1496.63,0.007078,0.012026
0.10884,1832.82,0.007077,0.012016
0.0108844,480.879,0.00708,0.012058
0.100961,1962.34,0.007077,0.012013
0.0242932,571.415,0.00708,0.01205
0.117687,1530.36,0.007077,0.012019
0.113767,1832.82,0.007077,0.012016
0.119949,1530.36,0.007077,0.012019
0.043136,1012.71,0.007078,0.012034
0.0604824,1735.1,0.007077,0.012008
0.0973819,2144.58,0.007077,0.012009
0.0723785,2053.06,0.007076,0.012002
0.149456,1546.23,0.007079,0.012037
0.0132248,480.879,0.00708,0.012058
0.025764,775.34,0.00708,0.012049
0.0882507,2399.36,0.007076,0.012001
0.0815672,2611.03,0.007076,0.011999
0.050531,1496.63,0.007078,0.012026
0.0160042,900.398,0.00708,0.012057
0.149711,1012.71,0.007078,0.012034
0.0765464,2611.03,0.007076,0.011999
0.111136,1682.86,0.007077,0.012015
0.149029,1012.71,0.007078,0.012034
0.0986203,1985.16,0.007077,0.012008
0.104064,1870.03,0.007077,0.01201
0.122198,1455.94,0.007077,0.012016
0.122615,1455.94,0.007077,0.012016
0.0112882,912.612,0.00708,0.012058
0.00662664,1023.96,0.00708,0.012058
0.101458,1985.16,0.007077,0.012008
0.0117251,912.612,0.00708,0.012058
0.048646,1496.63,0.007078,0.012026
0.113642,1682.86,0.007077,0.012015
0.0338024,1148.55,0.007079,0.012041
0.027688,1019.75,0.00708,0.012048
0.0574142,1530.36,0.007077,0.012019
0.120831,1455.94,0.007077,0.012016
0.0415561,1305.47,0.007078,0.012033
0.144644,1012.71,0.007078,0.012034
0.00299778,1106.46,0.00708,0.012057
0.11317,1682.86,0.007077,0.012015
0.0431981,1305.47,0.007078,0.012033
0.0398907,1148.55,0.007079,0.012041
0.0439819,1305.47,0.007078,0.012033
0.0938427,2170.06,0.007076,0.012004
0.136823,1198.95,0.007078,0.012025
0.0989144,1985.16,0.007077,0.012008
0.0181951,900.398,0.00708,0.012057
0.141772,1124.03,0.007078,0.012028
0.0140214,900.398,0.00708,0.012057
0.102357,1870.03,0.007077,0.01201
0.04612,1305.47,0.007078,0.012033
0.0933812,2170.06,0.007076,0.012004
0.11863,1455.94,0.007077,0.012016
0.146499,1012.71,0.007078,0.012034
0.0689852,2170.06,0.007076,0.012004
0.0935269,2170.06,0.007076,0.012004
0.137592,1124.03,0.007078,0.012028
0.0377469,1148.55,0.007079,0.012041
0.129377,1314.92,0.007077,0.01202
0.144339,1012.71,0.007078,0.012034
0.0912915,2170.06,0.007076,0.012004
0.144658,1012.71,0.007078,0.012034
0.0436431,1305.47,0.007078,0.012033
0.13632,1198.95,0.007078,0.012025
0.119713,1455.94,0.007077,0.012016
0.0613065,1962.34,0.007077,0.012013
0.107772,1870.03,0.007077,0.01201
0.141669,1124.03,0.007078,0.012028
0.0906632,2170.06,0.007076,0.012004
0.139563,1124.03,0.007078,0.012028
0.135749,1198.95,0.007078,0.012025
0.0867008,2399.36,0.007076,0.012001
0.0854368,2399.36,0.007076,0.012001
0.106851,1870.03,0.007077,0.01201
0.116232,1536.15,0.007077,0.012019
0.0416639,1305.47,0.007078,0.012033
0.115699,1682.86,0.007077,0.012015
0.0635425,1870.03,0.007077,0.01201
0.11486,1682.86,0.007077,0.012015
0.0907815,2170.06,0.007076,0.012004
0.0630536,1870.03,0.007077,0.01201
0.0471386,1496.63,0.007078,0.012026
0.0887235,2170.06,0.007076,0.012004
0.0809286,2611.03,0.007076,0.011999
0.0709427,2170.06,0.007076,0.012004
0.0933444,2170.06,0.007076,0.012004
0.0211289,939.634,0.00708,0.012054
0.0981509,1985.16,0.007077,0.012008
0.104227,1870.03,0.007077,0.01201
0.0739924,2170.06,0.007076,0.012004
0.149098,1012.71,0.007078,0.012034
0.126064,1314.92,0.007077,0.01202
0.141558,1124.03,0.007078,0.012028
0.00772491,912.612,0.00708,0.012058
0.131401,1198.95,0.007078,0.012025
0.110966,1682.86,0.007077,0.012015
0.00649921,1023.96,0.00708,0.012058
0.0374341,1148.55,0.007079,0.012041
0.0766046,2611.03,0.007076,0.011999
0.148569,1012.71,0.007078,0.012034
0.120205,1455.94,0.007077,0.012016
0.130891,1198.95,0.007078,0.012025
0.0169965,900.398,0.00708,0.012057
0.00949528,912.612,0.00708,0.012058
0.129209,1314.92,0.007077,0.01202
0.0468249,1305.47,0.007078,0.012033
0.0427291,1305.47,0.007078,0.012033
0.145311,1012.71,0.007078,0.012034
0.10987,1682.86,0.007077,0.012015
0.0228897,939.634,0.00708,0.012054
0.0500931,1496.63,0.007078,0.012026
0.113359,1682.86,0.007077,0.012015
0.0340147,1148.55,0.007079,0.012041
0.0305666,1019.75,0.00708,0.012048
0.107487,1870.03,0.007077,0.01201
0.0754024,2611.03,0.007076,0.011999
0.052459,1496.63,0.007078,0.012026
0.114738,1682.86,0.007077,0.012015
0.136404,1198.95,0.007078,0.012025
0.109571,1682.86,0.007077,0.012015
0.0850912,2399.36,0.007076,0.012001
0.00703241,912.612,0.00708,0.012058
0.112155,1682.86,0.007077,0.012015
0.101898,1985.16,0.007077,0.012008
0.148701,1012.71,0.007078,0.012034
0.0862846,2399.36,0.007076,0.012001
0.109236,1682.86,0.007077,0.012015
0.0539538,1496.63,0.007078,0.012026
0.00603429,1023.96,0.00708,0.012058
0.021097,939.634,0.00708,0.012054
0.0267215,1019.75,0.00708,0.012048
0.0878623,2399.36,0.007076,0.012001
0.0671885,1870.03,0.007077,0.01201
0.073352,2170.06,0.007076,0.012004
0.119319,1455.94,0.007077,0.012016
0.08748,2399.36,0.007076,0.012001
0.0964987,1985.16,0.007077,0.012008
0.0469163,1305.47,0.007078,0.012033
0.00199828,1106.46,0.00708,0.012057
0.105295,1870.03,0.007077,0.01201
0.0297561,1019.75,0.00708,0.012048
0.0266806,1019.75,0.00708,0.012048
0.103724,1870.03,0.007077,0.01201
0.0715255,2170.06,0.007076,0.012004
0.0102592,912.612,0.00708,0.012058
0.00901546,912.612,0.00708,0.012058
0.0373962,1148.55,0.007079,0.012041
0.124365,1314.92,0.007077,0.01202
0.0971077,1985.16,0.007077,0.012008
0.0270351,1019.75,0.00708,0.012048
0.098425,1985.16,0.007077,0.012008
0.0830575,2399.36,0.007076,0.012001
0.0592312,1530.36,0.007077,0.012019
0.116488,1536.15,0.007077,0.012019
0.102046,1985.16,0.007077,0.012008
0.0908723,2170.06,0.007076,0.012004
0.130871,1198.95,0.007078,0.012025
0.134126,1198.95,0.007078,0.012025
0.0978657,1985.16,0.007077,0.012008
0.0576457,1530.36,0.007077,0.012019
0.129179,1314.92,0.007077,0.01202
0.135172,1198.95,0.007078,0.012025
0.0166289,900.398,0.00708,0.012057
0.0971015,1985.16,0.007077,0.012008
0.0711768,2170.06,0.007076,0.012004
0.049124,1496.63,0.007078,0.012026
0.142569,1124.03,0.007078,0.012028
0.0473094,1496.63,0.007078,0.012026
0.0805639,2611.03,0.007076,0.011999
0.129584,1314.92,0.007077,0.01202
0.145946,1012.71,0.007078,0.012034
0.0589919,1530.36,0.007077,0.012019
0.111015,1682.86,0.007077,0.012015
0.0270657,1019.75,0.00708,0.012048
0.118209,1455.94,0.007077,0.012016
0.0684883,2170.06,0.007076,0.012004
0.101167,1985.16,0.007077,0.012008
0.0882163,2399.36,0.007076,0.012001
0.0151895,900.398,0.00708,0.012057
0.0695194,2170.06,0.007076,0.012004
0.0423713,1305.47,0.007078,0.012033
0.0689939,2170.06,0.007076,0.012004
0.119829,1455.94,0.007077,0.012016
0.137707,1124.03,0.007078,0.012028
0.085186,2399.36,0.007076,0.012001
0.148792,1012.71,0.007078,0.012034
0.145858,1012.71,0.007078,0.012034
0.0431556,1305.47,0.007078,0.012033
0.11742,1536.15,0.007077,0.012019
0.153318,956.12,0.007079,0.012037
0.0731818,2170.06,0.007076,0.012004
0.135594,1198.95,0.007078,0.012025
0.0937846,2170.06,0.007076,0.012004
0.0174707,900.398,0.00708,0.012057
0.0622141,1962.34,0.007077,0.012013
0.0124096,912.612,0.00708,0.012058
0.0171469,900.398,0.00708,0.012057
0.149045,1012.71,0.007078,0.012034
0.0900243,2170.06,0.007076,0.012004
0.0779316,2611.03,0.007076,0.011999
0.121638,1455.94,0.007077,0.012016
0.148723,1012.71,0.007078,0.012034
0.0146456,900.398,0.00708,0.012057
0.0642575,1870.03,0.007077,0.01201
0.0935816,2170.06,0.007076,0.012004
0.123082,1314.92,0.007077,0.01202
0.120105,1455.94,0.007077,0.012016
0.0808831,2611.03,0.007076,0.011999
0.0743246,2170.06,0.007076,0.012004
0.0157749,900.398,0.00708,0.012057
0.110577,1682.86,0.007077,0.012015
0.0813019,2611.03,0.007076,0.011999
0.0378078,1148.55,0.007079,0.012041
0.105361,1870.03,0.007077,0.01201
0.0463509,1305.47,0.007078,0.012033
0.00627001,1023.96,0.00708,0.012058
0.14403,1012.71,0.007078,0.012034
0.0234031,939.634,0.00708,0.012054
0.142909,1124.03,0.007078,0.012028
0.102129,1985.16,0.007077,0.012008
0.0597763,1530.36,0.007077,0.012019
0.121321,1455.94,0.007077,0.012016
0.153403,956.12,0.007079,0.012037
0.00457664,1106.46,0.00708,0.012057
0.0575861,1530.36,0.007077,0.012019
0.148691,1012.71,0.007078,0.012034
0.0199873,939.634,0.00708,0.012054
0.108156,1870.03,0.007077,0.01201
0.103311,1870.03,0.007077,0.01201
0.101883,1985.16,0.007077,0.012008
0.0156229,900.398,0.00708,0.012057
0.124695,1314.92,0.007077,0.01202
0.150129,1012.71,0.007078,0.012034
0.0957801,1985.16,0.007077,0.012008
0.137695,1124.03,0.007078,0.012028
0.086346,2399.36,0.007076,0.012001
0.0590786,1530.36,0.007077,0.012019
0.145492,1012.71,0.007078,0.012034
0.0961696,1985.16,0.007077,0.012008
0.0744539,2170.06,0.007076,0.012004
0.0626568,1962.34,0.007077,0.012013
0.0968326,1985.16,0.007077,0.012008
0.0139783,900.398,0.00708,0.012057
0.147834,1012.71,0.007078,0.012034
0.126616,1314.92,0.007077,0.01202
0.122627,1455.94,0.007077,0.012016
0.0821528,2399.36,0.007076,0.012001
0.0637163,1870.03,0.007077,0.01201
0.0446313,1305.47,0.007078,0.012033
0.145424,1012.71,0.007078,0.012034
0.0708435,2170.06,0.007076,0.012004
0.147321,1012.71,0.007078,0.012034
0.11006,1682.86,0.007077,0.012015
0.103977,1870.03,0.007077,0.01201
0.00397236,1106.46,0.00708,0.012057
0.00636689,1023.96,0.00708,0.012058
0.0486024,1496.63,0.007078,0.012026
0.110967,1682.86,0.007077,0.012015
0.049813,1496.63,0.007078,0.012026
0.02481,939.634,0.00708,0.012054
0.117186,1536.15,0.007077,0.012019
0.118987,1455.94,0.007077,0.012016
0.104084,1870.03,0.007077,0.01201
0.11677,1536.15,0.007077,0.012019
0.0230973,939.634,0.00708,0.012054
0.00363768,1106.46,0.00708,0.012057
0.0762342,2611.03,0.007076,0.011999
0.0130981,900.398,0.00708,0.012057
0.00296127,1106.46,0.00708,0.012057
0.0120928,912.612,0.00708,0.012058
0.058865,1530.36,0.007077,0.012019
0.082288,2399.36,0.007076,0.012001
0.0925914,2170.06,0.007076,0.012004
0.101177,1985.16,0.007077,0.012008
0.145003,1012.71,0.007078,0.012034
0.152387,956.12,0.007079,0.012037
0.0232561,939.634,0.00708,0.012054
0.037846,1148.55,0.007079,0.012041
0.0663966,1870.03,0.007077,0.01201
0.0243843,939.634,0.00708,0.012054
0.0588486,1530.36,0.007077,0.012019
0.00493873,1106.46,0.00708,0.012057
0.120463,1455.94,0.007077,0.012016
0.106414,1870.03,0.007077,0.01201
0.0687612,2170.06,0.007076,0.012004
0.0413221,1305.47,0.007078,0.012033
0.140777,1124.03,0.007078,0.012028
0.0681672,2170.06,0.007076,0.012004
0.0185647,900.398,0.00708,0.012057
0.0227408,939.634,0.00708,0.012054
0.0311991,1019.75,0.00708,0.012048
0.1417,1124.03,0.007078,0.012028
0.151348,956.12,0.007079,0.012037
0.0954712,1985.16,0.007077,0.012008
0.0838948,2399.36,0.007076,0.012001
0.0927373,2170.06,0.007076,0.012004
0.0363075,1148.55,0.007079,0.012041
0.00407056,1106.46,0.00708,0.012057
0.103775,1870.03,0.007077,0.01201
0.121857,1455.94,0.007077,0.012016
0.0191098,900.398,0.00708,0.012057
0.0903231,2170.06,0.007076,0.012004
0.0990278,1985.16,0.007077,0.012008
0.11773,1455.94,0.007077,0.012016
0.101863,1985.16,0.007077,0.012008
0.129954,1198.95,0.007078,0.012025
0.0347691,1148.55,0.007079,0.012041
0.0385428,1148.55,0.007079,0.012041
0.0202321,939.634,0.00708,0.012054
0.0919301,2170.06,0.007076,0.012004
0.0663517,1870.03,0.007077,0.01201
0.0401445,1148.55,0.007079,0.012041
0.0826722,2399.36,0.007076,0.012001
0.0718624,2170.06,0.007076,0.012004
0.0146864,900.398,0.00708,0.012057
0.00551026,1106.46,0.00708,0.012057
0.0276024,1019.75,0.00708,0.012048
0.115179,1682.86,0.007077,0.012015
0.131368,1198.95,0.007078,0.012025
0.0918005,2170.06,0.007076,0.012004
0.0443251,1305.47,0.007078,0.012033
0.062254,1962.34,0.007077,0.012013
0.138386,1124.03,0.007078,0.012028
0.0493886,1496.63,0.007078,0.012026
0.0451511,1305.47,0.007078,0.012033
0.131142,1198.95,0.007078,0.012025
0.0508414,1496.63,0.007078,0.012026
0.0107279,912.612,0.00708,0.012058
0.113223,1682.86,0.007077,0.012015
0.102958,1870.03,0.007077,0.01201
0.0978295,1985.16,0.007077,0.012008
0.097928,1985.16,0.007077,0.012008
0.0712278,2170.06,0.007076,0.012004
0.0846369,2399.36,0.007076,0.012001
0.0492178,1496.63,0.007078,0.012026
0.0166273,900.398,0.00708,0.012057
0.0115369,912.612,0.00708,0.012058
0.131974,1198.95,0.007078,0.012025
0.00145598,1106.46,0.00708,0.012057
0.00984722,912.612,0.00708,0.012058
0.0874764,2399.36,0.007076,0.012001
0.0457236,1305.47,0.007078,0.012033
0.136471,1198.95,0.007078,0.012025
0.136895,1124.03,0.007078,0.012028
0.0730451,2170.06,0.007076,0.012004
0.0582428,1530.36,0.007077,0.012019
0.0855036,2399.36,0.007076,0.012001
0.00428354,1106.46,0.00708,0.012057
0.135527,1198.95,0.007078,0.012025
0.0596645,1530.36,0.007077,0.012019
0.0243664,939.634,0.00708,0.012054
0.016384,900.398,0.00708,0.012057
0.0188847,900.398,0.00708,0.012057
0.072979,2170.06,0.007076,0.012004
0.0286195,1019.75,0.00708,0.012048
0.140298,1124.03,0.007078,0.012028
0.131854,1198.95,0.007078,0.012025
0.0118521,912.612,0.00708,0.012058
0.140208,1124.03,0.007078,0.012028
0.106529,1870.03,0.007077,0.01201
0.0896465,2170.06,0.007076,0.012004
0.062704,1962.34,0.007077,0.012013
0.104328,1870.03,0.007077,0.01201
0.111491,1682.86,0.007077,0.012015
0.0676318,1870.03,0.007077,0.01201
0.0771305,2611.03,0.007076,0.011999
0.0665911,1870.03,0.007077,0.01201
0.0322188,1019.75,0.00708,0.012048
0.112856,1682.86,0.007077,0.012015
0.0992308,1985.16,0.007077,0.012008
0.00353058,1106.46,0.00708,0.012057
0.0324047,1019.75,0.00708,0.012048
0.0389314,1148.55,0.007079,0.012041
0.125169,1314.92,0.007077,0.01202
0.150867,956.12,0.007079,0.012037
0.0541043,1530.36,0.007077,0.012019
0.0470138,1305.47,0.007078,0.012033
0.0627192,1962.34,0.007077,0.012013
0.0566254,1530.36,0.007077,0.012019
0.0712629,2170.06,0.007076,0.012004
0.148825,1012.71,0.007078,0.012034
0.0132379,900.398,0.00708,0.012057
0.147888,1012.71,0.007078,0.012034
0.1368,1198.95,0.007078,0.012025
0.0703594,2170.06,0.007076,0.012004
0.0739789,2170.06,0.007076,0.012004
0.0270967,1019.75,0.00708,0.012048
0.0417386,1305.47,0.007078,0.012033
0.0352594,1148.55,0.007079,0.012041
0.0473574,1496.63,0.007078,0.012026
0.0741851,2170.06,0.007076,0.012004
0.10219,1985.16,0.007077,0.012008
0.00348262,1106.46,0.00708,0.012057
0.0662862,1870.03,0.007077,0.01201
0.116007,1682.86,0.007077,0.012015
0.0486688,1496.63,0.007078,0.012026
0.0263372,939.634,0.00708,0.012054
0.00015074,1106.46,0.00708,0.012057
0.0887968,2170.06,0.007076,0.012004
0.12661,1314.92,0.007077,0.01202
0.100629,1985.16,0.007077,0.012008
0.115534,1682.86,0.007077,0.012015
0.0892777,2170.06,0.007076,0.012004
0.0972102,1985.16,0.007077,0.012008
0.0969178,1985.16,0.007077,0.012008
0.0876546,2399.36,0.007076,0.012001
0.0728989,2170.06,0.007076,0.012004
0.097724,1985.16,0.007077,0.012008
0.00137825,1106.46,0.00708,0.012057
0.0350322,1148.55,0.007079,0.012041
0.119982,1455.94,0.007077,0.012016
0.0668512,1870.03,0.007077,0.01201
0.145787,1012.71,0.007078,0.012034
0.129338,1314.92,0.007077,0.01202
0.085734,2399.36,0.007076,0.012001
0.0777903,2611.03,0.007076,0.011999
0.0792988,2611.03,0.007076,0.011999
0.0316168,1019.75,0.00708,0.012048
0.0151753,900.398,0.00708,0.012057
0.152383,956.12,0.007079,0.012037
0.0260667,939.634,0.00708,0.012054
0.111041,1682.86,0.007077,0.012015
0.0215635,939.634,0.00708,0.012054
0.0413986,1305.47,0.007078,0.012033
0.0466059,1305.47,0.007078,0.012033
0.0614385,1962.34,0.007077,0.012013
0.125373,1314.92,0.007077,0.01202
0.040407,1305.47,0.007078,0.012033
0.0764939,2611.03,0.007076,0.011999
0.136451,1198.95,0.007078,0.012025
0.0141452,900.398,0.00708,0.012057
0.150086,1012.71,0.007078,0.012034
0.0945495,2170.06,0.007076,0.012004
0.00311515,1106.46,0.00708,0.012057
0.051887,1496.63,0.007078,0.012026
0.0868786,2399.36,0.007076,0.012001
0.100816,1985.16,0.007077,0.012008
0.128389,1314.92,0.007077,0.01202
0.127146,1314.92,0.007077,0.01202
0.121192,1455.94,0.007077,0.012016
0.103229,1870.03,0.007077,0.01201
0.109433,1682.86,0.007077,0.012015
0.0167937,900.398,0.00708,0.012057
0.143088,1124.03,0.007078,0.012028
0.0799834,2611.03,0.007076,0.011999
0.0643848,1870.03,0.007077,0.01201
0.047789,1496.63,0.007078,0.012026
0.000113113,1106.46,0.00708,0.012057
0.128494,1314.92,0.007077,0.01202
0.145123,1012.71,0.007078,0.012034
0.0374127,1148.55,0.007079,0.012041
0.0461992,1305.47,0.007078,0.012033
0.0672878,1870.03,0.007077,0.01201
0.0846177,2399.36,0.007076,0.012001
0.00322584,1106.46,0.00708,0.012057
0.0407878,1305.47,0.007078,0.012033
0.0686148,2170.06,0.007076,0.012004
0.042217,1305.47,0.007078,0.012033
0.120872,1455.94,0.007077,0.012016
0.0315938,1019.75,0.00708,0.012048
0.116928,1536.15,0.007077,0.012019
0.125456,1314.92,0.007077,0.01202
0.0357223,1148.55,0.007079,0.012041
0.0964551,1985.16,0.007077,0.012008
0.0497555,1496.63,0.007078,0.012026
0.012084,912.612,0.00708,0.012058
0.0332708,1019.75,0.00708,0.012048
0.0413452,1305.47,0.007078,0.012033
0.117227,1536.15,0.007077,0.012019
0.13634,1198.95,0.007078,0.012025
0.134826,1198.95,0.007078,0.012025
0.149187,1012.71,0.007078,0.012034
0.136615,1198.95,0.007078,0.012025
0.00660065,1023.96,0.00708,0.012058
0.0265117,1019.75,0.00708,0.012048
0.0999519,1985.16,0.007077,0.012008
0.107036,1870.03,0.007077,0.01201
0.0712724,2170.06,0.007076,0.012004
0.145418,1012.71,0.007078,0.012034
0.139355,1124.03,0.007078,0.012028
0.0030263,1106.46,0.00708,0.012057
0.128318,1314.92,0.007077,0.01202
0.0904408,2170.06,0.007076,0.012004
0.0369505,1148.55,0.007079,0.012041
0.0332427,1019.75,0.00708,0.012048
0.0216123,939.634,0.00708,0.012054
0.130428,1198.95,0.007078,0.012025
0.052633,1496.63,0.007078,0.012026
0.118628,1455.94,0.007077,0.012016
0.000290203,1106.46,0.00708,0.012057
0.122024,1455.94,0.007077,0.012016
0.096402,1985.16,0.007077,0.012008
0.0500155,1496.63,0.007078,0.012026
0.0778273,2611.03,0.007076,0.011999
0.101091,1985.16,0.007077,0.012008
0.146305,1012.71,0.007078,0.012034
0.0240713,939.634,0.00708,0.012054
0.119397,1455.94,0.007077,0.012016
0.0855178,2399.36,0.007076,0.012001
0.0423055,1305.47,0.007078,0.012033
0.0575271,1530.36,0.007077,0.012019
0.0642218,1870.03,0.007077,0.01201
0.0909837,2170.06,0.007076,0.012004
0.13068,1813.56,0.007078,0.012027
0.104202,2496.12,0.007077,0.012015
0.0472504,2224.88,0.007078,0.012027
0.0187703,1370.24,0.00708,0.012054
0.118462,2061.39,0.007077,0.01202
0.101865,2496.12,0.007077,0.012015
0.0054539,1137.73,0.00708,0.012058
0.0348219,1882.16,0.007079,0.012038
0.0492188,2224.88,0.007078,0.012027
0.0764815,3340.44,0.007076,0.011995
0.0863056,3026.24,0.007076,0.011998
0.0228518,1613.66,0.007079,0.012048
0.0941225,2791.33,0.007076,0.012002
0.0569763,2423.94,0.007077,0.012022
0.0482393,2224.88,0.007078,0.012027
0.131712,1813.56,0.007078,0.012027
0.0172435,1370.24,0.00708,0.012054
0.0178968,1370.24,0.00708,0.012054
0.0223848,1613.66,0.007079,0.012048
0.00162844,1222.24,0.00708,0.012058
0.0699763,2791.33,0.007076,0.012002
0.127101,1937.94,0.007078,0.012023
0.138293,1716.96,0.007078,0.01203
0.0267015,1759.18,0.007079,0.012043
0.0344346,1882.16,0.007079,0.012038
0.0677443,2791.33,0.007076,0.012002
0.0832499,3026.24,0.007076,0.011998
0.0202481,1613.66,0.007079,0.012048
0.0274018,1759.18,0.007079,0.012043
0.0851151,3026.24,0.007076,0.011998
0.00696979,1137.73,0.00708,0.012058
0.100011,2637.48,0.007077,0.012012
0.113282,2158.02,0.007077,0.012018
0.148175,1637.02,0.007078,0.012033
0.143076,1716.96,0.007078,0.01203
0.0664389,2496.12,0.007077,0.012015
0.063153,2496.12,0.007077,0.012015
0.0878437,3026.24,0.007076,0.011998
0.13846,1716.96,0.007078,0.01203
0.0350143,1882.16,0.007079,0.012038
0.148826,1637.02,0.007078,0.012033
0.131015,1813.56,0.007078,0.012027
0.150014,1637.02,0.007078,0.012033
0.047565,2224.88,0.007078,0.012027
0.109054,2327.05,0.007077,0.012019
0.140225,1716.96,0.007078,0.01203
0.0440423,2038.23,0.007078,0.012033
0.10993,2327.05,0.007077,0.012019
0.149355,1637.02,0.007078,0.012033
0.0126178,1370.24,0.00708,0.012054
0.0396916,2038.23,0.007078,0.012033
0.131982,1813.56,0.007078,0.012027
0.0470058,2224.88,0.007078,0.012027
0.0361205,1882.16,0.007079,0.012038
0.0182062,1370.24,0.00708,0.012054
0.0993077,2637.48,0.007077,0.012012
0.118132,2061.39,0.007077,0.01202
0.00950358,1137.73,0.00708,0.012058
0.152277,1546.23,0.007079,0.012037
0.139019,1716.96,0.007078,0.01203
0.116978,2061.39,0.007077,0.01202
0.132921,1813.56,0.007078,0.012027
0.000736154,1222.24,0.00708,0.012058
0.0667963,2496.12,0.007077,0.012015
0.0761761,3340.44,0.007076,0.011995
0.0430003,2038.23,0.007078,0.012033
0.0138234,1370.24,0.00708,0.012054
0.135115,1813.56,0.007078,0.012027
0.141074,1716.96,0.007078,0.01203
0.11901,2061.39,0.007077,0.01202
0.0904777,2791.33,0.007076,0.012002
0.0550506,2423.94,0.007077,0.012022
0.0801077,3340.44,0.007076,0.011995
0.0714484,2791.33,0.007076,0.012002
0.0433141,2038.23,0.007078,0.012033
0.0421497,2038.23,0.007078,0.012033
0.122397,2061.39,0.007077,0.01202
0.0436042,2038.23,0.007078,0.012033
0.143835,1637.02,0.007078,0.012033
0.0685425,2791.33,0.007076,0.012002
0.00479253,1222.24,0.00708,0.012058
0.06101,2676.73,0.007077,0.01201
0.129041,1937.94,0.007078,0.012023
0.0579589,2423.94,0.007077,0.012022
0.0238871,1613.66,0.007079,0.012048
0.0845974,3026.24,0.007076,0.011998
0.0747469,3340.44,0.007076,0.011995
0.111823,2327.05,0.007077,0.012019
0.0643449,2496.12,0.007077,0.012015
0.139355,1716.96,0.007078,0.01203
0.0478243,2224.88,0.007078,0.012027
0.10865,2496.12,0.007077,0.012015
0.0333891,1882.16,0.007079,0.012038
0.0907464,2791.33,0.007076,0.012002
0.0812464,3026.24,0.007076,0.011998
0.0724319,2791.33,0.007076,0.012002
0.0657761,2496.12,0.007077,0.012015
0.0283998,1759.18,0.007079,0.012043
0.0775985,3340.44,0.007076,0.011995
0.119815,2061.39,0.007077,0.01202
0.0563235,2423.94,0.007077,0.012022
0.146007,1637.02,0.007078,0.012033
0.0964751,2637.48,0.007077,0.012012
0.0492796,2224.88,0.007078,0.012027
0.137851,1716.96,0.007078,0.01203
0.00946923,1137.73,0.00708,0.012058
0.0518591,2224.88,0.007078,0.012027
0.140588,1716.96,0.007078,0.01203
0.107291,2496.12,0.007077,0.012015
0.132602,1813.56,0.007078,0.012027
0.0540577,2423.94,0.007077,0.012022
0.0454539,2038.23,0.007078,0.012033
0.070131,2791.33,0.007076,0.012002
0.0114047,1360.41,0.00708,0.012058
0.0954737,2637.48,0.007077,0.012012
0.134102,1813.56,0.007078,0.012027
0.0181108,1370.24,0.00708,0.012054
0.101289,2637.48,0.007077,0.012012
0.012799,1370.24,0.00708,0.012054
0.0466982,2224.88,0.007078,0.012027
0.0899398,2791.33,0.007076,0.012002
0.0155289,1370.24,0.00708,0.012054
0.0402414,2038.23,0.007078,0.012033
0.139556,1716.96,0.007078,0.01203
0.018528,1370.24,0.00708,0.012054
0.146731,1637.02,0.007078,0.012033
0.035917,1882.16,0.007079,0.012038
0.0446526,2038.23,0.007078,0.012033
0.0805057,3340.44,0.007076,0.011995
0.134059,1813.56,0.007078,0.012027
0.105276,2496.12,0.007077,0.012015
0.0445202,2038.23,0.007078,0.012033
0.0566101,2423.94,0.007077,0.012022
0.0755858,3340.44,0.007076,0.011995
0.105498,2496.12,0.007077,0.012015
0.0436397,2038.23,0.007078,0.012033
0.129677,1813.56,0.007078,0.012027
0.128327,1937.94,0.007078,0.012023
0.115922,2061.39,0.007077,0.01202
0.0868358,3026.24,0.007076,0.011998
0.123114,1937.94,0.007078,0.012023
0.088484,2791.33,0.007076,0.012002
0.129155,1937.94,0.007078,0.012023
0.0422704,2038.23,0.007078,0.012033
0.0461011,2038.23,0.007078,0.012033
0.0219035,1613.66,0.007079,0.012048
0.0957688,2637.48,0.007077,0.012012
0.00527547,1137.73,0.00708,0.012058
0.137147,1716.96,0.007078,0.01203
0.145689,1637.02,0.007078,0.012033
0.109822,2327.05,0.007077,0.012019
0.0311424,1759.18,0.007079,0.012043
0.0823478,3026.24,0.007076,0.011998
0.016315,1370.24,0.00708,0.012054
0.117667,2061.39,0.007077,0.01202
0.151992,1546.23,0.007079,0.012037
0.0706206,2791.33,0.007076,0.012002
0.0701346,2791.33,0.007076,0.012002
0.10091,2637.48,0.007077,0.012012
0.099287,2637.48,0.007077,0.012012
0.116416,2061.39,0.007077,0.01202
0.0660693,2496.12,0.007077,0.012015
0.0788915,3340.44,0.007076,0.011995
0.130405,1813.56,0.007078,0.012027
0.00175716,1222.24,0.00708,0.012058
0.130796,1813.56,0.007078,0.012027
0.0290944,1759.18,0.007079,0.012043
0.0472873,2224.88,0.007078,0.012027
0.065957,2496.12,0.007077,0.012015
0.0675261,2791.33,0.007076,0.012002
0.062271,2676.73,0.007077,0.01201
0.0760582,3340.44,0.007076,0.011995
0.141686,1716.96,0.007078,0.01203
0.0200755,1613.66,0.007079,0.012048
0.0465357,2224.88,0.007078,0.012027
0.138793,1716.96,0.007078,0.01203
0.024133,1613.66,0.007079,0.012048
0.0487532,2224.88,0.007078,0.012027
0.0274284,1759.18,0.007079,0.012043
0.041491,2038.23,0.007078,0.012033
0.0986929,2637.48,0.007077,0.012012
0.0820223,3026.24,0.007076,0.011998
0.044381,2038.23,0.007078,0.012033
0.127412,1937.94,0.007078,0.012023
0.10725,2496.12,0.007077,0.012015
0.061469,2676.73,0.007077,0.01201
0.129164,1937.94,0.007078,0.012023
0.130586,1813.56,0.007078,0.012027
0.00823925,1137.73,0.00708,0.012058
0.0184367,1370.24,0.00708,0.012054
0.0386332,1882.16,0.007079,0.012038
0.0299409,1759.18,0.007079,0.012043
0.094235,2791.33,0.007076,0.012002
0.0656289,2496.12,0.007077,0.012015
0.128494,1937.94,0.007078,0.012023
0.124066,1937.94,0.007078,0.012023
0.00340911,1222.24,0.00708,0.012058
0.0242325,1613.66,0.007079,0.012048
0.0745794,3340.44,0.007076,0.011995
0.0439322,2038.23,0.007078,0.012033
0.0195404,1613.66,0.007079,0.012048
0.0447272,2038.23,0.007078,0.012033
0.00619902,1137.73,0.00708,0.012058
0.0889516,2791.33,0.007076,0.012002
0.152053,1546.23,0.007079,0.012037
0.0832711,3026.24,0.007076,0.011998
0.0223772,1613.66,0.007079,0.012048
0.0484127,2224.88,0.007078,0.012027
0.0154752,1370.24,0.00708,0.012054
0.116596,2061.39,0.007077,0.01202
0.0699605,2791.33,0.007076,0.012002
0.01896,1613.66,0.007079,0.012048
0.10155,2637.48,0.007077,0.012012
0.0445764,2038.23,0.007078,0.012033
0.0772794,3340.44,0.007076,0.011995
0.144345,1637.02,0.007078,0.012033
0.0874175,3026.24,0.007076,0.011998
0.0332386,1882.16,0.007079,0.012038
0.0676757,2791.33,0.007076,0.012002
0.145812,1637.02,0.007078,0.012033
0.0757579,3340.44,0.007076,0.011995
0.0679926,2791.33,0.007076,0.012002
0.075955,3340.44,0.007076,0.011995
0.0576854,2423.94,0.007077,0.012022
0.0319122,1759.18,0.007079,0.012043
0.093893,2791.33,0.007076,0.012002
0.131698,1813.56,0.007078,0.012027
0.126601,1937.94,0.007078,0.012023
0.0952236,2637.48,0.007077,0.012012
0.0714827,2791.33,0.007076,0.012002
0.136182,1813.56,0.007078,0.012027
0.0851806,3026.24,0.007076,0.011998
0.0140462,1370.24,0.00708,0.012054
0.0351757,1882.16,0.007079,0.012038
0.0547505,2423.94,0.007077,0.012022
0.0887416,2791.33,0.007076,0.012002
0.0392825,1882.16,0.007079,0.012038
0.152733,1546.23,0.007079,0.012037
0.125829,1937.94,0.007078,0.012023
0.028153,1759.18,0.007079,0.012043
0.089746,2791.33,0.007076,0.012002
0.0401345,2038.23,0.007078,0.012033
0.00011938,1222.24,0.00708,0.012058
0.132909,1813.56,0.007078,0.012027
0.108572,2496.12,0.007077,0.012015
0.0389777,1882.16,0.007079,0.012038
0.034134,1882.16,0.007079,0.012038
0.04843,2224.88,0.007078,0.012027
0.129455,1813.56,0.007078,0.012027
0.0917699,2791.33,0.007076,0.012002
0.0292661,1759.18,0.007079,0.012043
0.0686513,2791.33,0.007076,0.012002
0.099602,2637.48,0.007077,0.012012
0.035255,1882.16,0.007079,0.012038
0.0698979,2791.33,0.007076,0.012002
0.0404709,2038.23,0.007078,0.012033
0.0726467,2791.33,0.007076,0.012002
0.154079,1546.23,0.007079,0.012037
0.0510493,2224.88,0.007078,0.012027
0.121668,2061.39,0.007077,0.01202
0.122987,1937.94,0.007078,0.012023
0.0480026,2224.88,0.007078,0.012027
0.00940396,1137.73,0.00708,0.012058
0.15019,1546.23,0.007079,0.012037
0.0145457,1370.24,0.00708,0.012054
0.113583,2158.02,0.007077,0.012018
0.0811333,3026.24,0.007076,0.011998
0.0268045,1759.18,0.007079,0.012043
0.0132173,1370.24,0.00708,0.012054
0.0032063,1222.24,0.00708,0.012058
0.120683,2061.39,0.007077,0.01202
0.0154486,1370.24,0.00708,0.012054
0.120044,2061.39,0.007077,0.01202
0.0359744,1882.16,0.007079,0.012038
0.0616241,2676.73,0.007077,0.01201
0.0162886,1370.24,0.00708,0.012054
0.0203012,1613.66,0.007079,0.012048
0.0388733,1882.16,0.007079,0.012038
0.0946087,2791.33,0.007076,0.012002
0.144212,1637.02,0.007078,0.012033
0.0863997,3026.24,0.007076,0.011998
0.0272518,1759.18,0.007079,0.012043
0.10278,2496.12,0.007077,0.012015
0.0543059,2423.94,0.007077,0.012022
0.0931968,2791.33,0.007076,0.012002
0.0210201,1613.66,0.007079,0.012048
0.049249,2224.88,0.007078,0.012027
0.136286,1813.56,0.007078,0.012027
0.0908951,2791.33,0.007076,0.012002
0.128667,1937.94,0.007078,0.012023
0.0985987,2637.48,0.007077,0.012012
0.00226087,1222.24,0.00708,0.012058
0.127586,1937.94,0.007078,0.012023
0.131603,1813.56,0.007078,0.012027
0.0665448,2496.12,0.007077,0.012015
0.00851762,1137.73,0.00708,0.012058
0.0585156,2423.94,0.007077,0.012022
0.0654898,2496.12,0.007077,0.012015
0.141897,1716.96,0.007078,0.01203
0.139713,1716.96,0.007078,0.01203
0.108816,2327.05,0.007077,0.012019
0.123638,1937.94,0.007078,0.012023
0.0625895,2496.12,0.007077,0.012015
0.0828173,3026.24,0.007076,0.011998
0.0808555,3340.44,0.007076,0.011995
0.012498,1370.24,0.00708,0.012054
0.0517883,2224.88,0.007078,0.012027
0.0448041,2038.23,0.007078,0.012033
0.0962694,2637.48,0.007077,0.012012
0.145151,1637.02,0.007078,0.012033
0.0437115,2038.23,0.007078,0.012033
0.0653474,2496.12,0.007077,0.012015
0.0127271,1370.24,0.00708,0.012054
0.0344309,1882.16,0.007079,0.012038
0.0411919,2038.23,0.007078,0.012033
0.0665739,2496.12,0.007077,0.012015
0.0297302,1759.18,0.007079,0.012043
0.0620412,2676.73,0.007077,0.01201
0.026011,1759.18,0.007079,0.012043
0.146215,1637.02,0.007078,0.012033
0.128549,1937.94,0.007078,0.012023
0.137322,1716.96,0.007078,0.01203
0.0806355,3340.44,0.007076,0.011995
0.114642,2158.02,0.007077,0.012018
0.11552,2158.02,0.007077,0.012018
0.0999251,2637.48,0.007077,0.012012
0.0470127,2224.88,0.007078,0.012027
0.0690446,2791.33,0.007076,0.012002
0.0688743,2791.33,0.007076,0.012002
0.0742835,3340.44,0.007076,0.011995
0.0830964,3026.24,0.007076,0.011998
0.118462,2061.39,0.007077,0.01202
0.0844433,3026.24,0.007076,0.011998
0.118881,2061.39,0.007077,0.01202
0.100721,2637.48,0.007077,0.012012
0.097986,2637.48,0.007077,0.012012
0.120923,2061.39,0.007077,0.01202
0.0318852,1759.18,0.007079,0.012043
0.129265,1937.94,0.007078,0.012023
0.0947037,2791.33,0.007076,0.012002
0.12413,1937.94,0.007078,0.012023
0.113927,2158.02,0.007077,0.012018
0.135822,1813.56,0.007078,0.012027
0.0416458,2038.23,0.007078,0.012033
0.134203,1813.56,0.007078,0.012027
0.00265589,1222.24,0.00708,0.012058
0.134116,1813.56,0.007078,0.012027
0.0593846,2423.94,0.007077,0.012022
0.095276,2637.48,0.007077,0.012012
0.0448465,2038.23,0.007078,0.012033
0.0297458,1759.18,0.007079,0.012043
0.102789,2496.12,0.007077,0.012015
0.0314052,1759.18,0.007079,0.012043
0.056374,2423.94,0.007077,0.012022
0.140004,1716.96,0.007078,0.01203
0.136546,1716.96,0.007078,0.01203
0.122545,1937.94,0.007078,0.012023
0.0455012,2038.23,0.007078,0.012033
0.0788643,3340.44,0.007076,0.011995
0.0827722,3026.24,0.007076,0.011998
0.11845,2061.39,0.007077,0.01202
0.106836,2496.12,0.007077,0.012015
0.13048,1813.56,0.007078,0.012027
0.00293598,1222.24,0.00708,0.012058
0.144074,1637.02,0.007078,0.012033
0.135385,1813.56,0.007078,0.012027
0.0911096,2791.33,0.007076,0.012002
0.0878687,3026.24,0.007076,0.011998
0.0655114,2496.12,0.007077,0.012015
0.121923,2061.39,0.007077,0.01202
0.0085129,1137.73,0.00708,0.012058
0.120816,2061.39,0.007077,0.01202
0.00433278,1222.24,0.00708,0.012058
0.0295046,1759.18,0.007079,0.012043
0.0432622,2038.23,0.007078,0.012033
0.0367391,1882.16,0.007079,0.012038
0.125847,1937.94,0.007078,0.012023
0.135778,1813.56,0.007078,0.012027
0.036838,1882.16,0.007079,0.012038
0.151222,1546.23,0.007079,0.012037
0.0820206,3026.24,0.007076,0.011998
0.0673514,2791.33,0.007076,0.012002
0.148377,1637.02,0.007078,0.012033
0.0806537,3340.44,0.007076,0.011995
0.14967,1637.02,0.007078,0.012033
0.118002,2061.39,0.007077,0.01202
0.104243,2496.12,0.007077,0.012015
0.00278737,1222.24,0.00708,0.012058
0.0485539,2224.88,0.007078,0.012027
0.0563311,2423.94,0.007077,0.012022
0.0705378,2791.33,0.007076,0.012002
0.109665,2327.05,0.007077,0.012019
0.0302975,1759.18,0.007079,0.012043
0.139413,1716.96,0.007078,0.01203
0.02437,1613.66,0.007079,0.012048
0.0808313,3340.44,0.007076,0.011995
0.0928605,2791.33,0.007076,0.012002
0.0541725,2423.94,0.007077,0.012022
0.0378149,1882.16,0.007079,0.012038
0.0413358,2038.23,0.007078,0.012033
0.0316864,1759.18,0.007079,0.012043
0.0146235,1370.24,0.00708,0.012054
0.0749887,3340.44,0.007076,0.011995
0.147942,1637.02,0.007078,0.012033
0.0423872,2038.23,0.007078,0.012033
0.00533244,1137.73,0.00708,0.012058
0.153747,1546.23,0.007079,0.012037
0.102639,2496.12,0.007077,0.012015
0.0233229,1613.66,0.007079,0.012048
0.0580572,2423.94,0.007077,0.012022
0.0860603,3026.24,0.007076,0.011998
0.056488,2423.94,0.007077,0.012022
0.0689619,2791.33,0.007076,0.012002
0.108643,2496.12,0.007077,0.012015
0.135081,1813.56,0.007078,0.012027
0.0920711,2791.33,0.007076,0.012002
0.0144278,1370.24,0.00708,0.012054
0.0287514,1759.18,0.007079,0.012043
0.144686,1637.02,0.007078,0.012033
0.10121,2637.48,0.007077,0.012012
0.0939054,2791.33,0.007076,0.012002
0.0106246,1360.41,0.00708,0.012058
0.0475394,2224.88,0.007078,0.012027
0.144167,1637.02,0.007078,0.012033
0.0252457,1613.66,0.007079,0.012048
0.0912876,2791.33,0.007076,0.012002
0.0605915,2676.73,0.007077,0.01201
0.0355783,1882.16,0.007079,0.012038
0.0428383,2038.23,0.007078,0.012033
0.150102,1637.02,0.007078,0.012033
0.0548688,2423.94,0.007077,0.012022
0.094375,2791.33,0.007076,0.012002
0.139384,1716.96,0.007078,0.01203
0.139479,1716.96,0.007078,0.01203
0.102618,2496.12,0.007077,0.012015
0.123299,1937.94,0.007078,0.012023
0.150692,1546.23,0.007079,0.012037
0.134714,1813.56,0.007078,0.012027
0.136099,1813.56,0.007078,0.012027
0.111859,2327.05,0.007077,0.012019
0.125628,1937.94,0.007078,0.012023
0.0992961,2637.48,0.007077,0.012012
0.0407107,2038.23,0.007078,0.012033
0.0952311,2637.48,0.007077,0.012012
0.0705257,2791.33,0.007076,0.012002
0.106699,2496.12,0.007077,0.012015
0.0208012,1613.66,0.007079,0.012048
0.0695491,2791.33,0.007076,0.012002
0.0528633,2224.88,0.007078,0.012027
0.0489293,2224.88,0.007078,0.012027
0.0377469,1882.16,0.007079,0.012038
0.0965212,2637.48,0.007077,0.012012
0.030516,1759.18,0.007079,0.012043
0.143551,1637.02,0.007078,0.012033
0.00635993,1137.73,0.00708,0.012058
0.0694409,2791.33,0.007076,0.012002
0.0731592,2791.33,0.007076,0.012002
0.149952,1637.02,0.007078,0.012033
0.000903817,1222.24,0.00708,0.012058
0.154069,1546.23,0.007079,0.012037
0.0425486,2038.23,0.007078,0.012033
0.124021,1937.94,0.007078,0.012023
0.0878671,3026.24,0.007076,0.011998
0.0312538,1759.18,0.007079,0.012043
0.10363,2496.12,0.007077,0.012015
0.150422,1546.23,0.007079,0.012037
0.143758,1637.02,0.007078,0.012033
0.0229801,1613.66,0.007079,0.012048
0.0942058,2791.33,0.007076,0.012002
0.0399088,2038.23,0.007078,0.012033
0.0285422,1759.18,0.007079,0.012043
0.0460698,2038.23,0.007078,0.012033
0.0904376,2791.33,0.007076,0.012002
0.0179515,1370.24,0.00708,0.012054
0.153171,1546.23,0.007079,0.012037
0.137525,1716.96,0.007078,0.01203
0.0833382,3026.24,0.007076,0.011998
0.0518212,2224.88,0.007078,0.012027
0.0464304,2038.23,0.007078,0.012033
0.122708,1937.94,0.007078,0.012023
0.0890072,2791.33,0.007076,0.012002
0.145116,1637.02,0.007078,0.012033
0.0835293,3026.24,0.007076,0.011998
0.0154283,1370.24,0.00708,0.012054
0.134198,1813.56,0.007078,0.012027
0.0905703,2791.33,0.007076,0.012002
0.0387097,1882.16,0.007079,0.012038
0.034075,1882.16,0.007079,0.012038
0.0357696,1882.16,0.007079,0.012038
0.0512372,2224.88,0.007078,0.012027
0.027647,1759.18,0.007079,0.012043
0.0613108,2676.73,0.007077,0.01201
0.148678,1637.02,0.007078,0.012033
0.0306509,1759.18,0.007079,0.012043
0.0440289,2038.23,0.007078,0.012033
0.0361101,1882.16,0.007079,0.012038
0.135201,1813.56,0.007078,0.012027
0.142398,1716.96,0.007078,0.01203
0.0577823,2423.94,0.007077,0.012022
0.0548048,2423.94,0.007077,0.012022
0.0795787,3340.44,0.007076,0.011995
0.121275,2061.39,0.007077,0.01202
0.0550437,2423.94,0.007077,0.012022
0.125372,1937.94,0.007078,0.012023
0.00137151,1222.24,0.00708,0.012058
0.0414116,2038.23,0.007078,0.012033
0.147321,1637.02,0.007078,0.012033
0.126207,1937.94,0.007078,0.012023
0.0979759,2637.48,0.007077,0.012012
0.0226519,1613.66,0.007079,0.012048
0.142881,1716.96,0.007078,0.01203
0.130017,1813.56,0.007078,0.012027
0.0855991,3026.24,0.007076,0.011998
0.133007,1813.56,0.007078,0.012027
0.0546804,2423.94,0.007077,0.012022
0.000373114,1222.24,0.00708,0.012058
0.0733765,2791.33,0.007076,0.012002
0.0977703,2637.48,0.007077,0.012012
0.0653599,2496.12,0.007077,0.012015
0.0509393,2224.88,0.007078,0.012027
0.11485,2158.02,0.007077,0.012018
0.0193494,1613.66,0.007079,0.012048
0.0597811,2423.94,0.007077,0.012022
0.147848,1637.02,0.007078,0.012033
0.119971,2061.39,0.007077,0.01202
0.0547166,2423.94,0.007077,0.012022
0.0770434,3340.44,0.007076,0.011995
0.108242,2496.12,0.007077,0.012015
0.0251099,1613.66,0.007079,0.012048
0.0410616,2038.23,0.007078,0.012033
0.0137166,1370.24,0.00708,0.012054
0.0223347,1613.66,0.007079,0.012048
0.00459728,338.048,0.00708,0.012051
0.100324,1735.1,0.007077,0.012008
0.0685352,1802.78,0.007076,0.011998
0.11007,1568.92,0.007077,0.012013
0.126753,1314.92,0.007077,0.01202
0.063177,1477.42,0.007076,0.012005
0.112746,1568.92,0.007077,0.012013
0.0513387,1008.89,0.007077,0.01202
0.00644284,338.048,0.00708,0.012051
0.0562815,1218.83,0.007077,0.012012
0.152262,1220.26,0.007079,0.012037
0.113306,1568.92,0.007077,0.012013
0.00789754,338.048,0.00708,0.012051
0.0995223,1894.07,0.007076,0.012005
0.0703456,1802.78,0.007076,0.011998
0.0757204,2149.98,0.007076,0.011994
0.0307195,509.206,0.007079,0.012038
0.0241096,403.887,0.00708,0.012049
0.00653817,338.048,0.00708,0.012051
0.142287,1305.47,0.007078,0.012033
0.104476,1735.1,0.007077,0.012008
0.0756947,2149.98,0.007076,0.011994
0.085729,2221.05,0.007076,0.012
0.0677024,1802.78,0.007076,0.011998
0.0951351,1894.07,0.007076,0.012005
0.0212986,339.135,0.00708,0.012057
0.0352092,509.206,0.007079,0.012038
0.127002,1314.92,0.007077,0.01202
0.00628042,338.048,0.00708,0.012051
0.0846493,1991.16,0.007076,0.011996
0.0730635,2149.98,0.007076,0.011994
0.0627633,1477.42,0.007076,0.012005
0.000926205,412.872,0.007079,0.012042
0.0891834,2053.06,0.007076,0.012002
0.102782,1735.1,0.007077,0.012008
0.00646395,338.048,0.00708,0.012051
0.00517384,338.048,0.00708,0.012051
0.0985501,1894.07,0.007076,0.012005
0.0786559,2149.98,0.007076,0.011994
0.0638735,1477.42,0.007076,0.012005
0.128695,1198.95,0.007078,0.012025
0.131668,1198.95,0.007078,0.012025
0.0547722,1218.83,0.007077,0.012012
0.0726438,2149.98,0.007076,0.011994
0.105636,1735.1,0.007077,0.012008
0.115057,1455.94,0.007077,0.012016
0.141443,1305.47,0.007078,0.012033
0.0307915,509.206,0.007079,0.012038
0.0420316,821.764,0.007078,0.01203
0.00942356,338.048,0.00708,0.012051
0.150857,1220.26,0.007079,0.012037
0.0590682,1477.42,0.007076,0.012005
0.00729298,338.048,0.00708,0.012051
0.0723016,2149.98,0.007076,0.011994
0.127109,1314.92,0.007077,0.01202
0.0398919,821.764,0.007078,0.01203
0.104989,1735.1,0.007077,0.012008
0.11835,1455.94,0.007077,0.012016
0.0416975,821.764,0.007078,0.01203
0.129774,1198.95,0.007078,0.012025
0.0898766,2053.06,0.007076,0.012002
0.0578229,1218.83,0.007077,0.012012
0.140626,1397.83,0.007078,0.012029
0.0630854,1477.42,0.007076,0.012005
0.137129,1397.83,0.007078,0.012029
0.145472,1305.47,0.007078,0.012033
0.000586358,412.872,0.007079,0.012042
0.0475414,1008.89,0.007077,0.01202
0.0976651,1894.07,0.007076,0.012005
0.146116,1305.47,0.007078,0.012033
0.151277,1220.26,0.007079,0.012037
0.0704679,1802.78,0.007076,0.011998
0.0557456,1218.83,0.007077,0.012012
0.0235019,339.135,0.00708,0.012057
0.0776761,2149.98,0.007076,0.011994
0.0122429,316.187,0.00708,0.012058
0.142384,1305.47,0.007078,0.012033
0.153528,1220.26,0.007079,0.012037
0.0256404,403.887,0.00708,0.012049
0.14851,1220.26,0.007079,0.012037
0.0300902,403.887,0.00708,0.012049
0.0554748,1218.83,0.007077,0.012012
0.0937798,1894.07,0.007076,0.012005
0.0496447,1008.89,0.007077,0.01202
0.104277,1735.1,0.007077,0.012008
0.080679,1991.16,0.007076,0.011996
0.0876534,2053.06,0.007076,0.012002
0.0725762,2149.98,0.007076,0.011994
0.100061,1735.1,0.007077,0.012008
0.0311886,509.206,0.007079,0.012038
0.062311,1477.42,0.007076,0.012005
0.0809218,1991.16,0.007076,0.011996
0.124855,1314.92,0.007077,0.01202
0.1268,1314.92,0.007077,0.01202
0.0885095,2053.06,0.007076,0.012002
0.0424356,821.764,0.007078,0.01203
0.018655,339.135,0.00708,0.012057
0.0342938,509.206,0.007079,0.012038
0.123433,1314.92,0.007077,0.01202
0.0315916,509.206,0.007079,0.012038
0.00321799,338.048,0.00708,0.012051
0.10187,1735.1,0.007077,0.012008
0.0532322,1218.83,0.007077,0.012012
0.131551,1198.95,0.007078,0.012025
0.07667,2149.98,0.007076,0.011994
0.0990611,1894.07,0.007076,0.012005
0.0649947,1477.42,0.007076,0.012005
0.14743,1305.47,0.007078,0.012033
0.133616,1496.63,0.007078,0.012026
0.0928597,2053.06,0.007076,0.012002
0.0417677,821.764,0.007078,0.01203
0.0701604,1802.78,0.007076,0.011998
0.127148,1314.92,0.007077,0.01202
0.0212823,339.135,0.00708,0.012057
0.00570012,338.048,0.00708,0.012051
0.0183967,339.135,0.00708,0.012057
0.0245431,403.887,0.00708,0.012049
0.00294819,338.048,0.00708,0.012051
0.0877431,2053.06,0.007076,0.012002
0.0839828,1991.16,0.007076,0.011996
0.0117218,316.187,0.00708,0.012058
0.0721872,2149.98,0.007076,0.011994
0.110357,1568.92,0.007077,0.012013
0.129094,1198.95,0.007078,0.012025
0.022649,339.135,0.00708,0.012057
0.0993882,1894.07,0.007076,0.012005
0.116124,1455.94,0.007077,0.012016
0.0369613,509.206,0.007079,0.012038
0.0189208,339.135,0.00708,0.012057
0.107183,1568.92,0.007077,0.012013
0.0547625,1218.83,0.007077,0.012012
0.115162,1455.94,0.007077,0.012016
0.102561,1735.1,0.007077,0.012008
0.0308685,509.206,0.007079,0.012038
0.0708975,1802.78,0.007076,0.011998
0.111412,1568.92,0.007077,0.012013
0.113196,1568.92,0.007077,0.012013
0.150675,1220.26,0.007079,0.012037
0.100345,1735.1,0.007077,0.012008
0.0903501,2053.06,0.007076,0.012002
0.00946517,338.048,0.00708,0.012051
0.101358,1735.1,0.007077,0.012008
0.023525,339.135,0.00708,0.012057
0.0565018,1218.83,0.007077,0.012012
0.151779,1220.26,0.007079,0.012037
0.120879,1314.92,0.007077,0.01202
0.139171,1397.83,0.007078,0.012029
0.0432468,821.764,0.007078,0.01203
0.0900751,2053.06,0.007076,0.012002
0.14213,1305.47,0.007078,0.012033
0.0349715,509.206,0.007079,0.012038
0.0286594,403.887,0.00708,0.012049
0.0509356,1008.89,0.007077,0.01202
0.0958907,1894.07,0.007076,0.012005
0.0398418,821.764,0.007078,0.01203
0.0694351,1802.78,0.007076,0.011998
0.0302785,403.887,0.00708,0.012049
0.0418847,821.764,0.007078,0.01203
0.0344689,509.206,0.007079,0.012038
0.079801,1991.16,0.007076,0.011996
0.11605,1455.94,0.007077,0.012016
0.0588039,1477.42,0.007076,0.012005
0.0651032,1477.42,0.007076,0.012005
0.139739,1397.83,0.007078,0.012029
0.133511,1496.63,0.007078,0.012026
0.140335,1397.83,0.007078,0.012029
0.053198,1218.83,0.007077,0.012012
0.134917,1397.83,0.007078,0.012029
0.0183509,339.135,0.00708,0.012057
0.138295,1397.83,0.007078,0.012029
0.0134418,316.187,0.00708,0.012058
0.148765,1220.26,0.007079,0.012037
0.137138,1397.83,0.007078,0.012029
0.0258146,403.887,0.00708,0.012049
0.0729792,2149.98,0.007076,0.011994
0.022555,339.135,0.00708,0.012057
0.120192,1455.94,0.007077,0.012016
0.119056,1455.94,0.007077,0.012016
0.059292,1477.42,0.007076,0.012005
0.150904,1220.26,0.007079,0.012037
0.103829,1735.1,0.007077,0.012008
0.122439,1314.92,0.007077,0.01202
0.0904603,2053.06,0.007076,0.012002
0.082674,1991.16,0.007076,0.011996
0.0750578,2149.98,0.007076,0.011994
0.0520891,1218.83,0.007077,0.012012
0.0480013,1008.89,0.007077,0.01202
0.141907,1305.47,0.007078,0.012033
0.131225,1198.95,0.007078,0.012025
0.0732956,2149.98,0.007076,0.011994
0.0781153,2149.98,0.007076,0.011994
0.0701003,1802.78,0.007076,0.011998
0.148795,1220.26,0.007079,0.012037
0.130954,1198.95,0.007078,0.012025
0.101353,1735.1,0.007077,0.012008
0.0989115,1894.07,0.007076,0.012005
0.0849351,1991.16,0.007076,0.011996
0.120143,1455.94,0.007077,0.012016
0.0680452,1802.78,0.007076,0.011998
0.0319929,509.206,0.007079,0.012038
0.0801691,1991.16,0.007076,0.011996
0.0567148,1218.83,0.007077,0.012012
0.0281324,403.887,0.00708,0.012049
0.0886352,2053.06,0.007076,0.012002
0.0982529,1894.07,0.007076,0.012005
0.00127032,412.872,0.007079,0.012042
0.0843367,1991.16,0.007076,0.011996
0.0370697,509.206,0.007079,0.012038
0.0129768,316.187,0.00708,0.012058
0.101822,1735.1,0.007077,0.012008
0.0419856,821.764,0.007078,0.01203
0.00841646,338.048,0.00708,0.012051
0.0565269,1218.83,0.007077,0.012012
0.0852927,1991.16,0.007076,0.011996
0.0261068,403.887,0.00708,0.012049
0.107527,1568.92,0.007077,0.012013
0.0934737,1894.07,0.007076,0.012005
0.0482152,1008.89,0.007077,0.01202
0.00403027,338.048,0.00708,0.012051
0.0350494,509.206,0.007079,0.012038
0.136396,1397.83,0.007078,0.012029
0.0615124,1477.42,0.007076,0.012005
0.114634,1455.94,0.007077,0.012016
0.00427568,338.048,0.00708,0.012051
0.0812775,1991.16,0.007076,0.011996
0.1244,1314.92,0.007077,0.01202
0.141165,1397.83,0.007078,0.012029
0.0978163,1894.07,0.007076,0.012005
0.141804,1305.47,0.007078,0.012033
0.0855253,1991.16,0.007076,0.011996
0.121082,1314.92,0.007077,0.01202
0.0303109,403.887,0.00708,0.012049
0.150157,1220.26,0.007079,0.012037
0.108355,1568.92,0.007077,0.012013
0.00964005,338.048,0.00708,0.012051
0.0291105,403.887,0.00708,0.012049
0.153682,1220.26,0.007079,0.012037
0.107634,1568.92,0.007077,0.012013
0.128512,1198.95,0.007078,0.012025
0.0929769,1894.07,0.007076,0.012005
0.0527967,1218.83,0.007077,0.012012
0.0171109,339.135,0.00708,0.012057
0.130216,1198.95,0.007078,0.012025
0.0644656,1477.42,0.007076,0.012005
0.0779222,2149.98,0.007076,0.011994
0.0879875,2053.06,0.007076,0.012002
0.0529408,1218.83,0.007077,0.012012
0.011213,316.187,0.00708,0.012058
0.0107032,316.187,0.00708,0.012058
0.120016,1455.94,0.007077,0.012016
0.110525,1568.92,0.007077,0.012013
0.0810832,1991.16,0.007076,0.011996
0.0642876,1477.42,0.007076,0.012005
0.0349854,509.206,0.007079,0.012038
0.00743863,338.048,0.00708,0.012051
0.0747606,2149.98,0.007076,0.011994
0.0587577,1477.42,0.007076,0.012005
0.0247179,403.887,0.00708,0.012049
0.0142464,316.187,0.00708,0.012058
0.105713,1735.1,0.007077,0.012008
0.0917406,2053.06,0.007076,0.012002
0.047743,1008.89,0.007077,0.01202
0.0477437,1008.89,0.007077,0.01202
0.0475474,1008.89,0.007077,0.01202
0.0945161,1894.07,0.007076,0.012005
0.133752,1496.63,0.007078,0.012026
0.0524342,1218.83,0.007077,0.012012
0.0940127,1894.07,0.007076,0.012005
0.0705028,1802.78,0.007076,0.011998
0.0599923,1477.42,0.007076,0.012005
0.0109763,316.187,0.00708,0.012058
0.00506846,338.048,0.00708,0.012051
0.107694,1568.92,0.007077,0.012013
0.131294,1198.95,0.007078,0.012025
0.0719192,1802.78,0.007076,0.011998
0.100479,1735.1,0.007077,0.012008
0.15159,1220.26,0.007079,0.012037
0.0988459,1894.07,0.007076,0.012005
0.0891649,2053.06,0.007076,0.012002
0.0514497,1218.83,0.007077,0.012012
0.143833,1305.47,0.007078,0.012033
0.0610975,1477.42,0.007076,0.012005
0.0160996,316.187,0.00708,0.012058
0.000799993,412.872,0.007079,0.012042
0.0314796,509.206,0.007079,0.012038
0.129943,1198.95,0.007078,0.012025
0.00914137,338.048,0.00708,0.012051
0.0615193,1477.42,0.007076,0.012005
0.0587736,1477.42,0.007076,0.012005
0.149944,1220.26,0.007079,0.012037
0.133598,1496.63,0.007078,0.012026
0.0647637,1477.42,0.007076,0.012005
0.0346249,509.206,0.007079,0.012038
0.033775,509.206,0.007079,0.012038
0.0785974,2149.98,0.007076,0.011994
0.148383,1220.26,0.007079,0.012037
0.0141208,316.187,0.00708,0.012058
0.130531,1198.95,0.007078,0.012025
0.144703,1305.47,0.007078,0.012033
0.144752,1305.47,0.007078,0.012033
0.052551,1218.83,0.007077,0.012012
0.0944126,1894.07,0.007076,0.012005
0.0976415,1894.07,0.007076,0.012005
0.134641,1397.83,0.007078,0.012029
0.0800387,1991.16,0.007076,0.011996
0.0684257,1802.78,0.007076,0.011998
0.151315,1220.26,0.007079,0.012037
0.00936774,338.048,0.00708,0.012051
0.0241702,403.887,0.00708,0.012049
0.119104,1455.94,0.007077,0.012016
0.153219,1220.26,0.007079,0.012037
0.121923,1314.92,0.007077,0.01202
0.0814509,1991.16,0.007076,0.011996
0.0406951,821.764,0.007078,0.01203
0.121693,1314.92,0.007077,0.01202
0.063331,1477.42,0.007076,0.012005
0.0558357,1218.83,0.007077,0.012012
0.0401321,821.764,0.007078,0.01203
0.146665,1305.47,0.007078,0.012033
0.0382164,821.764,0.007078,0.01203
0.150475,1220.26,0.007079,0.012037
0.0644066,1477.42,0.007076,0.012005
0.0069279,338.048,0.00708,0.012051
0.0644707,1477.42,0.007076,0.012005
0.0930569,1894.07,0.007076,0.012005
0.0120895,316.187,0.00708,0.012058
0.0623143,1477.42,0.007076,0.012005
0.0608262,1477.42,0.007076,0.012005
0.0564472,1218.83,0.007077,0.012012
0.0555846,1218.83,0.007077,0.012012
0.0942635,1894.07,0.007076,0.012005
0.0871238,2053.06,0.007076,0.012002
0.0831418,1991.16,0.007076,0.011996
0.0843792,1991.16,0.007076,0.011996
0.0244708,403.887,0.00708,0.012049
0.125312,1314.92,0.007077,0.01202
0.0538363,1218.83,0.007077,0.012012
0.0948408,1894.07,0.007076,0.012005
0.150938,1220.26,0.007079,0.012037
0.142471,1305.47,0.007078,0.012033
0.0694298,1802.78,0.007076,0.011998
0.0191588,339.135,0.00708,0.012057
0.127559,1198.95,0.007078,0.012025
0.120208,1455.94,0.007077,0.012016
0.0526503,1218.83,0.007077,0.012012
0.121577,1314.92,0.007077,0.01202
0.151637,1220.26,0.007079,0.012037
0.0906825,2053.06,0.007076,0.012002
0.0493515,1008.89,0.007077,0.01202
0.151831,1220.26,0.007079,0.012037
0.00858053,338.048,0.00708,0.012051
0.0383492,821.764,0.007078,0.01203
0.0232964,339.135,0.00708,0.012057
0.140318,1397.83,0.007078,0.012029
0.00463308,338.048,0.00708,0.012051
0.0710527,1802.78,0.007076,0.011998
0.0898651,2053.06,0.007076,0.012002
0.0504977,1008.89,0.007077,0.01202
0.0493659,1008.89,0.007077,0.01202
0.0337497,509.206,0.007079,0.012038
0.0710312,1802.78,0.007076,0.011998
0.142555,1305.47,0.007078,0.012033
0.0592039,1477.42,0.007076,0.012005
0.00999889,316.187,0.00708,0.012058
0.0504732,1008.89,0.007077,0.01202
0.0825258,1991.16,0.007076,0.011996
0.0521719,1218.83,0.007077,0.012012
0.0261516,403.887,0.00708,0.012049
0.0251799,403.887,0.00708,0.012049
0.116291,1455.94,0.007077,0.012016
0.142203,1305.47,0.007078,0.012033
0.0796482,1991.16,0.007076,0.011996
0.0977754,1894.07,0.007076,0.012005
0.0186294,339.135,0.00708,0.012057
0.117413,1455.94,0.007077,0.012016
0.0782968,2149.98,0.007076,0.011994
0.0637433,1477.42,0.007076,0.012005
0.152961,1220.26,0.007079,0.012037
0.0979528,1894.07,0.007076,0.012005
0.125056,1314.92,0.007077,0.01202
0.0804171,1991.16,0.007076,0.011996
0.0573396,1218.83,0.007077,0.012012
0.113828,1455.94,0.007077,0.012016
0.124019,1314.92,0.007077,0.01202
0.11053,1568.92,0.007077,0.012013
0.114875,1455.94,0.007077,0.012016
0.0562391,1218.83,0.007077,0.012012
0.0542536,1218.83,0.007077,0.012012
0.112713,1568.92,0.007077,0.012013
0.00263399,412.872,0.007079,0.012042
0.0294661,403.887,0.00708,0.012049
0.079607,1991.16,0.007076,0.011996
0.141009,1397.83,0.007078,0.012029
0.0473159,1008.89,0.007077,0.01202
0.115622,1455.94,0.007077,0.012016
0.00826855,338.048,0.00708,0.012051
0.0738559,2149.98,0.007076,0.011994
0.0669819,1802.78,0.007076,0.011998
0.0975396,1894.07,0.007076,0.012005
0.0601044,1477.42,0.007076,0.012005
0.137131,1397.83,0.007078,0.012029
0.0850178,1991.16,0.007076,0.011996
0.0596854,1477.42,0.007076,0.012005
0.121636,1314.92,0.007077,0.01202
0.0137076,316.187,0.00708,0.012058
0.0545299,1218.83,0.007077,0.012012
0.0107438,316.187,0.00708,0.012058
0.0887544,2053.06,0.007076,0.012002
0.0697662,1802.78,0.007076,0.011998
0.144491,1305.47,0.007078,0.012033
0.0677815,1802.78,0.007076,0.011998
0.0318009,509.206,0.007079,0.012038
0.135448,1397.83,0.007078,0.012029
0.0857085,2221.05,0.007076,0.012
0.146611,1305.47,0.007078,0.012033
0.0929753,1894.07,0.007076,0.012005
0.110674,1568.92,0.007077,0.012013
0.146041,1305.47,0.007078,0.012033
0.0346997,509.206,0.007079,0.012038
0.102271,1735.1,0.007077,0.012008
0.062847,1477.42,0.007076,0.012005
0.068094,1802.78,0.007076,0.011998
0.0733506,2149.98,0.007076,0.011994
0.109724,1568.92,0.007077,0.012013
0.100626,1735.1,0.007077,0.012008
0.113934,1455.94,0.007077,0.012016
0.13208,1198.95,0.007078,0.012025
0.0178386,339.135,0.00708,0.012057
0.0104026,316.187,0.00708,0.012058
0.0294813,403.887,0.00708,0.012049
0.0689027,1802.78,0.007076,0.011998
0.0896744,2053.06,0.007076,0.012002
0.0363969,509.206,0.007079,0.012038
0.0790284,2149.98,0.007076,0.011994
0.143683,1305.47,0.007078,0.012033
0.117901,1455.94,0.007077,0.012016
0.122437,1314.92,0.007077,0.01202
0.0668672,1802.78,0.007076,0.011998
0.0435569,821.764,0.007078,0.01203
0.0720469,1802.78,0.007076,0.011998
0.0157976,316.187,0.00708,0.012058
0.131546,1198.95,0.007078,0.012025
0.153634,1220.26,0.007079,0.012037
0.0381298,821.764,0.007078,0.01203
0.026649,403.887,0.00708,0.012049
0.104997,1735.1,0.007077,0.012008
0.0260229,403.887,0.00708,0.012049
0.0507365,1008.89,0.007077,0.01202
0.050958,1008.89,0.007077,0.01202
0.144017,1305.47,0.007078,0.012033
0.139757,1397.83,0.007078,0.012029
0.0719388,1802.78,0.007076,0.011998
0.0202706,339.135,0.00708,0.012057
0.0718641,1802.78,0.007076,0.011998
0.0925648,2053.06,0.007076,0.012002
0.0421647,821.764,0.007078,0.01203
0.0708534,1802.78,0.007076,0.011998
0.0361138,509.206,0.007079,0.012038
0.0714463,1802.78,0.007076,0.011998
0.139396,1397.83,0.007078,0.012029
0.0844377,1991.16,0.007076,0.011996
0.0184835,339.135,0.00708,0.012057
0.00787645,338.048,0.00708,0.012051
0.0623708,1477.42,0.007076,0.012005
0.0362542,509.206,0.007079,0.012038
0.049306,1008.89,0.007077,0.01202
0.123086,1314.92,0.007077,0.01202
0.120597,1314.92,0.007077,0.01202
0.0446112,1008.89,0.007077,0.01202
0.0365845,509.206,0.007079,0.012038
0.0321487,509.206,0.007079,0.012038
0.0441333,821.764,0.007078,0.01203
0.0138754,316.187,0.00708,0.012058
0.062589,1477.42,0.007076,0.012005
0.0813014,1991.16,0.007076,0.011996
0.0191933,339.135,0.00708,0.012057
0.0901558,2053.06,0.007076,0.012002
0.151224,1220.26,0.007079,0.012037
0.0737029,2149.98,0.007076,0.011994
0.112107,1568.92,0.007077,0.012013
0.152927,834.327,0.007079,0.012037
0.0877741,2399.36,0.007076,0.012001
0.0118189,912.612,0.00708,0.012058
0.0216447,939.634,0.00708,0.012054
0.0150251,900.398,0.00708,0.012057
0.115113,1568.92,0.007077,0.012013
0.106353,1735.1,0.007077,0.012008
0.120935,1455.94,0.007077,0.012016
0.0995936,1894.07,0.007076,0.012005
0.128599,1314.92,0.007077,0.01202
0.0965835,2053.06,0.007076,0.012002
0.0145456,900.398,0.00708,0.012057
0.0481138,1305.47,0.007078,0.012033
0.0122304,912.612,0.00708,0.012058
0.0221087,939.634,0.00708,0.012054
0.121983,1455.94,0.007077,0.012016
0.100441,1894.07,0.007076,0.012005
0.0325275,1019.75,0.00708,0.012048
0.0203016,900.398,0.00708,0.012057
0.0206554,939.634,0.00708,0.012054
0.149517,916.575,0.007078,0.012032
0.122242,1455.94,0.007077,0.012016
0.0646432,1870.03,0.007077,0.01201
0.129649,1314.92,0.007077,0.01202
0.0162361,900.398,0.00708,0.012057
0.00384692,1106.46,0.00708,0.012057
0.130798,1314.92,0.007077,0.01202
0.0548639,1356.75,0.007078,0.012025
0.00310958,1106.46,0.00708,0.012057
0.0965255,2053.06,0.007076,0.012002
0.0843107,2399.36,0.007076,0.012001
0.0852533,2399.36,0.007076,0.012001
0.117881,1455.94,0.007077,0.012016
0.138531,1007.85,0.007078,0.012027
0.144129,1007.85,0.007078,0.012027
0.149083,916.575,0.007078,0.012032
0.153427,834.327,0.007079,0.012037
0.147432,916.575,0.007078,0.012032
0.064503,1870.03,0.007077,0.01201
0.00902337,912.612,0.00708,0.012058
0.0097093,912.612,0.00708,0.012058
0.096999,1894.07,0.007076,0.012005
0.150982,916.575,0.007078,0.012032
0.0671537,1870.03,0.007077,0.01201
0.126948,1314.92,0.007077,0.01202
0.015315,900.398,0.00708,0.012057
0.017821,900.398,0.00708,0.012057
0.0529352,1356.75,0.007078,0.012025
0.103256,1894.07,0.007076,0.012005
0.0933986,2170.06,0.007076,0.012004
0.0582735,1536.15,0.007077,0.012019
0.0535484,1356.75,0.007078,0.012025
0.0670547,1870.03,0.007077,0.01201
0.121322,1455.94,0.007077,0.012016
0.0207593,939.634,0.00708,0.012054
0.0599498,1536.15,0.007077,0.012019
0.112195,1568.92,0.007077,0.012013
0.0990369,1894.07,0.007076,0.012005
0.0504854,1356.75,0.007078,0.012025
0.0239402,939.634,0.00708,0.012054
0.136828,1198.95,0.007078,0.012025
0.0150212,900.398,0.00708,0.012057
0.0893171,2399.36,0.007076,0.012001
0.0831745,2399.36,0.007076,0.012001
0.151305,916.575,0.007078,0.012032
0.0480374,1305.47,0.007078,0.012033
0.0997508,1894.07,0.007076,0.012005
0.00549373,972.561,0.00708,0.012057
0.00670908,912.612,0.00708,0.012058
0.0779137,2611.03,0.007076,0.011999
0.0627915,1870.03,0.007077,0.01201
0.143273,1007.85,0.007078,0.012027
0.0388217,1148.55,0.007079,0.012041
0.0201497,900.398,0.00708,0.012057
0.0543371,1356.75,0.007078,0.012025
0.0113198,912.612,0.00708,0.012058
0.118669,1455.94,0.007077,0.012016
0.0388393,1148.55,0.007079,0.012041
0.146196,916.575,0.007078,0.012032
0.0651131,1870.03,0.007077,0.01201
0.0275701,1019.75,0.00708,0.012048
0.00396409,1106.46,0.00708,0.012057
0.0263375,939.634,0.00708,0.012054
0.0959979,2053.06,0.007076,0.012002
0.141758,1007.85,0.007078,0.012027
0.0933032,2170.06,0.007076,0.012004
0.0674514,1870.03,0.007077,0.01201
0.0600374,1536.15,0.007077,0.012019
0.0782044,2611.03,0.007076,0.011999
0.020897,939.634,0.00708,0.012054
0.14308,1007.85,0.007078,0.012027
0.0409305,1148.55,0.007079,0.012041
0.107901,1735.1,0.007077,0.012008
0.104861,1735.1,0.007077,0.012008
0.0555912,1536.15,0.007077,0.012019
0.0103434,912.612,0.00708,0.012058
0.0331382,1019.75,0.00708,0.012048
0.153359,834.327,0.007079,0.012037
0.0710908,2170.06,0.007076,0.012004
0.0744562,2170.06,0.007076,0.012004
0.0817402,2611.03,0.007076,0.011999
0.0488882,1496.63,0.007078,0.012026
0.128017,1314.92,0.007077,0.01202
0.0635971,1870.03,0.007077,0.01201
0.0874696,2399.36,0.007076,0.012001
0.0359448,1148.55,0.007079,0.012041
0.15425,834.327,0.007079,0.012037
0.024685,939.634,0.00708,0.012054
0.0394974,1148.55,0.007079,0.012041
0.0379346,1148.55,0.007079,0.012041
0.067551,1870.03,0.007077,0.01201
0.105019,1735.1,0.007077,0.012008
0.0424363,1305.47,0.007078,0.012033
0.0352564,1148.55,0.007079,0.012041
0.0863925,2399.36,0.007076,0.012001
0.108484,1735.1,0.007077,0.012008
0.0659124,1870.03,0.007077,0.01201
0.108882,1735.1,0.007077,0.012008
0.0148941,900.398,0.00708,0.012057
0.0147539,900.398,0.00708,0.012057
0.115925,1568.92,0.007077,0.012013
0.0226473,939.634,0.00708,0.012054
0.0107281,912.612,0.00708,0.012058
0.115281,1568.92,0.007077,0.012013
0.0628053,1870.03,0.007077,0.01201
0.0395776,1148.55,0.007079,0.012041
0.117023,1568.92,0.007077,0.012013
0.121732,1455.94,0.007077,0.012016
0.0620324,1536.15,0.007077,0.012019
0.0950369,2053.06,0.007076,0.012002
0.0849934,2399.36,0.007076,0.012001
0.036544,1148.55,0.007079,0.012041
0.0595026,1536.15,0.007077,0.012019
0.0832937,2399.36,0.007076,0.012001
0.0943228,2170.06,0.007076,0.012004
0.0980502,1894.07,0.007076,0.012005
0.0758333,2170.06,0.007076,0.012004
0.024165,939.634,0.00708,0.012054
0.112038,1568.92,0.007077,0.012013
0.143533,1007.85,0.007078,0.012027
0.10879,1735.1,0.007077,0.012008
0.0661786,1870.03,0.007077,0.01201
0.0896825,2399.36,0.007076,0.012001
0.0895191,2399.36,0.007076,0.012001
0.141113,1007.85,0.007078,0.012027
0.142027,1007.85,0.007078,0.012027
0.0562367,1536.15,0.007077,0.012019
0.0435922,1305.47,0.007078,0.012033
0.047004,1305.47,0.007078,0.012033
0.0178259,900.398,0.00708,0.012057
0.139115,1007.85,0.007078,0.012027
0.0850045,2399.36,0.007076,0.012001
0.101596,1894.07,0.007076,0.012005
0.00466093,1106.46,0.00708,0.012057
0.0479386,1305.47,0.007078,0.012033
0.0331951,1019.75,0.00708,0.012048
0.0336928,1019.75,0.00708,0.012048
0.0519475,1356.75,0.007078,0.012025
0.00133129,1106.46,0.00708,0.012057
0.154887,834.327,0.007079,0.012037
0.1462,916.575,0.007078,0.012032
0.0610518,1536.15,0.007077,0.012019
0.0601629,1536.15,0.007077,0.012019
0.11745,1568.92,0.007077,0.012013
0.124055,1455.94,0.007077,0.012016
0.0276796,1019.75,0.00708,0.012048
0.0884358,2399.36,0.007076,0.012001
0.105914,1735.1,0.007077,0.012008
0.131691,1198.95,0.007078,0.012025
0.0156055,900.398,0.00708,0.012057
0.00478015,972.561,0.00708,0.012057
0.148826,916.575,0.007078,0.012032
0.0851022,2399.36,0.007076,0.012001
0.136206,1198.95,0.007078,0.012025
0.0248064,939.634,0.00708,0.012054
0.00374163,1106.46,0.00708,0.012057
0.0979615,1894.07,0.007076,0.012005
0.0299041,1019.75,0.00708,0.012048
0.0728246,2170.06,0.007076,0.012004
0.0222587,939.634,0.00708,0.012054
0.106257,1735.1,0.007077,0.012008
0.0558296,1536.15,0.007077,0.012019
0.102556,1894.07,0.007076,0.012005
0.0117812,912.612,0.00708,0.012058
0.0638697,1870.03,0.007077,0.01201
0.0335189,1019.75,0.00708,0.012048
0.0142379,900.398,0.00708,0.012057
0.127443,1314.92,0.007077,0.01202
0.122645,1455.94,0.007077,0.012016
0.129472,1314.92,0.007077,0.01202
0.00101608,1106.46,0.00708,0.012057
0.0112476,912.612,0.00708,0.012058
0.0290241,1019.75,0.00708,0.012048
0.12303,1455.94,0.007077,0.012016
0.123344,1455.94,0.007077,0.012016
0.0022463,1106.46,0.00708,0.012057
0.0533799,1356.75,0.007078,0.012025
0.0693606,2170.06,0.007076,0.012004
0.0988352,1894.07,0.007076,0.012005
0.141759,1007.85,0.007078,0.012027
0.119802,1455.94,0.007077,0.012016
0.0506609,1356.75,0.007078,0.012025
0.0601229,1536.15,0.007077,0.012019
0.124493,1314.92,0.007077,0.01202
0.0913242,2170.06,0.007076,0.012004
0.00654673,972.561,0.00708,0.012057
0.0799218,2611.03,0.007076,0.011999
0.126713,1314.92,0.007077,0.01202
0.118296,1455.94,0.007077,0.012016
0.0113962,912.612,0.00708,0.012058
0.0662181,1870.03,0.007077,0.01201
0.0522702,1356.75,0.007078,0.012025
0.0580412,1536.15,0.007077,0.012019
0.0252061,939.634,0.00708,0.012054
0.136177,1198.95,0.007078,0.012025
0.133755,1198.95,0.007078,0.012025
0.094153,2170.06,0.007076,0.012004
0.117063,1568.92,0.007077,0.012013
0.0648781,1870.03,0.007077,0.01201
0.0116255,912.612,0.00708,0.012058
0.105248,1735.1,0.007077,0.012008
0.151269,916.575,0.007078,0.012032
0.147095,916.575,0.007078,0.012032
0.0907604,2170.06,0.007076,0.012004
0.0185508,900.398,0.00708,0.012057
0.119974,1455.94,0.007077,0.012016
0.111117,1568.92,0.007077,0.012013
0.14849,916.575,0.007078,0.012032
0.130531,1314.92,0.007077,0.01202
0.0281824,1019.75,0.00708,0.012048
0.121182,1455.94,0.007077,0.012016
0.0298917,1019.75,0.00708,0.012048
0.0981951,1894.07,0.007076,0.012005
0.0510193,1356.75,0.007078,0.012025
0.0300497,1019.75,0.00708,0.012048
0.0169486,900.398,0.00708,0.012057
0.13791,1198.95,0.007078,0.012025
0.0643913,1870.03,0.007077,0.01201
0.0284084,1019.75,0.00708,0.012048
0.107509,1735.1,0.007077,0.012008
0.0797372,2611.03,0.007076,0.011999
0.0742342,2170.06,0.007076,0.012004
0.0315471,1019.75,0.00708,0.012048
0.0276902,1019.75,0.00708,0.012048
0.0208979,939.634,0.00708,0.012054
0.141378,1007.85,0.007078,0.012027
0.105765,1735.1,0.007077,0.012008
0.068179,1870.03,0.007077,0.01201
0.0279587,1019.75,0.00708,0.012048
0.062395,1870.03,0.007077,0.01201
0.0261001,939.634,0.00708,0.012054
0.134178,1198.95,0.007078,0.012025
0.00435227,1106.46,0.00708,0.012057
0.0191025,900.398,0.00708,0.012057
0.11596,1568.92,0.007077,0.012013
0.0107047,912.612,0.00708,0.012058
0.14266,1007.85,0.007078,0.012027
0.136192,1198.95,0.007078,0.012025
0.102443,1894.07,0.007076,0.012005
0.0474791,1305.47,0.007078,0.012033
0.0664379,1870.03,0.007077,0.01201
0.0988952,1894.07,0.007076,0.012005
0.0146919,900.398,0.00708,0.012057
0.0547562,1356.75,0.007078,0.012025
0.138851,1007.85,0.007078,0.012027
0.143133,1007.85,0.007078,0.012027
0.0463127,1305.47,0.007078,0.012033
0.12598,1314.92,0.007077,0.01202
0.017938,900.398,0.00708,0.012057
0.0392922,1148.55,0.007079,0.012041
0.120678,1455.94,0.007077,0.012016
0.0472638,1305.47,0.007078,0.012033
0.115165,1568.92,0.007077,0.012013
0.144555,1007.85,0.007078,0.012027
0.0453058,1305.47,0.007078,0.012033
0.0349652,1148.55,0.007079,0.012041
0.12507,1314.92,0.007077,0.01202
0.129214,1314.92,0.007077,0.01202
0.068776,1870.03,0.007077,0.01201
0.00375796,1106.46,0.00708,0.012057
0.145134,1007.85,0.007078,0.012027
0.0823249,2611.03,0.007076,0.011999
0.123266,1455.94,0.007077,0.012016
0.11903,1455.94,0.007077,0.012016
0.133393,1198.95,0.007078,0.012025
0.106386,1735.1,0.007077,0.012008
0.136417,1198.95,0.007078,0.012025
0.0351687,1148.55,0.007079,0.012041
0.100267,1894.07,0.007076,0.012005
0.0738705,2170.06,0.007076,0.012004
0.0521513,1356.75,0.007078,0.012025
0.0152111,900.398,0.00708,0.012057
0.0919467,2170.06,0.007076,0.012004
0.0941801,2170.06,0.007076,0.012004
0.115437,1568.92,0.007077,0.012013
0.0714838,2170.06,0.007076,0.012004
0.148719,916.575,0.007078,0.012032
0.0809437,2611.03,0.007076,0.011999
0.145901,916.575,0.007078,0.012032
0.0808908,2611.03,0.007076,0.011999
0.119367,1455.94,0.007077,0.012016
0.127672,1314.92,0.007077,0.01202
0.0344263,1148.55,0.007079,0.012041
0.0693528,2170.06,0.007076,0.012004
0.145689,916.575,0.007078,0.012032
0.135026,1198.95,0.007078,0.012025
0.0247998,939.634,0.00708,0.012054
0.0258856,939.634,0.00708,0.012054
0.0669624,1870.03,0.007077,0.01201
0.00957421,912.612,0.00708,0.012058
0.00550923,972.561,0.00708,0.012057
0.0527529,1356.75,0.007078,0.012025
0.0802125,2611.03,0.007076,0.011999
0.00874697,912.612,0.00708,0.012058
0.0912403,2170.06,0.007076,0.012004
0.0134848,912.612,0.00708,0.012058
0.102807,1894.07,0.007076,0.012005
0.0998947,1894.07,0.007076,0.012005
0.0317371,1019.75,0.00708,0.012048
0.146577,916.575,0.007078,0.012032
0.12396,1455.94,0.007077,0.012016
0.104466,1735.1,0.007077,0.012008
0.0586364,1536.15,0.007077,0.012019
0.149881,916.575,0.007078,0.012032
0.0471013,1305.47,0.007078,0.012033
0.0295536,1019.75,0.00708,0.012048
0.0484005,1496.63,0.007078,0.012026
0.108808,1735.1,0.007077,0.012008
0.0547032,1356.75,0.007078,0.012025
0.0673978,1870.03,0.007077,0.01201
0.131167,1314.92,0.007077,0.01202
0.11234,1568.92,0.007077,0.012013
0.0158564,900.398,0.00708,0.012057
0.0457801,1305.47,0.007078,0.012033
0.0453667,1305.47,0.007078,0.012033
0.0779531,2611.03,0.007076,0.011999
0.0274173,1019.75,0.00708,0.012048
0.00488673,972.561,0.00708,0.012057
0.0100491,912.612,0.00708,0.012058
0.130259,1314.92,0.007077,0.01202
0.00783413,912.612,0.00708,0.012058
0.0951049,2053.06,0.007076,0.012002
0.139642,1007.85,0.007078,0.012027
0.150913,916.575,0.007078,0.012032
0.124465,1314.92,0.007077,0.01202
0.146425,916.575,0.007078,0.012032
0.117974,1455.94,0.007077,0.012016
0.0886334,2399.36,0.007076,0.012001
0.125928,1314.92,0.007077,0.01202
0.145049,1007.85,0.007078,0.012027
0.143172,1007.85,0.007078,0.012027
0.135905,1198.95,0.007078,0.012025
0.116993,1568.92,0.007077,0.012013
0.0928802,2170.06,0.007076,0.012004
0.0365623,1148.55,0.007079,0.012041
0.0989272,1894.07,0.007076,0.012005
0.112436,1568.92,0.007077,0.012013
0.154294,834.327,0.007079,0.012037
0.088462,2399.36,0.007076,0.012001
0.00263606,1106.46,0.00708,0.012057
0.0546506,1356.75,0.007078,0.012025
0.0707936,2170.06,0.007076,0.012004
0.0115118,912.612,0.00708,0.012058
0.08431,2399.36,0.007076,0.012001
0.0812138,2611.03,0.007076,0.011999
0.0677927,1870.03,0.007077,0.01201
0.0134341,912.612,0.00708,0.012058
0.126531,1314.92,0.007077,0.01202
0.0413692,1305.47,0.007078,0.012033
0.0283668,1019.75,0.00708,0.012048
0.148469,916.575,0.007078,0.012032
0.0253766,939.634,0.00708,0.012054
0.096973,1894.07,0.007076,0.012005
0.0751801,2170.06,0.007076,0.012004
0.0636509,1870.03,0.007077,0.01201
0.0454656,1305.47,0.007078,0.012033
0.000300119,1106.46,0.00708,0.012057
0.131968,1198.95,0.007078,0.012025
0.0844542,2399.36,0.007076,0.012001
0.0281092,1019.75,0.00708,0.012048
0.135403,1198.95,0.007078,0.012025
0.122792,1455.94,0.007077,0.012016
0.072413,2170.06,0.007076,0.012004
0.110303,1735.1,0.007077,0.012008
0.0377119,1148.55,0.007079,0.012041
0.112476,1568.92,0.007077,0.012013
0.0257929,939.634,0.00708,0.012054
0.125524,1314.92,0.007077,0.01202
0.152947,834.327,0.007079,0.012037
0.0435163,1305.47,0.007078,0.012033
0.102011,1894.07,0.007076,0.012005
0.041894,1305.47,0.007078,0.012033
0.00359616,1106.46,0.00708,0.012057
0.0690892,2170.06,0.007076,0.012004
0.133005,1198.95,0.007078,0.012025
0.0120625,912.612,0.00708,0.012058
0.152617,834.327,0.007079,0.012037
0.112757,1568.92,0.007077,0.012013
0.0445829,1305.47,0.007078,0.012033
0.134092,1198.95,0.007078,0.012025
0.0719095,2170.06,0.007076,0.012004
0.0299692,1019.75,0.00708,0.012048
0.034333,1148.55,0.007079,0.012041
0.00873967,912.612,0.00708,0.012058
0.0983036,1894.07,0.007076,0.012005
0.057811,1536.15,0.007077,0.012019
0.143678,1007.85,0.007078,0.012027
0.0900931,2170.06,0.007076,0.012004
0.0970712,1894.07,0.007076,0.012005
0.118143,1455.94,0.007077,0.012016
0.0143748,900.398,0.00708,0.012057
0.123351,1455.94,0.007077,0.012016
0.107699,1735.1,0.007077,0.012008
0.00862375,912.612,0.00708,0.012058
0.0707198,2170.06,0.007076,0.012004
0.00630993,972.561,0.00708,0.012057
0.114674,1568.92,0.007077,0.012013
0.0039082,1106.46,0.00708,0.012057
0.0373257,1148.55,0.007079,0.012041
0.0459934,1305.47,0.007078,0.012033
0.0351971,1148.55,0.007079,0.012041
0.0733787,2170.06,0.007076,0.012004
0.0389469,1148.55,0.007079,0.012041
0.136789,1198.95,0.007078,0.012025
0.00416977,1106.46,0.00708,0.012057
0.0839162,2399.36,0.007076,0.012001
0.130196,1314.92,0.007077,0.01202
0.0981905,1894.07,0.007076,0.012005
0.11641,1568.92,0.007077,0.012013
0.0312128,1019.75,0.00708,0.012048
0.0725653,2170.06,0.007076,0.012004
0.0673396,1870.03,0.007077,0.01201
0.0801989,2611.03,0.007076,0.011999
0.0685209,1870.03,0.007077,0.01201
0.130841,1314.92,0.007077,0.01202
0.0669137,1870.03,0.007077,0.01201
0.085446,2399.36,0.007076,0.012001
0.139956,1007.85,0.007078,0.012027
0.0662097,1870.03,0.007077,0.01201
0.0713624,2170.06,0.007076,0.012004
0.0755975,2170.06,0.007076,0.012004
0.0857434,2399.36,0.007076,0.012001
0.0292561,1019.75,0.00708,0.012048
0.143178,1007.85,0.007078,0.012027
0.0440856,1305.47,0.007078,0.012033
0.0434565,1305.47,0.007078,0.012033
0.125679,1314.92,0.007077,0.01202
0.141329,1007.85,0.007078,0.012027
0.0070231,912.612,0.00708,0.012058
0.152339,834.327,0.007079,0.012037
0.149423,916.575,0.007078,0.012032
0.0583158,1536.15,0.007077,0.012019
0.0874565,2399.36,0.007076,0.012001
0.153285,834.327,0.007079,0.012037
0.0151185,900.398,0.00708,0.012057
0.0618206,1536.15,0.007077,0.012019
0.0923917,2170.06,0.007076,0.012004
0.0948973,2053.06,0.007076,0.012002
0.0843955,2399.36,0.007076,0.012001
0.0405036,1148.55,0.007079,0.012041
0.103301,1894.07,0.007076,0.012005
0.0458834,1305.47,0.007078,0.012033
0.130604,1314.92,0.007077,0.01202
0.0811458,2611.03,0.007076,0.011999
0.0827565,2611.03,0.007076,0.011999
0.122514,1455.94,0.007077,0.012016
0.0115117,912.612,0.00708,0.012058
0.0640833,1870.03,0.007077,0.01201
0.0251516,939.634,0.00708,0.012054
0.0572833,1536.15,0.007077,0.012019
0.0321913,1019.75,0.00708,0.012048
0.104785,1735.1,0.007077,0.012008
0.0124062,912.612,0.00708,0.012058
0.0070917,912.612,0.00708,0.012058
0.0875451,2399.36,0.007076,0.012001
0.0618163,1536.15,0.007077,0.012019
0.121626,1455.94,0.007077,0.012016
0.0122052,912.612,0.00708,0.012058
0.0900003,2170.06,0.007076,0.012004
0.00425343,1106.46,0.00708,0.012057
0.0310568,1019.75,0.00708,0.012048
0.0945208,2170.06,0.007076,0.012004
0.00424177,1106.46,0.00708,0.012057
0.102243,1894.07,0.007076,0.012005
0.138454,1007.85,0.007078,0.012027
0.0461327,1305.47,0.007078,0.012033
0.0574728,1536.15,0.007077,0.012019
0.0779127,2611.03,0.007076,0.011999
0.0148576,900.398,0.00708,0.012057
0.0491852,1496.63,0.007078,0.012026
0.0989094,1894.07,0.007076,0.012005
0.0395023,1148.55,0.007079,0.012041
0.00729406,912.612,0.00708,0.012058
0.0261031,939.634,0.00708,0.012054
0.0460329,1305.47,0.007078,0.012033
0.0484171,1496.63,0.007078,0.012026
0.0135809,900.398,0.00708,0.012057
0.0403228,1148.55,0.007079,0.012041
0.152162,916.575,0.007078,0.012032
0.118778,1455.94,0.007077,0.012016
0.00161548,1106.46,0.00708,0.012057
0.0647165,1870.03,0.007077,0.01201
0.026172,403.887,0.00708,0.012049
0.0370131,655.126,0.007078,0.012026
0.130029,1198.95,0.007078,0.012025
0.0615692,1287.71,0.007076,0.011999
0.0863047,1802.78,0.007076,0.011998
0.0105426,184.806,0.00708,0.012056
0.0320677,509.206,0.007079,0.012038
0.019262,208.828,0.00708,0.012057
0.141947,1012.71,0.007078,0.012034
0.00133163,210.174,0.007079,0.012042
0.0434617,837.822,0.007077,0.012015
0.0303632,509.206,0.007079,0.012038
0.153225,1220.26,0.007079,0.012037
0.13627,1124.03,0.007078,0.012028
0.0600536,1287.71,0.007076,0.011999
0.11897,1455.94,0.007077,0.012016
0.126737,1198.95,0.007078,0.012025
0.0483823,837.822,0.007077,0.012015
0.00296462,210.174,0.007079,0.012042
0.0338684,509.206,0.007079,0.012038
0.0406887,655.126,0.007078,0.012026
0.102092,1477.42,0.007076,0.012005
0.106561,1568.92,0.007077,0.012013
0.00502642,210.174,0.007079,0.012042
0.0653509,1802.78,0.007076,0.011998
0.0806217,1991.16,0.007076,0.011996
0.00181121,210.174,0.007079,0.012042
0.0257422,403.887,0.00708,0.012049
0.121677,1314.92,0.007077,0.01202
0.0765886,2149.98,0.007076,0.011994
0.128639,1198.95,0.007078,0.012025
0.0615041,1287.71,0.007076,0.011999
0.104443,1735.1,0.007077,0.012008
0.0701134,1802.78,0.007076,0.011998
0.116296,1455.94,0.007077,0.012016
0.0338513,509.206,0.007079,0.012038
0.0154804,208.828,0.00708,0.012057
0.0393764,655.126,0.007078,0.012026
0.101726,1477.42,0.007076,0.012005
0.0865366,1802.78,0.007076,0.011998
0.0431713,837.822,0.007077,0.012015
0.0974952,1642.72,0.007076,0.012001
0.140116,1012.71,0.007078,0.012034
0.0450024,837.822,0.007077,0.012015
0.064122,1802.78,0.007076,0.011998
0.0916877,1642.72,0.007076,0.012001
0.057026,1287.71,0.007076,0.011999
0.0343218,509.206,0.007079,0.012038
0.116118,1455.94,0.007077,0.012016
0.0747285,2149.98,0.007076,0.011994
0.0373335,655.126,0.007078,0.012026
0.0613566,1287.71,0.007076,0.011999
0.0864971,1802.78,0.007076,0.011998
0.0829946,1991.16,0.007076,0.011996
0.105254,1735.1,0.007077,0.012008
0.0774462,2149.98,0.007076,0.011994
0.152842,1220.26,0.007079,0.012037
0.122824,1314.92,0.007077,0.01202
0.0136058,184.806,0.00708,0.012056
0.0139631,184.806,0.00708,0.012056
0.0228164,403.887,0.00708,0.012049
0.117631,1455.94,0.007077,0.012016
0.0145148,184.806,0.00708,0.012056
0.0711341,2149.98,0.007076,0.011994
0.091427,1802.78,0.007076,0.011998
0.113409,1455.94,0.007077,0.012016
0.0393457,655.126,0.007078,0.012026
0.0542927,1053.78,0.007076,0.012006
0.0430928,837.822,0.007077,0.012015
0.135186,1124.03,0.007078,0.012028
0.0187007,208.828,0.00708,0.012057
0.0948227,1642.72,0.007076,0.012001
0.101773,1477.42,0.007076,0.012005
0.118173,1455.94,0.007077,0.012016
0.132877,1198.95,0.007078,0.012025
0.0775143,2149.98,0.007076,0.011994
0.0427645,655.126,0.007078,0.012026
0.140371,1012.71,0.007078,0.012034
0.132687,1198.95,0.007078,0.012025
0.0906334,1802.78,0.007076,0.011998
0.101859,1477.42,0.007076,0.012005
0.0820539,1991.16,0.007076,0.011996
0.0282451,403.887,0.00708,0.012049
0.11181,1568.92,0.007077,0.012013
0.0650461,1802.78,0.007076,0.011998
0.0071869,210.174,0.007079,0.012042
0.0594613,1287.71,0.007076,0.011999
0.08236,1991.16,0.007076,0.011996
0.0537979,1053.78,0.007076,0.012006
0.0641016,1802.78,0.007076,0.011998
0.0132178,184.806,0.00708,0.012056
0.00978115,184.806,0.00708,0.012056
0.126693,1198.95,0.007078,0.012025
0.1311,1198.95,0.007078,0.012025
0.108804,1568.92,0.007077,0.012013
0.0441158,837.822,0.007077,0.012015
0.0843042,1991.16,0.007076,0.011996
0.079706,1991.16,0.007076,0.011996
0.127809,1198.95,0.007078,0.012025
0.0910156,1802.78,0.007076,0.011998
0.0991529,1477.42,0.007076,0.012005
0.100494,1477.42,0.007076,0.012005
0.0292827,509.206,0.007079,0.012038
0.00807211,210.174,0.007079,0.012042
0.0347204,509.206,0.007079,0.012038
0.0647138,1802.78,0.007076,0.011998
0.112829,1455.94,0.007077,0.012016
0.0141638,184.806,0.00708,0.012056
0.0481574,837.822,0.007077,0.012015
0.125248,1314.92,0.007077,0.01202
0.144737,1012.71,0.007078,0.012034
0.0786411,1991.16,0.007076,0.011996
0.141487,1012.71,0.007078,0.012034
0.00949266,184.806,0.00708,0.012056
0.0949238,1642.72,0.007076,0.012001
0.137588,1124.03,0.007078,0.012028
0.0859245,1802.78,0.007076,0.011998
0.0689605,1802.78,0.007076,0.011998
0.0477254,837.822,0.007077,0.012015
0.114396,1455.94,0.007077,0.012016
0.115354,1455.94,0.007077,0.012016
0.141905,1012.71,0.007078,0.012034
0.145797,1305.47,0.007078,0.012033
0.00184496,210.174,0.007079,0.012042
0.0707244,2149.98,0.007076,0.011994
0.0744389,2149.98,0.007076,0.011994
0.077278,2149.98,0.007076,0.011994
0.0994489,1477.42,0.007076,0.012005
0.142355,1012.71,0.007078,0.012034
0.0352533,509.206,0.007079,0.012038
0.0881908,1802.78,0.007076,0.011998
0.11006,1568.92,0.007077,0.012013
0.0133447,184.806,0.00708,0.012056
0.0938654,1642.72,0.007076,0.012001
0.0413292,655.126,0.007078,0.012026
0.0964916,1642.72,0.007076,0.012001
0.137198,1124.03,0.007078,0.012028
0.0299878,509.206,0.007079,0.012038
0.0239198,403.887,0.00708,0.012049
0.0287798,403.887,0.00708,0.012049
0.0609164,1287.71,0.007076,0.011999
0.119727,1314.92,0.007077,0.01202
0.00691372,210.174,0.007079,0.012042
0.0804322,1991.16,0.007076,0.011996
0.115837,1455.94,0.007077,0.012016
0.111295,1568.92,0.007077,0.012013
0.100111,1477.42,0.007076,0.012005
0.0549704,1053.78,0.007076,0.012006
0.152093,1220.26,0.007079,0.012037
0.113113,1455.94,0.007077,0.012016
0.0914449,1802.78,0.007076,0.011998
0.112631,1455.94,0.007077,0.012016
0.0566866,1053.78,0.007076,0.012006
0.100086,1477.42,0.007076,0.012005
0.125001,1314.92,0.007077,0.01202
0.0124479,184.806,0.00708,0.012056
0.066957,1802.78,0.007076,0.011998
0.0154937,208.828,0.00708,0.012057
0.147959,1220.26,0.007079,0.012037
0.0234757,403.887,0.00708,0.012049
0.0343457,509.206,0.007079,0.012038
0.0642755,1802.78,0.007076,0.011998
0.0988153,1477.42,0.007076,0.012005
0.0844781,1991.16,0.007076,0.011996
0.0993648,1477.42,0.007076,0.012005
0.0593376,1287.71,0.007076,0.011999
0.0245952,403.887,0.00708,0.012049
0.124183,1314.92,0.007077,0.01202
0.147925,1220.26,0.007079,0.012037
0.0817943,1991.16,0.007076,0.011996
0.0078159,210.174,0.007079,0.012042
0.0511405,1053.78,0.007076,0.012006
0.0803743,1991.16,0.007076,0.011996
0.135324,1124.03,0.007078,0.012028
0.0229829,403.887,0.00708,0.012049
0.148911,1220.26,0.007079,0.012037
0.112584,1455.94,0.007077,0.012016
0.143794,1012.71,0.007078,0.012034
0.00394008,210.174,0.007079,0.012042
0.135254,1124.03,0.007078,0.012028
0.000662564,281.914,0.007078,0.012029
0.137167,1124.03,0.007078,0.012028
0.0520703,1053.78,0.007076,0.012006
0.03137,509.206,0.007079,0.012038
0.0496249,837.822,0.007077,0.012015
0.0159764,208.828,0.00708,0.012057
0.0457009,837.822,0.007077,0.012015
0.0392693,655.126,0.007078,0.012026
0.00261811,210.174,0.007079,0.012042
0.104907,1735.1,0.007077,0.012008
0.0223643,403.887,0.00708,0.012049
0.108324,1568.92,0.007077,0.012013
0.149779,1220.26,0.007079,0.012037
0.134781,1124.03,0.007078,0.012028
0.0211809,339.135,0.00708,0.012057
0.0818743,1991.16,0.007076,0.011996
0.129891,1198.95,0.007078,0.012025
0.00184304,210.174,0.007079,0.012042
0.0163431,208.828,0.00708,0.012057
0.0613499,1287.71,0.007076,0.011999
0.00697476,210.174,0.007079,0.012042
0.0915327,1642.72,0.007076,0.012001
0.114744,1455.94,0.007077,0.012016
0.0178902,208.828,0.00708,0.012057
0.126539,1198.95,0.007078,0.012025
0.0997412,1477.42,0.007076,0.012005
0.127286,1198.95,0.007078,0.012025
0.109516,1568.92,0.007077,0.012013
0.0775959,1991.16,0.007076,0.011996
0.0640411,1802.78,0.007076,0.011998
0.15191,1220.26,0.007079,0.012037
0.0629,1477.42,0.007076,0.012005
0.00344306,210.174,0.007079,0.012042
0.119881,1314.92,0.007077,0.01202
0.0750184,2149.98,0.007076,0.011994
0.116801,1455.94,0.007077,0.012016
0.0837953,1991.16,0.007076,0.011996
0.0333989,509.206,0.007079,0.012038
0.100948,1477.42,0.007076,0.012005
0.143115,1012.71,0.007078,0.012034
0.0796244,1991.16,0.007076,0.011996
0.0611215,1287.71,0.007076,0.011999
0.081756,1991.16,0.007076,0.011996
0.00301617,210.174,0.007079,0.012042
0.0696411,1802.78,0.007076,0.011998
0.0568414,1287.71,0.007076,0.011999
0.0922386,1642.72,0.007076,0.012001
0.139586,1124.03,0.007078,0.012028
0.136147,1124.03,0.007078,0.012028
0.0543607,1053.78,0.007076,0.012006
0.120543,1314.92,0.007077,0.01202
0.0861566,1802.78,0.007076,0.011998
0.0709026,2149.98,0.007076,0.011994
0.000737087,281.914,0.007078,0.012029
0.0705197,1802.78,0.007076,0.011998
1.80279e-05,281.914,0.007078,0.012029
0.0471543,837.822,0.007077,0.012015
0.125399,1314.92,0.007077,0.01202
0.101977,1477.42,0.007076,0.012005
0.135811,1124.03,0.007078,0.012028
0.0966904,1642.72,0.007076,0.012001
0.00896306,184.806,0.00708,0.012056
0.116298,1455.94,0.007077,0.012016
0.0179691,208.828,0.00708,0.012057
0.0454227,837.822,0.007077,0.012015
0.111252,1568.92,0.007077,0.012013
0.0918139,1642.72,0.007076,0.012001
0.0449944,837.822,0.007077,0.012015
0.0843946,1991.16,0.007076,0.011996
0.106331,1568.92,0.007077,0.012013
0.0343823,509.206,0.007079,0.012038
0.154206,1148.55,0.007079,0.012041
0.0124488,184.806,0.00708,0.012056
0.0322541,509.206,0.007079,0.012038
0.0452984,837.822,0.007077,0.012015
0.132112,1198.95,0.007078,0.012025
0.13406,1124.03,0.007078,0.012028
0.0110488,184.806,0.00708,0.012056
0.15229,1220.26,0.007079,0.012037
0.13107,1198.95,0.007078,0.012025
0.0175393,208.828,0.00708,0.012057
0.139724,1124.03,0.007078,0.012028
0.0213197,339.135,0.00708,0.012057
0.0693165,1802.78,0.007076,0.011998
0.115398,1455.94,0.007077,0.012016
0.0743669,2149.98,0.007076,0.011994
0.0313558,509.206,0.007079,0.012038
0.0481172,837.822,0.007077,0.012015
0.0799724,1991.16,0.007076,0.011996
0.118737,1455.94,0.007077,0.012016
0.152969,1220.26,0.007079,0.012037
0.11246,1455.94,0.007077,0.012016
0.147606,1220.26,0.007079,0.012037
0.032349,509.206,0.007079,0.012038
0.0886747,1802.78,0.007076,0.011998
0.111062,1568.92,0.007077,0.012013
0.0566376,1053.78,0.007076,0.012006
0.10784,1568.92,0.007077,0.012013
0.00537078,210.174,0.007079,0.012042
0.0936951,1642.72,0.007076,0.012001
0.0342836,509.206,0.007079,0.012038
0.0303116,509.206,0.007079,0.012038
0.149501,1220.26,0.007079,0.012037
0.104178,1477.42,0.007076,0.012005
0.0399317,655.126,0.007078,0.012026
0.0442408,837.822,0.007077,0.012015
0.0119729,184.806,0.00708,0.012056
0.0279595,403.887,0.00708,0.012049
0.0332427,509.206,0.007079,0.012038
0.147599,1220.26,0.007079,0.012037
0.124168,1314.92,0.007077,0.01202
0.136536,1124.03,0.007078,0.012028
0.039893,655.126,0.007078,0.012026
0.010017,184.806,0.00708,0.012056
0.104919,1735.1,0.007077,0.012008
0.0931941,1642.72,0.007076,0.012001
0.153509,1220.26,0.007079,0.012037
0.0650155,1802.78,0.007076,0.011998
0.0888222,1802.78,0.007076,0.011998
0.108024,1568.92,0.007077,0.012013
0.0439119,837.822,0.007077,0.012015
0.0352616,509.206,0.007079,0.012038
0.0978419,1642.72,0.007076,0.012001
0.0835333,1991.16,0.007076,0.011996
0.144173,1012.71,0.007078,0.012034
0.128583,1198.95,0.007078,0.012025
0.114771,1455.94,0.007077,0.012016
0.0781379,1991.16,0.007076,0.011996
0.0103764,184.806,0.00708,0.012056
0.114495,1455.94,0.007077,0.012016
0.0351365,509.206,0.007079,0.012038
0.142157,1012.71,0.007078,0.012034
0.00641936,210.174,0.007079,0.012042
0.0629576,1477.42,0.007076,0.012005
0.093741,1642.72,0.007076,0.012001
0.127395,1198.95,0.007078,0.012025
0.0260043,403.887,0.00708,0.012049
0.0464925,837.822,0.007077,0.012015
0.0633408,1477.42,0.007076,0.012005
0.12574,1314.92,0.007077,0.01202
0.104985,1735.1,0.007077,0.012008
0.0638193,1802.78,0.007076,0.011998
0.00647678,210.174,0.007079,0.012042
0.142618,1012.71,0.007078,0.012034
0.0989223,1477.42,0.007076,0.012005
0.146426,1305.47,0.007078,0.012033
0.0080327,210.174,0.007079,0.012042
0.0613464,1287.71,0.007076,0.011999
0.119923,1314.92,0.007077,0.01202
0.00615917,210.174,0.007079,0.012042
0.0118889,184.806,0.00708,0.012056
0.0397817,655.126,0.007078,0.012026
0.0501009,1053.78,0.007076,0.012006
0.00307255,210.174,0.007079,0.012042
0.127593,1198.95,0.007078,0.012025
0.14809,1220.26,0.007079,0.012037
0.0769327,2149.98,0.007076,0.011994
0.0760252,2149.98,0.007076,0.011994
0.0965515,1642.72,0.007076,0.012001
0.140077,1012.71,0.007078,0.012034
0.0366302,655.126,0.007078,0.012026
0.0025302,210.174,0.007079,0.012042
0.0732021,2149.98,0.007076,0.011994
0.0473955,837.822,0.007077,0.012015
0.0539172,1053.78,0.007076,0.012006
0.154055,1148.55,0.007079,0.012041
0.104637,1735.1,0.007077,0.012008
0.0799923,1991.16,0.007076,0.011996
0.133334,1124.03,0.007078,0.012028
0.0407618,655.126,0.007078,0.012026
0.0591821,1287.71,0.007076,0.011999
0.125772,1314.92,0.007077,0.01202
0.0492592,837.822,0.007077,0.012015
0.124755,1314.92,0.007077,0.01202
0.113123,1455.94,0.007077,0.012016
0.118844,1455.94,0.007077,0.012016
0.0108985,184.806,0.00708,0.012056
0.0194721,208.828,0.00708,0.012057
0.0847984,1802.78,0.007076,0.011998
0.0239757,403.887,0.00708,0.012049
0.0643693,1802.78,0.007076,0.011998
0.080998,1991.16,0.007076,0.011996
0.0284785,403.887,0.00708,0.012049
0.079716,1991.16,0.007076,0.011996
0.067557,1802.78,0.007076,0.011998
0.0630771,1477.42,0.007076,0.012005
0.0139799,184.806,0.00708,0.012056
0.00563091,210.174,0.007079,0.012042
0.0781851,1991.16,0.007076,0.011996
0.114931,1455.94,0.007077,0.012016
0.00821582,184.806,0.00708,0.012056
0.0302302,509.206,0.007079,0.012038
0.00876052,184.806,0.00708,0.012056
0.0748123,2149.98,0.007076,0.011994
0.147769,1220.26,0.007079,0.012037
0.130798,1198.95,0.007078,0.012025
0.0668226,1802.78,0.007076,0.011998
0.0192057,208.828,0.00708,0.012057
0.00600133,210.174,0.007079,0.012042
0.0912649,1802.78,0.007076,0.011998
0.021366,339.135,0.00708,0.012057
0.129878,1198.95,0.007078,0.012025
0.0310462,509.206,0.007079,0.012038
0.139866,1124.03,0.007078,0.012028
0.0397722,655.126,0.007078,0.012026
0.0475721,837.822,0.007077,0.012015
0.0878999,1802.78,0.007076,0.011998
0.146998,1305.47,0.007078,0.012033
0.0351287,509.206,0.007079,0.012038
0.103177,1477.42,0.007076,0.012005
0.0173444,208.828,0.00708,0.012057
0.119673,1314.92,0.007077,0.01202
0.0340994,509.206,0.007079,0.012038
0.0527925,1053.78,0.007076,0.012006
0.097807,1642.72,0.007076,0.012001
0.0569381,1287.71,0.007076,0.011999
0.0279702,403.887,0.00708,0.012049
0.00433672,210.174,0.007079,0.012042
0.119399,1314.92,0.007077,0.01202
0.00525257,210.174,0.007079,0.012042
0.133856,1124.03,0.007078,0.012028
0.114267,1455.94,0.007077,0.012016
0.0857782,1802.78,0.007076,0.011998
0.0710442,2149.98,0.007076,0.011994
0.089938,1802.78,0.007076,0.011998
0.0932293,1642.72,0.007076,0.012001
0.114234,1455.94,0.007077,0.012016
0.0157938,208.828,0.00708,0.012057
0.104915,1735.1,0.007077,0.012008
0.136708,1124.03,0.007078,0.012028
0.110767,1568.92,0.007077,0.012013
0.140307,1012.71,0.007078,0.012034
0.088797,1802.78,0.007076,0.011998
0.0321564,509.206,0.007079,0.012038
0.130021,1198.95,0.007078,0.012025
0.0451786,837.822,0.007077,0.012015
0.0283317,403.887,0.00708,0.012049
0.0269359,403.887,0.00708,0.012049
0.0871433,1802.78,0.007076,0.011998
0.0057014,210.174,0.007079,0.012042
0.113731,1455.94,0.007077,0.012016
0.124618,1314.92,0.007077,0.01202
0.102065,1477.42,0.007076,0.012005
0.0714818,2149.98,0.007076,0.011994
0.0806444,1991.16,0.007076,0.011996
0.111534,1568.92,0.007077,0.012013
0.105421,1568.92,0.007077,0.012013
0.0789463,1991.16,0.007076,0.011996
0.0160097,208.828,0.00708,0.012057
0.0105041,184.806,0.00708,0.012056
0.00149955,210.174,0.007079,0.012042
0.0554783,1053.78,0.007076,0.012006
0.0660101,1802.78,0.007076,0.011998
0.0905003,1802.78,0.007076,0.011998
0.0387085,655.126,0.007078,0.012026
0.0644153,1802.78,0.007076,0.011998
0.122706,1314.92,0.007077,0.01202
0.0773831,2149.98,0.007076,0.011994
0.146388,1305.47,0.007078,0.012033
0.042765,655.126,0.007078,0.012026
0.0274501,403.887,0.00708,0.012049
0.00155152,210.174,0.007079,0.012042
0.0216054,339.135,0.00708,0.012057
0.00286016,210.174,0.007079,0.012042
0.0787169,1991.16,0.007076,0.011996
0.119486,1314.92,0.007077,0.01202
0.0151663,208.828,0.00708,0.012057
0.0055345,210.174,0.007079,0.012042
0.141898,1012.71,0.007078,0.012034
0.153019,1220.26,0.007079,0.012037
0.117729,1455.94,0.007077,0.012016
0.108425,1568.92,0.007077,0.012013
0.0695909,1802.78,0.007076,0.011998
0.138006,1124.03,0.007078,0.012028
0.0570351,1287.71,0.007076,0.011999
0.150627,1220.26,0.007079,0.012037
0.03356,509.206,0.007079,0.012038
0.0229471,403.887,0.00708,0.012049
0.145669,1305.47,0.007078,0.012033
0.150063,1220.26,0.007079,0.012037
0.104282,1477.42,0.007076,0.012005
0.0808742,1991.16,0.007076,0.011996
0.0894911,1802.78,0.007076,0.011998
0.0748902,2149.98,0.007076,0.011994
0.0204042,339.135,0.00708,0.012057
0.14929,1220.26,0.007079,0.012037
0.0129298,184.806,0.00708,0.012056
0.00384656,210.174,0.007079,0.012042
0.0469565,837.822,0.007077,0.012015
0.121369,1314.92,0.007077,0.01202
0.140708,1012.71,0.007078,0.012034
0.0896196,1802.78,0.007076,0.011998
0.0856321,1802.78,0.007076,0.011998
0.00971412,184.806,0.00708,0.012056
0.00621665,210.174,0.007079,0.012042
0.133779,1124.03,0.007078,0.012028
0.0604239,1287.71,0.007076,0.011999
0.102177,1477.42,0.007076,0.012005
0.143357,1012.71,0.007078,0.012034
0.061269,1287.71,0.007076,0.011999
0.146207,1305.47,0.007078,0.012033
0.00628457,210.174,0.007079,0.012042
0.0480235,837.822,0.007077,0.012015
0.0439518,837.822,0.007077,0.012015
0.0914799,1642.72,0.007076,0.012001
0.114619,1455.94,0.007077,0.012016
0.0049696,210.174,0.007079,0.012042
0.0911777,1802.78,0.007076,0.011998
0.126814,1198.95,0.007078,0.012025
0.125781,1314.92,0.007077,0.01202
0.150386,1220.26,0.007079,0.012037
0.0438007,837.822,0.007077,0.012015
0.0268135,403.887,0.00708,0.012049
0.10285,1477.42,0.007076,0.012005
0.149751,1220.26,0.007079,0.012037
0.108724,1568.92,0.007077,0.012013
0.0199301,208.828,0.00708,0.012057
0.133216,1124.03,0.007078,0.012028
0.0474098,837.822,0.007077,0.012015
0.0804939,1991.16,0.007076,0.011996
0.0839971,1991.16,0.007076,0.011996
0.0763657,2149.98,0.007076,0.011994
0.127645,1198.95,0.007078,0.012025
0.0916533,1642.72,0.007076,0.012001
0.14167,1012.71,0.007078,0.012034
0.154211,1148.55,0.007079,0.012041
0.000938059,281.914,0.007078,0.012029
0.0152146,208.828,0.00708,0.012057
0.0444205,837.822,0.007077,0.012015
0.116408,1455.94,0.007077,0.012016
0.0287645,403.887,0.00708,0.012049
0.00331606,210.174,0.007079,0.012042
0.0676001,1802.78,0.007076,0.011998
0.00874557,184.806,0.00708,0.012056
0.0287393,403.887,0.00708,0.012049
0.0643438,1802.78,0.007076,0.011998
0.0163659,208.828,0.00708,0.012057
0.134213,1124.03,0.007078,0.012028
0.117236,1455.94,0.007077,0.012016
0.0807429,1991.16,0.007076,0.011996
0.0404609,655.126,0.007078,0.012026
0.150937,1220.26,0.007079,0.012037
0.114891,1455.94,0.007077,0.012016
0.0482177,837.822,0.007077,0.012015
0.140709,1012.71,0.007078,0.012034
0.0783024,1991.16,0.007076,0.011996
0.13067,1198.95,0.007078,0.012025
0.0622,1287.71,0.007076,0.011999
0.143109,1012.71,0.007078,0.012034
0.103317,1477.42,0.007076,0.012005
0.118212,1455.94,0.007077,0.012016
0.0747593,2149.98,0.007076,0.011994
0.0826799,1991.16,0.007076,0.011996
0.0235828,1292.35,0.007079,0.012041
0.118414,1356.75,0.007078,0.012025
0.105232,1536.15,0.007077,0.012019
0.0866271,2144.58,0.007077,0.012009
0.121677,1356.75,0.007078,0.012025
0.116571,1356.75,0.007078,0.012025
0.0380322,1655.96,0.007078,0.012026
0.124315,1253.12,0.007078,0.012029
0.0934804,1962.34,0.007077,0.012013
0.00505432,1139.03,0.00708,0.012056
0.0985061,1832.82,0.007077,0.012016
0.0292728,1431.05,0.007078,0.012035
0.0233099,1292.35,0.007079,0.012041
0.0839541,2144.58,0.007077,0.012009
0.0915458,1962.34,0.007077,0.012013
0.0342647,1655.96,0.007078,0.012026
0.0756406,2339.17,0.007076,0.012005
0.0710257,2505.01,0.007076,0.012003
0.0420527,1879.7,0.007077,0.01202
0.0509751,2127.24,0.007077,0.012014
0.0634389,2753.64,0.007076,0.011993
0.126665,1253.12,0.007078,0.012029
0.0888447,1962.34,0.007077,0.012013
0.0999031,1832.82,0.007077,0.012016
0.0755052,2339.17,0.007076,0.012005
0.0889569,1962.34,0.007077,0.012013
0.112952,1429.54,0.007077,0.012022
0.0677969,2753.64,0.007076,0.011993
0.0307463,1431.05,0.007078,0.012035
0.102031,1832.82,0.007077,0.012016
0.0512774,2127.24,0.007077,0.012014
0.109357,1536.15,0.007077,0.012019
0.072893,2505.01,0.007076,0.012003
0.0501488,2127.24,0.007077,0.012014
0.0600346,2510.57,0.007076,0.012
0.0161593,1330,0.007079,0.012046
0.0819007,2144.58,0.007077,0.012009
0.0506015,2127.24,0.007077,0.012014
0.076469,2339.17,0.007076,0.012005
0.0453647,1879.7,0.007077,0.01202
0.0953702,1962.34,0.007077,0.012013
0.00127099,1139.03,0.00708,0.012056
0.0139579,1330,0.007079,0.012046
0.0787465,2339.17,0.007076,0.012005
0.107023,1536.15,0.007077,0.012019
0.0116581,1207.75,0.00708,0.012052
0.122599,1356.75,0.007078,0.012025
0.12401,1253.12,0.007078,0.012029
0.0536904,2127.24,0.007077,0.012014
0.0891088,1962.34,0.007077,0.012013
0.0122806,1330,0.007079,0.012046
0.0837224,2144.58,0.007077,0.012009
0.116081,1429.54,0.007077,0.012022
0.0530726,2127.24,0.007077,0.012014
0.0925178,1962.34,0.007077,0.012013
0.0350407,1655.96,0.007078,0.012026
0.0177024,1330,0.007079,0.012046
0.114916,1429.54,0.007077,0.012022
0.0129285,1330,0.007079,0.012046
0.0394661,1655.96,0.007078,0.012026
0.0738852,2505.01,0.007076,0.012003
0.0909667,1962.34,0.007077,0.012013
0.0613157,2981.76,0.007076,0.011994
0.0727243,2505.01,0.007076,0.012003
0.0757858,2339.17,0.007076,0.012005
0.0740571,2505.01,0.007076,0.012003
0.0810501,2339.17,0.007076,0.012005
0.00342146,1139.03,0.00708,0.012056
0.036391,1655.96,0.007078,0.012026
0.121192,1356.75,0.007078,0.012025
0.00993212,1207.75,0.00708,0.012052
0.0301625,1431.05,0.007078,0.012035
0.0394584,1655.96,0.007078,0.012026
0.0366223,1655.96,0.007078,0.012026
0.0618695,2981.76,0.007076,0.011994
0.058218,2510.57,0.007076,0.012
0.0586811,2510.57,0.007076,0.012
0.0372379,1655.96,0.007078,0.012026
0.0154225,1330,0.007079,0.012046
0.0527316,2127.24,0.007077,0.012014
0.0224169,1465.16,0.007079,0.01204
0.09976,1832.82,0.007077,0.012016
0.00496605,1139.03,0.00708,0.012056
0.0059208,1207.75,0.00708,0.012052
0.111709,1429.54,0.007077,0.012022
0.0974375,1832.82,0.007077,0.012016
0.0755032,2339.17,0.007076,0.012005
0.0335476,1655.96,0.007078,0.012026
0.0937835,1962.34,0.007077,0.012013
0.0444592,1879.7,0.007077,0.01202
0.00338344,1139.03,0.00708,0.012056
0.0984686,1832.82,0.007077,0.012016
0.0668969,2753.64,0.007076,0.011993
0.094566,1962.34,0.007077,0.012013
0.00642259,1207.75,0.00708,0.012052
0.0535862,2127.24,0.007077,0.012014
0.0650371,2753.64,0.007076,0.011993
0.016756,1330,0.007079,0.012046
0.11523,1429.54,0.007077,0.012022
0.0927912,1962.34,0.007077,0.012013
0.0528248,2127.24,0.007077,0.012014
0.0440746,1879.7,0.007077,0.01202
0.000989606,1139.03,0.00708,0.012056
0.00197473,1139.03,0.00708,0.012056
0.047838,2127.24,0.007077,0.012014
0.0910181,1962.34,0.007077,0.012013
0.0578956,2510.57,0.007076,0.012
0.00526724,1139.03,0.00708,0.012056
0.0424673,1879.7,0.007077,0.01202
0.0778534,2339.17,0.007076,0.012005
0.0232046,1292.35,0.007079,0.012041
0.0235201,1292.35,0.007079,0.012041
0.030357,1431.05,0.007078,0.012035
0.0333953,1655.96,0.007078,0.012026
0.00533717,1207.75,0.00708,0.012052
0.0518331,2127.24,0.007077,0.012014
0.12291,1356.75,0.007078,0.012025
0.00988185,1207.75,0.00708,0.012052
0.0211887,1465.16,0.007079,0.01204
0.100603,1832.82,0.007077,0.012016
0.0881228,2144.58,0.007077,0.012009
0.118758,1356.75,0.007078,0.012025
0.101268,1832.82,0.007077,0.012016
0.0343734,1655.96,0.007078,0.012026
0.0973025,1832.82,0.007077,0.012016
0.121309,1356.75,0.007078,0.012025
0.103803,1536.15,0.007077,0.012019
0.00282678,1139.03,0.00708,0.012056
0.0149157,1330,0.007079,0.012046
0.0890403,1962.34,0.007077,0.012013
0.0535654,2127.24,0.007077,0.012014
0.0791816,2339.17,0.007076,0.012005
0.116605,1356.75,0.007078,0.012025
0.0223182,1465.16,0.007079,0.01204
0.0920721,1962.34,0.007077,0.012013
0.057734,2510.57,0.007076,0.012
0.0485513,2127.24,0.007077,0.012014
0.0245361,1292.35,0.007079,0.012041
0.0542245,2510.57,0.007076,0.012
0.0364717,1655.96,0.007078,0.012026
0.121553,1356.75,0.007078,0.012025
0.099309,1832.82,0.007077,0.012016
0.0674026,2753.64,0.007076,0.011993
0.0107354,1207.75,0.00708,0.012052
0.100805,1832.82,0.007077,0.012016
0.0568503,2510.57,0.007076,0.012
0.0804422,2339.17,0.007076,0.012005
0.00786523,1207.75,0.00708,0.012052
0.0728758,2505.01,0.007076,0.012003
0.0348363,1655.96,0.007078,0.012026
0.0969652,1832.82,0.007077,0.012016
0.0887647,1962.34,0.007077,0.012013
0.0573653,2510.57,0.007076,0.012
0.10117,1832.82,0.007077,0.012016
0.0996731,1832.82,0.007077,0.012016
0.0738745,2505.01,0.007076,0.012003
0.0954448,1962.34,0.007077,0.012013
0.076474,2339.17,0.007076,0.012005
0.0691941,2505.01,0.007076,0.012003
0.111204,1429.54,0.007077,0.012022
0.0206257,1465.16,0.007079,0.01204
0.123368,1356.75,0.007078,0.012025
0.126553,1253.12,0.007078,0.012029
0.115616,1429.54,0.007077,0.012022
0.116366,1429.54,0.007077,0.012022
0.0473779,2127.24,0.007077,0.012014
0.0848868,2144.58,0.007077,0.012009
0.0859491,2144.58,0.007077,0.012009
0.0568877,2510.57,0.007076,0.012
0.0863545,2144.58,0.007077,0.012009
0.00227416,1139.03,0.00708,0.012056
0.081216,2339.17,0.007076,0.012005
0.0382316,1655.96,0.007078,0.012026
0.0959515,1832.82,0.007077,0.012016
0.0385833,1655.96,0.007078,0.012026
0.0661274,2753.64,0.007076,0.011993
0.0226476,1465.16,0.007079,0.01204
0.0537169,2127.24,0.007077,0.012014
0.0836068,2144.58,0.007077,0.012009
0.0203016,1465.16,0.007079,0.01204
0.0635848,2753.64,0.007076,0.011993
0.111151,1429.54,0.007077,0.012022
0.024899,1292.35,0.007079,0.012041
0.0982979,1832.82,0.007077,0.012016
0.0887555,1962.34,0.007077,0.012013
0.0144095,1330,0.007079,0.012046
0.0970179,1832.82,0.007077,0.012016
0.0521681,2127.24,0.007077,0.012014
0.10003,1832.82,0.007077,0.012016
0.0845272,2144.58,0.007077,0.012009
0.0746027,2505.01,0.007076,0.012003
0.101406,1832.82,0.007077,0.012016
0.0565405,2510.57,0.007076,0.012
0.0446176,1879.7,0.007077,0.01202
0.0467554,1879.7,0.007077,0.01202
0.001106,1139.03,0.00708,0.012056
0.0216156,1465.16,0.007079,0.01204
0.0769317,2339.17,0.007076,0.012005
0.0663049,2753.64,0.007076,0.011993
0.0991751,1832.82,0.007077,0.012016
0.103554,1536.15,0.007077,0.012019
0.000508718,1139.03,0.00708,0.012056
0.107921,1536.15,0.007077,0.012019
0.0160224,1330,0.007079,0.012046
0.0517933,2127.24,0.007077,0.012014
0.0668058,2753.64,0.007076,0.011993
0.0893079,1962.34,0.007077,0.012013
0.11269,1429.54,0.007077,0.012022
0.0962997,1832.82,0.007077,0.012016
0.053087,2127.24,0.007077,0.012014
0.12588,1253.12,0.007078,0.012029
0.12349,1356.75,0.007078,0.012025
0.111243,1429.54,0.007077,0.012022
0.0380514,1655.96,0.007078,0.012026
0.107576,1536.15,0.007077,0.012019
0.104622,1536.15,0.007077,0.012019
0.0271034,1431.05,0.007078,0.012035
0.120202,1356.75,0.007078,0.012025
0.112327,1429.54,0.007077,0.012022
0.126165,1253.12,0.007078,0.012029
0.095645,1962.34,0.007077,0.012013
0.0633567,2753.64,0.007076,0.011993
0.12377,1253.12,0.007078,0.012029
0.0200979,1465.16,0.007079,0.01204
0.0316321,1431.05,0.007078,0.012035
0.0652119,2753.64,0.007076,0.011993
0.0637613,2753.64,0.007076,0.011993
0.112215,1429.54,0.007077,0.012022
0.0106498,1207.75,0.00708,0.012052
0.0403646,1879.7,0.007077,0.01202
0.0149608,1330,0.007079,0.012046
0.110916,1429.54,0.007077,0.012022
0.0414988,1879.7,0.007077,0.01202
0.0437858,1879.7,0.007077,0.01202
0.0932172,1962.34,0.007077,0.012013
0.00420386,1139.03,0.00708,0.012056
0.0269316,1431.05,0.007078,0.012035
0.11873,1356.75,0.007078,0.012025
0.0645224,2753.64,0.007076,0.011993
0.0506868,2127.24,0.007077,0.012014
0.0534468,2127.24,0.007077,0.012014
0.0742768,2505.01,0.007076,0.012003
0.0658828,2753.64,0.007076,0.011993
0.0392995,1655.96,0.007078,0.012026
0.121304,1356.75,0.007078,0.012025
0.123811,1253.12,0.007078,0.012029
0.0834314,2144.58,0.007077,0.012009
0.0676555,2753.64,0.007076,0.011993
0.0931308,1962.34,0.007077,0.012013
0.00439317,1139.03,0.00708,0.012056
0.0409845,1879.7,0.007077,0.01202
0.0824273,2144.58,0.007077,0.012009
0.0267162,1431.05,0.007078,0.012035
0.0447826,1879.7,0.007077,0.01202
0.0853797,2144.58,0.007077,0.012009
0.0258662,1292.35,0.007079,0.012041
0.0737937,2505.01,0.007076,0.012003
0.00355531,1139.03,0.00708,0.012056
0.0924234,1962.34,0.007077,0.012013
0.0818611,2144.58,0.007077,0.012009
0.025092,1292.35,0.007079,0.012041
0.0668683,2753.64,0.007076,0.011993
0.114425,1429.54,0.007077,0.012022
0.0636031,2753.64,0.007076,0.011993
0.08156,2339.17,0.007076,0.012005
0.043681,1879.7,0.007077,0.01202
0.00484356,1139.03,0.00708,0.012056
0.0634071,2753.64,0.007076,0.011993
0.0776848,2339.17,0.007076,0.012005
0.104581,1536.15,0.007077,0.012019
0.0175615,1330,0.007079,0.012046
0.0841708,2144.58,0.007077,0.012009
0.120569,1356.75,0.007078,0.012025
0.0408374,1879.7,0.007077,0.01202
0.0342695,1655.96,0.007078,0.012026
0.00113955,1139.03,0.00708,0.012056
0.118577,1356.75,0.007078,0.012025
0.0327292,1431.05,0.007078,0.012035
0.0800741,2339.17,0.007076,0.012005
0.0777163,2339.17,0.007076,0.012005
0.121325,1356.75,0.007078,0.012025
0.0834288,2144.58,0.007077,0.012009
0.113861,1429.54,0.007077,0.012022
0.0403634,1879.7,0.007077,0.01202
0.021058,1465.16,0.007079,0.01204
0.0453078,1879.7,0.007077,0.01202
0.00110027,1139.03,0.00708,0.012056
0.105737,1536.15,0.007077,0.012019
0.0771601,2339.17,0.007076,0.012005
0.0838045,2144.58,0.007077,0.012009
0.0502646,2127.24,0.007077,0.012014
0.011397,1207.75,0.00708,0.012052
0.115361,1429.54,0.007077,0.012022
0.00367688,1139.03,0.00708,0.012056
0.0361774,1655.96,0.007078,0.012026
0.111392,1429.54,0.007077,0.012022
0.110466,1429.54,0.007077,0.012022
0.125216,1253.12,0.007078,0.012029
0.0881621,2144.58,0.007077,0.012009
0.0117098,1207.75,0.00708,0.012052
0.0919033,1962.34,0.007077,0.012013
0.104575,1536.15,0.007077,0.012019
0.0631254,2753.64,0.007076,0.011993
0.0990154,1832.82,0.007077,0.012016
0.0398941,1655.96,0.007078,0.012026
0.122705,1356.75,0.007078,0.012025
0.0932864,1962.34,0.007077,0.012013
0.0138432,1330,0.007079,0.012046
0.124503,1253.12,0.007078,0.012029
0.0599071,2510.57,0.007076,0.012
0.00283784,1139.03,0.00708,0.012056
0.123711,1253.12,0.007078,0.012029
0.00159621,1139.03,0.00708,0.012056
0.0520777,2127.24,0.007077,0.012014
0.0357064,1655.96,0.007078,0.012026
0.0791212,2339.17,0.007076,0.012005
0.0347567,1655.96,0.007078,0.012026
0.122576,1356.75,0.007078,0.012025
0.0970303,1832.82,0.007077,0.012016
0.0815374,2339.17,0.007076,0.012005
0.005275,1139.03,0.00708,0.012056
0.0870578,2144.58,0.007077,0.012009
0.125079,1253.12,0.007078,0.012029
0.0563674,2510.57,0.007076,0.012
0.0734561,2505.01,0.007076,0.012003
0.0662621,2753.64,0.007076,0.011993
0.00217412,1139.03,0.00708,0.012056
0.112262,1429.54,0.007077,0.012022
0.0192959,1465.16,0.007079,0.01204
0.0411728,1879.7,0.007077,0.01202
0.105949,1536.15,0.007077,0.012019
0.0533986,2127.24,0.007077,0.012014
0.0388379,1655.96,0.007078,0.012026
0.0535087,2127.24,0.007077,0.012014
0.0773047,2339.17,0.007076,0.012005
0.104437,1536.15,0.007077,0.012019
0.0486763,2127.24,0.007077,0.012014
0.114883,1429.54,0.007077,0.012022
0.0226334,1465.16,0.007079,0.01204
0.0962454,1832.82,0.007077,0.012016
0.0272158,1431.05,0.007078,0.012035
0.0811534,2339.17,0.007076,0.012005
0.0523368,2127.24,0.007077,0.012014
0.0141941,1330,0.007079,0.012046
0.125053,1253.12,0.007078,0.012029
0.0704114,2505.01,0.007076,0.012003
0.119451,1356.75,0.007078,0.012025
0.106181,1536.15,0.007077,0.012019
0.126614,1253.12,0.007078,0.012029
0.0931538,1962.34,0.007077,0.012013
0.060954,2981.76,0.007076,0.011994
0.0705244,2505.01,0.007076,0.012003
0.120922,1356.75,0.007078,0.012025
0.0772506,2339.17,0.007076,0.012005
0.0922602,1962.34,0.007077,0.012013
0.0176097,1330,0.007079,0.012046
0.117701,1356.75,0.007078,0.012025
0.0277217,1431.05,0.007078,0.012035
0.0427652,1879.7,0.007077,0.01202
0.064381,2753.64,0.007076,0.011993
0.0766614,2339.17,0.007076,0.012005
0.0151517,1330,0.007079,0.012046
0.0523291,2127.24,0.007077,0.012014
0.0181522,1330,0.007079,0.012046
0.125397,1253.12,0.007078,0.012029
0.0907046,1962.34,0.007077,0.012013
0.0883463,2144.58,0.007077,0.012009
0.0721858,2505.01,0.007076,0.012003
0.042791,1879.7,0.007077,0.01202
0.106861,1536.15,0.007077,0.012019
0.0982933,1832.82,0.007077,0.012016
0.057204,2510.57,0.007076,0.012
0.082781,2144.58,0.007077,0.012009
0.0280672,1431.05,0.007078,0.012035
0.0639845,2753.64,0.007076,0.011993
0.104308,1536.15,0.007077,0.012019
0.107413,1536.15,0.007077,0.012019
0.108255,1536.15,0.007077,0.012019
0.00722336,1207.75,0.00708,0.012052
0.0930842,1962.34,0.007077,0.012013
0.0270877,1431.05,0.007078,0.012035
0.0139073,1330,0.007079,0.012046
0.123176,1356.75,0.007078,0.012025
0.105444,1536.15,0.007077,0.012019
0.0448706,1879.7,0.007077,0.01202
0.0689453,2505.01,0.007076,0.012003
0.0907752,1962.34,0.007077,0.012013
0.00284747,1139.03,0.00708,0.012056
0.0926369,1962.34,0.007077,0.012013
0.0215244,1465.16,0.007079,0.01204
0.0632289,2753.64,0.007076,0.011993
0.0292223,1431.05,0.007078,0.012035
0.122911,1356.75,0.007078,0.012025
0.00103732,1139.03,0.00708,0.012056
0.0622452,2981.76,0.007076,0.011994
0.0943778,1962.34,0.007077,0.012013
0.0128902,1330,0.007079,0.012046
0.105498,1536.15,0.007077,0.012019
0.116581,1356.75,0.007078,0.012025
0.114065,1429.54,0.007077,0.012022
0.0717356,2505.01,0.007076,0.012003
0.108493,1937.94,0.007078,0.012023
0.0521966,2339.17,0.007076,0.012005
0.123952,2121.36,0.007078,0.01203
0.0659211,2505.01,0.007076,0.012003
0.110219,1937.94,0.007078,0.012023
0.112501,2279.34,0.007078,0.012026
0.0294615,1012.71,0.007078,0.012034
0.113811,2279.34,0.007078,0.012026
0.118937,2224.88,0.007078,0.012027
0.0437778,1530.36,0.007077,0.012019
0.0792889,2652.04,0.007077,0.012008
0.0728491,2339.17,0.007076,0.012005
0.0610154,2753.64,0.007076,0.011993
0.0467409,1962.34,0.007077,0.012013
0.105236,2061.39,0.007077,0.01202
0.102566,2061.39,0.007077,0.01202
0.090468,2316.37,0.007077,0.012014
0.0353367,1496.63,0.007078,0.012026
0.0730784,2339.17,0.007076,0.012005
0.107368,1937.94,0.007078,0.012023
0.0853927,2473.53,0.007077,0.012011
0.0851403,2473.53,0.007077,0.012011
0.0897037,2316.37,0.007077,0.012014
0.101176,2061.39,0.007077,0.01202
0.0443467,1530.36,0.007077,0.012019
0.0185597,886.904,0.007079,0.012041
0.0332641,1198.95,0.007078,0.012025
0.018912,886.904,0.007079,0.012041
0.0580529,2339.17,0.007076,0.012005
0.0428795,1530.36,0.007077,0.012019
0.102644,2061.39,0.007077,0.01202
0.122386,2121.36,0.007078,0.01203
0.0603782,2753.64,0.007076,0.011993
0.035619,1496.63,0.007078,0.012026
0.0968382,2158.02,0.007077,0.012018
0.0500606,1962.34,0.007077,0.012013
0.120477,2224.88,0.007078,0.012027
0.0682602,2505.01,0.007076,0.012003
0.108078,1937.94,0.007078,0.012023
0.0316715,1198.95,0.007078,0.012025
0.108992,1937.94,0.007078,0.012023
0.107322,1937.94,0.007078,0.012023
0.0874023,2316.37,0.007077,0.012014
0.0407,1530.36,0.007077,0.012019
0.0330619,1198.95,0.007078,0.012025
0.0811279,2473.53,0.007077,0.012011
0.0740904,2652.04,0.007077,0.012008
0.0874375,2316.37,0.007077,0.012014
0.103333,2061.39,0.007077,0.01202
0.0981627,2158.02,0.007077,0.012018
0.0252963,1012.71,0.007078,0.012034
0.013092,775.34,0.00708,0.012049
0.0763306,2652.04,0.007077,0.012008
0.105691,2061.39,0.007077,0.01202
0.0327536,1198.95,0.007078,0.012025
0.0177733,886.904,0.007079,0.012041
0.118572,2224.88,0.007078,0.012027
0.0745735,2652.04,0.007077,0.012008
0.0919256,2316.37,0.007077,0.012014
0.0680334,2505.01,0.007076,0.012003
0.0300803,1012.71,0.007078,0.012034
0.0766311,2652.04,0.007077,0.012008
0.075283,2652.04,0.007077,0.012008
0.0842774,2473.53,0.007077,0.012011
0.0257285,1012.71,0.007078,0.012034
0.0722637,2505.01,0.007076,0.012003
0.053984,2339.17,0.007076,0.012005
0.0281171,1012.71,0.007078,0.012034
0.0520649,2339.17,0.007076,0.012005
0.0944855,2158.02,0.007077,0.012018
0.0837858,2473.53,0.007077,0.012011
0.09297,2316.37,0.007077,0.012014
0.0413669,1530.36,0.007077,0.012019
0.11381,2279.34,0.007078,0.012026
0.12027,2224.88,0.007078,0.012027
0.0651898,2753.64,0.007076,0.011993
0.00625644,701.256,0.00708,0.012056
0.0540017,2339.17,0.007076,0.012005
0.0834299,2473.53,0.007077,0.012011
0.0644364,2753.64,0.007076,0.011993
0.0657341,2505.01,0.007076,0.012003
0.0671838,2505.01,0.007076,0.012003
0.00480755,701.256,0.00708,0.012056
0.009232,701.256,0.00708,0.012056
0.0440819,1530.36,0.007077,0.012019
0.0576118,2339.17,0.007076,0.012005
0.0346219,1198.95,0.007078,0.012025
0.118803,2224.88,0.007078,0.012027
0.00505726,701.256,0.00708,0.012056
0.126083,2121.36,0.007078,0.01203
0.0991347,2158.02,0.007077,0.012018
0.0591782,2753.64,0.007076,0.011993
0.00766725,701.256,0.00708,0.012056
0.0292136,1012.71,0.007078,0.012034
0.0893973,2316.37,0.007077,0.012014
0.00946275,701.256,0.00708,0.012056
0.105036,2061.39,0.007077,0.01202
0.00509693,701.256,0.00708,0.012056
0.0447462,1962.34,0.007077,0.012013
0.0637566,2753.64,0.007076,0.011993
0.1052,2061.39,0.007077,0.01202
0.0531685,2339.17,0.007076,0.012005
0.111832,2279.34,0.007078,0.012026
0.0759901,2652.04,0.007077,0.012008
0.0839658,2473.53,0.007077,0.012011
0.119511,2224.88,0.007078,0.012027
0.0196846,886.904,0.007079,0.012041
0.0658939,2505.01,0.007076,0.012003
0.0200312,886.904,0.007079,0.012041
0.06147,2753.64,0.007076,0.011993
0.123473,2121.36,0.007078,0.01203
0.065547,2505.01,0.007076,0.012003
0.102977,2061.39,0.007077,0.01202
0.103688,2061.39,0.007077,0.01202
0.0370866,1496.63,0.007078,0.012026
0.00591015,701.256,0.00708,0.012056
0.0255836,1012.71,0.007078,0.012034
0.00917398,701.256,0.00708,0.012056
0.0124939,775.34,0.00708,0.012049
0.0519091,2339.17,0.007076,0.012005
0.0728179,2339.17,0.007076,0.012005
0.0257463,1012.71,0.007078,0.012034
0.0386225,1530.36,0.007077,0.012019
0.00581686,701.256,0.00708,0.012056
0.00566686,701.256,0.00708,0.012056
0.0272877,1012.71,0.007078,0.012034
0.0463638,1962.34,0.007077,0.012013
0.00814274,701.256,0.00708,0.012056
0.0568917,2339.17,0.007076,0.012005
0.00675442,701.256,0.00708,0.012056
0.064195,2753.64,0.007076,0.011993
0.0838531,2473.53,0.007077,0.012011
0.0455045,1962.34,0.007077,0.012013
0.0428586,1530.36,0.007077,0.012019
0.0758409,2652.04,0.007077,0.012008
0.0927865,2316.37,0.007077,0.012014
0.0966772,2158.02,0.007077,0.012018
0.086627,2316.37,0.007077,0.012014
0.0263537,1012.71,0.007078,0.012034
0.0273596,1012.71,0.007078,0.012034
0.00639358,701.256,0.00708,0.012056
0.102796,2061.39,0.007077,0.01202
0.0408267,1530.36,0.007077,0.012019
0.121075,2224.88,0.007078,0.012027
0.0226234,886.904,0.007079,0.012041
0.103583,2061.39,0.007077,0.01202
0.0897902,2316.37,0.007077,0.012014
0.0882663,2316.37,0.007077,0.012014
0.094512,2158.02,0.007077,0.012018
0.086323,2316.37,0.007077,0.012014
0.103274,2061.39,0.007077,0.01202
0.0280493,1012.71,0.007078,0.012034
0.0429631,1530.36,0.007077,0.012019
0.0357673,1496.63,0.007078,0.012026
0.00955431,701.256,0.00708,0.012056
0.0814576,2473.53,0.007077,0.012011
0.118639,2224.88,0.007078,0.012027
0.0635127,2753.64,0.007076,0.011993
0.106433,2061.39,0.007077,0.01202
0.0628628,2753.64,0.007076,0.011993
0.086386,2316.37,0.007077,0.012014
0.0279542,1012.71,0.007078,0.012034
0.047203,1962.34,0.007077,0.012013
0.109146,1937.94,0.007078,0.012023
0.0344366,1198.95,0.007078,0.012025
0.11645,2224.88,0.007078,0.012027
0.074157,2652.04,0.007077,0.012008
0.061743,2753.64,0.007076,0.011993
0.0173796,886.904,0.007079,0.012041
0.0310269,1198.95,0.007078,0.012025
0.0840664,2473.53,0.007077,0.012011
0.0241907,1012.71,0.007078,0.012034
0.0485983,1962.34,0.007077,0.012013
0.0986817,2158.02,0.007077,0.012018
0.111509,2279.34,0.007078,0.012026
0.0263921,1012.71,0.007078,0.012034
0.0923497,2316.37,0.007077,0.012014
0.117933,2224.88,0.007078,0.012027
0.0052497,701.256,0.00708,0.012056
0.0893383,2316.37,0.007077,0.012014
0.118611,2224.88,0.007078,0.012027
0.0334262,1198.95,0.007078,0.012025
0.066612,2505.01,0.007076,0.012003
0.0541511,2339.17,0.007076,0.012005
0.0193068,886.904,0.007079,0.012041
0.00752196,701.256,0.00708,0.012056
0.0709643,2505.01,0.007076,0.012003
0.0972794,2158.02,0.007077,0.012018
0.108679,1937.94,0.007078,0.012023
0.0611636,2753.64,0.007076,0.011993
0.0091172,701.256,0.00708,0.012056
0.0237873,1012.71,0.007078,0.012034
0.117161,2224.88,0.007078,0.012027
0.118662,2224.88,0.007078,0.012027
0.0468646,1962.34,0.007077,0.012013
0.0451851,1962.34,0.007077,0.012013
0.017677,886.904,0.007079,0.012041
0.0320034,1198.95,0.007078,0.012025
0.0121909,775.34,0.00708,0.012049
0.086501,2316.37,0.007077,0.012014
0.103449,2061.39,0.007077,0.01202
0.0768805,2652.04,0.007077,0.012008
0.0293055,1012.71,0.007078,0.012034
0.0421601,1530.36,0.007077,0.012019
0.000695697,676.998,0.00708,0.012058
0.0180645,886.904,0.007079,0.012041
0.0822873,2473.53,0.007077,0.012011
0.0805735,2473.53,0.007077,0.012011
0.0345698,1198.95,0.007078,0.012025
0.0195822,886.904,0.007079,0.012041
0.11935,2224.88,0.007078,0.012027
0.0854638,2473.53,0.007077,0.012011
0.0525227,2339.17,0.007076,0.012005
0.0299651,1012.71,0.007078,0.012034
0.0578127,2339.17,0.007076,0.012005
0.0655431,2505.01,0.007076,0.012003
0.0318636,1198.95,0.007078,0.012025
0.0196524,886.904,0.007079,0.012041
0.0890315,2316.37,0.007077,0.012014
0.0390776,1530.36,0.007077,0.012019
0.105006,2061.39,0.007077,0.01202
0.0424685,1530.36,0.007077,0.012019
0.111848,2279.34,0.007078,0.012026
0.0801444,2473.53,0.007077,0.012011
0.0268482,1012.71,0.007078,0.012034
0.0773018,2652.04,0.007077,0.012008
0.10252,2061.39,0.007077,0.01202
0.0864868,2316.37,0.007077,0.012014
0.0647578,2753.64,0.007076,0.011993
0.0154396,775.34,0.00708,0.012049
0.123825,2121.36,0.007078,0.01203
0.123533,2121.36,0.007078,0.01203
0.0956877,2158.02,0.007077,0.012018
0.126427,2121.36,0.007078,0.01203
0.0319605,1198.95,0.007078,0.012025
0.0339241,1198.95,0.007078,0.012025
0.0681683,2505.01,0.007076,0.012003
0.0761967,2652.04,0.007077,0.012008
0.111297,2279.34,0.007078,0.012026
0.0323713,1198.95,0.007078,0.012025
0.119631,2224.88,0.007078,0.012027
0.0599274,2753.64,0.007076,0.011993
0.00743899,701.256,0.00708,0.012056
0.0321623,1198.95,0.007078,0.012025
0.0827841,2473.53,0.007077,0.012011
0.0945707,2158.02,0.007077,0.012018
0.0936456,2158.02,0.007077,0.012018
0.109044,1937.94,0.007078,0.012023
0.0378033,1530.36,0.007077,0.012019
0.0207361,886.904,0.007079,0.012041
0.0844234,2473.53,0.007077,0.012011
0.0239764,1012.71,0.007078,0.012034
0.0397438,1530.36,0.007077,0.012019
0.00778796,701.256,0.00708,0.012056
0.121685,2121.36,0.007078,0.01203
0.0405373,1530.36,0.007077,0.012019
0.113585,2279.34,0.007078,0.012026
0.0850345,2473.53,0.007077,0.012011
0.107046,2061.39,0.007077,0.01202
0.119474,2224.88,0.007078,0.012027
0.0715829,2505.01,0.007076,0.012003
0.0902505,2316.37,0.007077,0.012014
0.123565,2121.36,0.007078,0.01203
0.0571202,2339.17,0.007076,0.012005
0.0601619,2753.64,0.007076,0.011993
0.085005,2473.53,0.007077,0.012011
0.0933248,2158.02,0.007077,0.012018
0.0186998,886.904,0.007079,0.012041
0.118577,2224.88,0.007078,0.012027
0.0943047,2158.02,0.007077,0.012018
0.00434885,701.256,0.00708,0.012056
0.0974617,2158.02,0.007077,0.012018
0.0122384,775.34,0.00708,0.012049
0.0210293,886.904,0.007079,0.012041
0.0677869,2505.01,0.007076,0.012003
0.0876345,2316.37,0.007077,0.012014
0.0815749,2473.53,0.007077,0.012011
0.0644402,2753.64,0.007076,0.011993
0.123446,2121.36,0.007078,0.01203
0.025135,1012.71,0.007078,0.012034
0.0411416,1530.36,0.007077,0.012019
0.0244248,1012.71,0.007078,0.012034
0.046271,1962.34,0.007077,0.012013
0.122105,2121.36,0.007078,0.01203
0.092971,2316.37,0.007077,0.012014
0.109079,1937.94,0.007078,0.012023
0.0598725,2753.64,0.007076,0.011993
0.125936,2121.36,0.007078,0.01203
0.0824737,2473.53,0.007077,0.012011
0.0673986,2505.01,0.007076,0.012003
0.0526761,2339.17,0.007076,0.012005
0.0716103,2505.01,0.007076,0.012003
0.0744741,2652.04,0.007077,0.012008
0.0752529,2652.04,0.007077,0.012008
0.0650452,2753.64,0.007076,0.011993
0.103919,2061.39,0.007077,0.01202
0.0851134,2473.53,0.007077,0.012011
0.0620104,2753.64,0.007076,0.011993
0.000142649,676.998,0.00708,0.012058
0.0804885,2473.53,0.007077,0.012011
0.0325807,1198.95,0.007078,0.012025
0.0571399,2339.17,0.007076,0.012005
0.125533,2121.36,0.007078,0.01203
0.0180956,886.904,0.007079,0.012041
0.0011775,676.998,0.00708,0.012058
0.100844,2061.39,0.007077,0.01202
0.112271,2279.34,0.007078,0.012026
0.0889656,2316.37,0.007077,0.012014
0.12086,2224.88,0.007078,0.012027
0.000238967,676.998,0.00708,0.012058
0.0651836,2753.64,0.007076,0.011993
0.114015,2279.34,0.007078,0.012026
0.0392712,1530.36,0.007077,0.012019
0.0895933,2316.37,0.007077,0.012014
0.0874443,2316.37,0.007077,0.012014
0.00977699,775.34,0.00708,0.012049
0.0146784,775.34,0.00708,0.012049
0.0522227,2339.17,0.007076,0.012005
0.0983794,2158.02,0.007077,0.012018
0.0646625,2753.64,0.007076,0.011993
0.0304693,1012.71,0.007078,0.012034
0.11173,2279.34,0.007078,0.012026
0.104403,2061.39,0.007077,0.01202
0.0317773,1198.95,0.007078,0.012025
0.0516838,2339.17,0.007076,0.012005
0.118097,2224.88,0.007078,0.012027
0.0874751,2316.37,0.007077,0.012014
0.0319863,1198.95,0.007078,0.012025
0.0559075,2339.17,0.007076,0.012005
0.12536,2121.36,0.007078,0.01203
0.0181846,886.904,0.007079,0.012041
0.103696,2061.39,0.007077,0.01202
0.0467591,1962.34,0.007077,0.012013
0.117203,2224.88,0.007078,0.012027
0.00505427,701.256,0.00708,0.012056
0.00921568,701.256,0.00708,0.012056
0.00400792,701.256,0.00708,0.012056
0.0505396,1962.34,0.007077,0.012013
0.0315031,1198.95,0.007078,0.012025
0.11965,2224.88,0.007078,0.012027
0.0719498,2505.01,0.007076,0.012003
0.0995344,2158.02,0.007077,0.012018
0.115458,2224.88,0.007078,0.012027
0.0666551,2505.01,0.007076,0.012003
0.0973355,2158.02,0.007077,0.012018
0.0220617,886.904,0.007079,0.012041
0.0314421,1198.95,0.007078,0.012025
0.101703,2061.39,0.007077,0.01202
0.0709118,2505.01,0.007076,0.012003
0.0414102,1530.36,0.007077,0.012019
0.00918881,701.256,0.00708,0.012056
0.0608124,2753.64,0.007076,0.011993
0.102696,2061.39,0.007077,0.01202
0.041994,1530.36,0.007077,0.012019
0.0502328,1962.34,0.007077,0.012013
0.0336788,1198.95,0.007078,0.012025
0.017402,886.904,0.007079,0.012041
0.115545,2224.88,0.007078,0.012027
0.00312001,701.256,0.00708,0.012056
0.0582328,2339.17,0.007076,0.012005
0.0651413,2753.64,0.007076,0.011993
0.037377,1496.63,0.007078,0.012026
0.0569958,2339.17,0.007076,0.012005
0.0660785,2505.01,0.007076,0.012003
0.0243412,1012.71,0.007078,0.012034
0.0074895,701.256,0.00708,0.012056
0.048531,1962.34,0.007077,0.012013
0.0461872,1962.34,0.007077,0.012013
0.117599,2224.88,0.007078,0.012027
0.0426506,1530.36,0.007077,0.012019
0.0256765,1012.71,0.007078,0.012034
0.0512996,1962.34,0.007077,0.012013
0.108443,1937.94,0.007078,0.012023
0.120018,2224.88,0.007078,0.012027
0.109913,1937.94,0.007078,0.012023
0.11812,2224.88,0.007078,0.012027
0.0472477,1962.34,0.007077,0.012013
0.103215,2061.39,0.007077,0.01202
0.00493205,701.256,0.00708,0.012056
0.119075,2224.88,0.007078,0.012027
0.11232,2279.34,0.007078,0.012026
0.00475879,701.256,0.00708,0.012056
0.107401,1937.94,0.007078,0.012023
0.0135439,775.34,0.00708,0.012049
0.00513273,701.256,0.00708,0.012056
0.0732896,2652.04,0.007077,0.012008
0.108991,1937.94,0.007078,0.012023
0.0588546,2753.64,0.007076,0.011993
0.0360324,1496.63,0.007078,0.012026
0.0686901,2505.01,0.007076,0.012003
0.11626,1113.53,0.007077,0.012016
0.0195478,891.052,0.00708,0.012049
0.0139086,818.005,0.00708,0.012055
0.027178,886.904,0.007079,0.012041
0.0559899,2053.06,0.007076,0.012002
0.00167701,785.461,0.00708,0.012058
0.0175103,891.052,0.00708,0.012049
0.0172879,891.052,0.00708,0.012049
0.125587,913.618,0.007078,0.012025
0.0981455,1336.06,0.007077,0.012008
0.0845839,1765.41,0.007076,0.012003
0.0116792,818.005,0.00708,0.012055
0.0210659,1011.6,0.007079,0.012041
0.0176848,891.052,0.00708,0.012049
0.0551877,1735.1,0.007077,0.012008
0.0981988,1336.06,0.007077,0.012008
0.122757,1008.89,0.007077,0.01202
0.0379786,1198.95,0.007078,0.012025
0.0584132,2053.06,0.007076,0.012002
0.122967,1008.89,0.007077,0.01202
0.00916881,818.005,0.00708,0.012055
0.00113886,785.461,0.00708,0.012058
0.0778332,1926.72,0.007076,0.012
0.0761373,2115.14,0.007076,0.011998
0.0271281,886.904,0.007079,0.012041
0.0375499,1198.95,0.007078,0.012025
0.0777153,1926.72,0.007076,0.012
0.0344057,1012.71,0.007078,0.012034
0.0697223,2267.19,0.007076,0.011996
0.0239652,886.904,0.007079,0.012041
0.0504821,1735.1,0.007077,0.012008
0.118555,1113.53,0.007077,0.012016
0.11035,1218.83,0.007077,0.012012
0.123178,1008.89,0.007077,0.01202
0.0606806,1926.72,0.007076,0.012
0.0671804,2267.19,0.007076,0.011996
0.0045423,785.461,0.00708,0.012058
0.0889926,1765.41,0.007076,0.012003
0.0816325,1926.72,0.007076,0.012
0.0656532,2267.19,0.007076,0.011996
0.0032098,785.461,0.00708,0.012058
0.0346891,1012.71,0.007078,0.012034
0.112296,1113.53,0.007077,0.012016
0.103186,1336.06,0.007077,0.012008
0.0675956,2267.19,0.007076,0.011996
0.0768688,1926.72,0.007076,0.012
0.121965,1008.89,0.007077,0.01202
0.118561,1008.89,0.007077,0.01202
0.0529715,1735.1,0.007077,0.012008
0.106849,1218.83,0.007077,0.012012
0.101355,1336.06,0.007077,0.012008
0.12664,913.618,0.007078,0.012025
0.0782614,1926.72,0.007076,0.012
0.0191155,891.052,0.00708,0.012049
0.10216,1336.06,0.007077,0.012008
0.0327116,1012.71,0.007078,0.012034
0.0170532,891.052,0.00708,0.012049
0.0312575,1012.71,0.007078,0.012034
0.0711553,2115.14,0.007076,0.011998
0.104539,1336.06,0.007077,0.012008
0.0504205,1735.1,0.007077,0.012008
0.0644766,2267.19,0.007076,0.011996
0.111891,1113.53,0.007077,0.012016
0.0379498,1198.95,0.007078,0.012025
0.0598397,1926.72,0.007076,0.012
0.092487,1601.95,0.007077,0.012007
0.0441674,1455.94,0.007077,0.012016
0.0266298,886.904,0.007079,0.012041
0.106202,1218.83,0.007077,0.012012
0.101323,1336.06,0.007077,0.012008
0.0330593,1012.71,0.007078,0.012034
0.0585403,2053.06,0.007076,0.012002
0.0909825,1601.95,0.007077,0.012007
0.0436116,1455.94,0.007077,0.012016
0.0787098,1926.72,0.007076,0.012
0.123365,1008.89,0.007077,0.01202
0.0894623,1765.41,0.007076,0.012003
0.111739,1113.53,0.007077,0.012016
0.0408669,1198.95,0.007078,0.012025
0.0939268,1601.95,0.007077,0.012007
0.0937964,1601.95,0.007077,0.012007
0.125353,1008.89,0.007077,0.01202
0.10405,1336.06,0.007077,0.012008
0.0676972,2267.19,0.007076,0.011996
0.0728135,2115.14,0.007076,0.011998
0.110609,1218.83,0.007077,0.012012
0.0100413,818.005,0.00708,0.012055
0.088209,1765.41,0.007076,0.012003
0.0398962,1198.95,0.007078,0.012025
0.0829204,1926.72,0.007076,0.012
0.0561838,2053.06,0.007076,0.012002
0.0357969,1198.95,0.007078,0.012025
0.00173354,785.461,0.00708,0.012058
0.0573934,2053.06,0.007076,0.012002
0.0243939,886.904,0.007079,0.012041
0.0906922,1601.95,0.007077,0.012007
0.0850459,1765.41,0.007076,0.012003
0.0197419,891.052,0.00708,0.012049
0.0137766,818.005,0.00708,0.012055
0.0297962,1012.71,0.007078,0.012034
0.12279,1008.89,0.007077,0.01202
0.0982236,1336.06,0.007077,0.012008
0.0120195,818.005,0.00708,0.012055
0.122967,1008.89,0.007077,0.01202
0.037789,1198.95,0.007078,0.012025
0.0711013,2115.14,0.007076,0.011998
0.00809095,818.005,0.00708,0.012055
0.122918,1008.89,0.007077,0.01202
0.0132595,818.005,0.00708,0.012055
0.0566694,2053.06,0.007076,0.012002
0.1016,1336.06,0.007077,0.012008
0.065673,2267.19,0.007076,0.011996
0.0829055,1926.72,0.007076,0.012
0.0965855,1477.42,0.007076,0.012005
0.0428209,1455.94,0.007077,0.012016
0.0760937,2115.14,0.007076,0.011998
0.00888516,818.005,0.00708,0.012055
0.0231643,886.904,0.007079,0.012041
0.121903,1008.89,0.007077,0.01202
0.046833,1455.94,0.007077,0.012016
0.00316376,785.461,0.00708,0.012058
0.0522797,1735.1,0.007077,0.012008
0.115712,1113.53,0.007077,0.012016
0.101857,1336.06,0.007077,0.012008
0.106147,1218.83,0.007077,0.012012
0.0407572,1198.95,0.007078,0.012025
0.114652,1113.53,0.007077,0.012016
0.0557446,1735.1,0.007077,0.012008
0.0388206,1198.95,0.007078,0.012025
0.0840617,1765.41,0.007076,0.012003
0.0952939,1601.95,0.007077,0.012007
0.100816,1336.06,0.007077,0.012008
0.0298745,1012.71,0.007078,0.012034
0.0601345,1926.72,0.007076,0.012
0.104635,1218.83,0.007077,0.012012
0.0345122,1012.71,0.007078,0.012034
0.000756159,785.461,0.00708,0.012058
0.0181438,891.052,0.00708,0.012049
0.0174688,891.052,0.00708,0.012049
0.013049,818.005,0.00708,0.012055
0.072143,2115.14,0.007076,0.011998
0.0207554,891.052,0.00708,0.012049
0.025537,886.904,0.007079,0.012041
0.0126759,818.005,0.00708,0.012055
0.00464024,785.461,0.00708,0.012058
0.124833,1008.89,0.007077,0.01202
0.0917839,1601.95,0.007077,0.012007
0.0571698,2053.06,0.007076,0.012002
0.121712,1008.89,0.007077,0.01202
0.118687,1008.89,0.007077,0.01202
0.0757463,2115.14,0.007076,0.011998
0.120044,1008.89,0.007077,0.01202
0.00572324,785.461,0.00708,0.012058
0.0575846,2053.06,0.007076,0.012002
0.0990803,1336.06,0.007077,0.012008
0.0383566,1198.95,0.007078,0.012025
0.110923,1218.83,0.007077,0.012012
0.0443682,1455.94,0.007077,0.012016
0.0853327,1765.41,0.007076,0.012003
0.00296858,785.461,0.00708,0.012058
0.0831176,1926.72,0.007076,0.012
0.0413775,1198.95,0.007078,0.012025
0.00402927,785.461,0.00708,0.012058
0.0343265,1012.71,0.007078,0.012034
0.027532,886.904,0.007079,0.012041
0.111565,1218.83,0.007077,0.012012
0.0491247,1735.1,0.007077,0.012008
0.0265437,886.904,0.007079,0.012041
0.0721805,2115.14,0.007076,0.011998
0.083513,1926.72,0.007076,0.012
0.0858539,1765.41,0.007076,0.012003
0.00697534,785.461,0.00708,0.012058
0.0568064,2053.06,0.007076,0.012002
0.0332876,1012.71,0.007078,0.012034
0.036138,1198.95,0.007078,0.012025
0.0434831,1455.94,0.007077,0.012016
0.102319,1336.06,0.007077,0.012008
0.010229,818.005,0.00708,0.012055
0.0589893,2053.06,0.007076,0.012002
0.0613569,1926.72,0.007076,0.012
0.0211373,1011.6,0.007079,0.012041
0.0205776,891.052,0.00708,0.012049
0.0108226,818.005,0.00708,0.012055
0.118364,1113.53,0.007077,0.012016
0.105528,1218.83,0.007077,0.012012
0.123429,1008.89,0.007077,0.01202
0.113325,1113.53,0.007077,0.012016
0.115055,1113.53,0.007077,0.012016
0.103738,1336.06,0.007077,0.012008
0.0680001,2267.19,0.007076,0.011996
0.0448677,1455.94,0.007077,0.012016
0.100981,1336.06,0.007077,0.012008
0.0804065,1926.72,0.007076,0.012
0.0751656,2115.14,0.007076,0.011998
0.0936065,1601.95,0.007077,0.012007
0.0993644,1336.06,0.007077,0.012008
0.116039,1113.53,0.007077,0.012016
0.118054,1113.53,0.007077,0.012016
0.0233854,886.904,0.007079,0.012041
0.0713608,2115.14,0.007076,0.011998
0.0311267,1012.71,0.007078,0.012034
0.0522135,1735.1,0.007077,0.012008
0.0520927,1735.1,0.007077,0.012008
0.0394205,1198.95,0.007078,0.012025
0.0416543,1198.95,0.007078,0.012025
0.0130392,818.005,0.00708,0.012055
0.0794755,1926.72,0.007076,0.012
0.0807065,1926.72,0.007076,0.012
0.0366455,1198.95,0.007078,0.012025
0.0823804,1926.72,0.007076,0.012
0.112238,1113.53,0.007077,0.012016
0.110882,1218.83,0.007077,0.012012
0.0165076,891.052,0.00708,0.012049
0.0633318,2267.19,0.007076,0.011996
0.0141765,891.052,0.00708,0.012049
0.0109122,818.005,0.00708,0.012055
0.0868207,1765.41,0.007076,0.012003
0.0248017,886.904,0.007079,0.012041
0.0553629,1735.1,0.007077,0.012008
0.112537,1113.53,0.007077,0.012016
0.073106,2115.14,0.007076,0.011998
0.027822,886.904,0.007079,0.012041
0.0955721,1601.95,0.007077,0.012007
0.0783602,1926.72,0.007076,0.012
0.0786357,1926.72,0.007076,0.012
0.107806,1218.83,0.007077,0.012012
0.11064,1218.83,0.007077,0.012012
0.113914,1113.53,0.007077,0.012016
0.0352837,1198.95,0.007078,0.012025
0.0463214,1455.94,0.007077,0.012016
0.0213828,1011.6,0.007079,0.012041
0.0641043,2267.19,0.007076,0.011996
0.0802651,1926.72,0.007076,0.012
0.0989414,1336.06,0.007077,0.012008
0.0239946,886.904,0.007079,0.012041
0.0466163,1455.94,0.007077,0.012016
0.0607902,1926.72,0.007076,0.012
0.0208468,891.052,0.00708,0.012049
0.113779,1113.53,0.007077,0.012016
0.0131118,818.005,0.00708,0.012055
0.0543431,1735.1,0.007077,0.012008
0.00622117,785.461,0.00708,0.012058
0.0669403,2267.19,0.007076,0.011996
0.111361,1218.83,0.007077,0.012012
0.111596,1113.53,0.007077,0.012016
0.112558,1113.53,0.007077,0.012016
0.0315224,1012.71,0.007078,0.012034
0.0141237,891.052,0.00708,0.012049
0.0959489,1477.42,0.007076,0.012005
0.0559424,2053.06,0.007076,0.012002
0.0610113,1926.72,0.007076,0.012
0.031158,1012.71,0.007078,0.012034
0.104679,1218.83,0.007077,0.012012
0.117722,1113.53,0.007077,0.012016
0.0684388,2267.19,0.007076,0.011996
0.105549,1218.83,0.007077,0.012012
0.0947054,1601.95,0.007077,0.012007
0.0183981,891.052,0.00708,0.012049
0.127014,913.618,0.007078,0.012025
0.0129521,818.005,0.00708,0.012055
0.0757177,2115.14,0.007076,0.011998
0.0809998,1926.72,0.007076,0.012
0.0742832,2115.14,0.007076,0.011998
0.053731,1735.1,0.007077,0.012008
0.071406,2115.14,0.007076,0.011998
0.0686999,2267.19,0.007076,0.011996
0.0515315,1735.1,0.007077,0.012008
0.0727957,2115.14,0.007076,0.011998
0.0349361,1198.95,0.007078,0.012025
0.0244392,886.904,0.007079,0.012041
0.0813008,1926.72,0.007076,0.012
0.121236,1008.89,0.007077,0.01202
0.106068,1218.83,0.007077,0.012012
0.0139928,891.052,0.00708,0.012049
0.0933595,1601.95,0.007077,0.012007
0.12256,1008.89,0.007077,0.01202
0.049798,1735.1,0.007077,0.012008
0.113814,1113.53,0.007077,0.012016
0.0825865,1926.72,0.007076,0.012
0.0642181,2267.19,0.007076,0.011996
0.0037504,785.461,0.00708,0.012058
0.0815519,1926.72,0.007076,0.012
0.0798093,1926.72,0.007076,0.012
0.0285491,1012.71,0.007078,0.012034
0.100507,1336.06,0.007077,0.012008
0.0929167,1601.95,0.007077,0.012007
0.0699881,2115.14,0.007076,0.011998
0.111644,1113.53,0.007077,0.012016
0.0334507,1012.71,0.007078,0.012034
0.0985292,1336.06,0.007077,0.012008
0.0594629,2053.06,0.007076,0.012002
0.063874,2267.19,0.007076,0.011996
0.0263377,886.904,0.007079,0.012041
0.0804333,1926.72,0.007076,0.012
0.118155,1113.53,0.007077,0.012016
0.126694,913.618,0.007078,0.012025
0.031486,1012.71,0.007078,0.012034
0.119044,1008.89,0.007077,0.01202
0.125649,913.618,0.007078,0.012025
0.0152289,891.052,0.00708,0.012049
0.107266,1218.83,0.007077,0.012012
0.0298726,1012.71,0.007078,0.012034
0.0088794,818.005,0.00708,0.012055
0.104157,1336.06,0.007077,0.012008
0.110675,1218.83,0.007077,0.012012
0.022695,1011.6,0.007079,0.012041
0.0997053,1336.06,0.007077,0.012008
0.0382668,1198.95,0.007078,0.012025
0.0594657,2053.06,0.007076,0.012002
0.0540228,1735.1,0.007077,0.012008
0.100606,1336.06,0.007077,0.012008
0.0390919,1198.95,0.007078,0.012025
0.0458883,1455.94,0.007077,0.012016
0.034926,1198.95,0.007078,0.012025
0.0446423,1455.94,0.007077,0.012016
0.12119,1008.89,0.007077,0.01202
0.0491876,1735.1,0.007077,0.012008
0.0708822,2115.14,0.007076,0.011998
0.0879643,1765.41,0.007076,0.012003
0.122035,1008.89,0.007077,0.01202
0.0357631,1198.95,0.007078,0.012025
0.10019,1336.06,0.007077,0.012008
0.114437,1113.53,0.007077,0.012016
0.113425,1113.53,0.007077,0.012016
0.00657859,785.461,0.00708,0.012058
0.112061,1113.53,0.007077,0.012016
0.0658191,2267.19,0.007076,0.011996
0.106764,1218.83,0.007077,0.012012
0.0287104,1012.71,0.007078,0.012034
0.0645344,2267.19,0.007076,0.011996
0.0865765,1765.41,0.007076,0.012003
0.0275442,886.904,0.007079,0.012041
0.0244315,886.904,0.007079,0.012041
0.0509988,1735.1,0.007077,0.012008
0.106371,1218.83,0.007077,0.012012
0.0892101,1765.41,0.007076,0.012003
0.0921659,1601.95,0.007077,0.012007
0.0670313,2267.19,0.007076,0.011996
0.0870504,1765.41,0.007076,0.012003
0.0686907,2267.19,0.007076,0.011996
0.0647184,2267.19,0.007076,0.011996
0.109403,1218.83,0.007077,0.012012
0.030432,1012.71,0.007078,0.012034
0.0324072,1012.71,0.007078,0.012034
0.0319401,1012.71,0.007078,0.012034
0.100227,1336.06,0.007077,0.012008
0.0589552,2053.06,0.007076,0.012002
0.0291965,1012.71,0.007078,0.012034
0.0545762,1735.1,0.007077,0.012008
0.00793707,818.005,0.00708,0.012055
0.118536,1113.53,0.007077,0.012016
0.0127957,818.005,0.00708,0.012055
0.0898484,1765.41,0.007076,0.012003
0.111156,1218.83,0.007077,0.012012
0.0057454,785.461,0.00708,0.012058
0.0131927,818.005,0.00708,0.012055
0.0042434,785.461,0.00708,0.012058
0.108757,1218.83,0.007077,0.012012
0.0113628,818.005,0.00708,0.012055
0.0604082,1926.72,0.007076,0.012
0.0321848,1012.71,0.007078,0.012034
0.0787288,1926.72,0.007076,0.012
0.113542,1113.53,0.007077,0.012016
0.0315162,1012.71,0.007078,0.012034
0.0662122,2267.19,0.007076,0.011996
0.0754428,2115.14,0.007076,0.011998
0.0776152,1926.72,0.007076,0.012
0.0169827,891.052,0.00708,0.012049
0.0103478,818.005,0.00708,0.012055
0.0465079,1455.94,0.007077,0.012016
0.0228857,1011.6,0.007079,0.012041
0.0377748,1198.95,0.007078,0.012025
0.123516,1008.89,0.007077,0.01202
0.0743709,2115.14,0.007076,0.011998
0.0795319,1926.72,0.007076,0.012
0.108195,1218.83,0.007077,0.012012
0.0788405,1926.72,0.007076,0.012
0.0287581,1012.71,0.007078,0.012034
0.11157,1218.83,0.007077,0.012012
0.0688437,2267.19,0.007076,0.011996
0.00326269,785.461,0.00708,0.012058
0.107134,1218.83,0.007077,0.012012
0.0205717,891.052,0.00708,0.012049
0.0447866,1455.94,0.007077,0.012016
0.0925782,1601.95,0.007077,0.012007
0.125599,913.618,0.007078,0.012025
0.127058,913.618,0.007078,0.012025
0.108325,1218.83,0.007077,0.012012
0.0739262,2115.14,0.007076,0.011998
0.000887576,785.461,0.00708,0.012058
0.110268,1218.83,0.007077,0.012012
0.0165048,891.052,0.00708,0.012049
0.0725733,2115.14,0.007076,0.011998
0.0401173,1198.95,0.007078,0.012025
0.0871187,1765.41,0.007076,0.012003
0.0313097,1012.71,0.007078,0.012034
0.0433468,1455.94,0.007077,0.012016
0.0856212,1765.41,0.007076,0.012003
0.00754926,818.005,0.00708,0.012055
0.0705202,2115.14,0.007076,0.011998
0.0057223,785.461,0.00708,0.012058
0.025694,886.904,0.007079,0.012041
0.0974185,1477.42,0.007076,0.012005
0.0465055,1455.94,0.007077,0.012016
0.118349,1113.53,0.007077,0.012016
0.0586432,2053.06,0.007076,0.012002
0.0372441,1198.95,0.007078,0.012025
0.0285516,1012.71,0.007078,0.012034
0.104854,1218.83,0.007077,0.012012
0.0332229,1012.71,0.007078,0.012034
0.0434256,1455.94,0.007077,0.012016
0.0990926,1336.06,0.007077,0.012008
0.120728,1008.89,0.007077,0.01202
0.117677,1113.53,0.007077,0.012016
0.0961569,1477.42,0.007076,0.012005
0.109058,1218.83,0.007077,0.012012
0.00506461,785.461,0.00708,0.012058
0.00589617,785.461,0.00708,0.012058
0.0510501,2496.12,0.007077,0.012015
0.12607,1529.04,0.007078,0.012031
0.0897568,2316.37,0.007077,0.012014
0.0375386,2224.88,0.007078,0.012027
0.115636,1769.93,0.007078,0.012023
0.110573,1937.94,0.007078,0.012023
0.112499,1937.94,0.007078,0.012023
0.127466,1529.04,0.007078,0.012031
0.110067,1937.94,0.007078,0.012023
0.0600717,2791.33,0.007076,0.012002
0.021664,1882.16,0.007079,0.012038
0.0337544,2224.88,0.007078,0.012027
0.020053,1882.16,0.007079,0.012038
0.0364789,2224.88,0.007078,0.012027
0.0318251,2038.23,0.007078,0.012033
0.103697,2061.39,0.007077,0.01202
0.0317512,2038.23,0.007078,0.012033
0.0822184,2473.53,0.007077,0.012011
0.0401249,2423.94,0.007077,0.012022
0.0382228,2224.88,0.007078,0.012027
0.109108,2061.39,0.007077,0.01202
0.111125,1937.94,0.007078,0.012023
0.0209807,1882.16,0.007079,0.012038
0.0627396,3340.44,0.007076,0.011995
0.0480175,2496.12,0.007077,0.012015
0.06465,3340.44,0.007076,0.011995
0.0868067,2473.53,0.007077,0.012011
0.063962,3340.44,0.007076,0.011995
0.0784569,2791.33,0.007076,0.012002
0.0697418,3026.24,0.007076,0.011998
0.0413613,2423.94,0.007077,0.012022
0.0364565,2224.88,0.007078,0.012027
0.0795225,2791.33,0.007076,0.012002
0.0303776,2038.23,0.007078,0.012033
0.0935221,2316.37,0.007077,0.012014
0.0825894,2473.53,0.007077,0.012011
0.00375658,1139.03,0.00708,0.012056
0.047913,2496.12,0.007077,0.012015
0.0518839,2496.12,0.007077,0.012015
0.0415182,2423.94,0.007077,0.012022
0.0962007,2158.02,0.007077,0.012018
0.00934303,1207.75,0.00708,0.012052
0.0191819,1882.16,0.007079,0.012038
0.0183752,1759.18,0.007079,0.012043
0.00840469,1207.75,0.00708,0.012052
0.109357,1937.94,0.007078,0.012023
0.0651065,3340.44,0.007076,0.011995
0.0574404,2791.33,0.007076,0.012002
0.0965082,2158.02,0.007077,0.012018
0.0184021,1759.18,0.007079,0.012043
0.0444072,2423.94,0.007077,0.012022
0.0232746,1882.16,0.007079,0.012038
0.0612998,3340.44,0.007076,0.011995
0.0507175,2496.12,0.007077,0.012015
0.0808418,2652.04,0.007077,0.012008
0.123988,1529.04,0.007078,0.012031
0.100182,2158.02,0.007077,0.012018
0.0195151,1882.16,0.007079,0.012038
0.00407126,1139.03,0.00708,0.012056
0.0985298,2158.02,0.007077,0.012018
0.0709021,3026.24,0.007076,0.011998
0.120953,1655.96,0.007078,0.012026
0.105418,2061.39,0.007077,0.01202
0.00229012,1139.03,0.00708,0.012056
0.0550654,2791.33,0.007076,0.012002
0.10329,2061.39,0.007077,0.01202
0.00429088,1139.03,0.00708,0.012056
0.0827003,2473.53,0.007077,0.012011
0.116658,1655.96,0.007078,0.012026
0.0281888,2038.23,0.007078,0.012033
0.100282,2158.02,0.007077,0.012018
0.0422357,2423.94,0.007077,0.012022
0.0943238,2316.37,0.007077,0.012014
0.0427429,2423.94,0.007077,0.012022
0.0673474,3340.44,0.007076,0.011995
0.0455235,2237.81,0.007077,0.012021
0.00464477,1207.75,0.00708,0.012052
0.104672,2061.39,0.007077,0.01202
0.0522878,2496.12,0.007077,0.012015
0.00196935,1139.03,0.00708,0.012056
0.118388,1655.96,0.007078,0.012026
0.0604527,3340.44,0.007076,0.011995
0.0271104,2038.23,0.007078,0.012033
0.0341751,2224.88,0.007078,0.012027
0.0167985,1759.18,0.007079,0.012043
0.100183,2158.02,0.007077,0.012018
0.0854273,2473.53,0.007077,0.012011
0.120545,1655.96,0.007078,0.012026
0.0335266,2224.88,0.007078,0.012027
0.0265772,2038.23,0.007078,0.012033
0.0609294,3340.44,0.007076,0.011995
0.00682788,1207.75,0.00708,0.012052
0.03103,2038.23,0.007078,0.012033
0.0640952,3340.44,0.007076,0.011995
0.0472241,2496.12,0.007077,0.012015
0.0405111,2423.94,0.007077,0.012022
0.0197335,1882.16,0.007079,0.012038
0.0254455,1882.16,0.007079,0.012038
0.00662874,1207.75,0.00708,0.012052
0.0558411,2791.33,0.007076,0.012002
0.0186887,1882.16,0.007079,0.012038
0.0945177,2316.37,0.007077,0.012014
0.0604388,3340.44,0.007076,0.011995
0.0734033,3026.24,0.007076,0.011998
0.0208981,1882.16,0.007079,0.012038
0.0793431,2791.33,0.007076,0.012002
0.097419,2158.02,0.007077,0.012018
0.0661057,3340.44,0.007076,0.011995
0.117682,1655.96,0.007078,0.012026
0.0428583,2423.94,0.007077,0.012022
0.0853643,2473.53,0.007077,0.012011
0.0304204,2038.23,0.007078,0.012033
0.0253985,1882.16,0.007079,0.012038
0.0154056,1759.18,0.007079,0.012043
0.12283,1655.96,0.007078,0.012026
0.0397726,2423.94,0.007077,0.012022
0.126507,1529.04,0.007078,0.012031
0.0199758,1882.16,0.007079,0.012038
0.0899238,2316.37,0.007077,0.012014
0.0231761,1882.16,0.007079,0.012038
0.0306444,2038.23,0.007078,0.012033
0.0777315,2791.33,0.007076,0.012002
0.114992,1769.93,0.007078,0.012023
0.036494,2224.88,0.007078,0.012027
0.0363633,2224.88,0.007078,0.012027
0.00402053,1139.03,0.00708,0.012056
0.087498,2473.53,0.007077,0.012011
0.0703912,3026.24,0.007076,0.011998
0.0151356,1759.18,0.007079,0.012043
0.0904273,2316.37,0.007077,0.012014
0.110764,1937.94,0.007078,0.012023
0.0317345,2038.23,0.007078,0.012033
0.11838,1655.96,0.007078,0.012026
0.0803801,2652.04,0.007077,0.012008
0.0605048,3340.44,0.007076,0.011995
0.0518341,2496.12,0.007077,0.012015
0.00962868,1613.66,0.007079,0.012048
0.0429721,2423.94,0.007077,0.012022
0.0496659,2496.12,0.007077,0.012015
0.00830036,1207.75,0.00708,0.012052
0.0183896,1759.18,0.007079,0.012043
0.107608,2061.39,0.007077,0.01202
0.0220429,1882.16,0.007079,0.012038
0.0928644,2316.37,0.007077,0.012014
0.036193,2224.88,0.007078,0.012027
0.022831,1882.16,0.007079,0.012038
0.112937,1937.94,0.007078,0.012023
0.0343142,2224.88,0.007078,0.012027
0.125155,1529.04,0.007078,0.012031
0.0913037,2316.37,0.007077,0.012014
0.0366258,2224.88,0.007078,0.012027
0.0905302,2316.37,0.007077,0.012014
0.0485471,2496.12,0.007077,0.012015
0.041019,2423.94,0.007077,0.012022
0.00369419,1139.03,0.00708,0.012056
0.0777547,2791.33,0.007076,0.012002
0.0351781,2224.88,0.007078,0.012027
0.052674,2496.12,0.007077,0.012015
0.000114959,1139.03,0.00708,0.012056
0.0777617,2791.33,0.007076,0.012002
0.0929281,2316.37,0.007077,0.012014
0.0591151,2791.33,0.007076,0.012002
0.0501081,2496.12,0.007077,0.012015
0.0360715,2224.88,0.007078,0.012027
0.105435,2061.39,0.007077,0.01202
0.117526,1655.96,0.007078,0.012026
0.0413039,2423.94,0.007077,0.012022
0.120994,1655.96,0.007078,0.012026
0.0421884,2423.94,0.007077,0.012022
0.0670482,3340.44,0.007076,0.011995
0.00605905,1207.75,0.00708,0.012052
0.094743,2316.37,0.007077,0.012014
0.080676,2652.04,0.007077,0.012008
0.0402101,2423.94,0.007077,0.012022
0.0150914,1759.18,0.007079,0.012043
0.0899244,2316.37,0.007077,0.012014
0.00118597,1139.03,0.00708,0.012056
0.0326065,2224.88,0.007078,0.012027
0.0313143,2038.23,0.007078,0.012033
0.0384843,2224.88,0.007078,0.012027
0.117083,1655.96,0.007078,0.012026
0.0150532,1759.18,0.007079,0.012043
0.10591,2061.39,0.007077,0.01202
0.122295,1655.96,0.007078,0.012026
0.124319,1529.04,0.007078,0.012031
0.108964,2061.39,0.007077,0.01202
0.0290888,2038.23,0.007078,0.012033
0.086813,2473.53,0.007077,0.012011
0.0888482,2316.37,0.007077,0.012014
0.112656,1937.94,0.007078,0.012023
0.120214,1655.96,0.007078,0.012026
0.108589,2061.39,0.007077,0.01202
0.0735096,3026.24,0.007076,0.011998
0.12038,1655.96,0.007078,0.012026
0.0435296,2423.94,0.007077,0.012022
0.0723823,3026.24,0.007076,0.011998
0.0983878,2158.02,0.007077,0.012018
0.092415,2316.37,0.007077,0.012014
0.0333728,2224.88,0.007078,0.012027
0.106582,2061.39,0.007077,0.01202
0.0530743,2496.12,0.007077,0.012015
0.0234823,1882.16,0.007079,0.012038
0.0551708,2791.33,0.007076,0.012002
0.0555744,2791.33,0.007076,0.012002
0.0732059,3026.24,0.007076,0.011998
0.104193,2061.39,0.007077,0.01202
0.0174663,1759.18,0.007079,0.012043
0.0903631,2316.37,0.007077,0.012014
0.0944312,2316.37,0.007077,0.012014
0.0835349,2473.53,0.007077,0.012011
0.0759715,2791.33,0.007076,0.012002
0.0389595,2224.88,0.007078,0.012027
0.0370927,2224.88,0.007078,0.012027
0.0434756,2423.94,0.007077,0.012022
0.0920342,2316.37,0.007077,0.012014
0.0478479,2496.12,0.007077,0.012015
0.0364497,2224.88,0.007078,0.012027
0.0460055,2237.81,0.007077,0.012021
0.0477502,2496.12,0.007077,0.012015
0.0893554,2316.37,0.007077,0.012014
0.0239136,1882.16,0.007079,0.012038
0.0907376,2316.37,0.007077,0.012014
0.0868261,2473.53,0.007077,0.012011
0.0950761,2316.37,0.007077,0.012014
0.0944661,2316.37,0.007077,0.012014
0.0334745,2224.88,0.007078,0.012027
0.103964,2061.39,0.007077,0.01202
0.0233429,1882.16,0.007079,0.012038
0.0490214,2496.12,0.007077,0.012015
0.0988282,2158.02,0.007077,0.012018
0.053957,2791.33,0.007076,0.012002
0.0733478,3026.24,0.007076,0.011998
0.0994285,2158.02,0.007077,0.012018
0.0533572,2496.12,0.007077,0.012015
0.0437897,2423.94,0.007077,0.012022
0.0791352,2791.33,0.007076,0.012002
0.12379,1529.04,0.007078,0.012031
0.0511003,2496.12,0.007077,0.012015
0.116496,1655.96,0.007078,0.012026
0.00706449,1207.75,0.00708,0.012052
0.112569,1937.94,0.007078,0.012023
0.0168925,1759.18,0.007079,0.012043
0.103609,2061.39,0.007077,0.01202
0.106928,2061.39,0.007077,0.01202
0.0913768,2316.37,0.007077,0.012014
0.0277582,2038.23,0.007078,0.012033
0.125085,1529.04,0.007078,0.012031
0.0404626,2423.94,0.007077,0.012022
0.0632592,3340.44,0.007076,0.011995
0.0671003,3340.44,0.007076,0.011995
0.0748785,2791.33,0.007076,0.012002
0.08508,2473.53,0.007077,0.012011
0.0250598,1882.16,0.007079,0.012038
0.0959291,2158.02,0.007077,0.012018
0.0519952,2496.12,0.007077,0.012015
0.105858,2061.39,0.007077,0.01202
0.0819105,2473.53,0.007077,0.012011
0.120704,1655.96,0.007078,0.012026
0.0171636,1759.18,0.007079,0.012043
0.115942,1769.93,0.007078,0.012023
0.0457139,2237.81,0.007077,0.012021
0.0134872,1759.18,0.007079,0.012043
0.119707,1655.96,0.007078,0.012026
0.081316,2652.04,0.007077,0.012008
0.0200981,1882.16,0.007079,0.012038
0.0395757,2423.94,0.007077,0.012022
0.00894728,1207.75,0.00708,0.012052
0.113412,1937.94,0.007078,0.012023
0.038196,2224.88,0.007078,0.012027
0.0319048,2038.23,0.007078,0.012033
0.0194167,1882.16,0.007079,0.012038
0.0593266,2791.33,0.007076,0.012002
0.0627782,3340.44,0.007076,0.011995
0.0121586,1759.18,0.007079,0.012043
0.111098,1937.94,0.007078,0.012023
0.0321457,2038.23,0.007078,0.012033
0.033002,2224.88,0.007078,0.012027
0.0237317,1882.16,0.007079,0.012038
0.00729799,1207.75,0.00708,0.012052
0.0791939,2791.33,0.007076,0.012002
0.0823367,2473.53,0.007077,0.012011
0.105803,2061.39,0.007077,0.01202
0.0810837,2652.04,0.007077,0.012008
0.0418214,2423.94,0.007077,0.012022
0.0681273,3026.24,0.007076,0.011998
0.123688,1529.04,0.007078,0.012031
0.0958576,2158.02,0.007077,0.012018
0.0578739,2791.33,0.007076,0.012002
0.0633693,3340.44,0.007076,0.011995
0.0890954,2316.37,0.007077,0.012014
0.0989525,2158.02,0.007077,0.012018
0.0942244,2316.37,0.007077,0.012014
0.098133,2158.02,0.007077,0.012018
0.0523947,2496.12,0.007077,0.012015
0.0343351,2224.88,0.007078,0.012027
0.0204914,1882.16,0.007079,0.012038
0.123927,1529.04,0.007078,0.012031
0.0874583,2473.53,0.007077,0.012011
0.0332372,2224.88,0.007078,0.012027
0.0415035,2423.94,0.007077,0.012022
0.00311035,1139.03,0.00708,0.012056
0.071247,3026.24,0.007076,0.011998
0.00280602,1139.03,0.00708,0.012056
0.00390739,1139.03,0.00708,0.012056
0.0347964,2224.88,0.007078,0.012027
9.12344e-05,1139.03,0.00708,0.012056
0.0577251,2791.33,0.007076,0.012002
0.0415271,2423.94,0.007077,0.012022
0.123823,1529.04,0.007078,0.012031
0.038779,2224.88,0.007078,0.012027
0.0911086,2316.37,0.007077,0.012014
0.125187,1529.04,0.007078,0.012031
0.125368,1529.04,0.007078,0.012031
0.0778295,2791.33,0.007076,0.012002
0.0916892,2316.37,0.007077,0.012014
0.0897794,2316.37,0.007077,0.012014
0.0571973,2791.33,0.007076,0.012002
0.121238,1655.96,0.007078,0.012026
0.103743,2061.39,0.007077,0.01202
0.0371343,2224.88,0.007078,0.012027
0.124557,1529.04,0.007078,0.012031
0.00205777,1139.03,0.00708,0.012056
0.0675529,3026.24,0.007076,0.011998
0.0541154,2791.33,0.007076,0.012002
0.125275,1529.04,0.007078,0.012031
0.126452,1529.04,0.007078,0.012031
0.0718334,3026.24,0.007076,0.011998
0.0901233,2316.37,0.007077,0.012014
0.0190675,1882.16,0.007079,0.012038
0.0169903,1759.18,0.007079,0.012043
0.0642051,3340.44,0.007076,0.011995
0.0197642,1882.16,0.007079,0.012038
0.0663427,3340.44,0.007076,0.011995
0.0021999,1139.03,0.00708,0.012056
0.0717008,3026.24,0.007076,0.011998
0.100834,2158.02,0.007077,0.012018
0.0612776,3340.44,0.007076,0.011995
0.0301948,2038.23,0.007078,0.012033
0.000339796,1139.03,0.00708,0.012056
0.0307113,2038.23,0.007078,0.012033
0.0851053,2473.53,0.007077,0.012011
0.121939,1655.96,0.007078,0.012026
0.0603895,3340.44,0.007076,0.011995
0.121374,1655.96,0.007078,0.012026
0.0551109,2791.33,0.007076,0.012002
0.108563,2061.39,0.007077,0.01202
0.01439,1759.18,0.007079,0.012043
0.0272508,2038.23,0.007078,0.012033
0.0167664,1759.18,0.007079,0.012043
0.109211,2061.39,0.007077,0.01202
0.0052148,1207.75,0.00708,0.012052
0.0400137,2423.94,0.007077,0.012022
0.116582,1655.96,0.007078,0.012026
0.0282829,2038.23,0.007078,0.012033
0.0138176,1759.18,0.007079,0.012043
0.0141557,1759.18,0.007079,0.012043
0.0686399,3026.24,0.007076,0.011998
0.0793626,2791.33,0.007076,0.012002
0.0896913,2316.37,0.007077,0.012014
0.0517249,2496.12,0.007077,0.012015
0.124914,1529.04,0.007078,0.012031
0.078482,2791.33,0.007076,0.012002
0.119979,1655.96,0.007078,0.012026
0.0123732,1759.18,0.007079,0.012043
0.0363989,2224.88,0.007078,0.012027
0.107528,2061.39,0.007077,0.01202
0.0144972,1759.18,0.007079,0.012043
0.122091,1655.96,0.007078,0.012026
0.118348,1655.96,0.007078,0.012026
0.113903,1937.94,0.007078,0.012023
0.0884902,2316.37,0.007077,0.012014
0.0303319,2038.23,0.007078,0.012033
0.0370119,2224.88,0.007078,0.012027
0.0428058,2423.94,0.007077,0.012022
0.119949,1655.96,0.007078,0.012026
0.0926592,2316.37,0.007077,0.012014
0.0526052,2496.12,0.007077,0.012015
0.038305,2224.88,0.007078,0.012027
0.0633554,3340.44,0.007076,0.011995
0.0946697,2316.37,0.007077,0.012014
0.107618,2061.39,0.007077,0.01202
0.082747,2473.53,0.007077,0.012011
0.0534889,2791.33,0.007076,0.012002
0.0606999,3340.44,0.007076,0.011995
0.127484,1529.04,0.007078,0.012031
0.035856,2224.88,0.007078,0.012027
0.0483712,2496.12,0.007077,0.012015
0.0683738,3026.24,0.007076,0.011998
0.0647399,3340.44,0.007076,0.011995
0.0397142,2423.94,0.007077,0.012022
0.0111538,1613.66,0.007079,0.012048
0.0357079,2224.88,0.007078,0.012027
0.076929,2791.33,0.007076,0.012002
0.0817631,2473.53,0.007077,0.012011
0.0765681,2791.33,0.007076,0.012002
0.0991934,2158.02,0.007077,0.012018
0.073282,3026.24,0.007076,0.011998
0.0835138,2473.53,0.007077,0.012011
0.0949326,2316.37,0.007077,0.012014
0.118416,1655.96,0.007078,0.012026
0.0454962,2237.81,0.007077,0.012021
0.0518619,2496.12,0.007077,0.012015
0.120615,1655.96,0.007078,0.012026
0.125222,1529.04,0.007078,0.012031
0.015811,1759.18,0.007079,0.012043
0.0493576,2496.12,0.007077,0.012015
0.0324124,2038.23,0.007078,0.012033
0.0308896,2038.23,0.007078,0.012033
0.0889429,2316.37,0.007077,0.012014
0.0960399,2158.02,0.007077,0.012018
0.0640521,3340.44,0.007076,0.011995
0.0892553,2316.37,0.007077,0.012014
0.0304507,2038.23,0.007078,0.012033
0.0614375,3340.44,0.007076,0.011995
0.035588,2224.88,0.007078,0.012027
0.101548,2158.02,0.007077,0.012018
0.0519612,2496.12,0.007077,0.012015
0.0177236,1759.18,0.007079,0.012043
0.00452999,1207.75,0.00708,0.012052
0.0216636,1882.16,0.007079,0.012038
0.0877907,2473.53,0.007077,0.012011
0.0917366,2316.37,0.007077,0.012014
0.0455828,2237.81,0.007077,0.012021
0.0583061,2791.33,0.007076,0.012002
0.109688,1937.94,0.007078,0.012023
0.11506,1769.93,0.007078,0.012023
0.0602892,2791.33,0.007076,0.012002
0.119504,1655.96,0.007078,0.012026
0.114371,1769.93,0.007078,0.012023
0.0456613,2237.81,0.007077,0.012021
0.083483,2473.53,0.007077,0.012011
0.0944665,2316.37,0.007077,0.012014
0.100737,2158.02,0.007077,0.012018
0.0782078,2791.33,0.007076,0.012002
0.0876681,2473.53,0.007077,0.012011
0.0346561,2224.88,0.007078,0.012027
0.05788,2791.33,0.007076,0.012002
0.0717498,3026.24,0.007076,0.011998
0.0600204,2791.33,0.007076,0.012002
0.0968763,2158.02,0.007077,0.012018
0.0770304,2791.33,0.007076,0.012002
0.0572535,2791.33,0.007076,0.012002
0.041497,2423.94,0.007077,0.012022
0.118844,1655.96,0.007078,0.012026
0.0740397,3026.24,0.007076,0.011998
0.0411852,2423.94,0.007077,0.012022
0.0183448,370.896,0.007078,0.012034
0.0864394,1477.42,0.007076,0.012005
0.0144976,258.77,0.00708,0.012049
0.0628809,1961.63,0.007076,0.011989
0.0668675,1765.72,0.007076,0.011991
0.0745674,1553.82,0.007076,0.011994
0.118978,1198.95,0.007078,0.012025
0.0510556,1553.82,0.007076,0.011994
0.0596038,1961.63,0.007076,0.011989
0.0821918,1642.72,0.007076,0.012001
0.0589237,1961.63,0.007076,0.011989
0.0209518,370.896,0.007078,0.012034
0.0780559,1642.72,0.007076,0.012001
0.0716749,1553.82,0.007076,0.011994
0.0290308,702.502,0.007077,0.012007
0.0789604,1642.72,0.007076,0.012001
0.05619,1553.82,0.007076,0.011994
0.0526346,1553.82,0.007076,0.011994
0.0314542,702.502,0.007077,0.012007
0.107433,1113.53,0.007077,0.012016
0.00523809,108.997,0.00708,0.012057
0.0989533,1218.83,0.007077,0.012012
0.00562833,108.997,0.00708,0.012057
0.110427,1113.53,0.007077,0.012016
0.0846457,1477.42,0.007076,0.012005
0.0878894,1477.42,0.007076,0.012005
0.0501502,1553.82,0.007076,0.011994
0.00253015,108.997,0.00708,0.012057
0.0823437,1642.72,0.007076,0.012001
0.11984,1124.03,0.007078,0.012028
0.081256,1642.72,0.007076,0.012001
0.0447172,1287.71,0.007076,0.011999
0.00413959,108.997,0.00708,0.012057
0.0663109,1765.72,0.007076,0.011991
0.0925122,1336.06,0.007077,0.012008
0.026695,522.828,0.007077,0.012019
0.0594795,1961.63,0.007076,0.011989
0.0842731,1642.72,0.007076,0.012001
0.0372883,913.319,0.007076,0.011998
0.0352063,702.502,0.007077,0.012007
0.0148423,370.896,0.007078,0.012034
0.0904962,1477.42,0.007076,0.012005
0.0359544,913.319,0.007076,0.011998
0.0226038,522.828,0.007077,0.012019
0.116373,1198.95,0.007078,0.012025
0.0848791,1477.42,0.007076,0.012005
0.00724786,108.997,0.00708,0.012057
0.0453949,1287.71,0.007076,0.011999
0.079273,1642.72,0.007076,0.012001
0.0908071,1477.42,0.007076,0.012005
0.0540433,1553.82,0.007076,0.011994
0.0174135,370.896,0.007078,0.012034
0.11849,1198.95,0.007078,0.012025
0.101598,1218.83,0.007077,0.012012
0.00741088,108.997,0.00708,0.012057
0.0878791,1477.42,0.007076,0.012005
0.0834555,1642.72,0.007076,0.012001
0.0362293,913.319,0.007076,0.011998
0.0868501,1477.42,0.007076,0.012005
0.00309518,108.997,0.00708,0.012057
0.0776627,1441.31,0.007076,0.011995
0.11972,1124.03,0.007078,0.012028
0.0304276,702.502,0.007077,0.012007
0.0453568,1287.71,0.007076,0.011999
0.104359,1218.83,0.007077,0.012012
0.0186666,370.896,0.007078,0.012034
0.0141486,258.77,0.00708,0.012049
0.0181358,370.896,0.007078,0.012034
0.0473446,1287.71,0.007076,0.011999
0.0972108,1336.06,0.007077,0.012008
0.0837529,1642.72,0.007076,0.012001
0.10526,1218.83,0.007077,0.012012
0.125414,1124.03,0.007078,0.012028
0.119765,1124.03,0.007078,0.012028
0.0793648,1642.72,0.007076,0.012001
0.0951771,1336.06,0.007077,0.012008
0.019945,370.896,0.007078,0.012034
0.0512938,1553.82,0.007076,0.011994
0.0909587,1477.42,0.007076,0.012005
0.108663,1113.53,0.007077,0.012016
0.0512946,1553.82,0.007076,0.011994
0.0132401,258.77,0.00708,0.012049
0.0516615,1553.82,0.007076,0.011994
0.0558289,1553.82,0.007076,0.011994
0.0225605,522.828,0.007077,0.012019
0.0747263,1553.82,0.007076,0.011994
0.101797,1218.83,0.007077,0.012012
0.118459,1198.95,0.007078,0.012025
0.0205688,370.896,0.007078,0.012034
0.126134,1124.03,0.007078,0.012028
0.00558967,108.997,0.00708,0.012057
0.0853717,1477.42,0.007076,0.012005
0.0716036,1553.82,0.007076,0.011994
0.0971764,1336.06,0.007077,0.012008
0.0149973,370.896,0.007078,0.012034
0.109658,1113.53,0.007077,0.012016
0.0602915,1961.63,0.007076,0.011989
0.0965446,1336.06,0.007077,0.012008
0.0801456,1642.72,0.007076,0.012001
0.000514307,86.6383,0.00708,0.01205
0.109491,1113.53,0.007077,0.012016
0.0595344,1961.63,0.007076,0.011989
0.0622806,1961.63,0.007076,0.011989
0.0271073,522.828,0.007077,0.012019
0.0980928,1336.06,0.007077,0.012008
0.0748998,1553.82,0.007076,0.011994
0.0413739,913.319,0.007076,0.011998
0.100624,1218.83,0.007077,0.012012
0.089563,1477.42,0.007076,0.012005
0.00851645,188.72,0.007079,0.012038
0.0108996,258.77,0.00708,0.012049
0.126212,1124.03,0.007078,0.012028
0.0449486,1287.71,0.007076,0.011999
0.00519259,108.997,0.00708,0.012057
0.0317188,702.502,0.007077,0.012007
0.0919528,1336.06,0.007077,0.012008
0.10846,1113.53,0.007077,0.012016
0.0905741,1477.42,0.007076,0.012005
0.117243,1198.95,0.007078,0.012025
0.0369709,913.319,0.007076,0.011998
0.062516,1961.63,0.007076,0.011989
0.110933,1113.53,0.007077,0.012016
0.0213456,370.896,0.007078,0.012034
0.0581642,1961.63,0.007076,0.011989
0.0712747,1553.82,0.007076,0.011994
0.0329824,702.502,0.007077,0.012007
0.0269424,522.828,0.007077,0.012019
0.0347621,702.502,0.007077,0.012007
0.0614073,1961.63,0.007076,0.011989
0.0173833,370.896,0.007078,0.012034
0.123746,1124.03,0.007078,0.012028
0.103789,1218.83,0.007077,0.012012
0.10006,1218.83,0.007077,0.012012
0.0393616,913.319,0.007076,0.011998
0.110638,1113.53,0.007077,0.012016
0.116135,1198.95,0.007078,0.012025
0.0202132,370.896,0.007078,0.012034
0.0921748,1336.06,0.007077,0.012008
0.028575,522.828,0.007077,0.012019
0.0540461,1553.82,0.007076,0.011994
0.0729839,1553.82,0.007076,0.011994
0.0608328,1961.63,0.007076,0.011989
0.102508,1218.83,0.007077,0.012012
0.0465607,1287.71,0.007076,0.011999
0.118444,1198.95,0.007078,0.012025
0.00711642,108.997,0.00708,0.012057
0.098816,1218.83,0.007077,0.012012
0.115645,1198.95,0.007078,0.012025
0.020142,370.896,0.007078,0.012034
0.106605,1113.53,0.007077,0.012016
0.0957548,1336.06,0.007077,0.012008
0.0651082,1765.72,0.007076,0.011991
0.055541,1553.82,0.007076,0.011994
0.0308979,702.502,0.007077,0.012007
0.126258,1124.03,0.007078,0.012028
0.112322,1314.92,0.007077,0.01202
0.061234,1961.63,0.007076,0.011989
0.113284,1198.95,0.007078,0.012025
0.0945775,1336.06,0.007077,0.012008
0.105036,1218.83,0.007077,0.012012
0.0729409,1553.82,0.007076,0.011994
0.10771,1113.53,0.007077,0.012016
0.0113593,258.77,0.00708,0.012049
0.0291534,702.502,0.007077,0.012007
0.103448,1218.83,0.007077,0.012012
0.020223,370.896,0.007078,0.012034
0.0764109,1553.82,0.007076,0.011994
0.010614,258.77,0.00708,0.012049
0.0607642,1961.63,0.007076,0.011989
0.047929,1287.71,0.007076,0.011999
0.126217,1124.03,0.007078,0.012028
0.106776,1113.53,0.007077,0.012016
0.00629917,108.997,0.00708,0.012057
0.0401243,913.319,0.007076,0.011998
0.0745295,1553.82,0.007076,0.011994
0.118203,1198.95,0.007078,0.012025
0.117295,1198.95,0.007078,0.012025
0.0355131,702.502,0.007077,0.012007
0.0189879,370.896,0.007078,0.012034
0.0114585,258.77,0.00708,0.012049
0.126841,1012.71,0.007078,0.012034
0.070141,1765.72,0.007076,0.011991
0.0408581,913.319,0.007076,0.011998
0.0296278,702.502,0.007077,0.012007
0.0162451,370.896,0.007078,0.012034
0.0822061,1642.72,0.007076,0.012001
0.0877942,1477.42,0.007076,0.012005
0.00651846,108.997,0.00708,0.012057
0.0466628,1287.71,0.007076,0.011999
0.0544334,1553.82,0.007076,0.011994
0.10949,1113.53,0.007077,0.012016
0.0805972,1642.72,0.007076,0.012001
0.120607,1124.03,0.007078,0.012028
0.100971,1218.83,0.007077,0.012012
0.01281,258.77,0.00708,0.012049
0.103123,1218.83,0.007077,0.012012
0.0611502,1961.63,0.007076,0.011989
0.115597,1198.95,0.007078,0.012025
0.040643,913.319,0.007076,0.011998
0.0686904,1765.72,0.007076,0.011991
0.0909336,1477.42,0.007076,0.012005
0.0173663,370.896,0.007078,0.012034
0.0748891,1553.82,0.007076,0.011994
0.0395518,913.319,0.007076,0.011998
0.0919756,1336.06,0.007077,0.012008
0.0928426,1336.06,0.007077,0.012008
0.0832592,1642.72,0.007076,0.012001
0.117073,1198.95,0.007078,0.012025
0.0940816,1336.06,0.007077,0.012008
0.0868517,1477.42,0.007076,0.012005
0.0963237,1336.06,0.007077,0.012008
0.0340995,702.502,0.007077,0.012007
0.116046,1198.95,0.007078,0.012025
0.0829595,1642.72,0.007076,0.012001
0.112657,1198.95,0.007078,0.012025
0.11462,1198.95,0.007078,0.012025
0.0757001,1553.82,0.007076,0.011994
0.0551549,1553.82,0.007076,0.011994
0.0039797,108.997,0.00708,0.012057
0.120383,1124.03,0.007078,0.012028
0.0968398,1336.06,0.007077,0.012008
0.0984821,1336.06,0.007077,0.012008
0.0482307,1287.71,0.007076,0.011999
0.0739889,1553.82,0.007076,0.011994
0.0170739,370.896,0.007078,0.012034
0.00349819,108.997,0.00708,0.012057
0.124904,1124.03,0.007078,0.012028
0.0788608,1642.72,0.007076,0.012001
0.123421,1124.03,0.007078,0.012028
0.124592,1124.03,0.007078,0.012028
0.0303047,702.502,0.007077,0.012007
0.126715,1012.71,0.007078,0.012034
0.0192016,370.896,0.007078,0.012034
0.112047,1314.92,0.007077,0.01202
0.119937,1124.03,0.007078,0.012028
0.0520932,1553.82,0.007076,0.011994
0.0150607,370.896,0.007078,0.012034
0.0746412,1553.82,0.007076,0.011994
0.103927,1218.83,0.007077,0.012012
0.076263,1553.82,0.007076,0.011994
0.0592479,1961.63,0.007076,0.011989
0.0845769,1642.72,0.007076,0.012001
0.12597,1124.03,0.007078,0.012028
0.0394658,913.319,0.007076,0.011998
0.0331974,702.502,0.007077,0.012007
0.00388926,108.997,0.00708,0.012057
0.0903507,1477.42,0.007076,0.012005
0.0230717,522.828,0.007077,0.012019
0.0744769,1553.82,0.007076,0.011994
0.0592889,1961.63,0.007076,0.011989
0.0737192,1553.82,0.007076,0.011994
0.118085,1198.95,0.007078,0.012025
0.0553851,1553.82,0.007076,0.011994
0.0338792,702.502,0.007077,0.012007
0.103211,1218.83,0.007077,0.012012
0.119858,1124.03,0.007078,0.012028
0.117979,1198.95,0.007078,0.012025
0.123793,1124.03,0.007078,0.012028
0.0909687,1477.42,0.007076,0.012005
0.0670659,1765.72,0.007076,0.011991
0.0503948,1553.82,0.007076,0.011994
0.0950383,1336.06,0.007077,0.012008
0.0671014,1765.72,0.007076,0.011991
0.125905,1124.03,0.007078,0.012028
0.0889296,1477.42,0.007076,0.012005
0.0916246,1336.06,0.007077,0.012008
0.0800502,1642.72,0.007076,0.012001
0.0188426,370.896,0.007078,0.012034
0.123769,1124.03,0.007078,0.012028
0.082093,1642.72,0.007076,0.012001
0.124662,1124.03,0.007078,0.012028
0.0752973,1553.82,0.007076,0.011994
0.00464931,108.997,0.00708,0.012057
0.096728,1336.06,0.007077,0.012008
0.00958899,188.72,0.007079,0.012038
0.0455661,1287.71,0.007076,0.011999
0.0909545,1477.42,0.007076,0.012005
0.117761,1198.95,0.007078,0.012025
0.001288,108.997,0.00708,0.012057
0.0675066,1765.72,0.007076,0.011991
0.0203558,370.896,0.007078,0.012034
0.0101609,188.72,0.007079,0.012038
0.111579,1314.92,0.007077,0.01202
0.0600538,1961.63,0.007076,0.011989
0.0639785,1765.72,0.007076,0.011991
0.104268,1218.83,0.007077,0.012012
0.0333095,702.502,0.007077,0.012007
0.052178,1553.82,0.007076,0.011994
0.0448599,1287.71,0.007076,0.011999
0.0186637,370.896,0.007078,0.012034
0.0423018,913.319,0.007076,0.011998
0.114763,1198.95,0.007078,0.012025
0.0635815,1961.63,0.007076,0.011989
0.0244009,522.828,0.007077,0.012019
0.0115248,258.77,0.00708,0.012049
0.00158049,108.997,0.00708,0.012057
0.047688,1287.71,0.007076,0.011999
0.125263,1124.03,0.007078,0.012028
0.124428,1124.03,0.007078,0.012028
0.0441927,1143.11,0.007076,0.011991
0.0297334,702.502,0.007077,0.012007
0.107365,1113.53,0.007077,0.012016
0.120813,1124.03,0.007078,0.012028
0.0893549,1477.42,0.007076,0.012005
0.119387,1198.95,0.007078,0.012025
0.0941375,1336.06,0.007077,0.012008
0.0561758,1553.82,0.007076,0.011994
0.0360449,913.319,0.007076,0.011998
0.0662592,1765.72,0.007076,0.011991
0.0665912,1765.72,0.007076,0.011991
0.0144669,258.77,0.00708,0.012049
0.105442,1218.83,0.007077,0.012012
0.0130065,258.77,0.00708,0.012049
0.0576408,1961.63,0.007076,0.011989
0.0614996,1961.63,0.007076,0.011989
0.060815,1961.63,0.007076,0.011989
0.0779582,1642.72,0.007076,0.012001
0.000679521,86.6383,0.00708,0.01205
0.0845735,1642.72,0.007076,0.012001
0.0881552,1477.42,0.007076,0.012005
0.0184748,370.896,0.007078,0.012034
0.0373036,913.319,0.007076,0.011998
0.00234806,108.997,0.00708,0.012057
0.00218847,108.997,0.00708,0.012057
0.0146299,258.77,0.00708,0.012049
0.0904891,1477.42,0.007076,0.012005
0.0742602,1553.82,0.007076,0.011994
0.0798732,1642.72,0.007076,0.012001
0.0029973,108.997,0.00708,0.012057
0.0670842,1765.72,0.007076,0.011991
0.0861017,1477.42,0.007076,0.012005
0.0784397,1642.72,0.007076,0.012001
0.0854256,1477.42,0.007076,0.012005
0.0609818,1961.63,0.007076,0.011989
0.0428985,1143.11,0.007076,0.011991
0.028215,522.828,0.007077,0.012019
0.0326094,702.502,0.007077,0.012007
0.0640996,1765.72,0.007076,0.011991
0.062941,1961.63,0.007076,0.011989
0.0621803,1961.63,0.007076,0.011989
0.0430189,1143.11,0.007076,0.011991
0.00244405,108.997,0.00708,0.012057
0.11503,1198.95,0.007078,0.012025
0.105327,1218.83,0.007077,0.012012
0.0972024,1336.06,0.007077,0.012008
0.0369925,913.319,0.007076,0.011998
0.0929336,1336.06,0.007077,0.012008
0.0152826,370.896,0.007078,0.012034
0.108968,1113.53,0.007077,0.012016
0.0884348,1477.42,0.007076,0.012005
0.100578,1218.83,0.007077,0.012012
0.0251264,522.828,0.007077,0.012019
0.0467926,1287.71,0.007076,0.011999
0.0393612,913.319,0.007076,0.011998
0.0153761,370.896,0.007078,0.012034
0.100948,1218.83,0.007077,0.012012
0.0143676,258.77,0.00708,0.012049
0.0254808,522.828,0.007077,0.012019
0.0200802,370.896,0.007078,0.012034
0.0626639,1961.63,0.007076,0.011989
0.0610688,1961.63,0.007076,0.011989
0.0602719,1961.63,0.007076,0.011989
0.0688671,1765.72,0.007076,0.011991
0.0921575,1336.06,0.007077,0.012008
0.0940068,1336.06,0.007077,0.012008
0.105531,1218.83,0.007077,0.012012
0.0891439,1477.42,0.007076,0.012005
0.0799123,1642.72,0.007076,0.012001
0.00600046,108.997,0.00708,0.012057
0.00731529,108.997,0.00708,0.012057
0.00678599,108.997,0.00708,0.012057
0.020572,370.896,0.007078,0.012034
0.0021925,108.997,0.00708,0.012057
0.0572363,1961.63,0.007076,0.011989
0.0357159,913.319,0.007076,0.011998
0.0930038,1336.06,0.007077,0.012008
0.0798509,1642.72,0.007076,0.012001
0.103562,1218.83,0.007077,0.012012
0.022689,522.828,0.007077,0.012019
0.0935812,1336.06,0.007077,0.012008
0.0130336,258.77,0.00708,0.012049
0.032986,702.502,0.007077,0.012007
0.0174548,370.896,0.007078,0.012034
0.0360271,913.319,0.007076,0.011998
0.0683789,1765.72,0.007076,0.011991
0.113189,1198.95,0.007078,0.012025
0.115233,1198.95,0.007078,0.012025
0.0919286,1336.06,0.007077,0.012008
0.119303,1198.95,0.007078,0.012025
0.0502145,1553.82,0.007076,0.011994
0.0323721,702.502,0.007077,0.012007
0.0717079,1553.82,0.007076,0.011994
0.0643666,1765.72,0.007076,0.011991
0.061838,1961.63,0.007076,0.011989
0.0700352,1765.72,0.007076,0.011991
0.0141287,1287.71,0.007076,0.011999
0.000461699,837.822,0.007077,0.012015
0.0537173,1477.42,0.007076,0.012005
0.006631,1053.78,0.007076,0.012006
0.047747,1642.72,0.007076,0.012001
0.0200939,1553.82,0.007076,0.011994
0.036627,1802.78,0.007076,0.011998
0.0431659,1642.72,0.007076,0.012001
0.00146012,1053.78,0.007076,0.012006
0.0468273,1642.72,0.007076,0.012001
0.0312577,1991.16,0.007076,0.011996
0.0308666,1991.16,0.007076,0.011996
0.037593,1802.78,0.007076,0.011998
0.00418925,1053.78,0.007076,0.012006
0.0241364,1961.63,0.007076,0.011989
0.0105945,1287.71,0.007076,0.011999
0.0247324,1961.63,0.007076,0.011989
0.0233533,1961.63,0.007076,0.011989
0.0236104,1961.63,0.007076,0.011989
0.0234402,1961.63,0.007076,0.011989
0.00430865,1053.78,0.007076,0.012006
0.0456447,1642.72,0.007076,0.012001
0.0302287,1991.16,0.007076,0.011996
0.0224322,1961.63,0.007076,0.011989
0.0363101,1802.78,0.007076,0.011998
0.0197035,1553.82,0.007076,0.011994
0.0540216,1477.42,0.007076,0.012005
0.0422674,1802.78,0.007076,0.011998
0.0362561,1802.78,0.007076,0.011998
0.014335,1287.71,0.007076,0.011999
0.0155827,1553.82,0.007076,0.011994
0.0341864,1991.16,0.007076,0.011996
0.0419351,1802.78,0.007076,0.011998
0.0557787,1477.42,0.007076,0.012005
0.0394543,1802.78,0.007076,0.011998
0.0420688,1802.78,0.007076,0.011998
0.0199902,1553.82,0.007076,0.011994
0.0523212,1477.42,0.007076,0.012005
0.0543183,1477.42,0.007076,0.012005
0.0405558,1802.78,0.007076,0.011998
0.0521853,1477.42,0.007076,0.012005
0.0215479,1553.82,0.007076,0.011994
0.0531478,1477.42,0.007076,0.012005
0.0283592,2149.98,0.007076,0.011994
0.0438093,1642.72,0.007076,0.012001
0.0549177,1477.42,0.007076,0.012005
0.0349451,1991.16,0.007076,0.011996
0.0532152,1477.42,0.007076,0.012005
0.00893644,1287.71,0.007076,0.011999
0.0335546,1991.16,0.007076,0.011996
0.0033171,1053.78,0.007076,0.012006
0.035041,1991.16,0.007076,0.011996
0.0122081,1287.71,0.007076,0.011999
0.0552206,1477.42,0.007076,0.012005
0.0517255,1477.42,0.007076,0.012005
0.0223062,1961.63,0.007076,0.011989
0.0557156,1477.42,0.007076,0.012005
0.0372915,1802.78,0.007076,0.011998
0.0209912,1553.82,0.007076,0.011994
0.0532416,1477.42,0.007076,0.012005
0.0393635,1802.78,0.007076,0.011998
0.0552522,1477.42,0.007076,0.012005
0.00199711,1053.78,0.007076,0.012006
0.0497017,1477.42,0.007076,0.012005
0.0446536,1642.72,0.007076,0.012001
0.011324,1287.71,0.007076,0.011999
0.0289066,1991.16,0.007076,0.011996
0.0361569,1802.78,0.007076,0.011998
0.0392475,1802.78,0.007076,0.011998
0.00801983,1287.71,0.007076,0.011999
0.0306204,1991.16,0.007076,0.011996
0.0121709,1287.71,0.007076,0.011999
0.0414725,1802.78,0.007076,0.011998
0.043876,1642.72,0.007076,0.012001
0.0224808,1961.63,0.007076,0.011989
0.0147557,1553.82,0.007076,0.011994
0.00940487,1287.71,0.007076,0.011999
0.00316811,1053.78,0.007076,0.012006
0.0291251,1991.16,0.007076,0.011996
0.00567111,1053.78,0.007076,0.012006
0.0196003,1553.82,0.007076,0.011994
0.0540745,1477.42,0.007076,0.012005
0.0196804,1553.82,0.007076,0.011994
0.0268107,2149.98,0.007076,0.011994
0.0370064,1802.78,0.007076,0.011998
0.0252867,1961.63,0.007076,0.011989
0.0128906,1287.71,0.007076,0.011999
0.0210001,1553.82,0.007076,0.011994
0.0383623,1802.78,0.007076,0.011998
0.0300304,1991.16,0.007076,0.011996
0.0480224,1642.72,0.007076,0.012001
0.0515771,1477.42,0.007076,0.012005
0.0153826,1553.82,0.007076,0.011994
0.046042,1642.72,0.007076,0.012001
0.00418804,1053.78,0.007076,0.012006
0.00465991,1053.78,0.007076,0.012006
0.00780248,1287.71,0.007076,0.011999
0.00996093,1287.71,0.007076,0.011999
0.0205425,1553.82,0.007076,0.011994
0.0340963,1991.16,0.007076,0.011996
0.0149432,1553.82,0.007076,0.011994
0.0520384,1477.42,0.007076,0.012005
0.0418139,1802.78,0.007076,0.011998
0.0198218,1553.82,0.007076,0.011994
0.0176203,1553.82,0.007076,0.011994
0.0511104,1477.42,0.007076,0.012005
0.0123521,1287.71,0.007076,0.011999
0.0444558,1642.72,0.007076,0.012001
0.0447917,1642.72,0.007076,0.012001
0.0527484,1477.42,0.007076,0.012005
0.0442467,1642.72,0.007076,0.012001
0.0154224,1553.82,0.007076,0.011994
0.0276429,2149.98,0.007076,0.011994
0.0244374,1961.63,0.007076,0.011989
0.0508494,1477.42,0.007076,0.012005
0.0165883,1553.82,0.007076,0.011994
0.0491664,1642.72,0.007076,0.012001
0.0395272,1802.78,0.007076,0.011998
0.0137009,1287.71,0.007076,0.011999
0.03193,1991.16,0.007076,0.011996
0.00126452,1053.78,0.007076,0.012006
0.00242378,1053.78,0.007076,0.012006
0.00565128,1053.78,0.007076,0.012006
0.0110613,1287.71,0.007076,0.011999
0.00832278,1287.71,0.007076,0.011999
0.0202016,1553.82,0.007076,0.011994
0.0192413,1553.82,0.007076,0.011994
0.00794383,1287.71,0.007076,0.011999
0.0392342,1802.78,0.007076,0.011998
0.0513939,1477.42,0.007076,0.012005
0.00420822,1053.78,0.007076,0.012006
0.0289592,1991.16,0.007076,0.011996
0.0445564,1642.72,0.007076,0.012001
0.0374203,1802.78,0.007076,0.011998
0.0240387,1961.63,0.007076,0.011989
0.00694588,1053.78,0.007076,0.012006
0.0318941,1991.16,0.007076,0.011996
0.0448654,1642.72,0.007076,0.012001
0.0172247,1553.82,0.007076,0.011994
0.0185875,1553.82,0.007076,0.011994
0.0269122,2149.98,0.007076,0.011994
0.0341697,1991.16,0.007076,0.011996
0.0312433,1991.16,0.007076,0.011996
0.0488294,1642.72,0.007076,0.012001
0.041379,1802.78,0.007076,0.011998
0.042192,1802.78,0.007076,0.011998
0.0552293,1477.42,0.007076,0.012005
0.0253597,1961.63,0.007076,0.011989
0.0073845,1053.78,0.007076,0.012006
0.0408931,1802.78,0.007076,0.011998
0.0386921,1802.78,0.007076,0.011998
0.0137252,1287.71,0.007076,0.011999
0.0157135,1553.82,0.007076,0.011994
0.0136007,1287.71,0.007076,0.011999
0.0518966,1477.42,0.007076,0.012005
0.0382618,1802.78,0.007076,0.011998
0.0496446,1477.42,0.007076,0.012005
0.0549974,1477.42,0.007076,0.012005
0.0468568,1642.72,0.007076,0.012001
0.00719481,1053.78,0.007076,0.012006
0.0118453,1287.71,0.007076,0.011999
0.0199932,1553.82,0.007076,0.011994
0.0345897,1991.16,0.007076,0.011996
0.037254,1802.78,0.007076,0.011998
0.0278211,2149.98,0.007076,0.011994
0.0459378,1642.72,0.007076,0.012001
0.00213664,1053.78,0.007076,0.012006
0.00533404,1053.78,0.007076,0.012006
0.0528071,1477.42,0.007076,0.012005
0.0445878,1642.72,0.007076,0.012001
0.027176,2149.98,0.007076,0.011994
0.0115921,1287.71,0.007076,0.011999
0.0249789,1961.63,0.007076,0.011989
