initx_p,inity_p,initz_p,actx_ent,acty_ent,actz_ent,actx_exit,acty_exit,actz_exit,predx_ent,predy_ent,predz_ent,predx_exit,predy_exit,predz_exit
-0.497562,-0.454184,-0.739019,-122.417,-117.958,-186.478,-632.576,-801.291,-1124.29,-115.394,-110.834,-175.536,-668.609,-868.434,-1208.44
0.956322,0.273421,0.103386,153.055,46.6294,16.637,1007.07,420.926,113.438,153.057,46.6224,16.6316,1010.94,423.332,114.186
0.794379,-0.0206102,-0.607073,159.998,-0.702689,-122.243,1083.48,132.032,-837.606,159.998,-0.705651,-122.242,1087.85,133.448,-840.357
-0.395658,0.895655,-0.203115,-67.193,145.207,-33.1782,-555.698,939.453,-226.535,-67.2001,145.204,-33.192,-559.668,942.331,-227.9
0.733776,0.677585,0.049507,115.67,110.546,7.93101,709.678,829.295,53.5208,115.672,110.544,7.93123,712.41,832.879,54.4517
-0.234448,-0.899531,0.368616,-37.4971,-155.544,63.4499,-139.021,-1082.61,434.246,-37.4972,-155.544,63.4499,-140.523,-1086.95,435.767
-0.330274,-0.885382,-0.327136,-53.1953,-150.898,-55.3971,-252.317,-1061.94,-378.761,-53.1978,-150.897,-55.3925,-252.765,-1066.45,-380.397
-0.330274,-0.885382,-0.327136,-52.253,-151.227,-55.7245,675.861,-857.079,-572.533,-53.1978,-150.897,-55.3925,-252.765,-1066.45,-380.397
0.250606,-0.901014,-0.354077,45.6958,-153.336,-60.58,421.311,-1006.91,-414.491,45.6869,-153.339,-60.58,423.679,-1010.8,-416.043
0.274659,0.938282,0.210211,42.2561,154.319,34.4042,180.663,1076.44,234.516,42.256,154.319,34.4042,179.613,1081.18,236.225
-0.293107,0.632596,0.716876,-73.1171,147.915,169.678,-617.964,899.718,1127.57,-70.8066,143.48,164.532,-621.347,902.853,1132.3
0.751773,0.550785,-0.362592,127.31,96.9126,-62.2648,792.272,750.785,-426.496,127.309,96.9139,-62.2545,795.647,753.765,-427.551
-0.498435,0.597249,-0.628376,-105.193,120.559,-129.233,-817.733,722.97,-885.884,-105.194,120.558,-129.255,-820.987,726.082,-888.705
-0.200405,0.914813,-0.350649,-37.0898,155.642,-59.9108,-365.413,1028.52,-410.613,-37.088,155.642,-59.9108,-366.652,1032.85,-411.445
-0.900287,0.209191,-0.381736,-156.49,33.3293,-66.0926,-1085.74,111.994,-452.847,-156.492,33.3222,-66.0858,-1090.39,110.711,-453.883
-0.698871,-0.00258269,0.715243,-164.931,-4.77448,168.882,-1075.44,-186.542,1122.08,-159.936,-4.50742,163.763,-1079.8,-187.757,1126.99
-0.897695,0.420814,0.130609,-146.022,65.4023,21.0791,-1036.06,343.446,143.685,-146.022,65.4023,21.0791,-1040.4,344.646,144.723
0.610699,0.756464,-0.234112,98.2877,126.252,-38.5243,578.466,925.607,-262.158,98.2989,126.243,-38.5307,580.655,929.546,-264.565
-0.48453,0.197455,0.852199,-207.265,73.7654,358.488,-207.377,73.7997,358.679,-150.064,55.505,260.648,-1081.81,175.799,1800.39
-0.48453,0.197455,0.852199,-212.052,75.2265,366.644,-617.669,161.657,1043.29,-150.064,55.505,260.648,-1081.81,175.799,1800.39
0.957328,-0.273567,-0.0931905,154.574,-41.3146,-14.9734,1077.32,-175.364,-102.779,154.575,-41.3123,-14.9764,1081.94,-175.021,-102.822
-0.975848,-0.0346803,0.215682,-159.775,-8.48837,35.3418,-1078.36,-168.877,240.964,-159.775,-8.48298,35.3428,-1082.72,-170.086,242.671
-0.145559,0.867469,-0.47572,-29.5427,157.249,-86.539,-322.626,1042.73,-592.408,-29.5412,157.249,-86.5397,-323.75,1047.09,-594.527
-0.528512,-0.835409,-0.150887,-83.1849,-136.676,-24.4371,-470.876,-984.707,-165.896,-83.1886,-136.674,-24.4228,-472.036,-989.14,-167.682
-0.942656,0.333589,-0.0108525,-151.724,50.7924,-1.73637,-1064.46,241.469,-11.8005,-151.725,50.7891,-1.73659,-1068.94,242.037,-11.9224
-0.980505,0.196092,-0.0125498,-157.406,28.6915,-2.01213,-1087.94,88.0636,-13.5607,-157.407,28.6886,-2.00823,-1092.5,87.5082,-13.7874
0.650225,0.722662,0.234449,104.902,120.812,38.5953,627.424,893.147,264.21,104.909,120.806,38.5892,629.525,897.17,264.967
0.706754,-0.0736001,-0.703621,159.491,-12.7485,-158.442,163.515,-12.9712,-162.431,159.492,-12.7366,-158.449,1093.9,67.7996,-1090.25
0.706754,-0.0736001,-0.703621,164.485,-13.0242,-163.393,1089.47,66.6203,-1085.49,159.492,-12.7366,-158.449,1093.9,67.7996,-1090.25
0.402374,0.745499,0.531344,73.1388,142.305,100.367,380.842,1022.9,687.585,73.1365,142.306,100.36,382.155,1027.22,689.632
-0.555134,0.0193046,0.831537,-204.998,-0.943269,306.964,-206.768,-1.02213,309.617,-159.999,0.633484,239.558,-1078.72,-193.835,1653.13
-0.555134,0.0193046,0.831537,-209.997,-1.16903,314.455,-700.896,-71.1864,1057.69,-159.999,0.633484,239.558,-1078.72,-193.835,1653.13
-0.117176,-0.94892,-0.29295,-16.7689,-159.119,-49.0212,-1.15662,-1091.5,-334.765,-16.7643,-159.119,-49.0254,0.00390014,-1096,-336.652
-0.598354,0.533774,-0.597544,-121.642,103.939,-119.244,-911.652,600.219,-815.218,-121.642,103.939,-119.244,-915.709,602.24,-819.695
-0.318312,-0.219442,0.922238,-312.436,-273.146,992.338,-313.603,-274.433,996.485,-127.583,-96.5535,381.783,-671.367,-866.304,2656.14
0.957044,0.262158,-0.123853,153.564,44.9247,-19.9712,1011.5,410.17,-136.373,153.564,44.9247,-19.9712,1015.47,412.355,-137.116
0.596421,-0.275408,-0.753945,156.255,-66.9645,-195.119,156.272,-66.9711,-195.139,146.958,-63.2714,-183.647,1061.04,-274.62,-1264.61
0.596421,-0.275408,-0.753945,160.907,-68.8037,-200.859,927.71,-262.012,-1110.89,146.958,-63.2714,-183.647,1061.04,-274.62,-1264.61
0.218624,-0.361305,0.906456,190.539,-263.287,698.108,191.755,-264.704,702.113,88.3088,-133.422,343.529,805.308,-743.435,2383.82
0.218624,-0.361305,0.906456,193.81,-267.091,708.87,196.736,-270.475,718.467,88.3088,-133.422,343.529,805.308,-743.435,2383.82
0.218624,-0.361305,0.906456,197.093,-270.886,719.635,288.294,-369.146,1007.29,88.3088,-133.422,343.529,805.308,-743.435,2383.82
0.0694832,0.871617,-0.485239,9.5802,159.713,-88.7932,-60.1928,1089.84,-607.4,9.59168,159.712,-88.7978,-60.1066,1094.35,-610.061
-0.663623,0.680628,-0.310403,-113.741,112.529,-52.2463,-851.884,682.398,-356.616,-113.74,112.531,-52.248,-856.021,684.43,-358.792
-0.785618,0.486936,-0.381704,-137.534,81.7575,-66.095,-993.012,453.1,-451.622,-137.533,81.7605,-66.0793,-997.257,454.637,-453.839
-0.793121,-0.550616,0.260349,-129.818,-93.5265,43.1541,-815.958,-724.972,294.769,-129.795,-93.5595,43.1459,-817.796,-729.675,296.264
0.877016,-0.421234,0.231094,145.416,-66.7386,38.0062,1033.46,-351.191,259.694,145.422,-66.726,38.0058,1037.91,-352.074,260.96
0.0523145,-0.606703,0.793205,21.8926,-183.7,241.016,22.2617,-186.116,244.201,18.218,-158.959,208.438,302.517,-1053.42,1436.58
0.0523145,-0.606703,0.793205,22.6504,-188.645,247.536,190.439,-805.802,1082.81,18.218,-158.959,208.438,302.517,-1053.42,1436.58
0.734775,-0.257909,-0.627366,152.098,-49.6614,-128.904,1072.55,-202.508,-880.962,152.098,-49.662,-128.912,1076.99,-203.242,-886.341
-0.999901,-0.0137974,0.0028778,-159.924,-4.93977,0.461689,-1082.3,-141.442,2.85982,-159.924,-4.94407,0.460473,-1086.57,-143.435,3.16135
-0.107813,-0.507668,0.854781,-36.5301,-222.015,370.646,-36.838,-224.661,375.033,-28.061,-157.52,263.569,20.2613,-1095.81,1820.82
-0.107813,-0.507668,0.854781,-37.1061,-226.987,378.889,-49.7571,-628.629,1041.49,-28.061,-157.52,263.569,20.2613,-1095.81,1820.82
-0.98901,-0.0033938,0.14781,-159.966,-3.31606,23.9133,-1083.42,-132.592,163.028,-159.966,-3.31638,23.9135,-1087.83,-133.589,164.185
-0.456026,-0.836461,0.30393,-74.0508,-141.833,51.0523,-401.189,-1015.1,348.8,-74.0524,-141.832,51.0461,-402.28,-1019.5,350.535
-0.861572,-0.146343,-0.486083,-157.185,-29.8805,-89.0152,-1042.08,-324.721,-609.17,-157.186,-29.8758,-89,-1046.16,-326.76,-611.453
0.292945,0.940203,0.173785,44.9285,153.562,28.2388,198.994,1073.21,192.162,44.9347,153.561,28.2367,199.203,1077.75,193.871
0.67411,-0.717785,0.174242,111.542,-114.71,28.3061,836.529,-701.136,193.381,111.543,-114.709,28.3132,840.042,-703.95,194.396
0.485902,-0.701874,0.520838,93.6771,-129.71,97.6207,738.051,-804.147,668.105,93.69,-129.7,97.6268,741.635,-806.966,670.817
-0.232591,-0.965467,-0.117369,-34.7798,-156.174,-18.8669,-128.863,-1083.87,-128.564,-34.7886,-156.172,-18.9106,-129.175,-1088.36,-129.834
-0.322922,0.866025,0.381736,-58.6605,148.859,66.0987,-507.728,966.222,451.144,-58.6659,148.857,66.0858,-510.026,970.098,453.883
-0.322409,0.925889,0.19693,-55.2479,150.159,32.1426,-479.765,980.407,218.782,-55.2442,150.16,32.1397,-481.543,984.547,220.673
0.53771,-0.467913,0.701373,123.185,-102.105,157.449,929.588,-572.048,1079.01,123.185,-102.105,157.452,933.817,-573.76,1083.36
0.743784,0.652028,-0.147123,118.472,107.538,-23.7998,730.302,811.191,-161.847,118.473,107.537,-23.7998,732.76,815.033,-163.404
0.0361699,0.709467,-0.703809,4.29403,159.942,-158.548,4.30226,163.861,-162.431,4.29627,159.942,-158.533,-125.513,1088.79,-1090.83
0.0361699,0.709467,-0.703809,4.30371,164.944,-163.505,-124.168,1084.41,-1087.1,4.29627,159.942,-158.533,-125.513,1088.79,-1090.83
-0.0817628,-0.679138,-0.729442,-15.494,-164.271,-175.983,-15.6724,-166.893,-178.785,-15.1461,-159.282,-170.637,57.3366,-1094.5,-1174.53
-0.0817628,-0.679138,-0.729442,-15.8317,-169.261,-181.316,48.3336,-1055.17,-1131.49,-15.1461,-159.282,-170.637,57.3366,-1094.5,-1174.53
-0.330848,0.315485,-0.889387,-210.807,176.594,-535.416,-212.116,177.553,-538.573,-119.844,106.006,-311.349,-960.558,527.774,-2156.31
-0.330848,0.315485,-0.889387,-214.851,179.553,-545.162,-418.921,311.431,-1017.99,-119.844,106.006,-311.349,-960.558,527.774,-2156.31
-0.792246,0.462163,0.398437,-139.683,78.0306,69.5154,-1005.67,424.272,475.685,-139.683,78.0302,69.5092,-1009.49,426.786,477.415
-0.99516,0.095362,0.0237163,-159.509,12.529,3.79207,-1091.24,-23.7963,25.7214,-159.508,12.5347,3.79586,-1095.74,-24.0536,26.0603
0.77139,0.536477,0.342272,129.666,93.7381,58.2881,811.66,729.781,398.217,129.671,93.7303,58.287,814.724,733.104,400.286
0.424505,-0.10532,0.899279,295.702,-50.5986,617.497,297.08,-50.7303,620.343,156.68,-32.4249,329.058,1095.57,30.7263,2281.34
0.424505,-0.10532,0.899279,300.694,-51.0713,627.809,304.996,-51.4688,636.697,156.68,-32.4249,329.058,1095.57,30.7263,2281.34
0.424505,-0.10532,0.899279,305.687,-51.5317,638.123,487.522,-59.9327,1012.69,156.68,-32.4249,329.058,1095.57,30.7263,2281.34
-0.193045,0.961709,-0.19455,-34.2202,156.298,-31.7364,-342.864,1036.25,-218.497,-34.2198,156.298,-31.7359,-342.524,1041.1,-217.9
-0.398296,0.122346,0.909061,-327.518,70.4038,731.716,-328.931,70.582,734.821,-154.747,40.6621,349.181,-1095.91,14.1873,2423.91
-0.398296,0.122346,0.909061,-332.498,71.0273,742.663,-336.372,71.5034,751.175,-154.747,40.6621,349.181,-1095.91,14.1873,2423.91
-0.398296,0.122346,0.909061,-337.48,71.6382,753.61,-452.457,82.1479,1005.49,-154.747,40.6621,349.181,-1095.91,14.1873,2423.91
-0.863828,-0.0306466,0.502854,-159.756,-8.83731,93.0871,-1075.49,-186.273,636.631,-159.756,-8.83627,93.0872,-1079.93,-186.988,639.575
0.604793,-0.00540885,-0.796364,184.948,4.38418,-243.641,185.373,4.40816,-244.201,159.97,3.09492,-210.7,1077.09,202.719,-1452.29
0.604793,-0.00540885,-0.796364,189.943,4.67031,-250.228,810.733,111.091,-1081.09,159.97,3.09492,-210.7,1077.09,202.719,-1452.29
-0.212927,-0.919272,-0.331061,-33.2728,-156.502,-56.1438,-113.277,-1085.61,-383.639,-33.2725,-156.502,-56.1383,-112.806,-1090.18,-385.522
-0.630281,-0.775891,0.0271873,-98.7427,-125.896,4.35255,-584.667,-921.703,29.7719,-98.7422,-125.897,4.35179,-586.558,-925.832,29.877
-0.936903,-0.25947,0.234281,-153.42,-45.4116,38.5595,-1009.28,-415.609,263.769,-153.421,-45.4103,38.5601,-1013.28,-417.7,264.767
-0.090662,-0.987275,-0.13065,-11.8801,-159.558,-21.0857,28.3081,-1091.13,-144.032,-11.88,-159.558,-21.0857,29.4744,-1095.6,-144.768
-0.356239,-0.931748,0.0702833,-54.5515,-150.413,11.2754,-267.542,-1058.2,76.9378,-54.5682,-150.407,11.2738,-268.438,-1062.62,77.4001
0.0329626,-0.905907,0.422191,8.82443,-159.756,74.486,178.717,-1076.77,508.982,8.83425,-159.756,74.5218,181.099,-1080.93,511.877
-0.41493,-0.119834,0.901927,-290.338,-108.646,648.332,-292.383,-109.598,653.051,-151.839,-50.4482,334.221,-930.96,-578.385,2317.87
-0.41493,-0.119834,0.901927,-294.883,-110.765,658.822,-444.213,-188.32,1010.89,-151.839,-50.4482,334.221,-930.96,-578.385,2317.87
0.67108,-0.69275,0.2641,113.344,-112.93,43.8183,849.162,-685.781,299.665,113.346,-112.928,43.8139,852.57,-688.724,300.853
-0.367992,0.201742,-0.907679,-301.696,133.714,-714.513,-303.423,134.31,-718.467,-143.318,71.1327,-346.155,-1069.94,237.569,-2402.44
-0.367992,0.201742,-0.907679,-306.441,135.347,-725.372,-310.574,136.758,-734.821,-143.318,71.1327,-346.155,-1069.94,237.569,-2402.44
-0.367992,0.201742,-0.907679,-311.191,136.968,-736.232,-430.996,173.444,-1007.29,-143.318,71.1327,-346.155,-1069.94,237.569,-2402.44
0.507888,-0.0971091,-0.855932,222.72,-31.948,-372.562,224.206,-32.0904,-375.033,158.061,-24.8325,-264.895,1095.14,43.4761,-1830.1
0.507888,-0.0971091,-0.855932,227.703,-32.422,-380.849,626.305,-36.933,-1041.49,158.061,-24.8325,-264.895,1095.14,43.4761,-1830.1
0.315434,-0.272704,-0.908919,271.295,-196.53,-730.757,272.894,-197.49,-734.821,125.229,-99.5877,-348.867,997.134,-454.907,-2421.69
0.315434,-0.272704,-0.908919,275.6,-199.11,-741.694,279.337,-201.338,-751.175,125.229,-99.5877,-348.867,997.134,-454.907,-2421.69
0.315434,-0.272704,-0.908919,279.911,-201.679,-752.631,381.37,-257.958,-1005.49,125.229,-99.5877,-348.867,997.134,-454.907,-2421.69
-0.624856,-0.638458,0.449362,-109.699,-116.474,80.4854,-654.433,-873.55,549.766,-109.702,-116.471,80.4861,-657.234,-877.075,552.889
-0.698866,-0.596158,-0.395199,-119.774,-106.085,-68.8424,-733.371,-808.418,-471.206,-119.773,-106.087,-68.8393,-736.287,-811.848,-472.81
-0.70835,0.66643,0.232617,-118.443,107.57,38.2702,-878.927,647.194,262.504,-118.443,107.57,38.2705,-882.919,649.361,262.778
0.846412,-0.296553,-0.442315,151.981,-50.0178,-78.912,1067.91,-225.712,-539.96,151.982,-50.0154,-78.9138,1072.83,-224.15,-542.077
-0.661744,0.624023,0.41556,-118.452,107.56,73.1087,-883.99,640.261,501.198,-118.45,107.562,73.1047,-887.609,642.936,502.133
-0.991886,0.120407,0.0407888,-159.141,16.559,6.53186,-1091.5,1.60929,43.3489,-159.141,16.559,6.53196,-1095.99,3.56534,44.845
0.779698,-0.338066,-0.527051,148.055,-60.6618,-99.2392,1051.51,-292.731,-678.664,148.047,-60.6806,-99.2358,1056.06,-293.177,-681.892
0.301786,0.568993,-0.764966,77.459,156.924,-207.869,78.7287,159.699,-211.493,71.189,143.29,-190.055,328.814,1045.51,-1309.01
0.301786,0.568993,-0.764966,79.5388,161.473,-213.809,302.935,875.492,-1104.49,71.189,143.29,-190.055,328.814,1045.51,-1309.01
-0.337153,0.878366,0.338822,-60.0442,148.306,57.6244,-514.728,962.511,394.533,-60.0424,148.307,57.623,-517.13,966.329,395.723
-0.325809,0.360136,-0.874157,-177.691,175.858,-450.181,-180.447,178.297,-456.803,-111.454,114.796,-288.059,-909.668,611.326,-1992.46
-0.325809,0.360136,-0.874157,-181.442,179.175,-459.19,-432.623,371.459,-1028.89,-111.454,114.796,-288.059,-909.668,611.326,-1992.46
-0.325809,0.360136,-0.874157,-430.515,373.669,-1025.69,886.908,636.213,464.238,-111.454,114.796,-288.059,-909.668,611.326,-1992.46
-0.762191,-0.506693,0.402899,-131.565,-91.0527,70.429,-824.292,-715.482,481.359,-131.565,-91.0533,70.4375,-827.523,-718.624,483.796
0.523529,-0.830102,0.191956,87.7061,-133.819,31.301,687.676,-847.628,214.382,87.6979,-133.825,31.2965,691.166,-850.591,214.883
-0.795787,0.484858,-0.362816,-138.141,80.7275,-62.2988,-996.403,445.593,-425.567,-138.142,80.7275,-62.2988,-1000.24,448.04,-427.856
-0.23768,0.832833,-0.499898,-46.9423,152.959,-92.3582,-438.371,999.602,-630.151,-46.9392,152.96,-92.357,-440.603,1003.54,-634.55
0.893061,-0.276793,0.354723,153.666,-44.5738,60.7063,1074.67,-190.953,415.851,153.669,-44.563,60.7065,1079.28,-190.702,416.913
-0.310468,-0.939701,0.14343,-47.5626,-152.767,23.1829,-217.574,-1069.6,158.379,-47.5603,-152.768,23.1898,-218.189,-1074.06,159.215
-0.733252,0.589388,-0.339061,-126.506,97.9609,-57.6459,-928.706,573.479,-394.834,-126.51,97.9557,-57.6688,-933.121,574.893,-396.038
0.691665,0.696931,0.189438,110.712,115.512,30.8706,671.251,860.694,210.878,110.712,115.512,30.8707,673.689,864.499,211.958
0.576698,-0.719657,0.386669,102.353,-122.979,67.0889,784.344,-759.063,459.051,102.353,-122.979,67.0889,788.488,-761.251,460.778
0.822797,0.28723,-0.490412,149.995,55.6898,-90.0222,973.248,494.127,-616.096,149.996,55.6886,-90.0422,976.796,497.077,-618.623
0.792161,-0.601851,-0.101269,129.046,-94.5888,-16.2876,940.553,-553.834,-111.132,129.046,-94.5889,-16.2876,944.716,-555.632,-111.824
-0.505181,0.00132943,0.863012,-234.738,-11.0987,401.559,-238.34,-11.4518,407.741,-159.922,-4.99709,273.383,-1066.77,-251.416,1889.52
-0.505181,0.00132943,0.863012,-239.72,-11.5885,410.109,-600.239,-75.9443,1036.09,-159.922,-4.99709,273.383,-1066.77,-251.416,1889.52
-0.498593,-0.68307,0.533685,-91.6982,-131.116,100.962,-515.652,-962.016,690.428,-91.6984,-131.116,100.978,-517.278,-966.25,693.885
-0.653135,-0.361613,0.665321,-138.165,-80.6873,142.568,-859.368,-672.947,980.532,-138.165,-80.6868,142.602,-863.637,-674.794,980.793
0.142977,-0.944264,-0.296519,26.7841,-157.742,-49.6792,293.812,-1051.21,-339.208,26.7833,-157.742,-49.6799,295.803,-1055.33,-341.149
-0.646335,0.579901,-0.495949,-121.174,104.484,-91.3882,-902.601,613.745,-625.221,-121.174,104.484,-91.3881,-907.087,615.149,-627.884
0.850047,0.0954851,0.517979,158.609,21.0519,96.8639,1057.66,269.666,662.644,158.611,21.0365,96.8937,1062.12,270.392,665.771
0.647493,-0.287259,-0.705858,147.777,-61.335,-159.459,150.558,-62.4108,-162.431,147.777,-61.3341,-159.452,1061.56,-272.61,-1097.18
0.647493,-0.287259,-0.705858,152.442,-63.1382,-164.445,1056.96,-272.408,-1093.43,147.777,-61.3341,-159.452,1061.56,-272.61,-1097.18
-0.467324,0.504597,0.725941,-115.2,118.127,174.168,-118.336,121.177,178.785,-111.604,114.649,168.9,-870.837,665.477,1162.52
-0.467324,0.504597,0.725941,-118.785,121.614,179.447,-848.214,653.633,1135.09,-111.604,114.649,168.9,-870.837,665.477,1162.52
0.253824,0.873393,-0.415642,41.7523,154.456,-73.1229,166.657,1078.7,-500.716,41.754,154.456,-73.1222,167.721,1083.09,-502.254
0.253824,0.873393,-0.415642,41.6495,154.484,-72.7447,-215.636,1069.99,-70.5582,41.754,154.456,-73.1222,167.721,1083.09,-502.254
-0.313375,0.949354,-0.0228647,-52.7456,151.056,-3.65939,-460.634,989.54,-24.9759,-52.7455,151.056,-3.65949,-463.169,993.323,-25.124
0.924385,0.241549,0.295241,154.053,43.2159,49.4425,1014.5,402.702,338.374,154.053,43.2162,49.4452,1018.41,405.052,339.537
-0.0260564,-0.996122,-0.0840311,-1.45289,-159.993,-13.489,99.4423,-1086.96,-91.9904,-1.4374,-159.994,-13.4934,100.38,-1091.39,-92.6394
-0.701183,-0.584271,-0.408619,-120.979,-104.71,-71.6279,-742.406,-800.129,-490.064,-120.978,-104.71,-71.6364,-744.953,-803.903,-492.039
0.26149,-0.840568,-0.474413,50.4752,-151.83,-86.2136,459.656,-989.994,-589.465,50.4873,-151.826,-86.2328,461.972,-993.88,-592.416
0.893341,-0.185068,0.409501,157.256,-29.5055,71.8282,1088.34,-82.9694,491.688,157.254,-29.5136,71.8221,1092.88,-82.6426,493.316
0.0958728,-0.748173,-0.656541,23.9315,-158.2,-139.273,303.892,-1048.34,-952.788,23.9305,-158.2,-139.277,306.497,-1052.27,-957.847
-0.954687,0.166688,0.246552,-158.078,24.7248,40.6993,-1089.99,57.3799,278.241,-158.077,24.7332,40.707,-1094.54,56.5812,279.513
-0.943151,-0.249415,0.219679,-153.94,-43.6179,36.0223,-1014.17,-403.528,247.59,-153.942,-43.6117,36.0306,-1018.25,-405.445,247.394
0.903997,0.278142,0.324696,152.051,49.8055,54.929,996.125,446.214,375.428,152.049,49.8103,54.9303,999.535,449.605,377.221
-0.385912,0.922369,-0.0175312,-64.2691,146.525,-2.80837,-536.595,950.494,-18.0443,-64.2717,146.524,-2.80557,-538.604,954.527,-19.2615
0.658049,-0.478987,0.580984,131.31,-91.42,114.218,966.169,-507.829,781.197,131.31,-91.42,114.219,969.743,-510.7,785.069
0.331688,0.870078,0.364619,54.238,150.527,62.6411,258.692,1060.4,428.486,54.2375,150.527,62.6557,258.426,1065.1,430.308
0.84923,0.357801,-0.388312,146.268,64.8504,-67.4306,943.93,548.059,-461.516,146.269,64.8495,-67.4245,947.704,550.52,-463.085
0.912629,0.396755,-0.0984581,145.615,66.3037,-15.8311,942.839,549.934,-108.37,145.615,66.3037,-15.831,946.679,552.282,-108.689
0.409174,0.791709,-0.453623,70.7249,143.52,-81.4567,369.959,1026.89,-557.193,70.719,143.523,-81.446,370.816,1031.36,-559.491
-0.873067,-0.45435,0.176973,-140.628,-76.3135,28.7687,-901.862,-614.831,196.617,-140.626,-76.3176,28.7712,-905.074,-618.107,197.542
-0.244173,-0.956449,0.159955,-36.8849,-155.69,25.9301,-143.428,-1082.04,176.914,-36.8847,-155.69,25.9279,-143.126,-1086.61,178.017
0.982296,-0.0476495,-0.181172,159.923,-4.97127,-29.4767,1088.87,75.7099,-201.443,159.923,-4.97121,-29.4768,1093.24,77.7122,-202.387
-0.382016,0.727734,0.56962,-77.2988,140.089,110.895,-640.03,884.157,758.277,-77.299,140.089,110.895,-642.56,887.881,762.176
-0.109809,0.674346,-0.730205,-30.7151,162.116,-176.364,-31.1945,164.33,-178.785,-29.6613,157.227,-171.019,-359.07,1035.51,-1177.18
-0.109809,0.674346,-0.730205,-31.7757,167.004,-181.708,-338.281,997.967,-1131.49,-29.6613,157.227,-171.019,-359.07,1035.51,-1177.18
0.590296,-0.722928,-0.359061,103.448,-122.059,-61.5582,791.794,-751.288,-421.668,103.45,-122.057,-61.5581,794.292,-755.192,-422.765
-0.833711,0.397384,0.383422,-145.681,66.1583,66.4316,-1036.87,341.003,454.787,-145.683,66.1559,66.428,-1041.2,342.236,456.235
-0.928371,-0.187203,0.321065,-156.226,-34.5471,54.2842,-1034.8,-347.214,371.779,-156.246,-34.4547,54.2451,-1039.31,-347.912,372.514
0.17777,0.627568,-0.757995,42.8273,169.679,-203.402,113.348,944.137,-1109.89,39.5548,155.034,-185.958,104.405,1091.02,-1280.62
0.677964,0.728926,-0.0950363,106.939,119.013,-15.2759,644.014,881.26,-105.099,106.938,119.014,-15.2757,646.769,884.82,-104.877
-0.450907,-0.663864,-0.59663,-87.0537,-134.245,-118.962,-474.633,-982.901,-814.407,-87.0569,-134.243,-118.961,-476.822,-986.842,-817.744
-0.796239,-0.281244,-0.535635,-149.755,-56.3331,-101.494,-968.746,-502.896,-693.741,-149.755,-56.3332,-101.495,-972.778,-504.894,-697.444
-0.726651,-0.664935,-0.172741,-116.145,-110.047,-28.0618,-712.669,-826.726,-191.527,-116.145,-110.047,-28.0618,-714.799,-830.83,-192.67
0.589319,-0.731864,-0.342166,102.607,-122.767,-58.2623,785.075,-758.307,-399.043,102.6,-122.773,-58.2666,788.475,-761.264,-400.146
-0.0482786,0.843584,0.534822,-12.3939,159.519,101.28,-213.206,1070.47,692.106,-12.374,159.521,101.279,-213.762,1074.95,695.958
0.623173,-0.639328,0.45046,113.853,-112.416,80.7339,858.171,-674.474,551.372,113.855,-112.415,80.733,861.402,-677.645,554.587
-0.503359,-0.646428,-0.573376,-95.644,-128.266,-111.983,-541.289,-947.828,-765.662,-95.644,-128.266,-111.983,-542.759,-952.17,-769.667
-0.460582,-0.650791,-0.603602,-89.605,-132.555,-121.142,-494.805,-972.903,-832.569,-89.6065,-132.554,-121.141,-494.784,-977.959,-832.767
0.560534,-0.76019,-0.328501,97.2725,-127.036,-55.6514,750.697,-792.355,-380.45,97.272,-127.036,-55.6515,754.858,-794.61,-382.177
-0.635798,-0.687025,0.351793,-106.504,-119.403,60.1394,-635.828,-887.184,410.141,-106.51,-119.397,60.1339,-637.868,-891.258,412.978
-0.791942,-0.604068,0.089048,-125.533,-99.2047,14.3017,-784.68,-758.716,97.7566,-125.531,-99.2069,14.3052,-787.179,-762.604,98.2133
0.741332,-0.622968,-0.249675,124.293,-100.753,-41.2535,913.841,-596.882,-282.214,124.292,-100.755,-41.2567,918.234,-598.383,-283.288
0.369764,0.893325,0.25543,58.5709,148.894,42.2861,291.683,1051.8,288.905,58.5667,148.896,42.2733,293.339,1056.02,290.27
-0.842275,-0.371923,-0.390186,-145.135,-67.3487,-67.8165,-934.622,-563.785,-463.741,-145.14,-67.3388,-67.8081,-938.108,-566.719,-465.722
0.889912,0.126162,0.438337,157.96,25.4659,77.9794,1051.65,292.252,533.486,157.96,25.4694,78.0345,1055.83,294,536.03
-0.816427,0.444946,0.368062,-141.876,73.9682,63.3391,-1016.23,398.303,431.5,-141.875,73.9686,63.3396,-1020.79,399.014,435.009
0.158468,0.954289,0.253417,23.4127,158.278,41.9376,47.3919,1090.47,287.096,23.4152,158.277,41.9171,47.2505,1094.98,287.824
-0.457252,-0.81623,0.353113,-75.6315,-140.996,60.3804,-411.038,-1011.15,413.023,-75.6323,-140.996,60.3917,-411.676,-1015.75,414.749
-0.494113,-0.511342,0.703123,-108.395,-117.689,158.212,-111.208,-120.898,162.431,-108.382,-117.7,158.227,-621.302,-902.884,1088.72
-0.494113,-0.511342,0.703123,-111.691,-121.45,163.156,-619.427,-898.712,1084.15,-108.382,-117.7,158.227,-621.302,-902.884,1088.72
-0.913831,0.32207,-0.247352,-151.817,50.5138,-40.8579,-1065.48,236.923,-280.606,-151.818,50.5114,-40.8477,-1070.15,236.625,-280.479
-0.886256,-0.387893,0.253159,-145.419,-66.7328,41.8696,-940.11,-554.586,285.79,-145.418,-66.7344,41.8715,-943.423,-557.825,287.511
-0.324505,0.781588,0.532744,-64.3255,146.5,100.729,-553.195,940.929,689.501,-64.3265,146.499,100.729,-556.371,944.282,692.172
0.196751,-0.725366,-0.659646,45.364,-153.434,-140.423,446.646,-995.931,-962.293,45.3895,-153.427,-140.441,448.328,-1000.11,-965.881
0.0837323,-0.924199,-0.372619,17.3722,-159.054,-64.249,232.82,-1066.38,-438.872,17.3718,-159.054,-64.2494,235.932,-1070.3,-441.261
0.798212,-0.121047,-0.590089,158.665,-20.629,-116.95,1091.49,-5.16539,-801.468,158.664,-20.632,-116.954,1095.99,-5.30795,-803.913
0.871675,0.417889,-0.256031,143.032,71.7067,-42.3811,919.79,587.672,-289.915,143.03,71.71,-42.3797,923.575,590.106,-291.001
0.747548,-0.555479,0.364164,130.159,-93.0518,62.5653,951.02,-535.662,428.858,130.157,-93.0543,62.5655,954.974,-537.811,429.689
0.17472,-0.633917,0.753407,49.6832,-162.578,194.802,49.777,-162.857,195.139,46.5124,-153.09,183.344,474.851,-987.792,1262.51
0.17472,-0.633917,0.753407,51.2813,-167.318,200.532,401.032,-880.861,1113.49,46.5124,-153.09,183.344,474.851,-987.792,1262.51
0.685149,-0.0634987,0.72563,164.633,-10.9997,174.05,169.118,-11.1811,178.785,159.635,-10.7999,168.748,1092.61,86.1853,1161.46
0.685149,-0.0634987,0.72563,169.631,-11.2015,179.327,1067.7,79.9804,1135.09,159.635,-10.7999,168.748,1092.61,86.1853,1161.46
0.812821,0.564544,-0.143571,129.811,93.5372,-23.2149,817.517,723.214,-158.89,129.815,93.5305,-23.2131,819.815,727.406,-159.375
-0.0451936,-0.477775,-0.877319,-9.5517,-254.821,-466.399,-9.47865,-258.52,-473.157,-9.37995,-159.725,-292.558,166.334,-1083.3,-2024.06
-0.0451936,-0.477775,-0.877319,-9.45135,-259.828,-475.548,17.1252,-560.376,-1027.09,-9.37995,-159.725,-292.558,166.334,-1083.3,-2024.06
-0.722662,-0.418189,0.550343,-136.814,-82.9569,105.47,-858.618,-673.905,720.969,-136.813,-82.9583,105.47,-862.188,-676.645,724.812
0.876575,0.426566,-0.222841,142.619,72.5256,-36.5762,917.791,590.79,-250.549,142.619,72.5248,-36.5761,920.715,594.558,-251.141
-0.516495,0.742458,0.426602,-93.8237,129.604,75.4926,-733.552,808.253,516.616,-93.8385,129.593,75.4726,-737.18,811.037,518.414
0.000932188,-0.679639,0.733546,4.5046,-164.938,178.092,4.53901,-165.58,178.785,4.24658,-159.944,172.709,190.447,-1079.33,1188.87
0.000932188,-0.679639,0.733546,4.77616,-169.933,183.489,172.03,-1025.96,1127.89,4.24658,-159.944,172.709,190.447,-1079.33,1188.87
-0.560115,-0.819676,-0.12001,-87.9889,-133.634,-19.3359,-505.36,-967.462,-131.331,-87.9812,-133.639,-19.3423,-507.224,-971.565,-132.798
0.380685,0.733717,-0.562795,70.735,143.515,-108.944,360.095,1030.39,-744.87,70.7323,143.516,-108.945,361.747,1034.58,-748.742
0.843179,-0.233971,0.484053,154.981,-39.7597,88.5069,1080.89,-151.804,607.897,154.981,-39.7592,88.5143,1085.83,-148.987,608.111
-0.543907,-0.0690593,0.836299,-207.068,-34.9706,320.411,-210.633,-35.7274,325.971,-158.02,-25.0958,244.093,-1032.64,-367.236,1684.76
-0.543907,-0.0690593,0.836299,-211.963,-36.011,328.045,-665.567,-178.024,1054.09,-158.02,-25.0958,244.093,-1032.64,-367.236,1684.76
0.0848364,-0.407192,-0.909394,96.2805,-320.866,-733.403,96.52,-321.469,-734.821,39.049,-155.162,-349.92,516.772,-966.521,-2429.16
0.0848364,-0.407192,-0.909394,98.1394,-325.528,-744.379,99.2963,-328.413,-751.175,39.049,-155.162,-349.92,516.772,-966.521,-2429.16
0.0848364,-0.407192,-0.909394,100.01,-330.186,-755.356,145.876,-434.96,-1005.49,39.049,-155.162,-349.92,516.772,-966.521,-2429.16
-0.238885,-0.88497,0.399703,-38.8067,-155.223,69.772,-148.717,-1081.32,477.271,-38.8073,-155.222,69.772,-148.017,-1085.96,479.222
-0.887559,-0.460556,-0.0112975,-140.738,-76.111,-1.79734,-903.789,-611.995,-12.7909,-140.737,-76.1125,-1.80781,-906.967,-615.326,-12.4114
-0.25057,0.856668,-0.450926,-47.8595,152.674,-80.8421,-440.861,998.506,-552.748,-47.852,152.677,-80.8377,-443.121,1002.43,-555.308
-0.122274,0.563251,0.817189,-48.297,188.924,276.5,-48.3786,189.201,276.909,-38.5688,155.282,226.884,-445.406,1001.41,1564.84
-0.122274,0.563251,0.817189,-49.7161,193.722,283.595,-259.663,703.364,1066.69,-38.5688,155.282,226.884,-445.406,1001.41,1564.84
-0.181503,0.836222,-0.517484,-37.0541,155.65,-96.776,-374.388,1025.28,-663.022,-37.0569,155.65,-96.7671,-376.957,1029.14,-664.899
0.280857,0.518798,-0.807445,84.6592,170.096,-260.032,84.8177,170.445,-260.555,72.06,142.854,-219.02,319.938,1048.26,-1510.12
0.280857,0.518798,-0.807445,86.7291,174.651,-266.877,271.303,733.616,-1073.89,72.06,142.854,-219.02,319.938,1048.26,-1510.12
-0.24345,-0.495846,0.833588,-83.0468,-187.425,309.32,-83.1195,-187.608,309.617,-66.0342,-145.738,241.489,-263.339,-1063.89,1666.6
-0.24345,-0.495846,0.833588,-84.8884,-192.078,316.864,-220.634,-662.343,1055.89,-66.0342,-145.738,241.489,-263.339,-1063.89,1666.6
0.351288,0.82439,-0.443822,59.9026,148.363,-79.2485,295.067,1050.86,-540.715,59.9007,148.364,-79.2486,294.11,1055.8,-544.379
0.731057,0.399286,-0.553286,138.824,79.548,-106.282,875.559,651.742,-726.283,138.816,79.5619,-106.282,878.413,655.444,-730.404
-0.575767,-0.640959,-0.507606,-104.537,-121.128,-94.2704,-613.009,-903.101,-645.336,-104.537,-121.128,-94.2703,-614.719,-907.379,-647.716
-0.0427182,0.646701,-0.761547,-16.5383,174.217,-205.676,-17.1416,179.122,-211.493,-14.7562,159.318,-188.026,-268.777,1062.53,-1294.95
-0.0427182,0.646701,-0.761547,-17.1497,179.181,-211.563,-203.836,914.002,-1106.29,-14.7562,159.318,-188.026,-268.777,1062.53,-1294.95
-0.134581,0.447649,0.884024,-91.5428,248.686,501.414,-92.4889,250.841,505.865,-51.6422,151.437,302.659,-568.589,936.975,2095.1
-0.134581,0.447649,0.884024,-93.5592,253.272,510.888,-217.506,492.977,1021.69,-51.6422,151.437,302.659,-568.589,936.975,2095.1
0.337142,-0.410477,-0.847257,147.038,-163.645,-351.054,150.39,-167.052,-358.679,105.481,-120.307,-255.25,865.33,-672.622,-1762.66
0.337142,-0.410477,-0.847257,150.548,-167.213,-359.039,478.253,-446.541,-1046.89,105.481,-120.307,-255.25,865.33,-672.622,-1762.66
0.96926,-0.0398183,0.242797,159.956,-3.74326,40.0418,1088.12,85.8862,274.513,159.956,-3.74733,40.0478,1092.49,87.6212,274.985
-0.970496,0.220759,0.0969693,-156.602,32.7989,15.576,-1085.37,115.499,106.248,-156.601,32.802,15.5893,-1089.89,115.584,107.03
-0.409546,-0.598178,0.688807,-87.2556,-134.114,152.058,-463.694,-988.109,1042.06,-87.249,-134.118,152.038,-464.847,-992.539,1045.95
-0.918011,-0.0927799,0.38555,-158.863,-19.04,66.8598,-1063.36,-246.261,457.878,-158.863,-19.0372,66.8606,-1067.62,-247.799,459.209
0.189875,-0.455377,-0.869816,103.781,-216.401,-423.194,104.026,-216.85,-424.095,66.6589,-145.453,-282.134,649.981,-882.463,-1950.88
0.189875,-0.455377,-0.869816,106.184,-220.794,-432.015,108.491,-224.989,-440.449,66.6589,-145.453,-282.134,649.981,-882.463,-1950.88
0.189875,-0.455377,-0.869816,108.597,-225.181,-440.837,291.475,-506.444,-1032.49,66.6589,-145.453,-282.134,649.981,-882.463,-1950.88
-0.52977,0.0212078,0.847876,-219.998,-0.838962,351.694,-224.368,-1.05107,358.679,-159.995,1.23846,255.913,-1077.73,-199.28,1767.29
-0.52977,0.0212078,0.847876,-224.997,-1.08226,359.685,-650.849,-59.5008,1046.89,-159.995,1.23846,255.913,-1077.73,-199.28,1767.29
0.516196,-0.409779,0.752079,136.002,-101.997,194.048,136.783,-102.549,195.139,127.854,-96.1939,182.599,965.884,-517.962,1257.35
0.516196,-0.409779,0.752079,140.088,-104.883,199.758,846.581,-476.501,1113.49,127.854,-96.1939,182.599,965.884,-517.962,1257.35
-0.189116,0.978018,0.0878368,-33.0692,156.545,14.109,-331.293,1040.01,95.4072,-33.0691,156.545,14.1091,-333.213,1044.12,96.8669
-0.507564,-0.825779,0.245902,-81.3688,-137.765,40.5975,-454.622,-992.316,277.951,-81.3642,-137.767,40.5927,-456.824,-996.257,278.728
-0.833403,-0.00333665,0.552656,-159.952,-3.91654,106.084,-1080.09,-157.423,727.068,-159.952,-3.92457,106.108,-1084.49,-158.444,729.203
-0.16014,-0.387794,-0.907729,-99.8093,-314.544,-714.769,-100.186,-316.212,-718.467,-54.9894,-150.254,-346.262,-118.752,-1089.55,-2403.2
-0.16014,-0.387794,-0.907729,-100.912,-319.44,-725.625,-101.836,-323.588,-734.821,-54.9894,-150.254,-346.262,-118.752,-1089.55,-2403.2
-0.16014,-0.387794,-0.907729,-102.002,-324.339,-736.484,-125.118,-447.319,-1007.29,-54.9894,-150.254,-346.262,-118.752,-1089.55,-2403.2
0.575504,0.794544,0.193637,91.581,131.198,31.5898,530.406,953.961,215.728,91.5833,131.196,31.5812,532.301,958.056,216.838
0.595001,0.521078,0.611924,118.06,107.991,123.787,706.695,831.838,846.96,118.059,107.991,123.8,708.434,836.264,851.097
0.212136,0.953573,-0.21377,32.0038,156.767,-35.0143,108.556,1086.09,-239.42,32.0046,156.766,-35.0144,107.953,1090.67,-240.415
0.31534,0.565209,-0.762299,80.8171,155.221,-206.167,82.7852,159.292,-211.493,74.2347,141.736,-188.469,351.882,1037.98,-1298.02
0.31534,0.565209,-0.762299,82.9942,159.725,-212.06,324.008,877.488,-1106.29,74.2347,141.736,-188.469,351.882,1037.98,-1298.02
-0.511436,-0.00217523,-0.859319,-229.685,-12.0257,-386.591,-232.525,-12.314,-391.387,-159.886,-6.03171,-268.881,-1065.77,-255.647,-1858
-0.511436,-0.00217523,-0.859319,-234.666,-12.5336,-395.002,-610.032,-81.8622,-1037.06,-159.886,-6.03171,-268.881,-1065.77,-255.647,-1858
-0.506444,-0.811853,-0.290532,-82.2408,-137.246,-48.5873,-459.981,-989.843,-331.644,-82.2434,-137.244,-48.5833,-461.841,-993.941,-333.615
-0.906719,-0.303356,0.292978,-150.8,-53.472,49.0304,-985.644,-468.912,334.862,-150.801,-53.4712,49.0305,-988.919,-472.499,336.687
0.174547,-0.981268,0.0815196,30.738,-157.02,13.0865,316.207,-1044.69,89.9675,30.7205,-157.023,13.0873,317.478,-1049.01,89.8516
0.0113494,0.988384,0.151552,-0.931985,159.997,24.533,-116.448,1085.27,167.121,-0.932,159.997,24.5329,-117.426,1089.69,168.438
-0.613059,-0.505444,-0.607195,-121.233,-104.416,-122.281,-732.023,-809.638,-838.129,-121.232,-104.416,-122.281,-733.579,-814.296,-840.626
0.660988,0.416872,-0.623949,133.432,88.2949,-127.778,825.214,714.419,-874.9,133.432,88.294,-127.76,828.881,717.058,-878.397
0.362552,0.922245,-0.134238,55.9592,149.895,-21.6766,276.742,1055.83,-148.127,55.9589,149.895,-21.6754,277.557,1060.27,-148.817
0.386976,0.910568,0.145313,60.0284,148.312,23.4998,305.415,1047.9,160.6,60.025,148.314,23.5007,306.192,1052.36,161.35
0.818203,0.497286,0.288532,135.215,85.5383,48.2232,856.455,676.651,328.771,135.221,85.5295,48.2183,859.877,679.579,331.108
-0.108754,-0.547845,-0.829481,-31.9916,-202.488,-304.463,-32.3956,-205.935,-309.617,-26.3328,-157.818,-237.653,16.8822,-1095.87,-1639.85
-0.108754,-0.547845,-0.829481,-32.5727,-207.458,-311.894,-42.1269,-710.017,-1059.49,-26.3328,-157.818,-237.653,16.8822,-1095.87,-1639.85
-0.36459,-0.87957,-0.305666,-58.6025,-148.882,-51.3691,-291.719,-1051.79,-351.518,-58.6013,-148.882,-51.3677,-291.882,-1056.42,-352.744
0.744212,-0.648991,0.157984,122.392,-103.055,25.602,901.426,-615.47,175.681,122.392,-103.054,25.6002,905.676,-617.225,175.767
0.287735,0.953533,-0.0893531,43.5851,153.949,-14.354,190.738,1074.71,-98.4223,43.5848,153.949,-14.3546,190.978,1079.23,-98.5526
-0.644315,0.114602,-0.756125,-173.103,25.6998,-202.204,-958.526,17.9751,-1111.69,-158.206,23.8916,-184.885,-1095.99,-4.38621,-1273.18
-0.984293,0.0924785,-0.150386,-159.534,12.208,-24.3397,-1091.18,-26.6127,-166.195,-159.534,12.2081,-24.3398,-1095.65,-27.5369,-167.112
0.776468,0.595468,-0.206192,125.238,99.5766,-33.7127,780.145,763.378,-231.026,125.242,99.5718,-33.7169,783.568,766.314,-231.504
-0.53133,0.743384,0.406286,-95.4541,128.408,71.1369,-753.841,789.364,503.87,-95.4583,128.404,71.1463,-746.393,802.567,488.669
-0.53133,0.743384,0.406286,-95.4541,128.408,71.1369,-716.31,823.572,485.324,-95.4583,128.404,71.1463,-746.393,802.567,488.669
-0.53133,0.743384,0.406286,-95.4541,128.408,71.1369,-739.684,802.645,456.661,-95.4583,128.404,71.1463,-746.393,802.567,488.669
-0.374177,0.853973,-0.361555,-66.8903,145.347,-62.0501,-560.2,936.775,-426.319,-66.8903,145.347,-62.0497,-562.534,940.623,-426.144
-0.496929,-0.740669,0.452186,-86.5862,-134.547,81.1238,-484.209,-978.22,554.987,-86.5781,-134.552,81.1214,-485.763,-982.472,557.259
0.553558,0.073357,0.829573,202.011,34.8789,304.652,205.28,35.5785,309.617,157.895,25.8685,237.738,1032.09,368.778,1640.45
0.553558,0.073357,0.829573,206.904,35.9277,312.084,683.709,187.677,1056.5,157.895,25.8685,237.738,1032.09,368.778,1640.45
0.691361,-0.672987,0.262886,116.61,-109.554,43.6076,868.483,-661.142,298.813,116.611,-109.553,43.5974,872.388,-663.441,299.366
-0.155262,0.709065,-0.687838,-37.9063,155.445,-151.629,-402.202,1014.7,-1038.77,-37.8978,155.447,-151.632,-404.196,1018.75,-1043.15
-0.823366,0.15541,-0.545817,-157.797,26.4595,-104.248,-1090.33,50.5571,-713.84,-157.797,26.4599,-104.232,-1094.83,50.6682,-716.29
-0.868103,-0.49144,-0.0698813,-137.86,-81.208,-11.2123,-879.872,-645.908,-77.4392,-137.865,-81.1992,-11.209,-883.745,-648.237,-76.9553
0.139674,-0.828347,-0.542525,29.8105,-157.198,-103.34,329.916,-1040.45,-707.523,29.8106,-157.198,-103.34,331.207,-1044.76,-710.148
0.120533,0.535802,-0.835697,37.6776,206.592,-319.655,38.2504,210.701,-325.971,30.2363,157.117,-243.509,6.85371,1095.98,-1680.69
0.120533,0.535802,-0.835697,38.3678,211.549,-327.274,59.5174,687.693,-1054.09,30.2363,157.117,-243.509,6.85371,1095.98,-1680.69
-0.137035,0.851098,0.506807,-28.5664,157.429,94.0736,-316.632,1044.57,643.158,-28.5636,157.43,94.0707,-319.691,1048.34,646.343
-0.176925,0.847764,-0.499993,-35.7778,155.949,-92.3696,-363.767,1029.1,-629.977,-35.7744,155.949,-92.3804,-367.016,1032.72,-634.712
-0.627298,-0.554569,-0.546763,-117.677,-108.407,-104.51,-709.162,-829.736,-713.156,-117.682,-108.401,-104.49,-711.451,-833.698,-718.064
-0.815601,0.0993262,-0.570026,-159.195,16.0266,-111.022,-1091.24,-23.9996,-761.543,-159.195,16.0313,-111.012,-1095.74,-24.0234,-762.982
-0.883037,0.137155,-0.448814,-158.545,21.5258,-80.363,-1091.21,25.1015,-549.465,-158.545,21.526,-80.3632,-1095.72,24.7493,-552.044
0.996557,0.081133,0.0170846,159.227,15.7089,2.73347,1070.17,214.715,16.9094,159.227,15.7097,2.73407,1074.43,216.346,18.7706
-0.907747,-0.0636789,-0.414658,-159.368,-14.205,-72.913,-1069.91,-216.003,-498.947,-159.369,-14.195,-72.9129,-1074.33,-216.846,-500.815
-0.25528,0.875379,-0.410542,-47.6695,152.734,-72.0415,-438.073,999.732,-492.395,-47.6674,152.734,-72.0416,-439.506,1004.02,-494.825
0.0148977,-0.9648,0.262561,5.30562,-159.912,43.5381,148.666,-1081.33,297.064,5.30614,-159.912,43.5395,149.879,-1085.7,298.968
0.801915,-0.579127,-0.146776,131.309,-91.4211,-23.7413,954.111,-530.135,-163.918,131.312,-91.4177,-23.7425,958.28,-531.898,-163.01
0.801915,-0.579127,-0.146776,-147.519,61.9539,-117.252,-1082.62,138.919,-272.465,131.312,-91.4177,-23.7425,958.28,-531.898,-163.01
0.801915,-0.579127,-0.146776,-141.446,74.7875,-58.847,-1075.46,186.429,-92.8981,131.312,-91.4177,-23.7425,958.28,-531.898,-163.01
0.801915,-0.579127,-0.146776,-159.633,-10.8361,-54.1288,-1077.1,-176.691,-101.763,131.312,-91.4177,-23.7425,958.28,-531.898,-163.01
0.801915,-0.579127,-0.146776,-159.764,-8.68348,-3.69412,-1078.51,-167.897,59.4171,131.312,-91.4177,-23.7425,958.28,-531.898,-163.01
0.611812,0.733296,-0.296585,100.285,124.671,-49.6824,591.411,917.39,-339.945,100.285,124.671,-49.692,593.573,921.351,-341.232
0.48385,0.830859,0.274888,78.0455,139.674,45.7416,430.482,1003.02,312.541,78.0451,139.675,45.7468,432.007,1007.27,314.13
-0.383252,-0.611617,-0.692129,-81.7161,-137.559,-153.446,-422.582,-1006.38,-1051.52,-81.7205,-137.556,-153.443,-423.461,-1010.89,-1055.66
0.580316,-0.104754,-0.807626,188.031,-27.2843,-260.284,188.227,-27.306,-260.555,158.213,-23.8431,-219.161,1095.75,23.5122,-1511.1
0.580316,-0.104754,-0.807626,193.004,-27.8268,-267.137,780.752,-28.2292,-1073.89,158.213,-23.8431,-219.161,1095.75,23.5122,-1511.1
0.491405,-0.805347,0.331568,85.8055,-135.046,56.2309,678.793,-854.758,385.347,85.802,-135.048,56.2349,682.658,-857.435,386.185
-0.128629,-0.991577,-0.0151304,-17.8635,-159,-2.4146,-14.6007,-1091.4,-16.527,-17.8653,-158.999,-2.42125,-12.6452,-1095.93,-16.623
0.779171,0.376892,0.500844,142.63,72.5039,92.5902,909.43,603.581,633.809,142.63,72.5039,92.5901,912.942,606.426,636.154
0.629865,0.601766,-0.491068,113.495,112.778,-90.2009,681.791,852.369,-616.914,113.495,112.778,-90.201,683.418,856.829,-619.716
0.282213,-0.907725,-0.310469,50.2465,-151.906,-52.2634,449.924,-994.455,-359.045,50.2433,-151.907,-52.2603,451.917,-998.492,-358.877
-0.427159,-0.890428,0.157073,-66.6921,-145.438,25.4459,-352.033,-1033.17,175.011,-66.6954,-145.436,25.4489,-353.453,-1037.44,174.728
-0.584261,-0.188835,0.789291,-174.122,-62.5031,237.938,-178.649,-64.2995,244.201,-150.816,-53.4286,205.699,-959.391,-529.892,1417.55
-0.584261,-0.188835,0.789291,-178.772,-64.3482,244.371,-754.537,-373.547,1086.49,-150.816,-53.4286,205.699,-959.391,-529.892,1417.55
-0.93744,-0.224396,0.266181,-154.92,-39.9978,44.1877,-1022.81,-381.086,302.989,-154.919,-40.0027,44.1853,-1026.97,-382.825,303.404
-0.305586,-0.666132,-0.680357,-63.3058,-146.943,-148.543,-291.363,-1051.89,-1017.89,-63.3018,-146.945,-148.547,-291.837,-1056.43,-1021.84
-0.637513,-0.762807,-0.108181,-100.477,-124.516,-17.4123,-597.297,-913.569,-119.193,-100.476,-124.517,-17.4121,-598.813,-917.954,-119.545
-0.462361,0.882411,0.0870212,-76.6804,140.428,13.9696,-616.273,900.877,94.999,-76.6821,140.427,13.9771,-619.338,904.233,95.9606
-0.970181,0.241607,-0.0193699,-155.896,36.0056,-3.10056,-1082.58,139.277,-20.7362,-155.897,36.0022,-3.09992,-1087.23,138.379,-21.2823
-0.208171,-0.899031,-0.385237,-33.1956,-156.519,-66.791,-110.263,-1085.92,-456.001,-33.1975,-156.518,-66.797,-109.654,-1090.5,-458.772
0.920723,-0.183306,0.344482,157.464,-28.3764,58.714,1088.71,-77.9434,400.956,157.464,-28.3765,58.7139,1093.21,-78.1589,403.22
0.885034,0.226015,-0.406979,154.256,42.4856,-71.2916,1014.36,403.049,-487.219,154.256,42.4856,-71.2916,1018.36,405.173,-489.669
0.765275,0.453263,0.457064,136.06,84.1884,82.2485,857.862,674.867,563.35,136.071,84.17,82.2261,861.201,677.9,564.856
-0.530511,0.475485,-0.701764,-121.684,103.89,-157.642,-125.457,106.953,-162.431,-121.677,103.897,-157.624,-925.364,587.297,-1084.55
-0.530511,0.475485,-0.701764,-125.567,107.042,-162.57,-921.586,584.851,-1079.46,-121.677,103.897,-157.624,-925.364,587.297,-1084.55
0.171495,0.980768,0.0931869,24.8526,158.058,14.9705,60.6054,1089.82,102.086,24.8471,158.059,14.9758,60.4054,1094.33,102.818
0.631126,-0.661638,-0.404866,112.579,-113.692,-70.8399,848.096,-687.1,-483.952,112.583,-113.689,-70.8486,851.882,-689.575,-486.623
0.198223,0.835176,-0.513019,33.8452,156.379,-95.6398,106.807,1086.26,-653.78,33.8386,156.381,-95.6322,105.153,1090.94,-657.089
0.383532,0.607801,-0.695328,82.1395,137.307,-154.813,425.129,1005.3,-1060.86,82.1395,137.307,-154.813,425.932,1009.85,-1065.12
0.400756,-0.203625,-0.89327,262.261,-111.552,-566.725,264.428,-112.303,-571.281,145.298,-66.9965,-318.023,1072.74,-224.596,-2203.38
0.400756,-0.203625,-0.89327,266.998,-113.19,-576.685,479.51,-174.087,-1016.29,145.298,-66.9965,-318.023,1072.74,-224.596,-2203.38
0.218137,0.954315,0.204205,32.9211,156.577,33.379,115.295,1085.39,228.791,32.9222,156.576,33.3778,114.574,1089.99,229.176
0.613842,-0.125767,0.779346,177.37,-30.6571,223.989,180.44,-31.0894,227.847,157.562,-27.8232,199.03,1095.89,-15.3106,1371.26
0.613842,-0.125767,0.779346,182.324,-31.353,230.214,869.382,-44.111,1091.54,157.562,-27.8232,199.03,1095.89,-15.3106,1371.26
-0.372374,0.903127,0.213774,-63.5755,146.827,35.0117,-534.036,951.934,239.35,-63.5706,146.829,35.015,-536.305,955.821,240.419
-0.278817,-0.492223,-0.824607,-91.887,-177.642,-291.598,-92.3728,-178.677,-293.263,-74.6127,-141.538,-233.262,-330.93,-1044.85,-1609.25
-0.278817,-0.492223,-0.824607,-94.0109,-182.173,-298.89,-267.454,-674.94,-1061.15,-74.6127,-141.538,-233.262,-330.93,-1044.85,-1609.25
0.857628,0.078658,0.50822,159.01,17.7752,94.4239,1063.58,245.29,645.305,159.01,17.7751,94.424,1067.65,247.669,648.774
-0.0719745,-0.645529,-0.760337,-14.3602,-174.41,-204.9,42.4028,-941.772,-1108.09,-13.5356,-159.426,-187.317,77.0532,-1093.29,-1290.04
-0.230751,-0.913305,0.335601,-36.3693,-155.812,57.005,-134.335,-1083.2,390.403,-36.3697,-155.812,57.0052,-134.206,-1087.75,391.478
-0.53796,-0.787793,-0.29997,-87.8484,-133.726,-50.3267,-501.15,-969.65,-344.608,-87.8448,-133.728,-50.3148,-502.207,-974.169,-345.511
-0.171711,-0.71915,0.673305,-33.5555,-156.442,145.725,-84.7995,-1088.2,1000.14,-33.5479,-156.443,145.717,-82.3667,-1092.9,1002.3
-0.721554,-0.648462,0.242605,-117.098,-109.032,40.018,-718.231,-821.898,273.352,-117.099,-109.031,40.0142,-720.719,-825.7,274.754
-0.202551,-0.35328,-0.913327,-146.986,-323.141,-797.683,-147.357,-324.217,-800.237,-73.6816,-142.025,-358.953,-248.489,-1067.46,-2493.36
-0.202551,-0.35328,-0.913327,-148.62,-327.89,-808.952,-149.721,-331.112,-816.591,-73.6816,-142.025,-358.953,-248.489,-1067.46,-2493.36
-0.202551,-0.35328,-0.913327,-150.242,-332.644,-820.224,-174.643,-409.823,-1001.89,-73.6816,-142.025,-358.953,-248.489,-1067.46,-2493.36
-0.202551,-0.35328,-0.913327,-174.648,-409.839,-1001.92,-174.869,-410.593,-1003.69,-73.6816,-142.025,-358.953,-248.489,-1067.46,-2493.36
0.0489614,-0.887655,0.457898,11.8849,-159.558,82.4159,202.745,-1072.5,564.063,11.8844,-159.558,82.416,204.079,-1076.83,566.162
-0.676129,-0.728393,-0.110876,-106.809,-119.129,-17.8519,-643.731,-881.466,-121.824,-106.817,-119.122,-17.8511,-645.723,-885.583,-122.559
0.411915,0.507184,0.757027,106.375,138.958,202.85,478.301,824.872,1109.89,97.5832,126.797,185.401,527.175,960.886,1276.76
0.0573974,-0.906773,-0.417694,13.0107,-159.47,-73.5283,207.824,-1071.53,-501.615,13.1121,-159.462,-73.5592,209.726,-1075.75,-505.258
0.386213,0.633949,0.670035,80.078,138.519,144.422,414.968,1009.54,990.452,80.0727,138.522,144.431,415.321,1014.26,993.418
-0.667942,0.640829,0.378407,-117.478,108.623,65.4153,-875.923,651.254,447.435,-117.483,108.617,65.4126,-880.566,652.548,449.256
-0.261134,-0.574061,0.776056,-69.4749,-166.052,221.625,-241.523,-853.075,1095.49,-62.2751,-147.383,196.91,-260.546,-1064.58,1356.55
-0.559188,-0.609766,0.561689,-105.677,-120.135,108.618,-615.676,-901.286,743.229,-105.679,-120.133,108.632,-618.89,-904.539,746.587
-0.740573,0.630597,-0.232162,-123.63,101.565,-38.2102,-909.581,603.353,-260.342,-123.626,101.571,-38.1913,-913.991,604.844,-262.234
0.808598,0.581204,0.0914983,128.297,95.6023,14.7021,805.063,737.052,100.151,128.297,95.6024,14.7021,808.5,739.962,100.938
-0.90497,0.35617,0.232749,-149.892,55.9683,38.3034,-1056.21,275.305,262.25,-149.892,55.9686,38.2934,-1060.79,275.581,262.935
-0.262184,-0.95891,0.108405,-39.5362,-155.038,17.4485,-163.21,-1079.23,120.077,-39.5361,-155.038,17.4485,-162.426,-1083.9,119.795
-0.616332,-0.0906749,-0.782249,-177.187,-31.7008,-226.059,-178.58,-31.9954,-227.847,-157.597,-27.6265,-200.935,-1034.97,-360.64,-1384.48
-0.616332,-0.0906749,-0.782249,-182.08,-32.7384,-232.339,-828.98,-252.591,-1091.89,-157.597,-27.6265,-200.935,-1034.97,-360.64,-1384.48
-0.589349,-0.123692,0.798353,-184.53,-45.2632,251.951,-761.578,-278.783,1079.1,-155.592,-37.2996,212.149,-1008.32,-429.542,1462.35
0.973531,-0.220762,0.0591661,156.62,-32.7153,9.44678,1085.41,-115.185,64.091,156.622,-32.7048,9.48365,1089.93,-115.236,65.11
-0.268782,-0.881145,-0.389023,-43.8304,-153.879,-67.5718,-184.137,-1075.86,-462.647,-43.8326,-153.879,-67.5699,-183.833,-1080.47,-464.085
-0.711881,0.366068,-0.59935,-143.811,70.131,-119.792,-1032.94,352.719,-818.746,-143.821,70.1116,-119.806,-1037.55,353.13,-823.568
-0.290777,-0.93735,-0.191894,-44.7362,-153.619,-31.2802,-197.031,-1073.57,-213.512,-44.7345,-153.619,-31.286,-197.419,-1078.07,-214.811
-0.0435574,0.965949,0.255038,-10.029,159.685,42.2124,-180.387,1076.49,288.083,-10.0342,159.685,42.2039,-181.694,1080.83,289.794
-0.643195,0.692844,0.325986,-110.962,115.272,55.1745,-835.45,702.421,376.584,-110.962,115.271,55.1746,-839.486,704.613,378.9
0.52924,0.829918,-0.176472,83.6694,136.38,-28.6859,473.726,983.339,-196.506,83.671,136.379,-28.6871,475.093,987.675,-196.964
-0.253729,0.911475,0.323781,-45.6841,153.339,54.7584,-419.767,1007.56,374.69,-45.6879,153.338,54.7575,-422.426,1011.32,376.034
0.791143,0.534975,0.29647,130.912,91.9896,49.6625,822.043,718.066,337.376,130.915,91.985,49.6708,825.724,720.691,341.086
0.669105,0.406671,0.622027,134.88,86.0664,127.116,838.174,699.169,871.581,134.879,86.0677,127.117,840.844,702.992,873.966
0.0411933,0.993353,0.107487,3.87157,159.953,17.2958,-84.2642,1088.24,118.251,3.87773,159.953,17.299,-83.9719,1092.78,118.768
-0.790132,0.350911,-0.502547,-147.49,62.0223,-92.9995,-1048.26,304.171,-636.187,-147.484,62.036,-93.011,-1052.71,304.985,-639.051
0.842782,-0.130288,0.522249,158.579,-21.2797,97.989,1091.37,-17.0571,671.33,158.58,-21.2677,97.9902,1095.87,-17.0266,673.318
0.679833,0.68478,0.262495,110.696,115.527,43.5369,669.038,862.415,297.286,110.696,115.527,43.5278,672.006,865.808,298.887
-0.344961,0.925368,0.15715,-58.4715,148.933,25.4552,-499.792,970.35,174.556,-58.4767,148.931,25.4616,-501.982,974.284,174.815
-0.411976,-0.475522,-0.777274,-113.648,-139.586,-222.409,-116.321,-143.086,-227.847,-101.441,-123.732,-197.69,-550.826,-947.527,-1361.96
-0.411976,-0.475522,-0.777274,-116.684,-143.562,-228.586,-472.05,-747.226,-1095.49,-101.441,-123.732,-197.69,-550.826,-947.527,-1361.96
0.602848,-0.733605,0.313685,103.795,-121.765,52.8583,791.439,-751.662,360.041,103.793,-121.766,52.8603,795.022,-754.424,362.999
-0.535175,0.0178725,-0.844552,-214.99,-2.08701,-339.289,-216.912,-2.18905,-342.325,-160,0.229009,-252.396,-1076.84,-204.013,-1742.72
-0.535175,0.0178725,-0.844552,-219.987,-2.35542,-347.184,-659.522,-65.7939,-1048.69,-160,0.229009,-252.396,-1076.84,-204.013,-1742.72
0.816781,0.283173,0.502675,150.105,55.3927,93.0425,973.486,493.657,636.018,150.106,55.3918,93.0429,977.31,496.066,639.27
-0.260961,-0.520733,0.812857,-81.0714,-177.348,272.203,-82.3605,-180.464,276.909,-67.4529,-145.087,223.32,-283.877,-1058.6,1540.03
-0.260961,-0.520733,0.812857,-82.983,-181.972,279.187,-243.122,-724.535,1070.29,-67.4529,-145.087,223.32,-283.877,-1058.6,1540.03
0.498324,0.367204,0.785388,145.349,114.45,234.803,605.05,601.977,1086.96,126.135,98.4382,203.033,743.294,805.438,1399.04
0.0440591,0.996685,0.068396,4.32428,159.942,10.9689,-80.0335,1088.56,74.7664,4.32417,159.942,10.9696,-80.5377,1093.04,75.3119
-0.586982,0.121208,0.800475,-187.276,32.0576,253.906,-192.206,32.7257,260.555,-157.554,27.871,213.715,-1095.97,7.51693,1473.24
-0.586982,0.121208,0.800475,-192.234,32.7292,260.593,-801.067,47.9413,1076.15,-157.554,27.871,213.715,-1095.97,7.51693,1473.24
0.555063,0.748282,0.363289,92.9501,130.232,62.3954,534.878,951.461,427.049,92.9473,130.234,62.3924,537.064,955.394,428.499
-0.494382,0.653284,-0.573417,-99.1934,125.542,-111.975,-775.383,768.215,-766.849,-99.1944,125.541,-111.995,-779.579,770.371,-769.75
-0.411558,-0.423521,-0.807001,-127.657,-140.725,-259.658,-128.081,-141.227,-260.555,-108.134,-117.928,-218.674,-592.658,-921.939,-1507.71
-0.411558,-0.423521,-0.807001,-130.886,-144.547,-266.493,-460.833,-633.385,-1073.89,-108.134,-117.928,-218.674,-592.658,-921.939,-1507.71
0.597605,-0.308686,-0.739987,153.093,-73.9081,-187.049,965.153,-314.172,-1121.44,143.977,-69.7896,-176.044,1046.5,-325.652,-1211.95
-0.263456,-0.370898,0.89052,-144.394,-234.042,538.557,-144.397,-234.049,538.573,-87.6848,-133.833,313.262,-383.129,-1026.85,2169.79
-0.263456,-0.370898,0.89052,-146.738,-238.47,548.359,-148.304,-241.441,554.927,-87.6848,-133.833,313.262,-383.129,-1026.85,2169.79
-0.263456,-0.370898,0.89052,-149.072,-242.904,558.16,-246.671,-456.719,1018.09,-87.6848,-133.833,313.262,-383.129,-1026.85,2169.79
0.146975,0.432432,-0.889607,71.5503,265.529,-536.013,71.8093,266.818,-538.573,45.7781,153.311,-311.719,74.6519,1093.45,-2158.92
0.146975,0.432432,-0.889607,72.5331,270.442,-545.77,73.4452,275.055,-554.927,45.7781,153.311,-311.719,74.6519,1093.45,-2158.92
0.146975,0.432432,-0.889607,73.5042,275.358,-555.529,106.234,510.476,-1018.09,45.7781,153.311,-311.719,74.6519,1093.45,-2158.92
-0.990009,-0.140841,0.00675486,-157.995,-25.2485,1.07664,-1055.26,-278.907,7.81931,-157.996,-25.2416,1.08085,-1059.51,-280.453,7.42054
0.122153,0.896162,0.426583,18.6061,158.914,75.4687,7.95608,1091.47,516.433,18.607,158.914,75.4684,6.08051,1095.98,518.385
-0.756621,-0.653836,0.00474428,-119.254,-106.67,0.760833,-737.011,-805.101,6.20142,-119.253,-106.671,0.759131,-739.58,-808.85,5.21177
0.923432,-0.381833,-0.0384329,148.884,-58.5973,-6.14812,1050.48,-296.42,-42.0645,148.883,-58.5983,-6.15411,1054.95,-297.138,-42.2508
0.676172,0.26581,0.687122,147.488,62.026,151.336,938.49,557.323,1037.12,147.488,62.0268,151.333,941.99,560.241,1041.08
0.651812,0.695165,0.303129,107.324,118.665,50.8996,643.068,881.95,348.702,107.326,118.664,50.8979,645.656,885.632,349.517
0.0794375,0.751514,-0.654917,13.2084,159.454,-138.667,-54.47,1090.14,-949,13.2127,159.454,-138.673,-55.1897,1094.61,-953.68
0.557243,0.0972897,-0.82463,195.578,41.8223,-291.617,196.672,42.1001,-293.263,156.712,32.2722,-233.281,1017.2,408.066,-1609.39
0.557243,0.0972897,-0.82463,200.427,43.0574,-298.914,690.704,221.573,-1061.29,156.712,32.2722,-233.281,1017.2,408.066,-1609.39
0.69596,0.402435,-0.594715,136.773,83.0246,-118.349,855.548,677.798,-809.251,136.775,83.022,-118.369,858.696,681.071,-813.668
-0.92424,-0.343092,-0.167535,-149.012,-58.2702,-27.175,-971.128,-498.279,-185.879,-149.01,-58.2761,-27.1912,-974.87,-500.843,-186.692
-0.306478,0.361531,0.880549,-179.504,188.092,483.142,-182.016,190.427,489.511,-107.8,118.234,297.325,-893.411,634.848,2057.57
-0.306478,0.361531,0.880549,-183.173,191.501,492.443,-405.661,372.462,1025.29,-107.8,118.234,297.325,-893.411,634.848,2057.57
-0.311154,0.72593,-0.613358,-66.2047,145.66,-124.264,-573.345,928.789,-850.694,-66.2045,145.66,-124.265,-576.462,932.152,-854.302
-0.450822,-0.872727,-0.187367,-70.9452,-143.411,-30.5207,-382.332,-1022.35,-208.813,-70.9453,-143.411,-30.5208,-383.256,-1026.81,-209.556
-0.751061,0.651543,-0.106766,-122.65,102.748,-17.1781,-903.341,612.656,-117.103,-122.647,102.751,-17.1815,-906.768,615.621,-117.962
0.536774,-0.815871,-0.215007,90.2639,-132.108,-35.2143,703.677,-834.392,-240.533,90.2684,-132.105,-35.2267,707.901,-836.715,-241.873
0.34644,-0.820202,0.455246,65.0801,-146.166,81.8121,552.58,-941.29,560.37,65.0761,-146.168,81.8133,555.618,-944.724,562.017
-0.321789,-0.469323,0.822307,-106.809,-169.091,289.062,-108.266,-171.608,293.263,-86.4705,-134.621,231.245,-420.353,-1012.19,1595.2
-0.321789,-0.469323,0.822307,-109.314,-173.423,296.29,-327.105,-656.546,1063.09,-86.4705,-134.621,231.245,-420.353,-1012.19,1595.2
-0.561074,0.0878842,-0.823087,-198.615,23.5006,-289.945,-200.896,23.6826,-293.263,-158.747,19.9872,-231.925,-1094.49,-57.4617,-1599.94
-0.561074,0.0878842,-0.823087,-203.602,23.8961,-297.2,-730.837,12.6947,-1063.09,-158.747,19.9872,-231.925,-1094.49,-57.4617,-1599.94
-0.299681,0.7433,-0.598077,-62.9887,147.08,-119.409,-551.579,941.877,-816.793,-62.9824,147.082,-119.41,-554.045,945.648,-820.838
0.834922,0.546368,-0.0662346,132.366,89.8845,-10.6319,837.597,699.86,-74.3506,132.36,89.8936,-10.6214,840.264,703.685,-72.9211
-0.450402,0.74139,-0.497473,-85.7537,135.079,-91.7608,-688.39,847.049,-628.839,-85.7536,135.079,-91.761,-690.365,851.241,-630.449
-0.746392,0.326532,0.579893,-147.901,61.0352,113.895,-1052.48,289.23,778.598,-147.9,61.0365,113.895,-1056.86,290.288,782.841
-0.969509,-0.241984,0.0386831,-154.549,-41.4071,6.19365,-1020.85,-386.303,42.3856,-154.552,-41.3983,6.19424,-1024.92,-388.281,42.5263
-0.806553,-0.125978,0.577582,-157.531,-27.9976,113.214,-1043.52,-320.058,773.861,-157.531,-27.9988,113.214,-1047.38,-322.825,778.145
0.638077,-0.720755,0.270867,108.17,-117.895,45.0258,817.677,-723.033,307.989,108.169,-117.896,45.0241,820.984,-726.087,309.166
-0.880875,0.20983,-0.424301,-156.317,34.1316,-74.9803,-1085.5,114.277,-512.597,-156.318,34.1287,-74.9757,-1090.07,113.865,-514.998
0.814681,-0.0190532,-0.579596,160,-0.361984,-113.806,1083.73,130.023,-779.377,160,-0.382311,-113.807,1088,132.198,-782.235
-0.215995,0.972852,0.0830984,-37.353,155.579,13.3397,-359.656,1030.54,91.0852,-37.3554,155.578,13.3425,-361.716,1034.59,91.6038
-0.606993,0.136423,0.78291,-176.761,33.9955,226.561,-177.769,34.1569,227.847,-157.012,30.7796,201.374,-1095.45,34.6241,1387.52
-0.606993,0.136423,0.78291,-181.701,34.7826,232.857,-859.748,62.2748,1088.81,-157.012,30.7796,201.374,-1095.45,34.6241,1387.52
-0.963658,0.258299,-0.0681557,-155.232,38.7674,-10.9308,-1080,158.024,-74.556,-155.232,38.7682,-10.9309,-1084.63,157.452,-75.046
0.72556,0.614369,0.310022,120.228,105.571,52.184,740.325,802.054,357.316,120.226,105.574,52.1771,742.754,805.935,358.305
-0.730297,0.151685,0.666076,-157.36,28.9474,142.906,-1090.17,53.8042,977.443,-157.362,28.9367,142.893,-1094.79,51.5325,982.803
-0.0767693,-0.643972,0.761188,-15.7086,-174.294,205.407,34.5927,-937.862,1105.9,-14.7426,-159.319,187.815,69.0353,-1093.82,1293.49
0.940253,-0.33232,0.0740824,151.747,-50.7221,11.8865,1064.6,-240.824,81.1606,151.747,-50.7221,11.8864,1069.11,-241.274,81.6065
0.571691,-0.406533,-0.712671,136.833,-92.2052,-167.649,982.451,-475.566,-1114.4,132.616,-89.516,-162.564,986.742,-477.029,-1118.7
0.362268,0.650631,-0.667414,74.5958,141.547,-143.4,374.469,1025.25,-983.165,74.6035,141.543,-143.41,375.852,1029.54,-986.372
-0.765897,-0.642092,0.0334534,-120.836,-104.875,5.34697,-748.991,-793.967,36.4526,-120.835,-104.876,5.35581,-751.545,-797.744,36.7701
-0.478866,-0.361771,-0.79988,-147.637,-119.596,-253.276,-567.559,-573.831,-1079.29,-124.863,-100.046,-213.274,-728.674,-818.688,-1470.17
-0.607845,0.00888424,0.794006,-184.971,-3.25844,241.664,-186.912,-3.35643,244.201,-159.985,-2.16452,209.007,-1078.42,-195.523,1440.53
-0.607845,0.00888424,0.794006,-189.968,-3.51347,248.197,-818.993,-107.836,1082.89,-159.985,-2.16452,209.007,-1078.42,-195.523,1440.53
-0.874223,-0.13198,-0.467243,-157.716,-26.9408,-84.562,-1048.35,-303.866,-579.675,-157.716,-26.9409,-84.5618,-1052.48,-305.797,-580.921
-0.537947,-0.815805,0.212308,-85.7277,-135.095,34.7633,-487.861,-976.404,235.766,-85.7277,-135.095,34.7635,-489.273,-980.728,238.692
-0.421851,0.430775,-0.797794,-137.419,131.21,-251.427,-647.579,493.37,-1081.09,-115.145,111.093,-211.74,-904.401,619.092,-1459.51
0.404702,-0.472687,0.782805,121.258,-133.028,226.475,122.018,-133.811,227.847,107.361,-118.633,201.303,856.827,-683.42,1387.04
0.404702,-0.472687,0.782805,124.745,-136.615,232.768,654.003,-565.667,1091.89,107.361,-118.633,201.303,856.827,-683.42,1387.04
0.487218,-0.521134,0.700741,112.057,-114.207,157.171,865.815,-664.633,1076.79,112.041,-114.223,157.173,869.833,-666.788,1081.43
0.0887893,0.699586,-0.709011,16.2829,159.169,-160.871,16.4028,160.717,-162.431,16.2888,159.169,-160.881,-44.5926,1095.09,-1107.06
0.0887893,0.699586,-0.709011,16.6667,164.156,-165.899,-43.7465,1090.62,-1102.1,16.2888,159.169,-160.881,-44.5926,1095.09,-1107.06
0.479419,-0.101657,-0.871678,242.035,-38.0008,-435.831,244.62,-38.2656,-440.449,157.583,-27.705,-284.642,1095.42,35.6099,-1968.47
0.479419,-0.101657,-0.871678,247.016,-38.5084,-444.729,576.316,-47.9906,-1030.69,157.583,-27.705,-284.642,1095.42,35.6099,-1968.47
0.0157676,-0.991076,0.132359,5.30441,-159.912,21.3708,145.765,-1081.72,146.883,5.30581,-159.912,21.3665,146.865,-1086.12,146.696
-0.633136,-0.700994,-0.328248,-105.06,-120.675,-55.6064,-624.976,-894.862,-380.11,-105.076,-120.661,-55.6034,-628.047,-898.205,-381.846
0.659748,0.597376,-0.455932,116.516,109.654,-81.9635,705.546,832.813,-561.651,116.518,109.651,-81.969,708.515,836.196,-563.088
-0.907842,-0.222553,0.355378,-154.675,-40.9329,60.8351,-1019.23,-390.562,415.623,-154.675,-40.9328,60.8348,-1023.37,-392.34,417.795
0.950069,0.115285,0.289962,158.465,22.1108,48.476,1059.56,262.115,332.072,158.465,22.1097,48.4791,1063.67,264.248,332.899
0.14293,-0.834674,-0.531874,30.1862,-157.127,-100.498,330.382,-1040.3,-687.892,30.1856,-157.127,-100.5,332.691,-1044.29,-690.593
0.133435,0.506874,0.85163,46.3867,215.054,357.614,46.496,215.7,358.679,35.6609,155.975,260.015,35.0022,1095.44,1795.96
0.133435,0.506874,0.85163,47.2171,219.99,365.749,80.7672,635.03,1043.29,35.6609,155.975,260.015,35.0022,1095.44,1795.96
0.430359,0.363205,-0.826361,151.361,138.257,-300.786,482.136,536.523,-1061.29,119.083,106.861,-234.823,672.154,865.693,-1620.13
-0.210942,0.571777,0.792827,-69.634,171.395,240.743,-70.7158,173.823,244.201,-59.5708,148.497,208.171,-569.974,936.133,1434.72
-0.210942,0.571777,0.792827,-71.6717,175.964,247.251,-398.348,729.377,1084.69,-59.5708,148.497,208.171,-569.974,936.133,1434.72
-0.186374,-0.668571,-0.719915,-40.246,-160.016,-171.164,-111.923,-1085.75,-1137.62,-39.1525,-155.136,-165.977,-111.837,-1090.28,-1142.3
-0.186374,-0.668571,-0.719915,-111.923,-1085.75,-1137.62,-111.923,-1085.75,-1137.62,-39.1525,-155.136,-165.977,-111.837,-1090.28,-1142.3
0.543524,0.0358608,0.838627,208.796,22.4585,323.426,210.43,22.7037,325.971,159.243,15.5423,246.376,1052.49,305.731,1700.69
0.543524,0.0358608,0.838627,213.744,23.2041,331.132,667.687,135.511,1052.29,159.243,15.5423,246.376,1052.49,305.731,1700.69
0.924899,0.279658,0.257593,152.309,49.0097,42.6511,999.137,439.43,292.759,152.308,49.0122,42.6565,1002.88,442.094,292.903
-0.599144,0.721812,-0.34643,-104.427,121.223,-59.0894,-796.454,746.346,-404.582,-104.419,121.23,-59.0911,-799.871,749.281,-405.812
-0.412408,0.851728,0.323232,-72.3196,142.723,54.6596,-592.376,916.767,371.656,-72.3202,142.723,54.6537,-596.112,919.71,375.321
0.72177,-0.48843,-0.490392,134.24,-87.0609,-90.0362,977.881,-484.893,-615.727,134.245,-87.053,-90.0373,982.045,-486.624,-618.589
-0.399177,0.26354,-0.878182,-220.498,128.084,-468.52,-222.749,129.223,-473.157,-136.592,83.3224,-293.815,-1034.71,361.387,-2032.89
-0.399177,0.26354,-0.878182,-224.968,130.343,-477.726,-498.546,246.146,-1024.22,-136.592,83.3224,-293.815,-1034.71,361.387,-2032.89
0.985778,-0.151986,0.0717012,158.526,-21.6649,11.5044,1090.79,-39.265,78.4965,158.526,-21.6649,11.5024,1095.32,-38.5938,78.9697
0.591609,0.597149,0.541675,110.272,115.932,103.104,653.878,873.965,705.287,110.272,115.931,103.111,655.301,878.52,708.57
0.62021,0.119304,0.77531,175.649,39.3391,220.972,839.486,297.907,1097.29,156.243,34.4681,196.435,1019.17,403.121,1353.26
0.454973,-0.889815,-0.0350406,75.2688,-141.19,-5.61209,607.153,-907.049,-38.1206,75.2682,-141.19,-5.61022,609.934,-910.602,-38.5167
-0.369855,0.883037,0.288883,-64.4469,146.447,48.2743,-541.316,947.813,330.244,-64.4394,146.45,48.2823,-543.964,951.483,331.547
-0.00249778,0.9803,0.197499,-3.19178,159.968,32.2375,-132.589,1083.42,220.89,-3.19964,159.968,32.2364,-133.781,1087.8,221.337
-0.137958,-0.989437,0.0445186,-19.3786,-158.822,7.13045,-22.9174,-1091.26,49.1573,-19.3784,-158.822,7.13039,-22.9827,-1095.76,48.9535
0.646228,-0.757751,-0.0905656,105.899,-119.939,-14.5511,800.842,-741.636,-99.3335,105.899,-119.939,-14.551,804.371,-744.449,-99.9009
0.193759,-0.601314,0.775164,60.3989,-169.564,220.893,397.749,-797.074,1097.29,53.1772,-150.905,196.343,523.798,-962.731,1352.61
0.777048,0.565825,-0.275752,127.645,96.4721,-45.8998,797.902,744.799,-313.321,127.646,96.4705,-45.9022,800.739,748.354,-315.198
0.530823,-0.556112,-0.639505,113.039,-113.235,-133.046,865.079,-665.591,-910.731,113.023,-113.251,-133.105,868.751,-668.197,-915.26
0.853253,-0.267815,0.447475,153.546,-44.9863,80.0635,1075.27,-187.556,547.97,153.546,-44.9864,80.0634,1079.69,-188.372,549.982
0.167143,0.836168,0.522385,28.3399,157.47,98.3682,64.5919,1089.59,674.794,28.2083,157.494,98.0254,65.1018,1094.06,673.56
0.167143,0.836168,0.522385,-174.736,-9.61707,211.3,-174.837,-9.84636,211.493,28.2083,157.494,98.0254,65.1018,1094.06,673.56
0.167143,0.836168,0.522385,-178.971,-19.2177,219.393,-578.771,-925.417,983.269,28.2083,157.494,98.0254,65.1018,1094.06,673.56
0.167143,0.836168,0.522385,-113.332,112.942,110.905,-983.496,-473.4,601.602,28.2083,157.494,98.0254,65.1018,1094.06,673.56
-0.876865,-0.215673,-0.429642,-154.617,-41.1514,-76.1227,-1017.29,-395.6,-520.875,-154.618,-41.1509,-76.1317,-1021.31,-397.664,-522.946
-0.876865,-0.215673,-0.429642,-150.542,-54.1949,-119.693,-1042.57,323.13,-444.031,-154.618,-41.1509,-76.1317,-1021.31,-397.664,-522.946
-0.136742,-0.875243,-0.463953,-21.6407,-158.53,-83.8021,-25.6918,-1091.2,-573.343,-21.6404,-158.53,-83.8023,-24.4535,-1095.73,-575.697
-0.892317,0.0291069,0.45047,-159.986,2.14172,80.7347,-1086.32,-106.248,552.453,-159.986,2.15129,80.7352,-1090.63,-108.352,554.602
0.83864,-0.494591,-0.228173,139.226,-78.8429,-37.5029,999.465,-438.682,-256.602,139.225,-78.8446,-37.4988,1004.2,-439.09,-257.478
0.420831,-0.840486,0.341298,74.2339,-141.737,58.0989,605.868,-907.908,397.776,74.2261,-141.741,58.0992,609.04,-911.2,398.996
0.497814,0.828305,-0.257084,79.9834,138.574,-42.5641,444.678,996.812,-290.88,79.98,138.576,-42.5663,446.508,1000.92,-292.283
-0.128467,0.990748,0.0437597,-23.2845,158.297,7.01229,-265.575,1058.7,48.1904,-23.2883,158.296,7.00861,-267.447,1062.87,48.1174
0.924878,-0.208011,-0.318328,156.708,-32.2885,-53.7285,1086.21,-107.352,-368.361,156.709,-32.2855,-53.7303,1090.82,-106.471,-368.976
0.981094,0.193035,-0.013841,156.438,33.5708,-2.21815,1038.96,334.58,-14.3933,156.439,33.5699,-2.21488,1043.18,336.154,-15.2061
0.775365,0.391685,-0.49537,141.362,74.9452,-91.2463,898.907,619.143,-622.19,141.364,74.9417,-91.2467,902.66,621.627,-626.911
-0.348346,0.936911,0.0292246,-58.3081,148.997,4.68138,-496.7,971.937,32.5638,-58.3175,148.994,4.67817,-499.745,975.433,32.1178
0.608398,0.692469,-0.387736,103.353,122.14,-67.3132,610.74,904.638,-459.896,103.356,122.137,-67.3067,612.857,908.638,-462.275
0.669633,0.130601,-0.73112,161.076,35.7703,-176.82,162.856,36.2152,-178.785,156.224,34.5562,-171.479,1023.71,391.448,-1180.36
0.669633,0.130601,-0.73112,165.928,36.9855,-182.177,982.558,367.396,-1128.62,156.224,34.5562,-171.479,1023.71,391.448,-1180.36
0.471342,0.546012,-0.69261,101.65,123.561,-153.648,569.98,930.857,-1052.76,101.65,123.561,-153.648,571.89,934.964,-1057.07
-0.645386,0.301593,0.701797,-146.538,64.2388,157.627,-151.05,66.0854,162.431,-146.539,64.2376,157.639,-1055.73,294.356,1084.65
-0.645386,0.301593,0.701797,-151.167,66.1326,162.555,-1051.22,293.771,1079.75,-146.539,64.2376,157.639,-1055.73,294.356,1084.65
-0.848783,0.0700613,-0.52408,-159.69,9.96151,-98.4504,-1089.88,-59.428,-673.691,-159.69,9.95666,-98.4635,-1094.3,-60.9822,-676.576
0.446756,0.852559,0.271205,71.7326,143.019,45.0863,385.956,1020.98,308.448,71.7338,143.018,45.0848,386.74,1025.5,309.583
0.379686,0.648653,0.659612,77.6611,139.888,140.396,398.377,1016.2,961.817,77.6628,139.887,140.429,399.425,1020.63,965.793
-0.425469,0.614771,-0.664103,-94.0416,129.446,-142.133,-754.127,789.091,-974.016,-94.0395,129.447,-142.135,-757.255,792.326,-977.568
-0.36731,-0.835633,0.408412,-61.6304,-147.654,71.5876,-307.857,-1047.18,489.148,-61.6276,-147.655,71.5929,-308.577,-1051.66,491.739
0.545968,0.778865,-0.308688,89.4688,132.647,-51.9289,512.607,963.642,-355.064,89.4689,132.647,-51.9288,513.748,968.132,-356.599
0.247781,-0.479971,-0.841565,106.665,-186.675,-334.973,109.184,-190.67,-342.325,77.8612,-139.777,-249.323,702.058,-841.624,-1721.26
0.247781,-0.479971,-0.841565,109.335,-190.908,-342.764,385.318,-551.285,-1050.49,77.8612,-139.777,-249.323,702.058,-841.624,-1721.26
-0.96766,-0.249751,-0.035469,-154.215,-42.6337,-5.67805,-1017.79,-394.306,-38.654,-154.216,-42.6313,-5.67889,-1021.79,-396.442,-38.9882
-0.913362,0.328417,-0.240648,-151.494,51.4732,-39.6755,-1064.02,243.363,-270.585,-151.493,51.4757,-39.6716,-1068.58,243.618,-272.401
0.538374,0.338471,-0.771745,149.414,100.376,-218.448,682.228,590.826,-1099.09,133.115,88.772,-194.194,804.486,744.324,-1337.71
0.548043,0.459562,-0.698894,120.113,105.702,-156.366,710.613,828.494,-1071.82,120.106,105.709,-156.361,713.087,832.3,-1075.82
-0.706586,-0.678288,0.201647,-113.467,-112.806,32.9341,-691.523,-844.493,224.486,-113.472,-112.801,32.9418,-694.177,-848.136,226.182
0.494476,-0.867942,-0.0465968,81.5704,-137.645,-7.46302,647.455,-878.734,-50.5225,81.5713,-137.645,-7.46397,650.5,-882.08,-51.2437
-0.350082,-0.871265,0.344006,-56.9291,-149.53,58.6026,-277.786,-1055.56,401.259,-56.9392,-149.526,58.6218,-278.52,-1060.02,402.587
0.737797,0.295193,0.607055,147.238,62.6183,122.24,942.319,550.825,837.729,147.237,62.6194,122.236,946.416,552.732,840.32
0.381924,-0.150503,-0.911857,335.98,-98.0688,-779.031,338.122,-98.4855,-783.883,151.174,-52.4059,-355.509,1091.96,-94.0339,-2468.87
0.381924,-0.150503,-0.911857,340.909,-99.0241,-790.198,345.343,-99.872,-800.237,151.174,-52.4059,-355.509,1091.96,-94.0339,-2468.87
0.381924,-0.150503,-0.911857,345.842,-99.9667,-801.366,435.597,-114.791,-1003.69,151.174,-52.4059,-355.509,1091.96,-94.0339,-2468.87
-0.336288,-0.37773,-0.862688,-147.303,-183.104,-401.004,-149.622,-186.302,-407.741,-102.288,-123.033,-272.981,-519.281,-965.175,-1886.71
-0.336288,-0.37773,-0.862688,-150.24,-187.158,-409.541,-341.474,-500.45,-1036.09,-102.288,-123.033,-272.981,-519.281,-965.175,-1886.71
-0.14647,0.986535,0.0727745,-26.2089,157.839,11.6755,-284.998,1053.64,80.8714,-26.2086,157.839,11.6755,-287.217,1057.7,80.1581
0.53166,-0.340688,0.775415,154.449,-92.4421,221.087,813.303,-361.628,1097.29,137.004,-82.6439,196.502,1016.5,-409.812,1353.72
-0.612775,-0.782713,0.108935,-96.4507,-127.661,17.5335,-566.802,-932.796,119.84,-96.4484,-127.662,17.5348,-569.182,-936.615,120.387
-0.967316,-0.187618,0.170587,-156.521,-33.1862,27.6998,-1039.29,-333.537,189.5,-156.52,-33.1878,27.7012,-1043.5,-335.162,190.194
-0.788801,-0.33509,0.515274,-145.985,-65.4849,96.1994,-937.826,-558.439,658.664,-145.985,-65.4857,96.2039,-940.687,-562.427,661.024
-0.910121,-0.048823,-0.411457,-159.582,-11.5607,-72.2381,-1073.53,-197.255,-493.605,-159.581,-11.568,-72.2348,-1077.8,-198.93,-496.153
0.692727,-0.720338,0.0352442,112.867,-113.407,5.64313,843.544,-692.68,38.0989,112.863,-113.411,5.64286,847.088,-695.456,38.7408
-0.802186,-0.569521,0.179286,-128.832,-94.8804,29.1603,-808.844,-732.901,199.313,-128.833,-94.8786,29.1597,-811.742,-736.404,200.209
-0.154154,-0.547404,-0.822548,-46.9299,-194.416,-289.345,-47.464,-197.071,-293.263,-38.7184,-155.245,-231.455,-73.3384,-1093.54,-1596.67
-0.154154,-0.547404,-0.822548,-47.9145,-199.322,-296.583,-99.5208,-725.72,-1063.09,-38.7184,-155.245,-231.455,-73.3384,-1093.54,-1596.67
0.307284,-0.927256,0.213945,52.9843,-150.972,35.0447,464.373,-987.79,239.933,52.9828,-150.973,35.0443,467.076,-991.492,240.621
0.36238,-0.608059,0.70636,85.2029,-135.427,159.684,86.726,-137.72,162.431,85.2085,-135.423,159.678,709.204,-835.611,1098.75
0.36238,-0.608059,0.70636,87.9716,-139.592,164.675,705.747,-832.643,1093.98,85.2085,-135.423,159.678,709.204,-835.611,1098.75
-0.811185,-0.358768,0.461806,-145.055,-67.5207,83.2609,-930.92,-569.878,568.729,-145.052,-67.5272,83.3091,-934.99,-571.847,572.305
-0.667268,-0.242523,-0.704228,-149.015,-58.2633,-158.707,-152.478,-59.7163,-162.431,-149.015,-58.2624,-158.72,-954.155,-539.263,-1092.13
-0.667268,-0.242523,-0.704228,-153.626,-60.1992,-163.667,-950.698,-536.232,-1087.17,-149.015,-58.2624,-158.72,-954.155,-539.263,-1092.13
0.415076,-0.472003,0.777769,122.95,-131.466,222.767,125.846,-134.375,227.847,108.89,-117.23,198.009,864.513,-673.671,1364.17
0.415076,-0.472003,0.777769,126.48,-135.01,228.958,675.112,-567.405,1095.49,108.89,-117.23,198.009,864.513,-673.671,1364.17
0.337763,0.799292,-0.49704,59.3637,148.58,-91.6728,285.653,1053.46,-627.697,59.3624,148.58,-91.6549,286.377,1057.92,-629.719
-0.900044,-0.432287,-0.0552244,-143.019,-71.7322,-8.84983,-922.386,-583.588,-60.57,-143.019,-71.7324,-8.84984,-925.44,-587.176,-60.7585
-0.909265,0.155274,0.38617,-158.189,24.0047,66.9849,-1090.52,46.3377,457.943,-158.189,24.0035,66.987,-1095.04,45.7541,460.078
0.40834,0.510011,-0.757065,105.397,139.702,-202.816,472.539,828.926,-1109.89,96.6962,127.475,-185.423,520.448,964.546,-1276.91
0.500933,0.730397,0.464313,87.9321,133.671,83.8735,493.559,973.536,574.591,87.93,133.672,83.8851,494.859,977.921,576.267
0.942854,-0.194989,-0.270195,157.233,-29.6254,-44.9111,1087.92,-88.3864,-307.37,157.235,-29.6144,-44.9036,1092.32,-89.687,-308.338
0.143785,0.516094,-0.844377,48.7415,209.402,-338.97,49.1338,211.495,-342.325,37.9977,155.423,-252.214,56.0997,1094.56,-1741.45
0.143785,0.516094,-0.844377,49.661,214.322,-346.857,91.9456,657.15,-1048.69,37.9977,155.423,-252.214,56.0997,1094.56,-1741.45
-0.806272,0.342154,0.482551,-148.479,59.6143,88.1562,-1053.09,287,601.597,-148.479,59.6147,88.1561,-1057.12,289.319,605.647
0.245359,-0.835679,0.491365,48.0836,-152.604,90.2724,444.629,-996.833,617.789,48.0806,-152.605,90.2728,447.435,-1000.51,620.21
-0.667663,0.383572,-0.638042,-140.472,76.6013,-132.591,-1017.96,393.872,-909.298,-140.471,76.6014,-132.591,-1022.35,394.985,-911.715
0.0942857,0.84875,-0.52032,14.4714,159.344,-97.4989,-28.5368,1091.13,-667.417,14.4763,159.344,-97.4937,-29.6076,1095.6,-669.9
-0.671265,0.309633,-0.673447,-146.796,63.6475,-145.774,-1051.04,294.415,-1000.66,-146.8,63.6369,-145.774,-1055.41,295.504,-1002.69
-0.932243,0.351303,0.0866544,-150.668,53.8433,13.9208,-1059.53,262.227,95.4315,-150.669,53.8414,13.9177,-1063.94,263.166,95.553
0.455698,-0.42478,0.782241,135.403,-118.6,226.049,136.51,-119.509,227.847,119.989,-105.842,200.93,927.966,-583.177,1384.44
0.455698,-0.42478,0.782241,139.27,-121.774,232.329,714.853,-489.646,1091.89,119.989,-105.842,200.93,927.966,-583.177,1384.44
0.517758,-0.764059,-0.384891,92.1918,-130.77,-66.7199,721.417,-819.103,-458.019,92.1954,-130.767,-66.7266,725.044,-821.905,-458.288
-0.937857,0.262882,0.226535,-154.797,40.4727,37.2179,-1078.74,166.395,255.175,-154.797,40.4713,37.2149,-1083.25,166.697,255.528
0.233059,-0.617587,-0.751179,64.378,-157.339,-193.481,64.9675,-158.671,-195.139,60.3511,-148.181,-182.097,562.845,-940.437,-1253.87
0.233059,-0.617587,-0.751179,66.4045,-161.912,-199.174,484.812,-847.029,-1115.29,60.3511,-148.181,-182.097,562.845,-940.437,-1253.87
-0.0764709,0.463192,-0.882952,-57.4638,253.57,-489.219,-57.507,253.719,-489.511,-31.7974,156.809,-300.99,-442.789,1002.57,-2083.35
-0.0764709,0.463192,-0.882952,-58.8614,258.38,-498.638,-59.9413,262.068,-505.865,-31.7974,156.809,-300.99,-442.789,1002.57,-2083.35
-0.0764709,0.463192,-0.882952,-60.2703,263.187,-508.058,-153.778,520.609,-1023.49,-31.7974,156.809,-300.99,-442.789,1002.57,-2083.35
-0.864826,-0.0331615,-0.500975,-159.73,-9.28908,-92.6276,-1074.99,-189.117,-633.877,-159.73,-9.28966,-92.6226,-1079.42,-189.893,-636.378
0.520247,0.425698,0.740354,128.608,111.175,187.264,671.176,760.804,1122.49,121.21,104.442,176.237,714.249,831.303,1213.29
0.865542,0.022193,0.500344,159.835,7.25775,92.4651,1077.89,171.829,630.029,159.835,7.2605,92.4669,1081.76,176.117,635.306
-0.299484,0.934541,0.192206,-51.4743,151.494,31.3352,-454.222,992.499,213.709,-51.4764,151.493,31.3388,-456.704,996.312,215.173
0.300864,-0.500996,0.81147,106.282,-163.49,270.792,108.817,-167.095,276.909,86.3528,-134.697,222.202,741.197,-807.368,1532.26
0.300864,-0.500996,0.81147,109.161,-167.583,277.738,484.145,-596.688,1070.29,86.3528,-134.697,222.202,741.197,-807.368,1532.26
0.117186,-0.531653,0.838816,53.6167,-203.04,323.438,54.1028,-204.613,325.971,39.333,-155.09,246.563,460.759,-994.443,1702
0.117186,-0.531653,0.838816,55.0974,-207.82,331.138,234.529,-640.059,1052.29,39.333,-155.09,246.563,460.759,-994.443,1702
0.552877,-0.0248857,-0.832891,204.997,-1.10647,-308.735,205.582,-1.08654,-309.617,159.984,-2.25056,-240.829,1080.5,183.657,-1662
0.552877,-0.0248857,-0.832891,209.998,-0.931779,-316.279,695.548,63.0846,-1055.89,159.984,-2.25056,-240.829,1080.5,183.657,-1662
0.670607,0.0983225,-0.735268,167.48,29.1616,-184.436,985.899,315.344,-1127.89,157.671,27.1988,-173.59,1040.59,344.08,-1194.97
-0.232353,-0.557908,0.796713,-65.4966,-173.018,243.908,-65.5685,-173.228,244.201,-57.3085,-149.385,210.953,-217.202,-1074.26,1454.04
-0.232353,-0.557908,0.796713,-67.1096,-177.753,250.502,-201.787,-791.849,1081.09,-57.3085,-149.385,210.953,-217.202,-1074.26,1454.04
0.9516,-0.122375,0.281927,159.032,-17.573,47.017,1091.48,-6.33224,321.927,159.032,-17.5751,47.0179,1095.98,-5.98158,322.862
-0.925161,0.346145,0.15576,-150.803,53.4634,25.2269,-1060.45,258.485,172.815,-150.803,53.4639,25.2309,-1064.82,259.579,173.231
-0.574315,-0.196954,-0.794589,-172.959,-65.6523,-242.204,-174.367,-66.2401,-244.201,-149.825,-56.1463,-209.423,-948.622,-548.938,-1443.42
-0.574315,-0.196954,-0.794589,-177.574,-67.5822,-248.751,-732.961,-377.474,-1082.89,-149.825,-56.1463,-209.423,-948.622,-548.938,-1443.42
0.704304,-0.386624,0.59538,141.859,-74.0005,118.559,1023.14,-380.214,810.493,141.865,-73.9896,118.575,1027.41,-381.641,815.082
0.752074,-0.577786,-0.317094,128.616,-95.1727,-53.4979,940.807,-553.402,-365.988,128.617,-95.1716,-53.4986,944.965,-555.209,-367.384
0.615011,-0.781453,0.105319,101.096,-124.015,16.9426,770.365,-773.246,115.466,101.1,-124.011,16.9461,774.586,-775.392,116.345
0.162157,-0.977752,0.133068,28.884,-157.371,21.4904,303.658,-1048.41,146.624,28.8984,-157.369,21.483,305.896,-1052.45,147.496
0.515907,-0.352622,-0.780703,151.662,-96.9464,-224.913,153.679,-98.1486,-227.847,134.515,-86.6355,-199.916,1004.76,-437.812,-1377.41
0.515907,-0.352622,-0.780703,155.96,-99.5057,-231.164,783.837,-378.642,-1091.46,134.515,-86.6355,-199.916,1004.76,-437.812,-1377.41
0.855815,0.471548,0.212656,138.762,79.6563,34.8253,886.185,637.219,237.648,138.762,79.6554,34.8233,889.573,640.215,239.103
-0.473036,-0.516311,0.713905,-108.355,-124.435,168.254,-592.627,-916.605,1118.46,-105.171,-120.578,163.138,-594.711,-920.616,1122.67
0.177573,0.899254,0.399762,28.0617,157.52,69.7844,73.9423,1088.99,477.209,28.0614,157.52,69.7842,73.1249,1093.56,479.306
0.639831,0.0930944,0.762857,172.375,30.1974,206.511,176.511,31.0488,211.493,157.668,27.2182,188.799,1038.02,351.753,1300.31
0.639831,0.0930944,0.762857,177.274,31.2067,212.413,892.398,275.64,1106.29,157.668,27.2182,188.799,1038.02,351.753,1300.31
-0.0645313,-0.928417,0.365893,-8.15212,-159.792,62.9094,61.5977,-1089.76,431.444,-8.15854,-159.792,62.9084,62.2746,-1094.23,432.045
0.814692,-0.372426,-0.444495,146.765,-63.7187,-79.4194,1043.62,-319.723,-543.189,146.76,-63.7298,-79.3983,1047.83,-321.36,-545.408
-0.816008,-0.283394,0.503805,-150.074,-55.4787,93.3218,-973.205,-494.211,637.731,-150.075,-55.4744,93.323,-976.993,-496.69,641.198
0.295297,0.952957,0.0683534,44.7296,153.621,10.9626,198.835,1073.24,75.4759,44.7308,153.62,10.9627,199.197,1077.75,75.2647
0.128722,0.592618,0.795132,33.3396,181.971,242.594,33.5205,183.184,244.201,29.5375,157.25,209.812,21.3013,1095.79,1446.12
0.128722,0.592618,0.795132,34.0746,186.92,249.152,55.9732,821.208,1082.89,29.5375,157.25,209.812,21.3013,1095.79,1446.12
0.572784,0.115497,0.811528,189.652,45.3542,270.839,193.863,46.5261,276.909,155.85,36.2044,222.249,1009.1,427.696,1532.58
0.572784,0.115497,0.811528,194.472,46.6961,277.787,724.19,256.455,1070.29,155.85,36.2044,222.249,1009.1,427.696,1532.58
-0.354431,-0.422152,0.834366,-128.355,-166.208,317.977,-370.979,-588.184,1055.89,-99.0282,-125.672,242.23,-510.182,-970.015,1671.77
0.526276,0.846032,0.0852283,82.1702,137.288,13.689,460.938,989.398,92.7618,82.1667,137.29,13.687,465.438,992.262,93.9689
0.231959,-0.968728,-0.0881013,39.9189,-154.94,-14.1524,376.692,-1024.44,-95.1172,39.925,-154.939,-14.1519,378.833,-1028.45,-97.161
-0.950235,0.146206,0.275095,-158.547,21.515,45.7837,-1090.98,33.76,312.492,-158.547,21.5141,45.784,-1095.49,33.4005,314.385
-0.111133,0.962148,0.248838,-21.1632,158.594,41.1091,-256.02,1061.05,280.467,-21.1631,158.594,41.1092,-256.557,1065.55,282.275
0.423141,-0.717709,0.553033,84.0722,-136.132,106.212,680.694,-853.246,726.516,84.0729,-136.131,106.212,683.885,-856.456,729.92
0.0299277,0.577636,0.815746,3.05912,194.976,275.03,3.03152,196.308,276.909,3.5493,159.961,225.684,-166.208,1083.32,1556.49
0.0299277,0.577636,0.815746,2.95209,199.978,282.085,-66.7056,752.319,1068.49,3.5493,159.961,225.684,-166.208,1083.32,1556.49
0.458321,0.344083,-0.819481,155.392,125.911,-285.945,526.588,523.732,-1064.89,125.03,99.8376,-228.817,723.428,823.327,-1578.29
-0.16421,-0.961752,0.219243,-24.1578,-158.166,35.9587,-53.0041,-1090.21,245.806,-24.1594,-158.165,35.9555,-53.3735,-1094.7,246.878
0.370249,-0.284037,0.884443,219.671,-148.222,502.938,221,-149.006,505.865,130.432,-92.6688,303.317,1009.24,-427.371,2099.73
0.370249,-0.284037,0.884443,223.988,-150.762,512.44,463.279,-272.085,1021.69,130.432,-92.6688,303.317,1009.24,-427.371,2099.73
-0.638415,-0.199836,0.743298,-160.798,-55.1729,188.916,-897.95,-450.258,1120.69,-151.422,-51.6852,177.799,-972.433,-505.558,1224.11
-0.375561,0.899444,-0.223507,-64.2319,146.541,-36.6907,-538.533,949.397,-252.047,-64.231,146.541,-36.6912,-540.823,953.271,-251.931
0.0347097,-0.492667,0.869526,29.3635,-238.197,422.587,29.5128,-239.041,424.095,16.7659,-159.119,281.748,334.219,-1043.8,1948.17
0.0347097,-0.492667,0.869526,30.2401,-243.127,431.399,115.051,-573.552,1032.49,16.7659,-159.119,281.748,334.219,-1043.8,1948.17
-0.918071,0.386551,0.0878822,-148.506,59.5475,14.1167,-1048.85,302.141,96.6767,-148.506,59.5469,14.1165,-1053.13,303.528,96.9174
-0.81429,0.167835,0.555665,-157.337,29.0711,106.94,-1089.47,66.586,731.174,-157.337,29.0678,106.942,-1093.9,67.7475,734.951
0.611209,-0.106269,0.784303,178.211,-25.3174,227.595,178.409,-25.3393,227.847,158.331,-23.0504,202.303,1095.82,19.5954,1393.97
0.611209,-0.106269,0.784303,183.183,-25.863,233.916,859.137,-20.225,1090.09,158.331,-23.0504,202.303,1095.82,19.5954,1393.97
0.53123,-0.191515,-0.825298,190.578,-60.6639,-292.416,191.137,-60.8186,-293.263,152.092,-49.6789,-233.874,1085.73,-149.664,-1613.51
0.53123,-0.191515,-0.825298,195.401,-61.9946,-299.726,708.247,-149.884,-1061.29,152.092,-49.6789,-233.874,1085.73,-149.664,-1613.51
-0.783271,-0.13426,-0.60701,-157.082,-30.4197,-122.222,-1037.12,-340.232,-836.627,-157.082,-30.4197,-122.222,-1041.13,-342.425,-840.219
-0.715747,-0.690894,0.101844,-113.19,-113.084,16.3821,-691.042,-844.886,112.997,-113.19,-113.084,16.381,-693.409,-848.764,112.465
-0.525989,-0.121361,-0.841788,-207.265,-57.1491,-335.363,-211.515,-58.5219,-342.325,-154.686,-40.894,-249.549,-988.988,-472.354,-1722.84
-0.525989,-0.121361,-0.841788,-212.028,-58.6882,-343.165,-628.839,-236.568,-1050.49,-154.686,-40.894,-249.549,-988.988,-472.354,-1722.84
0.497847,-0.0281023,-0.866809,239.997,-1.09815,-417.364,243.867,-0.912339,-424.095,159.961,-3.53167,-278.19,1078.13,197.111,-1923.22
0.497847,-0.0281023,-0.866809,244.999,-0.856707,-426.063,591.982,42.5322,-1034.29,159.961,-3.53167,-278.19,1078.13,197.111,-1923.22
-0.457453,-0.318071,0.830402,-163.599,-123.533,305.761,-165.596,-125.17,309.617,-128.5,-95.3302,238.503,-748.141,-800.937,1645.77
-0.457453,-0.318071,0.830402,-167.468,-126.706,313.233,-520.141,-478.132,1057.69,-128.5,-95.3302,238.503,-748.141,-800.937,1645.77
0.670241,0.396416,0.627401,135.891,84.4614,128.925,845.515,690.273,883.217,135.893,84.4579,128.924,848.648,693.551,886.422
-0.345417,-0.790611,-0.50559,-61.1367,-147.859,-93.7669,-296.393,-1050.49,-642.095,-61.1375,-147.859,-93.767,-298.32,-1054.62,-644.253
-0.102191,-0.914915,0.390496,-14.7931,-159.315,67.8636,18.4905,-1091.34,464.677,-14.803,-159.314,67.8717,17.9712,-1095.85,466.159
0.405206,0.306352,0.861369,176.51,147.459,390.089,177.074,147.978,391.387,124.307,100.736,271.36,698.208,844.82,1875.35
0.405206,0.306352,0.861369,180.188,150.855,398.571,435.619,427.903,1037.89,124.307,100.736,271.36,698.208,844.82,1875.35
0.593684,0.0976584,-0.798751,186.329,37.1676,-252.324,771.552,245.215,-1079.29,157.076,30.4486,-212.44,1026.11,385.116,-1464.38
0.258366,0.649466,0.715151,57.1074,154.802,168.843,228.503,1067.31,1121.65,55.4859,150.071,163.72,228.663,1071.88,1126.69
0.876808,-0.480587,-0.0155973,141.598,-74.4984,-2.49278,1012.12,-408.632,-17.3912,141.602,-74.4915,-2.496,1016.21,-410.522,-17.1361
-0.749597,0.204252,-0.629591,-155.258,38.6657,-129.678,-1084.16,126.355,-887.43,-155.261,38.6543,-129.668,-1088.81,125.35,-891.558
-0.173864,0.954019,-0.244171,-31.4549,156.878,-40.2932,-323.157,1042.56,-275.834,-31.4588,156.877,-40.2888,-325.354,1046.59,-276.64
-0.751138,0.56419,-0.342754,-129.662,93.7426,-58.3677,-947.806,541.328,-399.235,-129.66,93.7457,-58.3801,-951.591,543.774,-400.926
0.312767,-0.916245,-0.250344,54.353,-150.485,-41.3778,475.114,-982.669,-282.608,54.356,-150.484,-41.3747,477.004,-986.754,-284.098
-0.506566,0.265358,0.820351,-180.505,86.127,286.967,-184.535,87.8651,293.263,-143.889,69.9713,229.559,-1054.47,298.843,1583.46
-0.506566,0.265358,0.820351,-185.1,88.1077,294.145,-696.532,249.487,1064.89,-143.889,69.9713,229.559,-1054.47,298.843,1583.46
0.995314,-0.0575598,0.0777005,159.868,-6.49228,12.4745,1089.62,64.0424,84.5191,159.868,-6.49536,12.4704,1094.03,65.7652,85.6159
0.877763,-0.00295575,-0.479086,159.979,2.57647,-87.342,1082.26,141.746,-596.879,159.979,2.57949,-87.3335,1086.68,142.655,-599.988
-0.310819,-0.684479,-0.659455,-62.8183,-147.152,-140.366,-291.811,-1051.77,-962.974,-62.8219,-147.151,-140.369,-292.063,-1056.37,-965.383
0.766435,0.610602,-0.199356,123.385,101.864,-32.5641,767.535,776.055,-221.878,123.382,101.867,-32.552,769.404,780.534,-223.505
-0.23147,-0.793836,0.562357,-41.6103,-154.495,108.807,-154.768,-1080.47,746.071,-41.601,-154.497,108.821,-154.598,-1085.04,747.89
0.0853611,0.993635,-0.0734988,10.9606,159.624,-11.7943,-33.9333,1090.97,-80.7111,10.9584,159.624,-11.7923,-35.1449,1095.44,-80.9601
0.348859,0.354826,-0.867407,159.257,179.547,-418.601,161.224,182.01,-424.095,108.185,117.881,-278.965,562.737,940.501,-1928.65
0.348859,0.354826,-0.867407,162.38,183.461,-427.329,357.154,469.618,-1031.16,108.185,117.881,-278.965,562.737,940.501,-1928.65
0.350514,0.208595,-0.913032,286.944,209.016,-795.775,288.44,210.335,-800.237,133.942,87.5192,-358.256,741.111,807.447,-2488.4
0.350514,0.208595,-0.913032,290.709,212.34,-807.017,293.908,215.179,-816.591,133.942,87.5192,-358.256,741.111,807.447,-2488.4
0.350514,0.208595,-0.913032,294.465,215.675,-818.26,355.124,272.058,-1003.69,133.942,87.5192,-358.256,741.111,807.447,-2488.4
0.912494,-0.408298,-0.0254692,147.143,-62.8396,-4.07662,1041.47,-326.671,-27.8831,147.143,-62.8401,-4.07659,1045.99,-327.287,-27.9876
-0.907349,-0.120701,0.402677,-158.181,-24.058,70.3922,-1054.8,-280.647,481.276,-158.181,-24.0586,70.3912,-1058.99,-282.415,483.479
-0.807886,-0.195342,-0.556024,-154.716,-40.7796,-107.029,-1014.09,-403.73,-732.653,-154.712,-40.7962,-107.042,-1018.35,-405.199,-735.64
-0.612424,-0.573849,-0.543723,-114.5,-111.758,-103.659,-683.811,-850.749,-710.826,-114.5,-111.757,-103.664,-687.302,-853.716,-712.379
-0.155689,0.833085,-0.530782,-32.5609,156.652,-100.212,-348.609,1034.33,-680.983,-32.5609,156.652,-100.212,-348.362,1039.16,-688.615
-0.701378,-0.711393,-0.0445863,-110.358,-115.849,-7.12788,-669.896,-861.749,-48.3205,-110.365,-115.843,-7.14125,-672.619,-865.332,-49.0281
0.155115,0.867317,0.47297,25.101,158.019,85.8884,47.9438,1090.45,586.915,25.1049,158.018,85.8946,47.751,1094.96,590.089
0.0786767,0.724597,0.684667,13.5316,159.427,150.293,-57.5338,1089.98,1029.83,13.5332,159.427,150.313,-58.4072,1094.44,1034.04
-0.996894,-0.0607042,-0.050172,-159.514,-12.4655,-8.03561,-1074.07,-194.304,-55.3652,-159.514,-12.4589,-8.03803,-1078.6,-194.509,-55.1849
0.981461,-0.191584,0.00539175,157.537,-27.9631,0.860567,1088.36,-82.7449,6.70594,157.538,-27.963,0.862734,1092.89,-82.4805,5.92305
0.894864,-0.0829842,0.438557,159.57,-11.7247,78.0801,1090.72,41.2166,534.291,159.569,-11.7388,78.0829,1095.2,41.9559,536.363
-0.435104,0.0748195,0.897266,-293.56,29.1119,600.228,-295.409,29.1616,603.989,-158.618,20.985,325.259,-1090.7,-107.613,2254.48
-0.435104,0.0748195,0.897266,-298.571,29.2426,610.422,-303.449,29.358,620.343,-158.618,20.985,325.259,-1090.7,-107.613,2254.48
-0.435104,0.0748195,0.897266,-303.583,29.361,620.617,-495.884,24.7262,1011.92,-158.618,20.985,325.259,-1090.7,-107.613,2254.48
-0.231291,-0.836803,0.496252,-39.5777,-155.028,91.4858,-147.125,-1081.54,626.555,-39.5785,-155.028,91.4621,-146.73,-1086.13,628.393
0.885127,0.213485,0.41349,154.808,40.4303,72.6653,1019.49,389.877,496.66,154.808,40.4305,72.6653,1023.52,391.959,499.112
-0.572338,0.805474,-0.153756,-94.9215,128.802,-24.8957,-733.127,808.639,-170.537,-94.9201,128.803,-24.8982,-736.302,811.835,-170.946
-0.603542,-0.662779,0.44324,-105.45,-120.334,79.1117,-624.004,-895.54,541.367,-105.45,-120.334,79.1192,-625.665,-899.866,543.489
-0.417462,-0.208893,-0.884358,-229.351,-132.753,-502.365,-230.89,-133.775,-505.865,-140.366,-76.7939,-303.184,-825.643,-720.784,-2098.79
-0.417462,-0.208893,-0.884358,-233.522,-135.526,-511.854,-447.808,-298.215,-1021.69,-140.366,-76.7939,-303.184,-825.643,-720.784,-2098.79
-0.774326,-0.556789,0.300677,-128.201,-95.7319,50.4799,-800.986,-741.481,344.994,-128.207,-95.7235,50.4451,-804.48,-744.331,346.406
-0.413315,0.877358,0.24375,-70.7308,143.517,40.2158,-580.501,924.333,274.687,-70.7294,143.518,40.2149,-583.455,927.791,276.132
-0.413921,-0.777873,-0.472846,-72.4109,-142.677,-85.8772,-381.611,-1022.62,-587.908,-72.4042,-142.68,-85.8656,-381.607,-1027.42,-589.89
0.137145,-0.685952,0.714605,36.4189,-160.931,168.574,389.268,-1019.73,1119.75,35.196,-156.081,163.465,391.869,-1023.55,1124.93
-0.97271,0.0898707,-0.213914,-159.555,11.9258,-35.038,-1091.09,-30.0906,-239.719,-159.555,11.9278,-35.039,-1095.57,-30.8103,-240.585
-0.49107,-0.592856,0.638257,-99.3026,-125.455,132.651,-561.581,-935.948,908.693,-99.3007,-125.457,132.666,-562.513,-940.635,912.234
-0.881769,0.27375,0.384116,-153.658,44.5997,66.5695,-1075.1,188.526,456.489,-153.658,44.5999,66.5689,-1079.5,189.486,457.204
0.0374641,0.931356,0.362178,3.48979,159.962,62.1635,-92.4789,1087.58,424.842,3.49575,159.962,62.1728,-93.9699,1091.96,426.99
0.0165209,-0.686807,0.726652,8.22049,-164.795,174.528,8.52709,-168.81,178.785,7.82929,-159.808,169.251,212.856,-1075.13,1164.94
0.0165209,-0.686807,0.726652,8.60214,-169.782,179.817,202.362,-1046.62,1132.47,7.82929,-159.808,169.251,212.856,-1075.13,1164.94
-0.541522,-0.658187,-0.523014,-99.1545,-125.572,-98.1969,-571.164,-930.131,-672.411,-99.1553,-125.572,-98.1879,-573.369,-934.058,-674.679
0.93784,-0.329283,0.109671,151.855,-50.398,17.6488,1065.24,-238.002,120.748,151.855,-50.3991,17.6548,1069.7,-238.641,121.211
-0.426726,-0.692398,0.581798,-81.0731,-137.939,114.46,-432.624,-1002.1,785.064,-81.0627,-137.945,114.461,-434.606,-1006.15,786.736
-0.0260261,0.861391,0.507275,-8.01888,159.799,94.1915,-181.355,1076.33,645.633,-8.00566,159.8,94.1874,-181.751,1080.82,647.146
0.692402,0.607624,-0.389066,118.279,107.75,-67.5798,721.939,818.643,-463.26,118.279,107.75,-67.5787,725.131,821.828,-464.145
-0.682353,-0.327045,-0.653786,-142.683,-72.3982,-138.256,-899.584,-618.159,-949.126,-142.683,-72.3979,-138.255,-903.062,-621.043,-950.791
-0.853773,-0.0519693,-0.518046,-159.478,-12.9142,-96.9117,-1070.37,-213.719,-662.029,-159.478,-12.9133,-96.9107,-1074.54,-215.832,-665.888
0.891576,-0.271534,-0.362438,153.888,-43.8011,-62.231,1075.58,-185.767,-425.42,153.889,-43.7978,-62.2241,1080.28,-184.958,-427.342
0.392303,-0.918983,-0.0396111,65.33,-146.055,-6.34276,542.405,-947.19,-43.7378,65.3277,-146.056,-6.34307,545.542,-950.579,-43.5481
0.590032,0.359849,0.722753,138.627,89.4846,172.572,816.241,709.704,1136.89,134.496,86.6651,167.343,825.402,721.06,1151.75
0.329561,-0.431941,-0.839534,134.16,-161.558,-324.625,134.743,-162.205,-325.971,101.01,-124.084,-247.277,837.097,-707.45,-1706.98
0.329561,-0.431941,-0.839534,137.516,-165.27,-332.361,479.889,-479.809,-1052.29,101.01,-124.084,-247.277,837.097,-707.45,-1706.98
-0.277433,-0.944729,0.174694,-42.4006,-154.28,28.3853,-180.322,-1076.5,194.614,-42.4085,-154.277,28.3889,-181.47,-1080.87,194.916
-0.212572,0.855993,-0.471264,-41.5666,154.506,-85.4946,-401.122,1015.12,-582.96,-41.5667,154.506,-85.4961,-403.129,1019.17,-587.348
0.877052,-0.122796,0.464436,158.852,-19.1315,83.9141,1091.48,-7.32307,574.376,158.853,-19.1203,83.9135,1095.98,-7.01494,576.462
0.92099,0.123127,-0.369617,158.17,24.1296,-63.6509,1055.12,279.469,-435.314,158.172,24.1178,-63.6495,1059.35,281.071,-437.139
-0.830299,-0.443176,-0.337933,-139.763,-77.8872,-57.4373,-891.34,-629.988,-392.579,-139.759,-77.8936,-57.4521,-895.112,-632.448,-394.549
-0.298254,0.951247,0.0785731,-50.4779,151.829,12.613,-446.187,996.137,86.9534,-50.4813,151.828,12.6113,-448.553,1000.01,86.5833
0.784448,-0.614824,0.0814427,127.608,-96.5199,13.0693,932.268,-567.67,88.834,127.606,-96.5237,13.0749,936.127,-569.985,89.7663
0.90427,-0.40465,-0.13621,147.148,-62.8288,-21.9912,1041.8,-325.623,-149.126,147.151,-62.8216,-21.9997,1046.33,-326.197,-151.044
0.766832,-0.623844,0.150953,125.846,-98.8071,24.4395,922.012,-584.18,167.283,125.844,-98.8092,24.4336,926.184,-586.003,167.756
-0.446392,0.555997,0.701143,-103.131,122.327,157.328,-813.538,727.687,1077.75,-103.134,122.325,157.35,-817.283,730.25,1082.65
-0.860864,-0.498063,-0.104148,-137.095,-82.4928,-16.7496,-873.99,-653.845,-113.899,-137.093,-82.496,-16.7556,-877.391,-656.811,-115.037
-0.330498,-0.838725,-0.432795,-55.8182,-149.948,-76.8214,-264.577,-1058.95,-526.546,-55.8226,-149.946,-76.8185,-265.854,-1063.27,-527.668
-0.946814,0.15659,-0.28111,-158.295,23.2928,-46.8718,-1090.52,46.1501,-320.965,-158.296,23.2892,-46.8699,-1095.06,45.4644,-321.845
-0.951906,0.213012,0.22023,-156.727,32.1977,36.1277,-1085.99,109.509,247.401,-156.727,32.1962,36.1256,-1090.55,109.12,248.047
0.193038,-0.550445,0.812248,71.0772,-181.585,271.609,72.5916,-185.075,276.909,57.3545,-149.367,222.828,563.076,-940.299,1536.61
0.193038,-0.550445,0.812248,73.0696,-186.174,278.578,352.406,-680.206,1070.29,57.3545,-149.367,222.828,563.076,-940.299,1536.61
0.460844,0.516629,-0.721607,106.651,125.899,-172.004,576.85,921.448,-1138.69,103.524,121.995,-166.79,580.61,929.574,-1147.92
0.651427,0.559278,0.51269,119.29,106.63,95.5343,724.134,816.702,653.544,119.296,106.623,95.5489,726.349,820.752,656.516
-0.243921,0.403749,0.881753,-147.363,214.206,486.182,-148.459,215.611,489.511,-87.6479,133.858,299.148,-782.012,767.902,2070.4
-0.243921,0.403749,0.881753,-150.446,218.154,495.539,-338.386,428.954,1023.49,-87.6479,133.858,299.148,-782.012,767.902,2070.4
-0.902451,0.363764,-0.230778,-149.437,57.1728,-37.9393,-1054.03,283.545,-258.861,-149.427,57.1986,-37.9507,-1058.47,284.342,-260.582
0.636355,-0.037475,0.770486,179.926,-5.15829,217.64,900.537,84.5804,1097.92,159.918,-5.11647,193.413,1087.3,137.788,1332.3
0.149574,-0.986818,0.0617948,26.6862,-157.759,9.90197,288.698,-1052.63,67.536,26.6855,-157.759,9.90658,290.333,-1056.85,68.0136
0.500696,-0.676675,0.539828,97.7676,-126.655,102.615,764.788,-778.763,701.681,97.7636,-126.658,102.615,768.209,-781.71,705.152
0.529772,0.84234,0.0990178,82.8409,136.885,15.9219,467.884,986.132,109.194,82.8411,136.884,15.9219,470.185,990.021,109.313
-0.959552,0.124102,-0.252704,-159.017,17.7088,-41.7925,-1091.48,7.29651,-285.574,-159.016,17.7137,-41.7911,-1095.97,7.90298,-286.959
0.492143,-0.691615,0.528643,95.376,-128.466,99.6735,749.457,-793.528,682.6,95.3732,-128.468,99.6515,752.629,-796.722,684.753
0.760668,0.277337,0.586914,149.128,57.9736,115.993,961.209,517.154,793.538,149.129,57.9701,115.992,964.52,520.497,797.29
-0.247378,0.933341,0.260152,-43.7247,153.91,43.1077,-406.188,1013.11,295.669,-43.7256,153.909,43.1109,-407.289,1017.51,296.024
0.592722,0.796994,0.116111,93.2554,130.013,18.7033,544.829,945.798,125.31,93.256,130.013,18.7053,545.724,950.474,128.424
0.139478,0.866876,-0.478614,22.3752,158.428,-87.2351,29.6388,1091.1,-595.84,22.3341,158.434,-87.222,28.1334,1095.64,-599.221
-0.371767,0.545992,-0.750788,-99.499,137.84,-193.255,-100.506,139.157,-195.139,-93.4461,129.876,-181.88,-767.778,782.133,-1252.36
-0.371767,0.545992,-0.750788,-102.539,141.812,-198.941,-670.502,710.844,-1115.29,-93.4461,129.876,-181.88,-767.778,782.133,-1252.36
-0.0572143,0.868322,-0.492689,-13.6507,159.417,-90.5811,-217.769,1069.56,-620.702,-13.6561,159.416,-90.594,-218.669,1073.96,-622.42
-0.554622,0.445995,-0.702483,-127.061,97.2398,-157.943,-130.739,99.9125,-162.431,-127.061,97.2398,-157.943,-955.531,536.821,-1086.75
-0.554622,0.445995,-0.702483,-131.108,100.179,-162.88,-951.311,535.145,-1082.12,-127.061,97.2398,-157.943,-955.531,536.821,-1086.75
0.115098,-0.624255,0.772695,37.9987,-175.943,219.149,295.123,-849.614,1099.09,33.2411,-156.509,194.787,394.28,-1022.62,1341.82
0.782293,0.360649,0.507887,143.947,69.8507,94.3412,920.38,586.747,644.755,143.944,69.8589,94.3407,923.651,589.987,648.201
-0.300971,-0.953264,0.0265421,-45.5542,-153.378,4.24837,-204.678,-1072.14,29.1256,-45.5543,-153.378,4.24843,-205.192,-1076.62,29.1674
0.366246,-0.92978,0.0370532,61.1796,-147.841,5.93271,515.322,-962.193,40.8046,61.1794,-147.841,5.93287,518.485,-965.603,40.7319
-0.900121,-0.0483185,0.432953,-159.579,-11.6054,76.8536,-1073.21,-198.997,525.494,-159.578,-11.6069,76.853,-1077.5,-200.52,527.906
0.501186,0.755755,-0.421481,85.8936,134.99,-74.4303,480.896,979.852,-509.08,85.8968,134.988,-74.3695,482.625,984.017,-510.829
0.14944,0.85903,0.489628,24.3298,158.139,89.8483,41.2937,1090.72,614.603,24.3244,158.14,89.8529,41.0258,1095.23,617.321
-0.917816,0.394812,0.041693,-148.041,60.6957,6.67188,-1045.78,312.603,46.9791,-148.039,60.6991,6.67701,-1050.65,312.022,45.8408
0.123752,0.747986,0.652075,22.549,158.403,137.627,10.9256,1091.45,942.433,22.548,158.403,137.625,9.62264,1095.96,946.444
-0.213988,-0.670091,0.710765,-44.9538,-153.555,161.677,-45.1459,-154.276,162.431,-44.9521,-153.556,161.685,-154.829,-1085.01,1112.62
-0.213988,-0.670091,0.710765,-46.2379,-158.389,166.73,-155.209,-1080.41,1108.01,-44.9521,-153.556,161.685,-154.829,-1085.01,1112.62
-0.746227,0.255761,0.614599,-152.447,48.5775,124.701,-1073.65,196.596,854.962,-152.446,48.5815,124.669,-1078.08,197.395,857.084
0.280589,0.505322,0.816039,88.4055,173.809,275.336,88.8741,174.82,276.909,73.4981,142.12,225.927,326.747,1046.16,1558.18
0.280589,0.505322,0.816039,90.5057,178.35,282.398,270.255,704.481,1068.49,73.4981,142.12,225.927,326.747,1046.16,1558.18
-0.696449,0.405997,-0.591713,-139.905,77.6311,-117.451,-1012.96,406.544,-802.973,-139.906,77.6288,-117.449,-1017.04,408.479,-807.324
-0.457617,-0.447765,0.768175,-121.456,-125.99,210.018,-122.283,-126.9,211.493,-111.331,-114.915,191.995,-629.853,-896.94,1322.46
-0.457617,-0.447765,0.768175,-124.818,-129.694,216.021,-547.658,-730.507,1099.86,-111.331,-114.915,191.995,-629.853,-896.94,1322.46
0.305217,-0.795922,0.522829,60.2692,-148.215,98.1095,525.907,-956.449,670.36,60.2748,-148.212,98.14,529.372,-959.678,674.349
-0.0664379,0.937006,-0.342938,-14.2136,159.367,-58.4229,-213.116,1070.49,-399.069,-14.2209,159.367,-58.4155,-213.289,1075.05,-401.169
-0.987242,0.15448,0.0385784,-158.477,22.0255,6.17738,-1090.71,41.5336,42.3535,-158.477,22.0254,6.17744,-1095.22,41.2875,42.411
0.559699,0.377739,0.737597,138.303,98.8551,185.733,744.349,702.493,1122.94,130.312,92.8374,174.794,788.279,761.468,1203.3
0.572044,0.518971,-0.635165,116.089,110.106,-131.554,688.566,846.905,-900.654,116.09,110.104,-131.587,690.609,851.044,-904.791
-0.126103,0.459817,-0.879014,-81.2004,241.726,-469.959,-81.8468,243.339,-473.157,-47.8256,152.685,-295.037,-540.746,953.315,-2041.49
-0.126103,0.459817,-0.879014,-83.0668,246.373,-479.177,-211.82,513.402,-1025.29,-47.8256,152.685,-295.037,-540.746,953.315,-2041.49
0.320331,-0.940839,0.110502,54.1618,-150.554,17.789,470.714,-984.785,122.216,54.168,-150.552,17.7902,473.106,-988.629,122.141
-0.867961,0.33466,-0.366941,-150.319,54.8113,-63.1154,-1059.72,261.477,-432.549,-150.321,54.8057,-63.1167,-1064.14,262.334,-433.477
0.690941,0.722244,0.0310518,108.611,117.489,4.95912,657.294,871.399,33.8302,108.609,117.491,4.97093,659.565,875.323,34.1277
0.793215,0.33304,-0.509798,146.26,64.8684,-94.8118,939.346,555.878,-649.501,146.264,64.861,-94.8201,943.333,557.978,-651.5
-0.200439,-0.509182,-0.836993,-68.829,-198.4,-321.187,-69.7299,-201.396,-325.971,-53.9237,-150.639,-244.769,-173.757,-1082.14,-1689.48
-0.200439,-0.509182,-0.836993,-70.2682,-203.193,-328.839,-163.421,-667.806,-1054.09,-53.9237,-150.639,-244.769,-173.757,-1082.14,-1689.48
0.427132,-0.902542,0.0545619,70.9163,-143.426,8.7428,579.057,-925.238,60.4304,70.9107,-143.428,8.74335,581.854,-928.796,60.0273
-0.867843,0.139414,0.476877,-158.439,22.2978,86.8082,-1091.09,30.0506,594.106,-158.439,22.2983,86.812,-1095.64,28.0219,596.4
0.442456,0.377306,0.813555,143.744,131.767,272.882,145.794,133.788,276.909,118.638,107.355,223.887,673.532,864.621,1543.98
0.442456,0.377306,0.813555,147.305,135.282,279.882,505.08,571.461,1070.29,118.638,107.355,223.887,673.532,864.621,1543.98
0.496533,0.540217,0.679426,105.498,120.292,148.169,601.267,910.961,1015.12,105.498,120.292,148.169,603.29,915.017,1019.23
-0.939657,0.289373,-0.182503,-153.71,44.4222,-29.6957,-1073.93,195.072,-202.792,-153.709,44.4229,-29.7008,-1078.43,195.434,-203.925
-0.292171,0.855415,-0.427669,-54.5719,150.406,-75.7035,-483.803,978.421,-516.95,-54.5716,150.406,-75.7035,-485.713,982.496,-520.001
0.888161,-0.372572,0.268999,148.622,-59.257,44.6917,1050.16,-297.554,305.539,148.62,-59.2625,44.6893,1054.75,-297.853,306.866
-0.378168,0.627146,0.680938,-85.795,135.053,148.787,-705.261,833.054,1019.22,-85.7992,135.05,148.783,-708.841,835.919,1023.47
0.65008,-0.664557,0.368456,113.97,-112.298,63.4182,855.441,-677.933,433.467,113.97,-112.298,63.418,859.051,-680.623,435.548
0.0262205,-0.824178,-0.565723,8.40007,-159.779,-109.771,189.878,-1074.86,-752.165,8.40417,-159.779,-109.778,190.166,-1079.38,-754.478
0.0857683,-0.466477,-0.880365,61.9383,-252.515,-482.866,62.9971,-255.934,-489.511,34.59,-156.216,-297.048,458.362,-995.55,-2055.62
0.0857683,-0.466477,-0.880365,63.4213,-257.299,-492.164,166.295,-525.248,-1025.29,34.59,-156.216,-297.048,458.362,-995.55,-2055.62
0.304704,0.952325,-0.0152406,46.1332,153.205,-2.42972,208.623,1071.38,-16.31,46.144,153.202,-2.43889,209.359,1075.82,-16.7441
-0.64177,-0.722236,0.257888,-104.142,-121.468,42.7072,-621.575,-897.227,292.438,-104.144,-121.466,42.7089,-623.267,-901.529,293.263
-0.89371,0.291437,0.341096,-152.993,46.8319,58.0609,-1071.74,206.773,397.458,-152.994,46.8283,58.0603,-1076.23,207.252,398.728
0.334185,-0.554012,-0.76249,94.7013,-147.162,-206.278,97.2049,-150.81,-211.493,86.2358,-134.772,-188.582,726.708,-820.434,-1298.8
0.334185,-0.554012,-0.76249,97.5322,-151.286,-212.174,601.438,-716.44,-1106.29,86.2358,-134.772,-188.582,726.708,-820.434,-1298.8
0.438825,0.647455,0.623085,86.8445,134.38,127.491,470.313,984.976,874.784,86.8492,134.377,127.47,472.045,989.136,876.402
-0.529092,-0.836577,-0.142125,-83.1724,-136.683,-22.9732,-471.47,-984.423,-156.853,-83.1732,-136.683,-22.9743,-472.057,-989.13,-157.736
0.931621,-0.183058,0.313962,157.528,-28.0162,52.9129,1088.76,-77.2543,361.69,157.528,-28.0154,52.9122,1093.29,-76.9702,363.355
0.974427,0.211919,-0.0747143,155.738,36.685,-11.9864,1032.16,354.991,-81.8847,155.739,36.6792,-11.9884,1036.18,357.148,-82.3066
-0.924833,0.374732,-0.0652649,-149.298,57.5343,-10.4598,-1052.58,288.863,-70.8545,-149.298,57.5342,-10.4652,-1057.09,289.453,-71.8489
0.349053,-0.217321,0.911556,308.143,-155.155,765.844,308.85,-155.434,767.529,139.227,-78.8414,354.813,1056.91,-290.099,2463.92
0.349053,-0.217321,0.911556,312.814,-156.994,776.971,315.719,-158.13,783.883,139.227,-78.8414,354.813,1056.91,-290.099,2463.92
0.349053,-0.217321,0.911556,317.492,-158.821,788.101,408.991,-191.786,1003.69,139.227,-78.8414,354.813,1056.91,-290.099,2463.92
-0.139733,-0.622329,0.770182,-33.3358,-171.796,211.312,-33.3601,-171.944,211.493,-30.8528,-156.997,193.226,-39.5588,-1095.29,1331
-0.139733,-0.622329,0.770182,-34.1407,-176.733,217.349,-62.0322,-906.363,1100.89,-30.8528,-156.997,193.226,-39.5588,-1095.29,1331
-0.507425,-0.294499,0.809809,-165.067,-103.816,269.185,-608.3,-479.484,1072.09,-135.982,-84.3149,220.878,-818.938,-728.394,1523.04
0.428686,0.894103,0.129649,66.6867,145.44,20.9102,352.648,1032.96,142.366,66.6742,145.446,20.9215,353.726,1037.35,143.641
-0.640235,-0.74588,0.183748,-102.08,-123.206,29.9174,-607.242,-906.989,205.251,-102.083,-123.203,29.9104,-609.621,-910.812,205.364
-0.404864,-0.550035,0.730442,-94.354,-135.36,176.502,-95.5281,-137.142,178.785,-91.5901,-131.192,171.138,-488.629,-981.049,1178
-0.404864,-0.550035,0.730442,-97.1046,-139.537,181.853,-475.822,-939.069,1131.49,-91.5901,-131.192,171.138,-488.629,-981.049,1178
0.480035,0.22233,0.848608,195.326,101.23,352.915,198.441,103.026,358.679,142.934,71.9022,256.702,867.78,669.457,1772.81
0.480035,0.22233,0.848608,199.661,103.732,360.94,548.546,347.775,1044.45,142.934,71.9022,256.702,867.78,669.457,1772.81
0.580267,-0.742188,0.335331,100.826,-124.234,56.9457,773.239,-770.372,387.278,100.821,-124.238,56.9536,777.211,-772.761,391.123
-0.0582409,0.942801,0.32823,-12.7412,159.492,55.6074,-201.893,1072.67,380.039,-12.7555,159.491,55.6,-202.757,1077.08,381.823
-0.687486,-0.447657,-0.571809,-132.232,-90.082,-111.517,-820.454,-719.88,-764.781,-132.231,-90.0833,-111.528,-823.612,-723.104,-766.534
0.728641,0.532124,0.431191,127.399,96.7965,76.4689,791.242,751.87,522.014,127.399,96.7957,76.4688,793.655,755.862,525.264
-0.593509,-0.018448,0.804616,-189.601,-12.3059,257.48,-191.86,-12.5303,260.555,-159.713,-9.57599,216.836,-1067.21,-249.561,1494.93
-0.593509,-0.018448,0.804616,-194.579,-12.8029,264.257,-779.694,-136.565,1075.69,-159.713,-9.57599,216.836,-1067.21,-249.561,1494.93
0.762933,-0.443192,-0.470653,139.891,-77.6564,-85.415,1008.11,-418.421,-583.574,139.883,-77.6711,-85.3537,1012.42,-419.785,-586.369
0.0764637,-0.945847,-0.315478,15.7686,-159.221,-53.1932,221.625,-1068.76,-364.304,15.7654,-159.221,-53.1958,222.538,-1073.17,-365.304
-0.536693,-0.304593,0.786882,-157.885,-96.4223,235.971,-669.525,-523.972,1088.29,-136.909,-82.8007,204.046,-833.123,-712.125,1406.07
0.588181,0.80686,-0.0549626,92.026,130.886,-8.80993,535.076,951.35,-60.5643,92.0224,130.889,-8.80776,537.223,955.305,-60.4695
-0.600382,-0.741576,0.299345,-98.4319,-126.139,50.1998,-578.003,-925.897,342.829,-98.432,-126.139,50.1997,-579.807,-930.075,344.72
0.373852,0.927407,-0.0122787,57.274,149.398,-1.95335,287.121,1053.06,-12.9212,57.2733,149.398,-1.96484,287.825,1057.53,-13.4895
0.0768306,0.751141,-0.655655,12.6892,159.496,-138.956,-58.4348,1089.93,-950.36,12.6704,159.498,-138.948,-59.0365,1094.41,-955.572
-0.415125,0.522762,0.744575,-109.29,130.214,189.67,-112.545,133.88,195.139,-102.678,122.708,178.484,-821.656,725.326,1228.85
-0.415125,0.522762,0.744575,-112.612,133.954,195.25,-737.466,672.42,1118.15,-102.678,122.708,178.484,-821.656,725.326,1228.85
-0.0300924,0.932956,-0.35873,-8.10413,159.795,-61.4843,-171.996,1077.86,-420.945,-8.08792,159.795,-61.493,-172.568,1082.33,-422.318
0.623285,-0.751109,-0.217602,104.318,-121.317,-35.6752,792.451,-750.595,-244.052,104.316,-121.318,-35.673,796.088,-753.3,-244.938
-0.501324,0.00692373,0.865232,-234.846,-8.50304,405.6,-236.083,-8.61024,407.741,-159.967,-3.25034,276.17,-1069.08,-241.414,1909.05
-0.501324,0.00692373,0.865232,-239.833,-8.93949,414.235,-593.971,-67.9833,1034.29,-159.967,-3.25034,276.17,-1069.08,-241.414,1909.05
-0.338581,-0.871457,0.35486,-55.2031,-150.175,60.7307,-265.424,-1058.74,415.365,-55.2054,-150.174,60.7333,-265.741,-1063.3,417.097
-0.732455,0.545836,-0.406906,-130.063,93.1862,-71.2719,-951.103,535.514,-487.529,-130.062,93.1873,-71.2763,-955.565,536.76,-489.563
0.0441923,-0.934251,0.353867,10.4827,-159.656,60.5403,187.951,-1075.2,413.046,10.4818,-159.656,60.539,188.538,-1079.66,415.762
0.874382,0.437373,0.210145,141.816,74.0824,34.3858,910.366,602.168,235.338,141.822,74.0708,34.3929,914.378,604.259,236.147
-0.11991,0.46727,-0.875945,-75.4145,238.354,-454.2,-75.9226,239.695,-456.803,-45.2408,153.471,-290.584,-522.135,963.634,-2010.19
-0.11991,0.46727,-0.875945,-77.1923,243.036,-463.29,-207.38,524.745,-1027.09,-45.2408,153.471,-290.584,-522.135,963.634,-2010.19
-0.463673,0.0599901,0.883973,-264.393,17.9285,501.341,-266.786,17.9432,505.865,-159.322,14.7102,302.58,-1087.49,-136.281,2094.54
-0.463673,0.0599901,0.883973,-269.402,17.9562,510.812,-538.994,2.44035,1021.54,-159.322,14.7102,302.58,-1087.49,-136.281,2094.54
-0.531716,0.823923,0.196033,-89.0776,132.91,31.9862,-696.558,840.344,218.209,-89.09,132.902,31.9876,-700.078,843.271,219.629
-0.751022,-0.586834,-0.30264,-124.285,-100.764,-50.8134,-771.416,-772.197,-347.145,-124.287,-100.76,-50.8076,-774.103,-775.874,-348.896
0.391907,-0.123839,-0.911632,336.943,-74.1265,-766.187,337.543,-74.203,-767.529,154.439,-41.8174,-354.989,1095.84,-18.5749,-2465.17
0.391907,-0.123839,-0.911632,341.923,-74.7556,-777.322,344.859,-75.1202,-783.883,154.439,-41.8174,-354.989,1095.84,-18.5749,-2465.17
0.391907,-0.123839,-0.911632,346.906,-75.3718,-788.458,443.469,-84.754,-1003.69,154.439,-41.8174,-354.989,1095.84,-18.5749,-2465.17
-0.0596494,-0.835687,-0.545957,-8.12476,-159.794,-104.268,73.9932,-1088.99,-713.693,-8.13048,-159.793,-104.27,75.6371,-1093.39,-716.552
-0.298011,-0.93562,0.189221,-45.8962,-153.276,30.8278,-205.166,-1072.04,212.054,-45.8956,-153.276,30.834,-205.629,-1076.54,211.707
0.618492,0.656334,0.43208,107.496,118.51,76.6666,639.274,884.704,524.265,107.502,118.505,76.6626,641.639,888.547,526.596
0.453328,-0.847247,0.276886,77.9894,-139.706,46.111,628.392,-892.466,314.767,77.9832,-139.709,46.1068,631.05,-896.098,316.603
-0.110655,0.914183,-0.389903,-22.1819,158.455,-67.7544,-267.301,1058.26,-463.389,-22.1738,158.456,-67.75,-269.086,1062.45,-465.323
-0.852478,-0.376546,0.362622,-145.146,-67.3256,62.2672,-934.915,-563.3,425.831,-145.147,-67.3232,62.2604,-938.915,-565.38,427.592
0.471423,0.812431,-0.343098,77.765,139.831,-58.4399,425.763,1005.04,-399.715,77.7684,139.829,-58.4465,427.511,1009.18,-401.382
0.0316809,-0.835809,0.548106,9.34256,-159.727,104.864,194.631,-1074.01,716.975,9.32913,-159.728,104.857,194.542,-1078.6,720.589
0.98195,-0.038678,0.185145,159.961,-3.5228,30.1408,1088.02,87.0984,207.13,159.961,-3.51336,30.1459,1092.48,87.7579,206.982
0.734452,0.0490801,0.676884,159.354,14.3634,147.145,1063.74,244.593,1007.95,159.353,14.3755,147.144,1067.98,246.232,1012.15
-0.95966,0.205568,-0.19182,-157.009,30.7908,-31.286,-1086.82,100.992,-213.279,-157.011,30.7812,-31.2735,-1091.43,99.9674,-214.725
-0.496485,-0.166329,0.851961,-205.26,-79.172,358.08,-205.597,-79.3198,358.679,-149.971,-55.7552,260.383,-934.958,-571.9,1798.54
-0.496485,-0.166329,0.851961,-209.843,-81.1849,366.224,-574.499,-280.374,1043.29,-149.971,-55.7552,260.383,-934.958,-571.9,1798.54
-0.593339,-0.802342,0.064778,-92.9153,-130.256,10.3787,-542.089,-947.371,71.4986,-92.9147,-130.257,10.3868,-543.681,-951.644,71.3106
-0.531265,-0.660288,0.530827,-97.7772,-126.648,100.201,-559.326,-937.298,685.473,-97.7635,-126.658,100.224,-562.388,-940.711,688.696
0.435508,-0.774818,0.458247,81.0671,-137.942,82.4958,655.186,-872.985,564.912,81.0669,-137.943,82.4956,658.291,-876.281,566.71
-0.233977,-0.696466,0.678373,-47.4127,-152.814,147.745,-178.79,-1076.76,1011.95,-47.4083,-152.815,147.743,-178.864,-1081.31,1016.29
-0.507056,0.580186,-0.6374,-107.933,118.112,-132.34,-834.203,703.902,-907.109,-107.938,118.107,-132.366,-838.344,705.971,-910.164
-0.799277,0.600928,0.00639003,-129.519,93.941,1.02334,-943.249,549.231,7.82265,-129.513,93.9487,1.02248,-947.17,551.439,7.01974
0.601565,0.121745,-0.789492,180.05,42.508,-238.025,184.684,43.7636,-244.201,155.875,36.096,-205.838,1012.96,418.494,-1418.51
0.601565,0.121745,-0.789492,184.879,43.8165,-244.46,791.519,285.548,-1086.49,155.875,36.096,-205.838,1012.96,418.494,-1418.51
-0.950874,0.0478117,0.305864,-159.917,5.15902,51.3924,-1088.63,-79.1194,350.995,-159.917,5.16245,51.4044,-1093.07,-80.1025,352.997
0.981061,-0.193433,0.0101562,157.485,-28.26,1.62512,1088.23,-84.3686,11.1492,157.484,-28.2608,1.62516,1092.73,-84.5431,11.1574
0.608369,-0.313367,-0.72917,148.579,-71.7586,-175.859,151.082,-72.8878,-178.785,144.026,-69.6881,-170.501,1045.89,-327.626,-1173.59
0.608369,-0.313367,-0.72917,153.139,-73.8138,-181.189,1006.29,-322.389,-1131.49,144.026,-69.6881,-170.501,1045.89,-327.626,-1173.59
0.732073,0.0157861,-0.681043,159.839,7.17635,-148.772,1073.66,196.515,-1018.38,159.839,7.18544,-148.826,1077.84,198.674,-1023.77
0.206174,0.645116,0.735743,47.3924,163.26,184.694,150.131,1021.02,1125.9,44.8426,153.588,173.835,147.986,1085.96,1196.66
0.0896953,0.573407,0.814346,23.1963,193.615,273.668,23.3876,195.916,276.909,20.0573,158.738,224.533,-52.7316,1094.73,1548.47
0.0896953,0.573407,0.814346,23.608,198.602,280.691,11.2614,758.754,1068.49,20.0573,158.738,224.533,-52.7316,1094.73,1548.47
0.582907,0.0490482,0.811057,193.608,23.261,270.496,198.175,23.9781,276.909,158.976,18.0724,221.872,1051.6,308.81,1529.95
0.582907,0.0490482,0.811057,198.55,24.0377,277.437,749.207,171.115,1069.46,158.976,18.0724,221.872,1051.6,308.81,1529.95
-0.300908,0.401992,-0.864787,-150.037,180.87,-404.918,-151.146,182.077,-407.741,-100.188,124.749,-275.607,-843.401,699.922,-1905.11
-0.300908,0.401992,-0.864787,-153.426,184.555,-413.541,-416.753,429.556,-1033.72,-100.188,124.749,-275.607,-843.401,699.922,-1905.11
-0.484112,-0.669827,0.562999,-91.0255,-131.584,108.998,-507.619,-966.279,744.041,-91.0185,-131.589,109.003,-509.569,-970.338,749.14
-0.243843,0.378863,-0.892751,-170.072,228.693,-565.147,-172.085,231.045,-571.281,-91.6394,131.157,-317.111,-812.447,735.626,-2196.95
-0.243843,0.378863,-0.892751,-173.333,232.499,-575.077,-327.067,393.467,-1016.29,-91.6394,131.157,-317.111,-812.447,735.626,-2196.95
0.964179,0.195952,-0.178778,156.217,34.5861,-29.0791,1036.54,341.994,-199.558,156.217,34.5871,-29.0743,1040.4,344.644,-199.623
0.77593,0.461417,-0.430148,135.947,84.371,-76.2417,857.927,674.784,-519.971,135.947,84.3703,-76.2416,861.34,677.723,-523.702
-0.0210944,-0.435251,0.900062,7.64092,-299.903,620.184,7.64857,-299.979,620.343,-1.46563,-159.993,330.563,243.276,-1068.66,2291.99
-0.0210944,-0.435251,0.900062,8.14536,-304.891,630.542,8.45097,-307.855,636.697,-1.46563,-159.993,330.563,243.276,-1068.66,2291.99
-0.0210944,-0.435251,0.900062,8.66224,-309.879,640.902,35.0743,-486.738,1010.38,-1.46563,-159.993,330.563,243.276,-1068.66,2291.99
0.463565,0.82516,0.32283,75.8316,140.889,54.5681,413.385,1010.19,373.774,75.8323,140.888,54.578,414.375,1014.65,374.8
0.853398,-0.188434,-0.486008,156.881,-31.4379,-88.9713,1087.64,-91.7538,-608.243,156.882,-31.4329,-88.9821,1092.24,-90.6802,-611.33
-0.305729,-0.411249,0.858722,-128.14,-190.997,385.481,-129.959,-194.017,391.387,-91.1185,-131.52,268.17,-435.432,-1005.79,1853.02
-0.305729,-0.411249,0.858722,-130.721,-195.287,393.868,-301.761,-540.247,1039.69,-91.1185,-131.52,268.17,-435.432,-1005.79,1853.02
-0.175327,-0.91204,0.370732,-27.3102,-157.652,63.8732,-69.8526,-1089.26,436.303,-27.3056,-157.653,63.8721,-69.4528,-1093.8,438.668
-0.375904,-0.921563,-0.0970428,-57.8715,-149.167,-15.6016,-290.363,-1052.17,-106.943,-57.8746,-149.166,-15.6012,-291.585,-1056.5,-107.112
-0.462177,-0.585573,-0.665955,-96.2215,-127.834,-142.846,-533.749,-952.094,-980.62,-96.2214,-127.834,-142.846,-535.457,-956.296,-982.481
0.0301623,-0.722563,0.690647,10.4578,-159.658,152.828,221.021,-1068.89,1047.29,10.4527,-159.658,152.814,222.539,-1073.17,1051.31
0.230528,0.721615,0.652786,45.2473,153.469,137.878,169.025,1078.33,942.489,45.2355,153.472,137.886,168.017,1083.04,948.247
0.651636,0.258791,-0.71302,151.762,64.7557,-167.866,932.958,566.536,-1116.15,147.217,62.6662,-162.726,936.678,569.079,-1119.82
0.615388,0.614563,-0.493569,110.966,115.267,-90.827,661.214,868.428,-619.967,110.967,115.266,-90.8078,664.09,871.895,-623.891
0.562543,0.622286,0.54434,104.857,120.852,103.824,612.172,903.669,710.495,104.853,120.854,103.831,614.2,907.73,713.529
0.446527,-0.540989,0.712702,108.202,-124.568,167.664,825.177,-714.462,1113.97,104.829,-120.876,162.579,829.069,-716.841,1118.8
0.393872,-0.90732,0.147089,66.2442,-145.642,23.7902,549.765,-942.937,162.605,66.2413,-145.644,23.7941,552.461,-946.575,163.365
-0.31699,-0.520808,-0.792639,-91.0107,-161.065,-240.527,-92.3188,-163.571,-244.201,-79.3196,-138.955,-208.038,-379.271,-1028.28,-1433.79
-0.31699,-0.520808,-0.792639,-93.3243,-165.501,-247.03,-323.963,-765.717,-1084.69,-79.3196,-138.955,-208.038,-379.271,-1028.28,-1433.79
0.585397,-0.14938,-0.796866,180.661,-39.8322,-244.111,180.728,-39.8447,-244.201,156.09,-35.1552,-211.064,1094.36,-59.8699,-1454.82
0.585397,-0.14938,-0.796866,185.58,-40.7451,-250.711,812.202,-85.3993,-1081.09,156.09,-35.1552,-211.064,1094.36,-59.8699,-1454.82
0.0800774,-0.964687,0.250932,16.0567,-159.192,41.4838,221.493,-1068.79,283.594,16.0516,-159.193,41.4783,222.218,-1073.24,284.81
0.976703,-0.0942087,0.192809,159.505,-12.5816,31.4436,1091.21,25.3591,214.763,159.504,-12.5828,31.4409,1095.7,25.806,215.874
-0.402234,-0.22832,-0.88661,-226.034,-147.677,-517.994,-227.799,-148.997,-522.219,-136.13,-84.0758,-306.778,-784.98,-764.867,-2124.1
-0.402234,-0.22832,-0.88661,-230.045,-150.68,-527.598,-425.711,-316.545,-1019.57,-136.13,-84.0758,-306.778,-784.98,-764.867,-2124.1
-0.723415,-0.602451,-0.337229,-121.07,-104.604,-57.3035,-745.904,-796.869,-392.285,-121.068,-104.607,-57.3171,-748.347,-800.745,-393.621
0.421673,0.061141,0.904684,307.181,69.7503,669.291,307.232,69.7662,669.405,157.295,29.2981,339.813,999.58,449.506,2357.48
0.421673,0.061141,0.904684,311.967,71.2499,679.925,314.591,72.0777,685.759,157.295,29.2981,339.813,999.58,449.506,2357.48
0.421673,0.061141,0.904684,316.75,72.7626,690.56,458.073,123.579,1009.09,157.295,29.2981,339.813,999.58,449.506,2357.48
0.76943,-0.535139,-0.348718,133,-88.9436,-59.5354,967.283,-505.703,-407.805,133,-88.9442,-59.5351,970.957,-508.388,-408.863
-0.970676,0.223624,-0.0882078,-156.509,33.2398,-14.1668,-1084.94,119.518,-96.4506,-156.51,33.237,-14.1692,-1089.55,118.703,-97.2793
-0.547725,-0.806603,-0.222236,-87.5462,-133.924,-36.4627,-499.959,-970.264,-249.779,-87.5475,-133.923,-36.4717,-502.268,-974.137,-250.423
-0.901719,0.0940187,-0.421976,-159.422,13.5868,-74.4758,-1091.14,-27.8715,-508.169,-159.422,13.587,-74.4756,-1095.64,-28.1889,-511.559
0.966157,-0.0680368,0.248821,159.779,-8.41356,41.1099,1090.08,55.643,280.99,159.778,-8.41868,41.1062,1094.58,55.8474,282.255
0.966157,-0.0680368,0.248821,1089.84,60.143,294.704,752.386,279.143,1078.89,159.778,-8.41868,41.1062,1094.58,55.8474,282.255
0.966157,-0.0680368,0.248821,752.386,279.143,1078.89,752.386,279.143,1078.89,159.778,-8.41868,41.1062,1094.58,55.8474,282.255
0.684429,0.439849,0.581454,132.755,89.3098,114.343,823.931,715.898,782.388,132.753,89.3127,114.358,827.061,719.156,786.031
0.87221,0.135475,0.469996,157.599,27.617,85.2007,1046.56,309.969,582.328,157.599,27.6168,85.2008,1051.1,310.505,585.317
-0.518959,-0.406361,0.752032,-130.907,-108.459,193.999,-131.659,-109.117,195.139,-123.372,-101.879,182.573,-729.056,-818.348,1257.17
-0.518959,-0.406361,0.752032,-134.667,-111.758,199.708,-660.944,-712.212,1113.49,-123.372,-101.879,182.573,-729.056,-818.348,1257.17
-0.787713,-0.252999,0.561694,-151.29,-52.0713,108.625,-982.159,-476.168,743.09,-151.291,-52.0667,108.633,-985.51,-479.568,746.597
-0.544309,0.837009,-0.056066,-89.5117,132.618,-8.98649,-697.736,839.367,-61.277,-89.5119,132.618,-8.98513,-701.208,842.332,-61.6873
0.525533,-0.781487,0.336294,91.6807,-131.128,57.1462,716.166,-823.698,391.403,91.6825,-131.127,57.1379,720.016,-826.312,392.39
-0.948853,0.30222,0.091332,-153.265,45.9329,14.6805,-1071.53,207.828,100.352,-153.265,45.9321,14.6752,-1076.19,207.427,100.753
0.402255,-0.412146,0.817512,141.139,-134.554,276.88,141.154,-134.567,276.909,115.107,-111.133,227.155,909.096,-612.177,1566.72
0.402255,-0.412146,0.817512,144.886,-137.87,283.984,592.206,-458.216,1066.69,115.107,-111.133,227.155,909.096,-612.177,1566.72
-0.352491,0.798824,0.487472,-67.4492,145.088,89.3336,-569.898,930.907,612.038,-67.4485,145.089,89.3336,-573.029,934.266,613.748
-0.385274,-0.7194,0.57795,-72.5694,-142.596,113.317,-371.13,-1026.47,772.403,-72.5641,-142.599,113.322,-373.337,-1030.45,778.891
0.982394,0.159831,-0.0967262,157.459,28.4024,-15.5486,1049.21,300.893,-106.819,157.459,28.4038,-15.5499,1053.53,302.135,-106.759
0.797788,-0.412541,-0.43971,143.497,-70.771,-78.3372,1026.65,-370.63,-536.176,143.497,-70.7722,-78.3373,1030.9,-372.104,-538.112
0.201678,0.97545,0.0884454,29.6997,157.219,14.2039,93.7689,1087.46,97.3064,29.6998,157.219,14.2076,94.1041,1091.95,97.5434
-0.156007,0.632937,-0.758322,-46.7302,168.645,-203.62,-367.787,875.771,-1109.89,-42.3545,154.292,-186.147,-449.309,999.669,-1281.93
0.491187,0.857844,0.151125,77.0878,140.205,24.462,427.016,1004.5,167.417,77.0883,140.205,24.4621,428.009,1008.97,167.952
-0.356047,-0.92981,0.0931898,-54.6413,-150.381,14.9717,-268.09,-1058.06,101.503,-54.6408,-150.381,14.9763,-268.748,-1062.54,102.821
0.443997,0.388307,0.807518,138.615,129.946,260.144,138.827,130.159,260.555,117.332,108.78,219.077,665.216,871.036,1510.51
0.443997,0.388307,0.807518,142.141,133.495,266.992,509.571,592.981,1073.89,117.332,108.78,219.077,665.216,871.036,1510.51
-0.597269,-0.0292364,0.801508,-189.347,-15.7366,254.717,-193.672,-16.2478,260.555,-159.519,-12.3911,214.485,-1062.97,-267.059,1478.59
-0.597269,-0.0292364,0.801508,-194.316,-16.3244,261.424,-786.099,-153.268,1077.49,-159.519,-12.3911,214.485,-1062.97,-267.059,1478.59
0.961764,-0.0210735,0.273067,159.999,-0.67474,45.4135,1086.14,108,310.923,159.999,-0.659918,45.4191,1090.5,109.64,311.879
-0.376402,0.915564,-0.141649,-63.3909,146.907,-22.9049,-531.189,953.525,-157.151,-63.386,146.909,-22.8958,-533.801,957.221,-157.197
-0.81853,0.356738,-0.450274,-147.873,61.1024,-80.6909,-1049.45,300.059,-553.27,-147.873,61.1032,-80.6909,-1053.5,302.243,-554.298
0.466974,-0.825304,0.317504,81.2911,-137.811,53.5798,650.757,-876.292,366.446,81.292,-137.81,53.5755,653.469,-879.883,367.913
-0.634143,0.622507,-0.458637,-116.323,109.859,-82.582,-873.546,654.439,-565.31,-116.316,109.866,-82.5844,-876.546,657.939,-567.321
-0.685139,-0.0642404,0.725574,-163.831,-19.6035,174.009,-168.313,-20.2599,178.785,-158.881,-18.892,168.72,-1057.85,-286.637,1161.27
-0.685139,-0.0642404,0.725574,-168.78,-20.3286,179.282,-1035.29,-275.936,1135.09,-158.881,-18.892,168.72,-1057.85,-286.637,1161.27
0.108243,-0.973648,-0.200733,20.4524,-158.687,-32.7815,249.005,-1062.72,-224.011,20.4528,-158.687,-32.7862,250.524,-1066.98,-225.113
0.456846,-0.704148,-0.543569,89.809,-132.417,-103.616,715.795,-824.02,-708.879,89.8016,-132.422,-103.623,719.043,-827.159,-712.092
0.347205,-0.93616,-0.0552493,58.1997,-149.04,-8.85393,496.656,-971.959,-59.9804,58.1997,-149.04,-8.85384,499.083,-975.773,-60.7859
0.841433,0.504241,0.194245,135.793,84.618,31.6902,863.599,667.51,215.764,135.788,84.6259,31.6842,866.087,671.646,217.545
0.347316,-0.666755,-0.6594,77.1391,-140.177,-140.337,646.771,-879.238,-960.973,77.1271,-140.183,-140.349,651.653,-881.229,-965.243
0.200911,0.979096,-0.031698,29.474,157.262,-5.07483,92.8688,1087.54,-35.0544,29.4747,157.262,-5.07447,92.9195,1092.05,-34.8386
-0.0522476,0.758729,-0.649308,-14.5777,159.335,-136.61,-240.361,1064.71,-936.253,-14.5795,159.334,-136.613,-242.865,1068.75,-939.465
-0.7184,0.687515,0.105946,-117.482,108.619,17.0448,-871.958,656.552,117.894,-117.481,108.62,17.0481,-875.604,659.191,117.046
0.112085,0.944231,-0.309619,15.9946,159.199,-52.0959,-5.22977,1091.49,-356.495,15.9989,159.198,-52.102,-5.91578,1095.98,-357.789
-0.603928,-0.113344,0.788939,-180.63,-39.971,237.517,-797.242,-275.751,1086.49,-156.372,-33.8796,205.455,-1018.87,-403.876,1415.86
0.872534,-0.483632,0.0691771,141.259,-75.14,11.0945,1010.13,-413.536,75.5053,141.25,-75.1559,11.0955,1014.37,-415.058,76.176
-0.07221,-0.570848,0.817874,-17.7016,-199.215,284.355,10.3473,-747.834,1066.69,-15.3513,-159.262,227.459,86.7745,-1092.56,1568.84
0.97511,-0.0887183,-0.203199,159.57,-11.7194,-33.2119,1091.07,30.6024,-227.635,159.571,-11.7113,-33.2062,1095.53,32.0324,-227.997
-0.86395,-0.321271,-0.387782,-148.909,-58.5339,-67.3127,-966.78,-506.663,-460.412,-148.906,-58.5406,-67.3161,-970.375,-509.499,-462.34
-0.614181,0.507558,-0.60429,-125.493,99.2545,-121.352,-933.9,564.98,-829.738,-125.495,99.2524,-121.358,-938.339,566.336,-834.264
-0.108053,0.702115,-0.703817,-28.1221,157.509,-158.529,-28.9091,161.369,-162.431,-28.1379,157.506,-158.537,-343.109,1040.91,-1090.86
-0.108053,0.702115,-0.703817,-29.1222,162.41,-163.484,-340.723,1036.96,-1085.75,-28.1379,157.506,-158.537,-343.109,1040.91,-1090.86
-0.402542,-0.915123,0.022581,-61.8967,-147.543,3.621,-320.259,-1043.46,24.1797,-61.9076,-147.538,3.61405,-320.668,-1048.04,24.8121
-0.483824,0.555663,0.676131,-107.841,118.196,146.842,-838.025,699.348,1005.24,-107.841,118.196,146.842,-842.013,701.591,1010.07
-0.109738,0.578495,-0.808271,-43.1136,190.174,-267.784,-252.404,737.448,-1073.89,-34.3739,156.264,-219.665,-414.472,1014.61,-1514.61
-0.747416,0.455003,-0.484088,-138.27,80.5065,-88.5199,-1000.25,436.887,-605.109,-138.268,80.5111,-88.5227,-1004.06,439.41,-608.169
0.995843,-0.0325001,-0.0850951,159.981,-2.46821,-13.6715,1087.54,92.904,-93.1843,159.981,-2.47263,-13.6655,1092.02,93.3261,-93.8209
-0.0802824,-0.995072,-0.0581956,-10.1329,-159.679,-9.31844,39.6534,-1090.78,-63.6113,-10.1323,-159.679,-9.32756,40.7006,-1095.24,-64.0383
-0.933797,-0.13604,-0.330931,-157.886,-25.9248,-56.1167,-1052.16,-290.401,-383.554,-157.884,-25.9325,-56.1136,-1056.54,-291.455,-385.352
0.489126,0.803664,-0.338939,80.6893,138.164,-57.6507,448.31,995.183,-393.867,80.685,138.166,-57.6454,448.763,999.914,-395.877
-0.773253,-0.630488,-0.0675563,-122.25,-103.222,-10.834,-759.523,-783.899,-74.0879,-122.252,-103.22,-10.8343,-762.203,-787.567,-74.3829
-0.559288,0.699283,-0.445197,-102.306,123.018,-79.5626,-786.92,756.392,-543.571,-102.305,123.019,-79.5547,-790.684,758.97,-546.484
0.0831437,0.458906,-0.884586,31.301,263.145,-502.942,31.3893,264.684,-505.865,22.7302,158.377,-303.543,-81.842,1092.94,-2101.32
0.0831437,0.458906,-0.884586,31.5841,268.146,-512.443,29.9981,536.503,-1021.69,22.7302,158.377,-303.543,-81.842,1092.94,-2101.32
-0.46396,-0.320287,-0.825928,-160.152,-119.798,-293.082,-160.248,-119.876,-293.263,-128.854,-94.8511,-234.435,-752.842,-796.521,-1617.43
-0.46396,-0.320287,-0.825928,-164.039,-122.949,-300.412,-532.501,-488.03,-1061.29,-128.854,-94.8511,-234.435,-752.842,-796.521,-1617.43
-0.868958,-0.314631,-0.381993,-149.408,-57.2473,-66.138,-971,-498.529,-452.769,-149.408,-57.2473,-66.138,-974.899,-500.787,-454.242
-0.322999,0.884472,-0.33672,-57.6039,149.271,-57.2088,-498.2,971.169,-392.022,-57.6062,149.27,-57.2195,-501.157,974.709,-392.951
0.988631,0.0079624,-0.150151,159.949,4.0551,-24.3029,1082.89,136.844,-165.724,159.949,4.05674,-24.3009,1087.19,138.662,-166.845
-0.763145,0.103006,-0.637965,-158.998,17.874,-132.569,-1091.33,-19.0498,-908.357,-158.998,17.8743,-132.564,-1095.81,-20.3817,-911.528
-0.00248008,0.93142,0.363939,-3.35891,159.965,62.5184,-136.017,1082.99,429.766,-3.36451,159.965,62.521,-140.779,1086.92,429.382
0.425466,-0.901621,-0.0778352,70.7533,-143.506,-12.4921,578.495,-925.589,-84.9393,70.7544,-143.505,-12.4921,580.987,-929.338,-85.7652
-0.41811,-0.700704,-0.578099,-79.0794,-139.091,-113.366,-419.42,-1007.7,-774.396,-79.0871,-139.087,-113.366,-420.619,-1012.07,-779.192
0.255403,0.794639,0.550743,45.8264,153.297,105.58,186.464,1075.46,722.209,45.8264,153.297,105.58,185.558,1080.18,725.569
0.392184,0.728687,0.561432,72.8951,142.43,108.571,376.358,1024.56,742.659,72.8994,142.428,108.56,377.528,1028.93,746.088
-0.672439,-0.0490795,0.738524,-169.151,-16.969,186.203,-993.872,-238.834,1124.29,-159.229,-15.692,175.277,-1062.59,-268.545,1206.65
-0.28731,0.819232,-0.496298,-55.9055,149.915,-91.4776,-495.734,972.43,-625.843,-55.9158,149.911,-91.4734,-498.993,975.819,-628.471
-0.588458,-0.562601,-0.580686,-113.299,-112.975,-114.147,-672.575,-859.66,-780.421,-113.301,-112.973,-114.13,-674.936,-863.526,-784.46
0.851586,0.104907,-0.513611,158.378,22.7247,-95.7879,1055.06,279.682,-656.97,158.378,22.7247,-95.7821,1059.28,281.305,-658.121
-0.137251,-0.955463,-0.261254,-19.939,-158.753,-43.2991,-23.4222,-1091.25,-296.83,-19.94,-158.753,-43.3068,-22.9894,-1095.76,-297.37
-0.27744,0.828669,0.486143,-53.7523,150.701,89.0073,-481.241,979.683,608.24,-53.7572,150.699,89.0145,-484.177,983.254,611.552
-0.294154,0.725497,-0.622196,-63.3425,146.928,-127.185,-555.851,939.363,-870.342,-63.3443,146.927,-127.174,-559.203,942.607,-874.356
0.881165,-0.142646,-0.450778,158.405,-22.5372,-80.7997,1091.02,-32.3391,-553.047,158.405,-22.537,-80.8043,1095.54,-31.6018,-555.077
-0.321098,0.712208,-0.624224,-68.9407,144.386,-127.863,-593.253,916.2,-876.067,-68.9394,144.386,-127.852,-595.232,920.28,-879.035
-0.990053,0.046987,-0.132617,-159.927,4.8191,-21.412,-1088.77,-77.1365,-147.154,-159.927,4.82546,-21.4088,-1093.23,-77.8353,-146.987
0.823697,-0.241201,-0.513173,154.416,-41.8999,-95.6863,1079.61,-160.645,-655.048,154.418,-41.8949,-95.671,1084.03,-161.517,-657.356
0.911456,-0.216047,-0.350101,156.334,-34.0521,-59.8096,1085.26,-116.518,-409.61,156.334,-34.0537,-59.8042,1089.7,-117.391,-410.712
-0.496804,-0.801748,-0.332244,-81.8013,-137.508,-56.3747,-455.285,-992.012,-385.104,-81.7955,-137.512,-56.3637,-457.074,-996.142,-387.07
0.708604,0.28735,-0.644446,144.863,67.9317,-136.657,812.484,728.864,-955.316,146.89,63.4289,-134.859,940.553,562.651,-927.361
0.708604,0.28735,-0.644446,149.07,58.1221,-145.271,1020.95,386.045,-1024.85,146.89,63.4289,-134.859,940.553,562.651,-927.361
0.708604,0.28735,-0.644446,148.164,60.3938,-124.327,1011.97,408.999,-813.907,146.89,63.4289,-134.859,940.553,562.651,-927.361
0.741595,-0.420398,0.522783,140.74,-76.1073,98.1192,1014.13,-403.623,671.392,140.746,-76.0958,98.1282,1018.7,-404.306,674.268
0.435429,-0.721235,-0.538723,85.4614,-135.264,-102.325,687.409,-847.845,-700.022,85.4585,-135.266,-102.318,691.452,-850.359,-703.112
0.357219,0.784918,-0.50626,63.373,146.914,-93.9395,313.63,1045.47,-644.035,63.374,146.914,-93.9339,314.232,1049.99,-645.402
-0.625801,0.671225,-0.397278,-111.27,114.974,-69.2638,-840.199,696.734,-474.935,-111.271,114.973,-69.2691,-843.632,699.644,-475.765
0.691981,-0.721596,-0.0214947,112.7,-113.572,-3.44007,842.05,-694.495,-23.5137,112.702,-113.57,-3.44012,846.074,-696.688,-23.6179
-0.822221,0.151625,-0.5486,-157.907,25.7935,-104.968,-1090.51,46.3757,-717.671,-157.908,25.7908,-104.992,-1095.05,45.739,-721.519
0.783807,-0.0454607,-0.619339,159.896,-5.78108,-126.225,1086.92,99.92,-862.65,159.895,-5.78194,-126.225,1091.38,100.553,-867.813
0.197476,-0.977709,-0.0713271,34.3618,-156.267,-11.4419,339.669,-1037.3,-77.649,34.3619,-156.267,-11.442,341.692,-1041.38,-78.5555
-0.534433,-0.10567,0.838579,-204.151,-49.2168,323.41,-205.75,-49.6743,325.971,-155.909,-35.9483,246.328,-1004.29,-438.88,1700.36
-0.534433,-0.10567,0.838579,-208.962,-50.5964,331.115,-644.779,-220.804,1052.29,-155.909,-35.9483,246.328,-1004.29,-438.88,1700.36
0.402373,-0.537496,-0.741077,105.531,-133.279,-187.668,729.598,-701.991,-1122.49,99.118,-125.601,-176.618,799.863,-749.29,-1215.93
-0.398902,-0.100344,0.911487,-325.663,-113.88,765.188,-326.625,-114.317,767.529,-153.409,-45.4513,354.655,-942.677,-559.086,2462.8
-0.398902,-0.100344,0.911487,-330.232,-115.961,776.309,-333.34,-117.385,783.883,-153.409,-45.4513,354.655,-942.677,-559.086,2462.8
-0.398902,-0.100344,0.911487,-334.796,-118.054,787.432,-422.391,-161.141,1003.69,-153.409,-45.4513,354.655,-942.677,-559.086,2462.8
-0.526407,0.249138,-0.812912,-179.128,77.0596,-272.295,-182.21,78.2545,-276.909,-146.569,64.1685,-223.365,-1064.73,259.942,-1540.35
-0.526407,0.249138,-0.812912,-183.794,78.8666,-279.278,-729.831,226.702,-1070.29,-146.569,64.1685,-223.365,-1064.73,259.942,-1540.35
-0.756782,0.449924,-0.474182,-139.093,79.0769,-86.1787,-1004.09,428.001,-588.906,-139.093,79.0771,-86.1786,-1008.24,429.72,-592.043
0.281095,-0.958909,-0.0384475,47.6307,-152.746,-6.15666,426.69,-1004.64,-41.4265,47.6304,-152.746,-6.15645,429.515,-1008.33,-42.2668
0.2394,0.367443,0.898707,144.853,262.712,615.763,145.783,264.741,620.343,82.0466,137.362,327.966,331.176,1044.77,2273.62
0.2394,0.367443,0.898707,146.938,267.272,626.051,217.086,442.083,1012.69,82.0466,137.362,327.966,331.176,1044.77,2273.62
0.979008,-0.194868,0.0597471,157.434,-28.541,9.57276,1088.08,-86.2843,65.6945,157.434,-28.5408,9.57712,1092.6,-86.2945,65.7517
-0.478027,-0.565301,0.672254,-100.452,-124.537,145.298,-563.863,-934.575,997.176,-100.462,-124.529,145.302,-566.303,-938.358,999.435
-0.139844,-0.49934,0.855046,-50.5682,-219.244,371.085,-50.9961,-221.6,375.033,-38.0428,-155.412,263.873,-49.4333,-1094.88,1822.95
-0.139844,-0.49934,0.855046,-51.46,-224.169,379.338,-89.5869,-623.564,1041.49,-38.0428,-155.412,263.873,-49.4333,-1094.88,1822.95
0.910279,-0.247085,0.332177,155.144,-39.1178,56.3567,1080.6,-153.866,385.366,155.147,-39.1062,56.351,1085.2,-153.478,386.983
0.589839,-0.178532,0.787538,178.697,-47.8806,236.471,839.74,-123.482,1088.29,154.366,-42.0832,204.493,1090.24,-112.257,1409.18
0.562126,0.358356,-0.745382,140.813,95.2456,-190.086,144.486,97.8822,-195.139,132.665,89.443,-178.919,806.226,742.439,-1231.86
0.562126,0.358356,-0.745382,144.876,98.1628,-195.676,744.081,663.066,-1118.89,132.665,89.443,-178.919,806.226,742.439,-1231.86
-0.194559,0.811175,-0.55149,-40.4963,154.79,-105.774,-400.288,1015.45,-722.706,-40.5001,154.789,-105.786,-402.801,1019.3,-726.987
-0.222474,0.793489,-0.566464,-46.3839,153.129,-109.99,-440.961,998.462,-751.979,-46.3829,153.129,-109.989,-442.931,1002.51,-755.935
-0.220344,0.71956,-0.658545,-50.3233,151.88,-140.039,-477.468,981.528,-958.714,-50.3136,151.883,-140.027,-480.176,985.214,-963.022
0.522975,0.730969,-0.438385,90.6051,131.874,-78.0445,514.319,962.73,-533.149,90.6052,131.874,-78.045,516.072,966.895,-536.102
-0.226578,-0.936643,0.267138,-34.8537,-156.158,44.3549,-125.837,-1084.22,302.112,-34.8531,-156.158,44.3563,-126.246,-1088.7,304.579
0.899201,-0.216513,-0.380209,156.219,-34.5773,-65.7809,1084.98,-119.135,-450.704,156.22,-34.5715,-65.7768,1089.47,-119.501,-451.759
0.221344,0.406924,0.886239,114.067,244.722,516.919,115.077,247.302,522.219,71.2099,143.28,306.178,263.118,1063.95,2119.88
0.221344,0.406924,0.886239,115.891,249.388,526.503,195.258,495.595,1021.69,71.2099,143.28,306.178,263.118,1063.95,2119.88
-0.58876,-0.137784,-0.796478,-178.659,-48.0205,-243.701,-179.022,-48.1308,-244.201,-154.697,-40.8516,-210.783,-998.538,-451.816,-1452.86
-0.58876,-0.137784,-0.796478,-183.444,-49.4795,-250.291,-760.948,-299.374,-1081.09,-154.697,-40.8516,-210.783,-998.538,-451.816,-1452.86
0.843267,-0.262658,0.468947,153.655,-44.6118,84.9597,1076.03,-183.118,581.976,153.654,-44.6139,84.9569,1080.41,-184.222,583.639
-0.73936,-0.669516,-0.0713831,-116.749,-109.406,-11.4459,-718.008,-822.093,-78.2743,-116.741,-109.415,-11.4511,-720.36,-826.013,-78.6175
-0.190846,-0.862252,0.469148,-31.5427,-156.86,85.0043,-92.3136,-1087.59,580.971,-31.5441,-156.86,85.0036,-92.7659,-1092.07,583.96
0.924719,-0.336943,0.177099,151.26,-52.1585,28.7932,1062.72,-249.011,196.426,151.261,-52.1555,28.7924,1067.12,-249.945,197.687
-0.0901612,-0.953165,-0.288701,-12.221,-159.533,-48.2465,31.0279,-1091.06,-330.656,-12.2189,-159.533,-48.249,31.109,-1095.56,-331.319
0.0412706,-0.828159,0.558972,11.2598,-159.603,107.855,208.764,-1071.35,739.048,11.2587,-159.603,107.867,208.697,-1075.95,741.319
-0.427537,-0.124148,-0.895433,-272.197,-100.045,-583.73,-273.968,-100.841,-587.635,-151.825,-50.4888,-321.89,-934.966,-571.888,-2230.68
-0.427537,-0.124148,-0.895433,-276.767,-102.102,-593.809,-462.787,-197.689,-1014.49,-151.825,-50.4888,-321.89,-934.966,-571.888,-2230.68
0.338939,-0.828001,-0.446693,63.4343,-146.888,-79.8887,542.553,-947.105,-547.412,63.4337,-146.888,-79.8884,544.473,-951.191,-548.779
0.68933,0.487931,0.535487,128.695,95.0664,101.452,794.931,747.969,695.151,128.695,95.0656,101.456,798.064,751.206,697.174
-0.39834,0.917193,-0.00901554,-66.2276,145.65,-1.42561,-548.788,943.506,-10.1618,-66.2383,145.645,-1.44262,-551.394,947.196,-9.90419
0.195698,-0.829413,0.523236,39.8611,-154.955,98.2454,393.255,-1018.2,673.648,39.8612,-154.955,98.2452,395.974,-1021.97,675.073
0.520139,-0.334296,0.785939,158.734,-95.018,235.214,777.73,-350.322,1088.29,136.94,-82.7497,203.406,1017.59,-407.098,1401.63
0.992309,0.123486,-0.00865607,158.415,22.4659,-1.35092,1060.15,259.738,-8.89474,158.414,22.4719,-1.38509,1064.26,261.864,-9.50925
0.130589,0.724469,0.676824,24.7167,158.079,147.12,20.57,1091.31,1007.74,24.7167,158.079,147.12,20.2532,1095.81,1011.99
0.258332,0.887011,0.382722,41.8887,154.419,66.2846,170.694,1078.07,454.514,41.8873,154.42,66.2857,170.522,1082.65,455.258
-0.978397,-0.0653042,0.196149,-159.435,-13.4366,32.007,-1072.64,-202.042,219.323,-159.435,-13.4391,32.0071,-1077.01,-203.151,219.763
-0.512078,0.852871,-0.101916,-84.7015,135.741,-16.3959,-667.413,863.674,-112.34,-84.708,135.737,-16.3928,-670.93,866.642,-112.546
-0.233429,0.631016,-0.739817,-63.26,157.792,-186.965,-503.051,884.948,-1124.29,-59.309,148.602,-175.954,-553.47,945.984,-1211.33
0.0411047,0.875244,-0.481931,4.37463,159.94,-87.9995,-93.4261,1087.49,-601.847,4.3842,159.94,-88.0085,-95.4582,1091.84,-604.632
-0.449382,-0.650913,-0.611856,-88.0322,-133.605,-123.783,-480.552,-980.021,-847.473,-88.0337,-133.604,-123.778,-482.194,-984.228,-850.946
0.859691,0.170068,0.481673,156.323,34.1047,87.9509,1033.2,351.954,602.145,156.322,34.1082,87.9471,1037.07,354.548,604.209
-0.886329,0.449745,-0.110226,-143.91,69.9287,-17.7376,-1024.52,376.478,-121.484,-143.907,69.9339,-17.7452,-1029.03,377.254,-121.832
0.103375,0.408082,-0.907074,53.3508,320.591,-701.717,53.366,320.774,-702.113,32.9548,156.569,-344.849,-37.2369,1095.37,-2393.17
0.103375,0.408082,-0.907074,53.7605,325.591,-712.54,53.9797,328.33,-718.467,32.9548,156.569,-344.849,-37.2369,1095.37,-2393.17
0.103375,0.408082,-0.907074,54.1578,330.593,-723.364,60.0124,462.053,-1007.29,32.9548,156.569,-344.849,-37.2369,1095.37,-2393.17
0.810803,-0.26111,-0.523851,153.252,-45.9772,-98.4042,1075.1,-188.496,-674.691,153.252,-45.9773,-98.4043,1079.54,-189.256,-676.168
-0.893783,-0.406789,0.188875,-144.45,-68.8059,30.7755,-932.892,-566.644,209.92,-144.45,-68.8059,30.7755,-936.238,-569.802,211.305
-0.740315,0.663823,-0.106173,-120.945,104.749,-17.0807,-892.898,627.778,-116.844,-120.944,104.75,-17.085,-896.538,630.425,-117.299
-0.488012,-0.625907,-0.608346,-95.6344,-128.273,-122.622,-537.308,-950.091,-839.388,-95.6381,-128.271,-122.649,-538.91,-954.354,-843.161
0.544984,0.27068,0.793552,162.926,87.6364,241.27,164.869,88.7658,244.201,141.241,75.1731,208.684,869.337,667.434,1438.28
0.544984,0.27068,0.793552,167.25,90.1521,247.793,679.824,472.105,1082.89,141.241,75.1731,208.684,869.337,667.434,1438.28
-0.103435,-0.45812,0.882852,-42.1501,-256.561,489.095,-42.1729,-256.781,489.511,-29.53,-157.251,300.835,32.9944,-1095.5,2082.26
-0.103435,-0.45812,0.882852,-42.6619,-261.543,498.514,-43.0535,-265.433,505.865,-29.53,-157.251,300.835,32.9944,-1095.5,2082.26
-0.103435,-0.45812,0.882852,-43.1625,-266.528,507.934,-53.1312,-540.341,1023.49,-29.53,-157.251,300.835,32.9944,-1095.5,2082.26
-0.5314,-0.434672,-0.7271,-124.972,-107.735,-174.882,-127.696,-110.212,-178.785,-121.283,-104.357,-169.472,-717.454,-828.539,-1166.48
-0.5314,-0.434672,-0.7271,-128.673,-111.101,-180.185,-700.543,-801.448,-1133.29,-121.283,-104.357,-169.472,-717.454,-828.539,-1166.48
0.857635,-0.345212,0.381171,149.505,-56.9934,65.987,1055.79,-276.9,450.207,149.507,-56.9878,65.9714,1060.4,-277.08,453.097
-0.548166,-0.495902,0.673495,-116.123,-110.07,145.791,-683.325,-851.14,998.753,-116.136,-110.056,145.793,-685.929,-854.82,1002.82
-0.127908,0.631458,0.764788,-39.7048,170.436,207.748,-40.5112,173.488,211.493,-35.917,155.917,189.948,-409.326,1016.69,1308.27
-0.127908,0.631458,0.764788,-40.9843,175.272,213.683,-321.601,869.476,1104.49,-35.917,155.917,189.948,-409.326,1016.69,1308.27
0.0700886,0.944107,-0.3221,8.96012,159.749,-54.4404,-55.7279,1090.08,-373.349,8.96034,159.749,-54.4402,-54.7689,1094.63,-373.854
0.874972,-0.345318,-0.33938,149.871,-56.0236,-57.7287,1057.15,-271.683,-394.441,149.872,-56.0207,-57.7302,1061.66,-272.215,-396.46
0.543631,0.587427,-0.599496,106.141,119.725,-119.844,616.837,900.491,-821.226,106.14,119.726,-119.852,618.633,904.715,-823.883
-0.71598,0.695094,0.0649415,-116.693,109.466,10.418,-866.603,663.604,71.8928,-116.693,109.466,10.4131,-870.582,665.811,71.4914
-0.552299,0.00692166,0.833618,-204.924,-5.59799,309.477,-205.016,-5.60427,309.617,-159.973,-2.95088,241.517,-1073.88,-219.077,1666.8
-0.552299,0.00692166,0.833618,-209.916,-5.94057,317.027,-692.54,-85.7704,1055.89,-159.973,-2.95088,241.517,-1073.88,-219.077,1666.8
-0.79636,0.600976,0.0681132,-129.35,94.1737,10.9227,-942.108,551.186,74.2142,-129.348,94.1759,10.924,-946.329,552.881,74.9989
-0.0913097,0.919369,0.382652,-18.758,158.897,66.2714,-243.715,1063.94,453.551,-18.7583,158.897,66.2716,-245.772,1068.09,455.161
-0.324508,0.38943,-0.861997,-155.636,169.344,-391.205,-155.713,169.419,-391.387,-106.516,119.392,-272.129,-877.254,656.995,-1880.74
-0.324508,0.38943,-0.861997,-159.202,172.857,-399.718,-162.569,176.162,-407.741,-106.516,119.392,-272.129,-877.254,656.995,-1880.74
-0.324508,0.38943,-0.861997,-162.776,176.364,-408.233,-445.014,412.809,-1035.06,-106.516,119.392,-272.129,-877.254,656.995,-1880.74
0.268419,-0.41016,-0.871619,144.908,-197.552,-435.737,146.589,-199.603,-440.449,92.233,-130.74,-284.562,801.986,-747.017,-1967.91
0.268419,-0.41016,-0.871619,148.084,-201.423,-444.633,375.175,-440.352,-1030.69,92.233,-130.74,-284.562,801.986,-747.017,-1967.91
0.740744,0.606914,-0.288017,121.938,103.592,-48.1296,754.128,789.09,-329.603,121.932,103.598,-48.1244,756.413,793.13,-330.463
0.739971,-0.542848,-0.397189,130.758,-92.2088,-69.2485,954.701,-529.073,-473.764,130.75,-92.22,-69.2507,959.248,-530.151,-475.639
-0.680277,0.710655,-0.179422,-112.625,113.647,-29.1781,-843.067,693.26,-199.458,-112.633,113.639,-29.1825,-846.792,695.816,-200.366
-0.069321,0.981473,-0.178618,-14.046,159.382,-29.0475,-205.889,1071.91,-198.612,-14.0458,159.382,-29.0475,-206.872,1076.3,-199.439
-0.516166,0.711275,0.477138,-96.466,127.649,86.8736,-752.956,790.209,593.562,-96.4764,127.641,86.8734,-756.245,793.29,596.823
0.43716,-0.833042,0.339017,76.9123,-140.301,57.6603,623.412,-895.952,393.913,76.9123,-140.301,57.6603,626.2,-899.494,395.98
-0.814219,0.462556,0.350841,-140.537,76.4802,59.96,-1008.9,416.519,410.041,-140.539,76.4781,59.9483,-1013.21,417.871,411.703
0.642323,-0.662103,0.386057,113.518,-112.754,66.9593,852.666,-681.42,457.374,113.519,-112.754,66.9641,856.894,-683.337,459.92
-0.193512,-0.777561,0.598291,-35.3305,-156.05,119.467,-105.825,-1086.36,817.631,-35.3171,-156.054,119.476,-106.307,-1090.83,821.295
-0.561359,0.518271,0.645191,-119.96,105.875,135.126,-906.358,608.183,926.035,-119.959,105.876,135.126,-909.777,611.164,929.204
-0.507691,-0.844698,-0.169511,-80.027,-138.548,-27.5305,-447.253,-995.659,-188.447,-80.0307,-138.546,-27.5214,-448.902,-999.851,-188.959
-0.106043,-0.829392,0.548511,-17.0262,-159.092,104.959,14.6192,-1091.4,717.784,-17.0407,-159.09,104.968,14.7286,-1095.9,721.352
-0.0896885,-0.763924,-0.639043,-15.1173,-159.284,-132.946,37.8501,-1090.84,-910.951,-15.1179,-159.284,-132.942,39.5252,-1095.29,-914.139
0.118778,0.873293,0.472495,18.482,158.929,85.7834,1.66967,1091.5,587.482,18.4821,158.929,85.7837,2.00629,1096,589.326
-0.103088,0.979312,0.174132,-19.5106,158.806,28.3102,-241.59,1064.43,193.736,-19.5116,158.806,28.2947,-243.626,1068.58,194.27
-0.833255,0.0520653,-0.550431,-159.859,6.7042,-105.49,-1088.15,-85.4674,-718.765,-159.859,6.70393,-105.494,-1092.63,-85.8568,-724.98
0.0562251,0.979633,0.192762,6.39249,159.872,31.4304,-67.417,1089.42,215.212,6.38179,159.873,31.433,-68.3174,1093.87,215.82
-0.429554,0.872888,-0.23141,-73.159,142.295,-38.0635,-595.871,914.5,-260.135,-73.1596,142.294,-38.0606,-598.85,917.929,-261.336
-0.499011,-0.585809,0.638605,-101.023,-124.074,132.789,-573.352,-928.784,909.69,-101.02,-124.076,132.788,-575.375,-932.823,913.076
0.137782,-0.519341,0.843387,63.9815,-205.259,337.574,65.0076,-208.108,342.325,45.9317,-153.265,251.187,505.313,-972.561,1734.28
0.137782,-0.519341,0.843387,65.6795,-209.967,345.427,254.923,-615.756,1048.69,45.9317,-153.265,251.187,505.313,-972.561,1734.28
0.240586,0.48306,0.841886,87.556,196.364,335.553,89.1482,200.401,342.325,66.7543,145.409,249.649,263.929,1063.75,1723.54
0.240586,0.48306,0.841886,89.3919,201.02,343.364,216.467,635.183,1050.49,66.7543,145.409,249.649,263.929,1063.75,1723.54
-0.464635,0.768748,-0.439478,-85.353,135.332,-78.295,-680.847,853.123,-535.875,-85.3551,135.331,-78.2861,-684.44,856.013,-537.76
-0.0167919,-0.934851,0.354643,0.0516837,-160,60.6879,117.117,-1085.2,415.005,0.0538521,-160,60.6908,117.807,-1089.65,416.805
0.141686,-0.910379,-0.388761,27.544,-157.611,-67.5163,303.468,-1048.47,-461.079,27.5365,-157.613,-67.5162,304.913,-1052.73,-463.715
0.141686,-0.910379,-0.388761,303.562,-1048.44,-465.925,-1091.05,-31.2518,-981.122,27.5365,-157.613,-67.5162,304.913,-1052.73,-463.715
0.642118,-0.737076,0.210722,107.196,-118.781,34.4933,810.209,-731.392,235.932,107.194,-118.783,34.4918,813.796,-734.134,236.826
-0.448207,-0.881737,0.147142,-70.0175,-143.866,23.8033,-376.056,-1024.67,162.515,-70.0246,-143.863,23.8029,-377.396,-1028.97,163.426
-0.131383,0.967199,-0.217403,-24.3093,158.143,-35.6389,-275.04,1056.28,-243.471,-24.3117,158.142,-35.6387,-276.836,1060.46,-244.703
-0.729939,-0.46059,-0.505021,-133.597,-88.0442,-93.6145,-835.513,-702.346,-640.847,-133.595,-88.0478,-93.6252,-838.912,-705.297,-643.277
-0.91848,0.303078,0.254044,-152.805,47.4422,42.0282,-1070.22,214.49,287.337,-152.805,47.4422,42.028,-1074.74,214.814,288.585
-0.756955,0.313938,0.573116,-149.042,58.1938,111.909,-1057.42,270.639,765.399,-149.041,58.1969,111.908,-1062.02,270.794,769.147
0.966079,-0.245203,-0.0810339,155.735,-36.6943,-13.0087,1082.17,-142.416,-89.5897,155.735,-36.6944,-13.0088,1086.65,-142.867,-89.3127
0.0325003,-0.851567,0.523237,9.30221,-159.729,98.2438,189.824,-1074.87,672.495,9.31022,-159.729,98.2454,191.997,-1079.05,675.075
-0.44701,-0.761152,0.469924,-78.3327,-139.513,85.1728,-423.797,-1005.87,581.991,-78.3364,-139.511,85.1841,-424.653,-1010.39,585.202
-0.622522,0.767438,0.153315,-102.932,122.495,24.8283,-783.957,759.463,169.638,-102.931,122.496,24.8252,-786.509,763.295,170.445
0.612758,0.459174,-0.643185,125.856,98.7938,-134.394,763.882,779.652,-921.405,125.864,98.7837,-134.409,766.161,783.718,-924.254
0.684337,-0.616662,0.389115,120.83,-104.881,67.5841,896.656,-622.398,462.805,120.83,-104.881,67.5888,900.915,-624.154,464.214
0.562746,0.798161,-0.21507,89.883,132.367,-35.2207,517.402,961.076,-240.867,89.8922,132.361,-35.2376,519.508,965.053,-241.948
-0.184352,-0.971786,0.147127,-27.0988,-157.688,23.7993,-75.0965,-1088.91,162.886,-27.0977,-157.689,23.8005,-75.2678,-1093.41,163.409
0.602996,0.776679,0.182114,95.9065,128.07,29.6353,562.71,935.27,203.521,95.9066,128.07,29.6353,564.164,939.646,203.475
0.892069,-0.436344,0.117547,144.916,-67.8186,18.9442,1029.47,-362.722,128.915,144.917,-67.8162,18.9397,1034.48,-362.035,130.033
0.0175334,0.661288,0.749927,-0.190393,170,192.743,-0.251511,172.113,195.139,0.103292,160,181.403,-165.484,1083.43,1249.06
0.0175334,0.661288,0.749927,-0.337371,175,198.413,-129.63,970.373,1115.29,0.103292,160,181.403,-165.484,1083.43,1249.06
-0.813529,0.296101,0.500494,-151.403,51.7419,92.5033,-1066.57,231.941,633.553,-151.403,51.7418,92.5037,-1071.16,232.006,635.56
-0.569483,0.778958,-0.262512,-96.7018,127.471,-43.5288,-745.916,796.858,-298.038,-96.7041,127.469,-43.5308,-749.497,799.669,-298.908
