initx_p,inity_p,initz_p,actx_ent,acty_ent,actz_ent,actx_exit,acty_exit,actz_exit,predx_ent,predy_ent,predz_ent,predx_exit,predy_exit,predz_exit
-0.027847,0.976661,0.212972,-7.36149,159.831,34.8787,-165.118,1083.41,238.79,-7.50787,159.824,34.8776,-169.338,1082.84,239.538
0.534586,-0.0707019,-0.842152,219.987,-19.35,-345.015,720.125,8.30902,-1128.55,159.231,-15.668,-249.924,1090.59,108.729,-1726.96
0.72795,0.0263141,0.685125,161.628,9.69676,152.291,1074.34,216.601,1033.58,159.704,9.73211,150.504,1072.75,224.549,1035.84
-0.460119,0.00450341,-0.887846,-280.966,-15.6868,-543.132,-562.319,-69.0885,-1095.88,-159.931,-4.69834,-308.8,-1058.69,-283.545,-2140.94
0.0229408,-0.984106,0.176091,6.5088,-159.868,28.6233,157.033,-1084.66,198.372,6.65516,-159.862,28.6235,162.682,-1083.86,196.577
0.952964,-0.298997,-0.049609,153.46,-45.2756,-7.94881,1077.17,-202.069,-55.2991,153.501,-45.1374,-7.94766,1078.26,-196.402,-54.5779
0.993118,-0.117093,0.00256924,159.197,-16.0115,0.407935,1095.98,0.607431,2.00576,159.211,-15.8698,0.411102,1095.98,6.94808,2.82309
0.648611,0.662736,0.37428,109.778,116.4,64.5837,660.891,874.297,441.556,109.67,116.501,64.5827,655.557,878.329,443.68
-0.436944,-0.831255,-0.343648,-71.8578,-142.956,-58.5585,-381.997,-1027.23,-399.122,-71.7147,-143.028,-58.553,-378.061,-1028.73,-402.227
0.640023,0.76611,0.0587059,100.46,124.53,9.41321,602.033,915.821,68.4069,100.348,124.62,9.40968,593.328,921.508,64.618
0.248166,-0.50403,0.827265,100.127,-184.409,309.04,438.524,-634.339,1139.38,75.2419,-141.204,235.64,688.26,-852.944,1627.12
0.533153,0.643923,-0.548736,99.4952,125.302,-105.025,571.822,934.943,-724.797,99.3603,125.409,-105.03,566.718,938.108,-722.038
0.522379,0.826129,0.211262,83.1218,136.714,34.5932,471.623,989.336,235.442,83.0039,136.786,34.5844,464.124,992.877,237.524
0.618624,-0.413647,0.667982,135.024,-85.8399,143.636,993.599,-462.5,988.903,135.119,-85.6897,143.632,999.487,-449.712,988.346
-0.0637271,-0.658751,0.749657,-11.9803,-176.088,199.973,78.6602,-1050.62,1199.42,-11.0662,-159.617,181.256,99.699,-1091.46,1248.76
0.332571,0.783518,0.524877,59.5393,148.509,98.6511,285.367,1058.12,676.061,59.3841,148.572,98.671,277.457,1060.3,678.235
-0.674806,-0.29568,-0.676173,-145.344,-67.7464,-147.184,-923.056,-590.844,-1011.35,-144.935,-67.7772,-146.861,-916.016,-601.772,-1010.66
-0.133634,0.785856,-0.603798,-30.2128,157.122,-121.174,-337.881,1042.55,-829.473,-30.3802,157.089,-121.204,-348.768,1039.03,-833.525
0.504924,0.289867,-0.813037,170.782,106.613,-281.201,641.612,510.624,-1149.71,136.229,83.9144,-223.47,813.274,734.712,-1542.22
0.479523,-0.765851,0.428403,87.462,-133.979,75.8631,697.918,-845.051,524.28,87.5966,-133.891,75.8632,703.034,-840.809,521.257
0.657484,-0.468758,0.589899,132.222,-90.0963,116.896,974.768,-500.898,805.475,132.319,-89.9542,116.897,979.155,-492.414,803.828
-0.43558,0.884357,0.167878,-73.1769,142.285,27.2473,-596.962,919.072,187.554,-73.3069,142.218,27.2487,-603.522,914.865,187.134
0.640454,0.664939,-0.384284,108.835,117.281,-66.6191,652.681,880.441,-459.149,108.726,117.383,-66.6036,647.996,883.921,-457.575
0.640454,0.664939,-0.384284,106.085,119.774,-63.9489,106.085,119.774,-63.9489,108.726,117.383,-66.6036,647.996,883.921,-457.575
0.502966,-0.861793,-0.0658658,83.0013,-136.787,-10.5561,659.689,-875.127,-71.525,83.1311,-136.709,-10.562,665.26,-871.002,-72.5317
-0.503709,0.850751,0.150004,-83.9033,136.236,24.284,-667.394,869.328,168.245,-84.0105,136.17,24.2766,-671.714,866.035,166.72
-0.451197,0.369036,-0.812547,-160.222,121.452,-280.297,-707.615,418.65,-1150.19,-126.921,97.4218,-223.073,-976.03,498.58,-1539.45
0.0490042,0.871387,-0.488143,5.86267,159.893,-89.5023,-85.7023,1092.6,-619.079,5.68482,159.899,-89.4954,-93.7822,1091.98,-615.061
0.327296,0.922551,-0.204394,50.8415,151.707,-33.4297,238.975,1069.61,-230.795,50.713,151.75,-33.4103,233.332,1070.87,-229.458
-0.632537,-0.535981,-0.559126,-119.91,-105.932,-107.91,-727.949,-819.256,-739.864,-119.794,-106.064,-107.911,-721.418,-825.089,-741.888
-0.952083,-0.305272,-0.0186066,-151.503,-51.4482,-2.97673,-996.392,-456.376,-20.7829,-151.455,-51.5889,-2.97774,-994.389,-460.875,-20.4485
0.341412,0.659618,0.669583,70.2591,143.749,144.249,347.473,1039.4,993.254,70.079,143.836,144.255,335.098,1043.52,992.654
-0.648643,-0.0158072,0.760929,-179.606,-9.7287,211.008,-991.265,-192.368,1190.1,-159.783,-8.33703,187.666,-1070.6,-234.575,1293.22
0.0130314,-0.911696,0.410658,5.32242,-159.911,72.0734,159.154,-1084.3,497.963,5.44682,-159.907,72.0666,163.82,-1083.69,495.143
0.0130314,-0.911696,0.410658,121.398,138.942,226.177,384.569,976.56,668.278,5.44682,-159.907,72.0666,163.82,-1083.69,495.143
-0.728806,-0.580532,-0.363077,-123.302,-101.963,-62.346,-763.871,-785.89,-424.895,-123.199,-102.089,-62.3509,-759.295,-790.371,-428.335
0.650533,0.489595,-0.580606,125.796,98.8702,-114.113,774.454,775.468,-784.956,125.68,99.0178,-114.107,765.711,784.157,-784.595
-0.387843,0.886917,-0.25091,-66.6858,145.441,-41.4851,-560.007,942.02,-286.298,-66.8224,145.378,-41.4746,-563.54,940.021,-284.859
0.602314,0.71114,0.362626,101.157,123.964,62.2525,598.388,918.137,425,101.03,124.069,62.2616,591.384,922.757,427.721
-0.184344,0.704285,-0.685566,-44.7254,155.703,-152.556,-442.714,1002.56,-1034.95,-44.3319,153.736,-150.687,-453.211,997.905,-1037.11
-0.84288,0.481597,0.240036,-140.298,76.9192,39.555,-1009.86,425.696,272.957,-140.371,76.7848,39.5647,-1013.01,418.364,271.738
0.482162,-0.876063,0.00580566,79.533,-138.833,0.935298,636.844,-891.902,7.12113,79.6597,-138.76,0.928971,642.896,-887.638,6.37937
0.482162,-0.876063,0.00580566,105.651,-120.157,-12.3816,105.651,-120.157,-12.3816,79.6597,-138.76,0.928971,642.896,-887.638,6.37937
-0.063709,0.395092,-0.91643,-100.36,373.144,-886.595,-131.443,449.219,-1074.88,-32.5551,156.653,-366.517,-499.583,975.516,-2551.36
-0.867625,-0.451421,0.208437,-140.625,-76.3186,34.0999,-904.385,-619.054,234.28,-140.553,-76.4509,34.1008,-900.685,-624.486,234.201
0.176307,0.63635,-0.750982,42.3195,171.726,-201.177,104.672,1042.74,-1198.2,38.4981,155.299,-181.99,90.1167,1092.29,-1253.85
-0.112229,-0.876231,0.468641,-17.2458,-159.068,84.8822,6.99687,-1095.89,578.929,-17.0868,-159.085,84.8865,13.9674,-1095.91,583.339
-0.261273,0.577176,0.773695,-81.0979,165.264,224.815,-533.941,800.66,1180.01,-70.0999,143.826,195.417,-637.779,891.322,1347.03
-0.743405,0.667154,-0.0474759,-120.892,104.811,-7.60482,-896.742,630.125,-52.0315,-120.987,104.7,-7.60512,-899.869,625.661,-52.2257
0.309756,-0.398039,-0.863491,158.356,-183.3,-414.994,464.168,-451.798,-1113.12,102.711,-122.68,-273.984,864.256,-674.001,-1895.63
-0.435724,-0.700065,0.565733,-81.7289,-137.551,109.797,-442.567,-1002.67,758.503,-81.5587,-137.652,109.781,-433.387,-1006.67,754.778
0.160811,0.789163,0.592758,28.6178,157.42,117.769,62.8261,1094.18,808.059,28.4328,157.453,117.769,51.7255,1094.78,809.842
0.743416,-0.645076,-0.17666,122.649,-102.748,-28.7296,905.907,-616.858,-198.868,122.746,-102.632,-28.7189,911.319,-608.862,-197.232
-0.685424,-0.712385,-0.15067,-108.923,-117.2,-24.3945,-660.085,-874.895,-166.696,-108.815,-117.3,-24.387,-655.383,-878.459,-167.478
-0.524934,0.821428,0.222937,-88.5147,133.286,36.598,-697.611,845.279,247.337,-88.6343,133.206,36.5929,-702.327,841.399,251.321
0.402496,-0.13317,-0.905684,323.949,-77.6666,-712.33,496.446,-96.2605,-1082.9,153.9,-43.7588,-341.908,1095.68,-26.5318,-2375.74
0.974091,0.00253548,-0.226143,159.965,3.34617,-37.1424,1087.91,132.682,-255.127,159.964,3.37506,-37.1472,1086.81,141.658,-255.129
0.641005,0.010013,0.767471,181.769,8.35286,217.85,969.641,177.35,1184.96,159.847,6.99305,191.569,1072.08,227.716,1320.31
0.430711,0.826665,-0.362095,71.3121,143.229,-62.1559,381.114,1027.55,-426.582,71.1748,143.297,-62.1567,373.308,1030.46,-427
0.557388,-0.0709551,0.827214,209.099,-18.1813,309.202,770.229,15.8778,1139.21,159.285,-15.1063,235.594,1091.08,103.724,1626.8
-0.409783,0.255574,0.875648,-227.215,124.201,469.67,-554.001,249.455,1104.6,-138.824,79.5487,290.167,-1047.28,323.157,2009.46
0.443847,-0.430774,0.78577,139.598,-126.884,239.717,751.491,-526.101,1170.43,118.012,-108.043,203.294,922.95,-591.084,1401.77
-0.582927,-0.467243,0.664741,-122.514,-102.909,142.379,-738.626,-809.628,975.727,-122.396,-103.05,142.381,-730.23,-817.301,979.702
-0.874419,0.334605,-0.351328,-150.458,54.4268,-60.0393,-1065.04,258.421,-408.615,-150.505,54.2964,-60.0436,-1066.31,253.38,-412.473
0.346186,-0.912446,0.218168,59.3775,-148.574,35.76,507.909,-971.172,245.644,59.5084,-148.522,35.7705,515.224,-967.347,245.671
-0.863544,0.0331211,0.503185,-159.972,2.97168,93.1605,-1090.55,-108.993,640.487,-159.976,2.79839,93.1699,-1089.97,-114.796,640.356
-0.948171,-0.122558,-0.293174,-158.288,-23.3448,-49.0534,-1061.42,-272.8,-337.242,-158.265,-23.4965,-49.0667,-1059.74,-279.602,-337.027
0.970204,-0.197677,0.1401,157.309,-29.2215,22.6396,1092.55,-86.4873,153.236,157.334,-29.0859,22.6406,1092.83,-83.2766,155.483
0.431233,-0.425686,0.795506,141.682,-130.651,253.067,716.793,-514.559,1163.02,117.158,-108.968,210.084,920.431,-594.998,1449
0.182913,-0.973236,-0.139119,32.2669,-156.713,-22.4798,326.157,-1046.25,-154.352,32.4088,-156.683,-22.4789,335.074,-1043.52,-154.373
-0.494527,-0.161941,-0.853943,-216.44,-82.4776,-380.296,-610.394,-299.909,-1119.96,-150.24,-55.0265,-262.619,-930.996,-578.328,-1815.87
0.959753,0.135325,-0.246091,158.016,25.1172,-40.6411,1059.15,281.509,-282.217,157.99,25.2795,-40.6262,1056.96,289.934,-279.031
0.437589,0.897751,0.050588,67.6328,145.003,8.0893,362.545,1034.29,54.6101,67.4987,145.065,8.1049,354.818,1036.98,55.6577
-0.605584,-0.562945,0.56246,-114.913,-111.333,108.849,-687.866,-853.219,750.69,-114.786,-111.463,108.851,-682.387,-857.65,748.366
0.656846,-0.276629,0.701449,153.605,-60.2636,162.382,1066.15,-253.814,1083.34,148.979,-58.3545,157.486,1068.47,-244.103,1084.13
0.241276,0.715319,0.655823,47.6722,152.733,139.02,182.392,1080.65,960.014,47.5051,152.785,139.011,175.839,1081.8,956.429
0.0741445,-0.665906,-0.742342,24.1358,-172.815,-193.42,303.776,-1038.43,-1205.44,21.9742,-158.484,-177.291,319.802,-1048.3,-1221.27
-0.0256041,-0.977475,-0.209491,-1.38273,-159.994,-34.3172,99.5522,-1091.45,-238.495,-1.24249,-159.995,-34.2812,109.784,-1090.49,-235.44
0.278676,0.900607,-0.333535,44.5131,153.683,-56.6104,190.493,1079.24,-391.653,44.3674,153.726,-56.6106,184.158,1080.42,-388.874
0.452369,-0.581205,-0.676434,101.431,-124.265,-147.343,800.579,-748.486,-1012.04,101.333,-123.821,-146.965,808.559,-739.897,-1011.38
-0.334678,0.814123,-0.474547,-63.6968,146.774,-86.2644,-547.15,949.59,-591.863,-63.8502,146.708,-86.2647,-554.698,945.265,-592.825
0.569715,-0.222169,0.791243,180.062,-63.3738,247.056,877.044,-190.683,1166.25,150.714,-53.7146,207.059,1080.45,-183.97,1427.96
-0.954158,-0.148788,-0.2597,-157.628,-27.4487,-43.0279,-1053.64,-301.463,-295.15,-157.602,-27.5965,-43.0308,-1052.46,-305.847,-295.552
-0.916841,-0.306534,0.255811,-150.822,-53.4112,42.3394,-988.649,-472.875,290.206,-150.772,-53.552,42.3409,-986.587,-477.35,290.812
-0.0401784,-0.950976,0.306643,-3.88062,-159.953,51.5326,89.4696,-1092.26,353.232,-3.72751,-159.957,51.5492,96.0761,-1091.78,354.087
-0.335481,-0.939357,-0.0711352,-51.2326,-151.576,-11.406,-246.727,-1067.79,-78.9751,-51.0835,-151.626,-11.4112,-238.113,-1069.82,-78.3629
-0.708891,-0.269233,0.651911,-148.252,-60.1772,137.575,-946.089,-553.282,948.188,-148.184,-60.345,137.566,-947.619,-550.667,946.445
0.912453,-0.128327,0.388539,158.826,-19.3469,67.4772,1095.9,-13.5484,466.336,158.846,-19.1814,67.4713,1095.98,-5.9311,463.541
-0.656253,0.546651,0.520101,-124.965,99.9189,97.4418,-930.641,578.898,669.486,-125.069,99.789,97.4382,-934.617,572.458,669.745
-0.128586,0.454382,0.881477,-88.8583,253.763,502.136,-234.022,539.246,1100.41,-49.4083,152.18,298.735,-563.621,939.972,2069.86
-0.877043,0.325988,0.352883,-150.971,52.9883,60.3521,-1067.39,248.466,417.488,-151.021,52.8468,60.347,-1068.71,243.039,414.559
-0.989763,0.140992,0.0221486,-158.764,19.8459,3.54678,-1095.65,25.9189,22.865,-158.782,19.7067,3.54484,-1095.83,19.4703,24.3429
-0.759682,-0.650253,-0.00742242,-119.756,-106.107,-1.17916,-741.741,-806.811,-9.26397,-119.659,-106.216,-1.18768,-738.331,-809.989,-8.15598
0.837507,0.258697,-0.481309,151.924,50.1913,-87.8648,995.242,459.017,-601.147,151.87,50.3524,-87.8613,991.222,467.648,-603.813
-0.221081,0.765135,0.604724,-47.7087,152.722,121.494,-458.527,995.443,835.33,-47.8791,152.668,121.497,-463.687,993.081,835.546
-0.100311,0.794778,0.598553,-23.4319,158.275,119.558,-299.863,1054.13,824.979,-23.5993,158.25,119.559,-303.085,1053.26,822.181
-0.529855,-0.523657,0.66711,-111.168,-115.073,143.329,-644.596,-886.4,988.708,-111.048,-115.188,143.294,-641.165,-888.889,986.011
0.418376,0.900986,-0.114835,64.8762,146.257,-18.4933,339.497,1042.03,-128.211,64.7434,146.316,-18.4969,334.548,1043.69,-127.025
-0.351251,-0.908179,0.227672,-55.0863,-150.218,37.4115,-267.917,-1062.7,255.844,-54.9455,-150.27,37.4121,-262.638,-1064.07,256.949
-0.351251,-0.908179,0.227672,-34.8964,-1095.44,298.578,-34.8964,-1095.44,298.578,-54.9455,-150.27,37.4121,-262.638,-1064.07,256.949
-0.351251,-0.908179,0.227672,130.307,210.989,433.817,130.307,210.989,433.817,-54.9455,-150.27,37.4121,-262.638,-1064.07,256.949
-0.825678,-0.238266,-0.511357,-152.813,-47.4158,-95.2203,-1001.55,-444.933,-654.997,-152.764,-47.5736,-95.213,-998.492,-451.918,-654.423
0.989397,-0.144928,-0.00945087,158.681,-20.5038,-1.49853,1095.51,-32.4162,-8.70237,158.703,-20.334,-1.51229,1095.74,-23.8235,-10.3851
0.510961,0.56273,-0.649811,104.871,120.839,-136.799,606.467,912.892,-940.451,104.72,120.97,-136.798,595.277,920.251,-941.142
0.62945,-0.657594,-0.41396,112.787,-113.486,-72.7814,854.204,-686.661,-500.526,112.902,-113.371,-72.7653,858.185,-681.714,-499.949
-0.172174,0.645915,-0.74374,-49.7399,167.617,-194.563,-452.963,978.059,-1204.59,-45.3612,153.435,-178.038,-472.916,988.72,-1226.45
0.994018,0.0962155,0.0516797,158.968,18.1421,8.27958,1071.04,232.42,56.7052,158.952,18.285,8.28026,1069.5,239.567,56.862
-0.631905,0.010386,0.774976,-184.526,-2.73507,226.308,-947.282,-139.64,1178.96,-159.988,-1.9313,196.226,-1078.28,-196.284,1352.65
-0.210248,-0.60181,0.770467,-55.0249,-174.508,221.176,-166.763,-959.699,1182.52,-48.4809,-152.478,193.404,-154.373,-1085.07,1333.06
0.609843,0.631437,0.478936,108.883,117.237,87.297,647.531,884.242,596.446,108.767,117.344,87.2987,643.025,887.544,599.941
0.524948,0.521866,0.672374,110.833,115.395,145.361,645.422,885.785,1001.06,110.691,115.531,145.351,637.589,891.457,1000.22
-0.984567,0.15877,0.0736214,-158.373,22.7594,11.8087,-1094.97,45.5789,78.5391,-158.394,22.6151,11.8121,-1095.3,39.274,81.1165
0.468835,0.856776,0.214777,74.3371,141.683,35.18,406.41,1017.85,242.241,74.2043,141.752,35.1874,400.439,1020.23,241.666
-0.0474642,0.720653,0.691669,-14.6547,162.465,156.237,-249.126,1067.3,1055.67,-14.4939,159.342,153.249,-257.812,1065.25,1054.82
-0.594184,-0.797511,-0.104506,-93.3663,-129.934,-16.8304,-547.895,-949.193,-115.193,-93.2533,-130.015,-16.8139,-540.712,-953.335,-115.466
0.353045,0.778599,0.51879,63.1472,147.012,97.0994,311.376,1050.76,664.285,62.9895,147.079,97.1017,303.805,1053.05,667.429
0.815008,-0.41426,-0.405155,143.964,-69.8172,-70.9096,1032.37,-367.977,-484.22,144.033,-69.6742,-70.9096,1035.12,-360.211,-487.186
-0.859452,-0.321565,0.397414,-148.784,-58.849,69.3063,-968.373,-513.228,479.951,-148.725,-58.999,69.2978,-965.539,-518.605,476.101
0.368721,0.614154,-0.697753,81.0919,142.879,-160.039,402.896,1019.22,-1072.15,78.8814,139.204,-155.865,393.859,1022.79,-1072.92
-0.688583,-0.474036,-0.548765,-129.923,-93.3814,-105.038,-809.507,-738.806,-725.057,-129.804,-93.5457,-105.038,-801.146,-747.918,-722.091
0.920231,0.294834,0.257388,151.483,51.5063,42.6175,996.327,456.585,293.18,151.434,51.6501,42.6203,992.495,464.942,292.732
-0.383642,0.920252,0.0771692,-64.0995,146.599,12.3839,-536.487,955.648,85.7287,-64.2243,146.544,12.3847,-543.68,951.645,85.0484
0.709441,-0.699167,-0.088658,115.875,-110.331,-14.2308,866.233,-671.432,-97.2579,115.972,-110.23,-14.2421,869.907,-666.691,-97.8046
-0.309491,-0.852988,-0.42027,-51.7352,-151.405,-74.0845,-239.236,-1069.54,-509.306,-51.5755,-151.459,-74.1103,-230.25,-1071.54,-509.2
-0.459262,-0.175809,-0.870729,-229.802,-102.684,-445.972,-546.814,-299.886,-1107.96,-147.23,-62.6361,-283.364,-892.51,-636.115,-1961.57
0.507515,0.759676,-0.406596,86.3755,134.682,-71.2139,486.373,982.13,-491.915,86.2406,134.769,-71.2118,480.176,985.214,-489.264
0.318064,0.942571,-0.101956,48.5424,152.459,-16.402,226.046,1072.34,-112.962,48.4033,152.503,-16.3993,218.913,1073.91,-112.619
-0.310613,-0.354864,0.881811,-164.807,-213.269,504.286,-324.254,-489.048,1100.18,-100.706,-124.331,299.244,-480.948,-984.837,2073.45
-0.664596,0.210553,-0.716924,-161.667,46.6653,-173.059,-1085.54,150.998,-1131.46,-153.726,44.366,-164.556,-1086.91,140.868,-1133.05
-0.731115,-0.284538,-0.620088,-147.809,-61.2587,-126.457,-949.264,-547.758,-874.461,-147.734,-61.4376,-126.474,-946.148,-553.191,-869.88
-0.0820919,0.974354,-0.209513,-16.2162,159.176,-34.2799,-222.786,1073.09,-235.959,-16.3676,159.161,-34.2849,-229.093,1071.79,-235.466
0.68249,0.0133285,0.730773,171.325,7.94477,183.664,1075.82,209.324,1179.55,159.831,7.34419,171.307,1073.87,219.117,1179.8
0.368116,-0.724486,0.582762,75.4627,-141.086,114.739,631.891,-895.422,793.472,75.6217,-141.001,114.748,639.074,-890.393,789.014
0.910374,-0.41288,0.027382,146.827,-63.5761,4.40521,1044.77,-331.056,29.2225,146.882,-63.4491,4.383,1046.39,-326.02,30.0987
0.112672,-0.953806,-0.278493,21.5958,-158.536,-46.3941,262.902,-1063.92,-319.713,21.7469,-158.515,-46.397,267.34,-1062.89,-318.681
-0.450169,-0.400843,0.797918,-140.221,-133.791,256.606,-554.124,-675.135,1161.07,-116.261,-109.924,211.833,-652.007,-880.967,1461.17
0.489716,-0.869062,0.070069,80.9179,-138.03,11.2408,645.938,-885.368,77.822,81.0519,-137.951,11.2393,652.024,-880.954,77.1825
-0.11376,0.693048,-0.711859,-31.2659,164.215,-169.453,-355.503,1036.7,-1116.16,-29.9571,157.171,-162.19,-364.773,1033.52,-1116.68
-0.644286,-0.683763,-0.342584,-107.587,-118.427,-58.3493,-644.21,-886.651,-404.198,-107.473,-118.531,-58.3475,-640.347,-889.478,-400.814
0.751035,0.00762037,-0.660218,159.913,5.27815,-140.677,1079.46,189.606,-968.087,159.907,5.45991,-140.659,1079.23,191.011,-967.807
-0.500969,0.474461,0.723821,-126.345,113.485,178.169,-912.279,607.387,1154.98,-119.001,106.952,167.865,-917.7,599.201,1155.96
-0.448493,0.152268,-0.88072,-258.09,70.6006,-497.889,-579.081,113.781,-1100.87,-153.353,45.6388,-297.589,-1093.77,69.8219,-2061.78
0.130441,0.795814,-0.591324,22.5116,158.408,-117.336,17.7847,1095.79,-805.536,22.3469,158.432,-117.331,9.70786,1095.96,-806.82
0.805295,0.268659,-0.528509,150.73,53.6695,-99.6435,982.471,485.693,-684.479,150.668,53.844,-99.6171,978.216,494.277,-684.751
0.792467,0.135654,-0.594638,157.094,30.3543,-118.33,1042.25,338.974,-812.942,157.062,30.5224,-118.347,1039.11,348.521,-813.823
0.616712,-0.556751,0.556502,120.94,-104.755,107.162,910.318,-610.235,743.043,121.06,-104.616,107.177,913.575,-605.472,736.829
-0.577919,-0.772532,-0.263066,-93.558,-129.796,-43.6296,-544.929,-950.899,-297.843,-93.4342,-129.885,-43.6297,-538.894,-954.363,-299.667
-0.378919,-0.463776,0.800832,-118.097,-155.37,261.019,-436.603,-745.052,1158.98,-97.4601,-126.892,213.984,-503.704,-973.395,1476.14
0.550942,-0.811949,-0.192878,92.1287,-130.814,-31.4621,719.071,-827.029,-218.267,92.253,-130.726,-31.4528,724.547,-822.342,-216.011
-0.828937,0.336307,-0.446946,-149.386,57.3043,-79.9401,-1061.04,274.55,-550.989,-149.444,57.1538,-79.9457,-1062.72,268.017,-549.342
-0.0407194,0.953652,0.298143,-9.68887,159.706,49.979,-181.959,1080.7,342.678,-9.8409,159.697,49.9788,-187.909,1079.77,343.295
-0.582236,-0.798512,0.152903,-92.0217,-130.889,24.7552,-536.639,-955.626,169.192,-91.8941,-130.979,24.7569,-530.101,-959.275,170.019
0.413087,0.109772,0.904052,307.857,109.39,691.345,473.586,193.493,1084.17,152.764,47.5716,338.519,932.888,575.271,2351.64
-0.940308,0.0818869,-0.330325,-159.622,10.9929,-56.0013,-1095.18,-41.1642,-386.544,-159.633,10.8366,-55.9986,-1094.93,-48.4648,-384.668
-0.532401,0.141741,-0.834541,-209.8,46.58,-325.626,-741.216,85.6313,-1134.03,-155.878,36.0859,-242.402,-1095.35,37.6112,-1674.36
-0.430326,-0.835768,0.341045,-70.6405,-143.562,58.0307,-378.377,-1028.53,394.629,-70.5041,-143.629,58.0509,-369.477,-1031.84,398.775
-0.975451,-0.0727182,0.207864,-159.325,-14.6823,34.0044,-1075.4,-211.031,234.179,-159.311,-14.8309,34.0028,-1073.96,-218.697,233.528
0.728828,-0.651764,-0.209793,121.117,-104.55,-34.3396,897.528,-628.927,-236.836,121.211,-104.44,-34.3328,902.643,-621.652,-235.795
0.728828,-0.651764,-0.209793,913.653,-605.355,-221.827,913.653,-605.355,-221.827,121.211,-104.44,-34.3328,902.643,-621.652,-235.795
0.728828,-0.651764,-0.209793,-14.923,210.224,-312.031,-14.923,210.224,-312.031,121.211,-104.44,-34.3328,902.643,-621.652,-235.795
-0.690348,-0.610764,0.387798,-117.84,-108.23,67.3263,-722.515,-824.091,465.138,-117.739,-108.34,67.3198,-716.256,-829.574,462.5
-0.820437,-0.336319,-0.462356,-146.846,-63.5313,-83.4372,-948.794,-548.612,-574.484,-146.781,-63.6821,-83.4357,-946.389,-552.779,-573.356
-0.345755,-0.661294,-0.66569,-70.8577,-143.454,-142.753,-350.544,-1038.36,-983.426,-70.6897,-143.537,-142.745,-340.233,-1041.85,-982.222
-0.339512,0.867433,0.363718,-61.033,147.902,62.5006,-524.088,962.514,424.887,-61.1863,147.839,62.4777,-531.134,958.703,429.207
0.813617,0.174024,0.554746,155.739,36.6791,106.683,1028.1,379.731,729.351,155.7,36.8449,106.688,1025.91,385.643,733.459
-0.620968,-0.285956,-0.729814,-153.674,-75.835,-183.199,-902.094,-622.377,-1177.06,-143.517,-70.7309,-170.825,-896.428,-630.582,-1176.46
-0.193213,0.804498,-0.56165,-40.5864,154.767,-108.595,-411.399,1015.78,-746.758,-40.7422,154.726,-108.622,-412.01,1015.61,-746.788
0.642806,-0.543174,-0.540151,124.289,-100.759,-102.702,926.365,-585.677,-713.031,124.393,-100.63,-102.702,931.813,-577.009,-705.999
0.522961,-0.715008,0.463978,96.9223,-127.303,83.7968,756.922,-792.624,577.913,97.0627,-127.196,83.8086,763.936,-785.887,575.922
-0.709131,0.700244,-0.0824048,-115.753,110.459,-13.2638,-864.124,674.111,-89.2846,-115.862,110.345,-13.2305,-869.203,667.609,-90.857
0.968214,-0.243411,0.057564,155.815,-36.3549,9.22053,1087.33,-137.417,64.6835,155.85,-36.2044,9.22603,1087.8,-133.804,63.3569
0.890015,-0.426322,0.161624,145.472,-66.6168,26.2109,1037.34,-353.467,179.854,145.537,-66.4749,26.2058,1039.89,-346.171,179.97
0.631439,0.464117,0.621193,126.823,97.5492,126.823,774.854,775.123,872.971,126.709,97.6973,126.841,769.896,780.049,872.412
0.641058,0.649885,0.408281,110.202,115.998,71.5667,662.501,873.026,491.777,110.091,116.103,71.5657,657.143,877.143,491.698
0.727265,-0.583571,-0.361289,126.602,-97.8357,-62.0105,934.229,-572.951,-422.69,126.703,-97.7058,-61.9975,938.071,-566.78,-425.906
-0.984286,0.046675,0.170299,-159.928,4.81545,27.6568,-1093.17,-77.9541,190.098,-159.932,4.65597,27.6533,-1092.65,-85.5772,189.913
0.806667,-0.0664159,-0.587263,159.702,-9.76223,-116.096,1093.87,67.2427,-792.071,159.713,-9.57701,-116.099,1093.25,77.632,-798.322
-0.844089,0.337749,-0.416461,-149.641,56.6351,-73.2904,-1061.9,271.101,-502.559,-149.698,56.4849,-73.2969,-1063.41,265.295,-503.605
0.143254,-0.849405,-0.507927,29.7397,-157.212,-94.3475,329.906,-1045.16,-654.474,29.902,-157.181,-94.3513,335.194,-1043.48,-648.49
0.610721,0.18133,-0.770804,173.83,57.4838,-221.54,874.742,425.456,-1182.21,152.033,49.8594,-193.612,970.353,509.539,-1334.5
0.837806,-0.018863,0.545642,160,-0.335787,104.183,1088.34,128.911,712.752,160,-0.162389,104.186,1087.41,136.929,716.22
-0.311843,-0.838972,-0.445959,-52.8817,-151.008,-79.7133,-242.707,-1068.7,-545.273,-52.7156,-151.066,-79.7251,-236.587,-1070.16,-547.825
0.807865,-0.587709,0.0441842,130.978,-91.8951,7.0769,956.421,-535.204,48.5541,131.061,-91.7772,7.07677,959.132,-530.359,48.5973
-0.0225233,0.535828,0.844027,-18.9785,221.4,349.514,-130.669,702.435,1127.28,-12.085,159.543,251.854,-296.729,1055.07,1740.47
-0.956054,-0.133136,-0.26122,-158.054,-24.8781,-43.2961,-1058.84,-282.756,-296,-158.031,-25.0213,-43.3011,-1057.3,-288.683,-297.409
-0.956054,-0.133136,-0.26122,-1038.85,-349.303,-438.634,-1038.85,-349.303,-438.634,-158.031,-25.0213,-43.3011,-1057.3,-288.683,-297.409
-0.956054,-0.133136,-0.26122,-1048.59,-318.861,-367.443,-1048.59,-318.861,-367.443,-158.031,-25.0213,-43.3011,-1057.3,-288.683,-297.409
-0.240002,-0.943317,0.229242,-36.7205,-155.729,37.6903,-139.479,-1087.03,259.119,-36.5746,-155.764,37.6843,-133.416,-1087.85,258.819
0.597357,0.591823,-0.541212,111.351,114.895,-102.986,664.189,871.786,-705.767,111.224,115.018,-102.987,656.972,877.27,-707.964
0.844721,0.00587146,-0.535175,159.941,4.34614,-101.39,1084.38,158.778,-695.562,159.936,4.52349,-101.374,1083.11,167.619,-696.849
-0.98537,-0.0519601,0.162318,-159.608,-11.1864,26.315,-1078.9,-192.649,180.152,-159.598,-11.3407,26.3213,-1078.67,-194.12,180.764
0.154314,-0.409069,0.899361,131.646,-281.976,640.576,248.081,-465.268,1087.51,62.5924,-147.249,329.222,660.515,-874.606,2285.59
-0.746275,0.658747,0.0955268,-121.756,103.805,15.3548,-902.865,621.216,105.626,-121.849,103.696,15.3554,-905.243,617.861,105.45
0.941325,-0.306084,0.142196,152.992,-46.8355,22.9848,1074.52,-215.835,157.886,153.033,-46.6991,22.9863,1076.4,-206.344,157.858
-0.425412,0.54158,-0.725063,-108.57,130.949,-179.065,-813.735,734.116,-1159.21,-102.092,123.196,-168.471,-820.484,726.651,-1160.16
-0.983992,0.138225,-0.112489,-158.803,19.5354,-18.1084,-1095.77,22.1564,-125.313,-158.822,19.3813,-18.1142,-1095.88,16.509,-124.397
0.437137,-0.274587,0.856454,204.122,-114.877,388.816,612.779,-274.949,1118.2,138.375,-80.3269,265.506,1040.53,-344.25,1836.12
-0.994883,-0.100383,-0.0114337,-158.893,-18.7916,-1.83268,-1070.4,-235.411,-14.1376,-158.877,-18.9273,-1.82961,-1068.55,-243.744,-12.5642
0.972424,0.139631,-0.186799,157.956,25.4952,-30.4257,1058.02,285.858,-211.09,157.932,25.6413,-30.4251,1056.72,290.802,-208.952
0.843011,0.494337,-0.212045,136.585,83.3341,-34.7167,873.328,662.153,-237.432,136.505,83.4646,-34.7186,867.876,669.333,-238.445
-0.812207,-0.576508,0.0892084,-128.865,-94.8351,14.3409,-813.335,-734.588,97.2025,-128.777,-94.955,14.3313,-808.27,-740.213,98.4166
0.319223,0.94722,-0.0295246,48.488,152.476,-4.72858,228.237,1071.88,-33.8648,48.3574,152.517,-4.72625,219.138,1073.87,-32.4558
-0.203162,-0.919436,0.336695,-31.672,-156.834,57.2178,-99.9832,-1091.37,392.442,-31.5265,-156.863,57.215,-94.1985,-1091.94,393.029
-0.398878,-0.316112,-0.860796,-179.639,-157.673,-404.498,-453.58,-475.262,-1115.07,-121.801,-103.753,-270.667,-668.307,-868.667,-1872.34
-0.574349,0.691359,0.438344,-104.556,121.112,78.0401,-802.993,745.887,534.172,-104.688,120.998,78.0364,-809.458,738.914,536.207
-0.807132,-0.509841,0.297656,-133.719,-87.8591,49.8906,-848.937,-693.18,344.197,-133.636,-87.9848,49.8891,-843.196,-700.168,342.679
-0.977447,-0.0387564,0.207594,-159.74,-9.11708,33.9563,-1082.46,-171.537,230.769,-159.731,-9.28195,33.9567,-1080.92,-181.211,233.212
0.322547,-0.943611,0.0745717,54.3357,-150.491,11.9569,473.848,-988.227,84.1253,54.4779,-150.44,11.9654,480.095,-985.254,82.1693
-0.282141,-0.659142,-0.697085,-60.884,-152.45,-159.617,-260.833,-1064.47,-1070.34,-59.2462,-148.627,-155.575,-251.457,-1066.76,-1070.91
0.0884914,-0.713503,-0.695042,24.0848,-161.986,-158.339,308.86,-1051.55,-1064.44,23.6648,-158.24,-154.691,319.557,-1048.38,-1064.8
-0.75586,-0.616006,0.221836,-122.228,-103.249,36.4054,-761.909,-787.837,246.226,-122.14,-103.353,36.4028,-755.146,-794.336,250.015
0.257815,0.845489,-0.467633,43.6971,153.917,-84.652,178.89,1081.29,-585.303,43.539,153.962,-84.6527,170.203,1082.7,-581.73
0.301594,-0.272203,-0.913754,297.861,-220.113,-834.132,392.094,-272.83,-1076.95,123.413,-101.83,-359.981,998.21,-452.54,-2504.62
-0.884251,-0.0695904,0.461797,-159.234,-15.6402,83.3059,-1072.27,-226.424,571.69,-159.219,-15.7898,83.3076,-1070.04,-237.146,572.475
-0.486567,-0.850312,0.200555,-77.0279,-140.238,32.756,-425.553,-1009.92,223.546,-76.8985,-140.309,32.7562,-420.194,-1012.25,224.965
-0.543774,-0.657173,-0.521952,-99.5068,-125.293,-97.9124,-576.248,-932.218,-670.779,-99.3745,-125.398,-97.9144,-569.206,-936.6,-673.025
0.144289,0.390761,-0.909113,90.8013,335.735,-760.307,110.828,480.917,-1080.37,48.8804,152.351,-349.306,58.0585,1094.46,-2428.44
-0.979393,-0.113254,0.16722,-158.598,-21.1356,27.1407,-1065.65,-255.74,185.985,-158.579,-21.2802,27.1388,-1064.43,-261.165,186.379
0.392696,-0.165374,-0.904677,313.475,-102.275,-701.234,490.315,-135.666,-1083.6,149.951,-55.8092,-339.809,1089.99,-114.653,-2360.81
-0.364392,-0.271986,0.890641,-218.479,-187.375,564.131,-398.562,-388.513,1093.75,-124.329,-100.709,313.477,-667.462,-869.316,2174.01
0.816477,-0.159471,-0.554918,157.632,-27.4281,-106.711,1094.31,-60.8191,-732.733,157.66,-27.2637,-106.735,1094.94,-48.2301,-733.788
-0.181139,-0.603921,-0.776188,-47.5835,-178.816,-227.92,-122.685,-944.442,-1177.86,-41.57,-154.505,-196.997,-103.344,-1091.12,-1358.01
0.611497,-0.773656,0.165915,101.376,-123.785,26.9217,777.758,-772.103,183.887,101.491,-123.691,26.921,781.865,-768.052,184.883
-0.266983,0.938888,-0.217277,-46.4409,153.112,-35.62,-421.526,1011.7,-245.896,-46.5953,153.065,-35.6172,-430.629,1007.86,-244.618
0.00521651,0.942954,-0.332882,-2.0184,159.987,-56.4776,-130.782,1088.1,-385.992,-2.17133,159.985,-56.4857,-137.398,1087.35,-388.016
0.00521651,0.942954,-0.332882,-2.40295,159.982,-55.7245,-2.40295,159.982,-55.7245,-2.17133,159.985,-56.4857,-137.398,1087.35,-388.016
0.123852,0.582439,0.803384,34.0465,193.401,264.999,47.3608,853.229,1157.07,28.5295,157.436,215.901,0.874592,1096,1489.49
0.693818,0.515843,0.502516,126.493,97.9777,93.0118,782.178,767.713,638.514,126.384,98.1181,93.004,777.215,772.757,639.214
0.745545,-0.593942,-0.302315,126.909,-97.4377,-50.7464,936.886,-568.717,-345.295,127.005,-97.3131,-50.748,938.417,-566.207,-348.581
-0.571952,-0.671504,-0.471118,-101.366,-123.794,-85.4657,-596.061,-919.713,-588.451,-101.238,-123.898,-85.4628,-586.967,-925.573,-587.306
0.463431,0.223853,-0.857392,206.547,112.532,-392.041,555.978,371.703,-1117.59,141.549,74.5918,-266.603,843.83,699.405,-1843.82
0.887401,0.196794,0.416882,155.526,37.5718,73.3782,1030.74,372.404,506.612,155.488,37.7295,73.3865,1027.89,380.341,504.222
-0.710335,-0.0809547,0.699193,-163.007,-22.6393,160.969,-1053.93,-300.719,1076.86,-158.464,-22.117,156.494,-1051.19,-310.179,1077.26
-0.116185,0.78011,-0.61476,-26.9951,157.706,-124.743,-322.95,1047.28,-855.823,-27.1776,157.675,-124.722,-329.052,1045.44,-857.795
-0.377995,0.183871,-0.907365,-317.132,121.787,-733.865,-473.618,160.115,-1081.69,-146.747,63.7588,-345.486,-1082.89,168.997,-2401.22
-0.197453,-0.891675,-0.407343,-31.6502,-156.838,-71.3627,-94.9015,-1091.88,-490.173,-31.5048,-156.868,-71.3684,-90.2148,-1092.28,-490.342
0.835183,0.0118168,0.549844,159.904,5.54208,105.355,1082.76,169.577,726.755,159.898,5.71314,105.334,1081.58,177.222,724.131
-0.456814,-0.0395814,-0.888681,-279.969,-43.0357,-549.196,-550.382,-122.04,-1095.29,-158.737,-20.063,-310.18,-1026.17,-384.948,-2150.7
0.601625,-0.53122,0.596535,122.055,-103.453,119.007,918.942,-597.205,820.004,122.284,-103.183,118.932,923.326,-590.496,817.861
0.536515,-0.6333,-0.557748,105.906,-119.933,-107.519,818.986,-728.334,-741.156,106.048,-119.807,-107.525,824.892,-721.643,-739.227
-0.906887,-0.410351,-0.0957536,-144.618,-68.4522,-15.3902,-938.097,-566.606,-104.162,-144.554,-68.5863,-15.3921,-934.829,-572.111,-105.702
-0.566977,-0.613645,0.549524,-106.154,-119.714,105.236,-624.809,-900.399,723.45,-106.021,-119.831,105.246,-616.734,-906.011,723.525
0.962242,0.10652,0.250489,158.693,20.4115,41.3999,1066.24,253.591,281.81,158.673,20.5602,41.4004,1065.09,258.444,284.35
-0.943312,0.294534,-0.153012,-153.533,45.0307,-24.778,-1077.5,200.473,-169.407,-153.572,44.8952,-24.775,-1078.79,193.475,-170.143
-0.561993,-0.275167,0.78003,-164.741,-87.2724,232.47,-765.437,-542.285,1174.83,-141.615,-74.4666,199.478,-869.981,-666.595,1375.25
-0.667651,0.629512,-0.397437,-118.446,107.567,-69.29,-887.794,642.569,-475.994,-118.545,107.457,-69.3025,-891.288,637.825,-476.134
-0.463008,-0.176602,0.868582,-227.445,-101.15,436.885,-552.971,-303.085,1109.48,-147.323,-62.4169,280.507,-894.533,-633.267,1941.47
-0.918089,-0.271368,-0.288916,-152.603,-48.0866,-48.2875,-1005.33,-436.44,-333.163,-152.557,-48.2318,-48.2886,-1002.24,-443.539,-331.68
0.0213782,0.831866,0.554565,0.799479,159.998,106.624,-127.392,1088.52,730.293,0.647283,159.999,106.637,-134.612,1087.7,733.113
0.860313,-0.0299908,-0.508883,159.982,-2.39999,-94.5874,1090.57,108.535,-646.918,159.984,-2.22713,-94.5909,1089.5,119.209,-650.139
-0.287578,-0.289526,-0.912948,-231.998,-283.49,-820.893,-292.836,-380.588,-1077.52,-107.634,-118.385,-358.068,-501.1,-974.738,-2490.96
-0.992063,0.0819945,-0.0953311,-159.659,10.434,-15.3247,-1095.2,-41.2408,-107.69,-159.669,10.2916,-15.3236,-1095.04,-45.8083,-105.232
0.528573,-0.267149,-0.805756,179.369,-82.7322,-268.778,804.278,-261.708,-1155.21,144.927,-67.7958,-217.714,1059.7,-279.745,-1502.12
0.145284,0.602377,0.784879,38.1787,184.39,238.591,70.5885,917.405,1171.01,32.9765,156.565,202.693,39.6667,1095.28,1397.59
0.240341,0.702257,-0.670127,48.3174,152.53,-144.466,190.447,1079.27,-993.594,48.1194,152.593,-144.468,177.572,1081.52,-994.125
0.39552,0.396976,0.828236,142.471,154.948,311.178,456.437,617.429,1138.65,109.227,116.916,236.519,583.626,927.684,1633.26
0.738666,-0.363667,-0.567555,144.978,-67.6868,-110.293,1041.81,-340.111,-757.61,145.058,-67.5145,-110.303,1044.74,-331.277,-758.37
0.246674,0.966639,-0.0690038,36.9024,155.686,-11.0579,142.201,1086.65,-76.7499,36.7566,155.721,-11.0676,137.574,1087.33,-76.0035
-0.960673,-0.277383,0.0128661,-152.936,-47.0159,2.05987,-1010.07,-425.404,13.0899,-152.896,-47.1469,2.05885,-1007.42,-431.649,14.1384
0.484249,-0.344372,-0.804307,164.326,-108.301,-266.406,760.728,-380.828,-1156.25,133.142,-88.7317,-216.604,1005.6,-435.869,-1494.38
0.758647,-0.221927,-0.612538,154.501,-41.5868,-124.001,1086.18,-146.009,-854.148,154.548,-41.4111,-124,1087.05,-139.742,-852.812
-0.799839,0.540876,-0.260214,-134.106,87.2679,-43.1149,-975.116,500.243,-297.823,-134.189,87.1395,-43.1222,-978.912,492.896,-296.18
-0.306244,0.712183,-0.631672,-66.4338,145.556,-130.372,-582.072,928.642,-895.993,-66.6035,145.478,-130.382,-587.69,925.115,-896.85
0.834158,0.304664,0.459739,149.204,57.7772,82.8369,972.081,506.074,570.964,149.145,57.9282,82.8366,967.256,515.394,569.233
0.964804,0.257334,-0.0541577,153.866,43.8775,-8.68282,1018.31,405.077,-58.0564,153.826,44.0161,-8.67844,1015.96,411.144,-59.5964
0.797008,0.404497,0.448508,141.262,75.1342,80.2953,904.222,619.223,553.438,141.188,75.2719,80.2952,899.502,626.189,551.747
-0.354739,-0.880411,-0.314702,-57.1093,-149.461,-53.044,-282.073,-1059.08,-365.809,-56.9693,-149.514,-53.0509,-273.982,-1061.2,-364.408
-0.354739,-0.880411,-0.314702,-57.3694,-149.361,-51.0177,-57.3694,-149.361,-51.0177,-56.9693,-149.514,-53.0509,-273.982,-1061.2,-364.408
0.442117,0.203991,-0.873453,225.753,119.943,-458.853,518.161,330.281,-1106.05,142.702,72.3609,-287.086,846.336,696.37,-1987.76
-0.675788,-0.408231,-0.613725,-135.121,-85.6868,-124.374,-840.378,-703.539,-850.121,-135.029,-85.8328,-124.385,-838.028,-706.346,-855.47
-0.228407,0.767093,-0.599499,-48.9151,152.339,-119.842,-462.468,993.614,-818.684,-49.0995,152.28,-119.854,-470.966,989.65,-824.214
-0.710642,0.67126,0.210709,-118.215,107.82,34.4866,-878.513,655.219,236.08,-118.319,107.706,34.4898,-885.373,646.012,236.873
0.567253,-0.746945,-0.346841,99.0756,-125.635,-59.1714,765.353,-784.437,-403.754,99.1966,-125.539,-59.171,771.919,-778.047,-406.475
-0.566126,-0.792967,0.225177,-90.6686,-131.83,36.981,-525.643,-961.677,252.97,-90.5445,-131.915,36.9802,-518.74,-965.466,253.982
-0.868433,-0.366138,-0.334316,-146.28,-64.8245,-56.7594,-949.546,-547.243,-390.862,-146.217,-64.965,-56.7598,-945.476,-554.339,-389.9
0.0596122,-0.807723,0.586541,15.1415,-159.282,115.885,239.299,-1069.48,799.021,15.3223,-159.265,115.881,246.244,-1067.98,796.822
-0.776359,-0.630075,-0.0165176,-122.491,-102.937,-2.64365,-763.577,-786.234,-15.8843,-122.398,-103.047,-2.64332,-759.271,-790.395,-18.1521
-0.465624,0.733429,0.495254,-88.4063,133.358,91.2231,-705.611,838.573,624.587,-88.5376,133.271,91.2191,-712.886,832.472,626.926
0.521215,0.628107,0.577768,99.5611,125.25,113.275,568.775,936.794,778.889,99.4318,125.353,113.269,564.345,939.537,778.817
-0.529821,0.125039,0.838841,-214.327,40.9828,336.424,-728.432,63.7958,1130.83,-156.853,31.578,246.593,-1095.99,3.41593,1703.66
-0.881069,0.366912,0.298484,-148.78,58.8589,50.0441,-1054.99,296.881,344.239,-148.839,58.7114,50.0415,-1057.75,287.005,343.726
-0.721717,-0.48999,0.488911,-130.587,-92.4505,89.6755,-814.32,-733.507,611.885,-130.491,-92.5863,89.6805,-810.572,-737.691,616.335
0.653914,0.278296,0.703525,150.565,68.5395,163.781,923.888,589.517,1087.32,145.587,66.3669,158.408,918.638,597.763,1090.51
0.885187,-0.34229,-0.315089,150.246,-55.0095,-53.1347,1062.78,-267.433,-364.726,150.3,-54.863,-53.1232,1064.95,-259.029,-364.905
-0.0259564,-0.99516,-0.0947822,-1.42348,-159.994,-15.2353,104.789,-1090.93,-104.029,-1.27704,-159.995,-15.2346,107.441,-1090.72,-104.62
0.838434,-0.539321,0.0784948,136.014,-84.2631,12.6128,979.383,-491.93,90.3078,136.107,-84.113,12.5987,988.066,-474.281,86.5185
0.158755,0.628053,-0.761804,38.9328,175.87,-211.855,81.1502,1003.84,-1189.53,34.882,156.151,-188.18,61.2864,1094.29,-1296.79
-0.754965,-0.029985,-0.655079,-159.689,-9.96837,-138.732,-1075.1,-212.939,-957.934,-159.677,-10.1593,-138.735,-1073.33,-221.753,-954.519
-0.836389,0.343167,-0.427421,-149.145,57.9298,-75.6588,-1058.54,284.031,-518.271,-149.206,57.7727,-75.6504,-1061.26,273.746,-519.793
0.924765,-0.371203,-0.0837792,149.488,-57.0389,-13.4457,1057.58,-287.596,-91.4493,149.537,-56.9082,-13.4527,1059.84,-279.19,-92.3831
0.392855,0.730021,0.559227,72.8966,142.429,107.944,379.229,1028.29,737.869,72.7418,142.508,107.939,369.944,1031.68,742.083
-0.512237,0.0363188,-0.858076,-235.831,5.10936,-394.244,-665.005,-45.6133,-1117.14,-159.898,5.7108,-267.408,-1079.85,-187.439,-1849.47
0.686879,-0.613671,-0.389365,121.281,-104.36,-67.6495,903.489,-620.336,-466.123,121.379,-104.246,-67.6403,907.771,-614.141,-464.703
-0.894005,-0.333422,-0.299307,-148.888,-58.5857,-50.1972,-972.21,-505.953,-347.073,-148.831,-58.7308,-50.1929,-968.757,-512.567,-344.766
-0.835263,0.522782,-0.170392,-137.081,82.5162,-27.6638,-991.971,466.023,-191.229,-137.155,82.3931,-27.6689,-994.533,460.564,-190.02
0.730611,-0.545887,-0.41014,129.953,-93.3387,-71.9669,955.044,-537.647,-493.826,130.041,-93.2172,-71.9572,958.672,-531.192,-494.391
0.605632,0.793148,0.06423,94.9079,128.812,10.298,558.677,942.807,69.492,94.7905,128.898,10.2986,552.339,946.645,70.7227
-0.124437,-0.916679,0.379756,-18.5947,-158.916,65.6735,-7.89796,-1095.97,451.645,-18.431,-158.935,65.6856,-1.25535,-1096,451.263
0.618169,0.763535,0.186762,98.4905,126.094,30.4253,580.542,929.529,208.564,98.3816,126.179,30.4189,577.201,931.695,208.909
0.897829,0.428358,-0.102039,143.199,71.373,-16.412,927.01,584.598,-113.804,143.135,71.5004,-16.4129,923.008,590.992,-112.712
-0.318325,0.760006,-0.566622,-64.8649,146.262,-110.035,-563.58,939.975,-761.562,-65.0237,146.191,-110.035,-570.019,936.106,-756.528
0.631675,0.119511,0.765966,177.224,39.0979,216.297,929.57,342.044,1185.97,156.316,34.137,190.658,1017.77,406.644,1313.99
-0.831493,-0.534201,-0.152475,-133.093,-88.8045,-24.6723,-845.686,-697.073,-172.86,-133.014,-88.9224,-24.6859,-840.923,-702.897,-169.532
0.57679,0.674809,-0.460375,101.59,123.61,-82.9804,592.829,921.749,-569.206,101.469,123.709,-82.9819,589.404,924.023,-570.233
-0.0162608,0.991528,0.128869,-5.38306,159.909,20.7963,-146.727,1086.1,142.152,-5.52905,159.904,20.7935,-154.183,1085.1,142.798
-0.364046,0.518292,0.773851,-110.551,147.27,225.001,-674.106,685.876,1179.84,-95.6507,128.261,195.515,-792.606,756.962,1347.71
-0.125126,0.412584,0.902285,-117.292,298.532,671.827,-212.57,471.562,1085.4,-52.7917,151.04,334.943,-604.939,913.928,2326.22
0.0754543,-0.522247,-0.849449,42.8179,-223.181,-365.996,195.293,-667.037,-1123.16,28.2716,-157.482,-257.62,406.026,-1018.02,-1780.84
-0.0749575,0.46069,0.88439,-61.0745,267.583,520.435,-167.606,553.084,1098.28,-31.7706,156.814,303.242,-455.722,996.761,2101.67
0.96868,-0.149866,-0.19799,158.522,-21.7004,-32.3282,1095.28,-38.0606,-223.011,158.542,-21.553,-32.32,1095.59,-29.8961,-221.968
-0.869137,-0.342901,0.356399,-147.731,-61.4453,61.0284,-960.089,-528.593,415.727,-147.676,-61.5785,61.0352,-957.475,-533.346,419.29
0.743206,0.602624,-0.290671,122.457,102.977,-48.6023,760.438,789.21,-334.585,122.36,103.092,-48.6089,755.188,794.297,-333.881
0.31793,0.941064,-0.115407,48.5969,152.441,-18.5909,228.501,1071.9,-130.761,48.4537,152.487,-18.5904,219.098,1073.88,-127.667
-0.245372,0.706847,0.663445,-55.9155,149.911,141.896,-519.615,964.919,975.784,-56.0939,149.845,141.884,-525.243,961.944,976.274
0.822348,-0.194476,0.534717,156.42,-33.6548,101.242,1091.39,-100.388,692.375,156.455,-33.4952,101.252,1091.98,-93.7949,696.013
0.420085,0.568613,0.707253,95.4181,136.057,166.234,496.564,977.035,1101.15,91.7644,131.07,160.084,487.409,981.656,1102.1
-0.845803,-0.280729,-0.453662,-150.854,-53.3211,-81.4493,-983.948,-482.581,-559.317,-150.804,-53.4607,-81.4553,-982.381,-485.947,-559.729
0.710697,-0.0801459,0.698918,163.887,-14.4117,160.801,1094.44,57.1684,1075.91,159.393,-13.9197,156.373,1093.96,66.9147,1076.43
-0.663221,-0.663437,0.346395,-111.034,-115.202,59.0783,-671.804,-865.933,404.701,-110.925,-115.307,59.0846,-666.18,-870.299,405.881
-0.887716,0.452369,0.0855746,-143.783,70.1885,13.7593,-1027.69,380.639,96.4323,-143.848,70.0563,13.7431,-1030.63,372.858,94.3774
0.542219,-0.524828,-0.656167,117.451,-108.652,-139.124,895.53,-631.796,-961.158,117.589,-108.502,-139.139,901.553,-623.232,-957.311
0.301649,0.323004,-0.897037,190.876,237.072,-618.233,311.766,435.069,-1089.2,104.349,121.29,-324.843,494.681,978.011,-2254.52
0.441444,0.615979,-0.652454,90.1028,132.218,-137.869,495.397,977.606,-951.153,90.0845,132.23,-137.765,484.869,982.913,-947.824
-0.327182,0.301438,-0.895593,-235.054,186.991,-605.137,-441.48,311.198,-1090.26,-121.965,103.559,-322.19,-980.399,489.933,-2235.71
-0.549791,-0.821743,0.149895,-86.655,-134.502,24.2525,-497.402,-976.61,164.398,-86.5343,-134.58,24.2586,-491.012,-979.859,166.597
-0.499538,0.862599,-0.0799018,-82.5498,137.06,-12.8268,-656.944,877.261,-86.7916,-82.6714,136.987,-12.826,-662.427,873.159,-88.0792
-0.160847,0.419119,0.89357,-124.731,267.441,587.925,-260.394,480.777,1091.67,-63.2748,146.957,318.561,-658.805,875.895,2210
-0.421272,0.891118,0.168639,-70.8703,143.448,27.3679,-581.225,929.183,187.108,-71.0149,143.377,27.3758,-588.774,924.425,188.007
0.481826,-0.57089,-0.664777,105.971,-119.876,-142.393,830.69,-714.916,-981.207,106.115,-119.748,-142.394,835.525,-709.305,-979.797
-0.762215,-0.624284,0.171164,-122,-103.518,27.7829,-759.074,-790.466,188.973,-121.907,-103.628,27.798,-754.254,-795.184,190.907
-0.512907,0.099202,-0.852693,-227.971,33.048,-376.147,-683.738,34.631,-1120.96,-158.043,24.9483,-261.207,-1094.77,-51.9175,-1805.98
-0.0885093,-0.985978,0.141468,-11.5567,-159.582,22.8568,31.1764,-1095.47,157.951,-11.4033,-159.593,22.8661,38.8314,-1095.31,157.032
-0.0948842,-0.994307,-0.0484816,-12.4669,-159.514,-7.76743,24.9096,-1095.67,-52.4861,-12.3245,-159.525,-7.7666,31.461,-1095.55,-53.3346
-0.37607,0.830542,0.410818,-68.7139,144.494,72.0979,-577.817,931.305,495.936,-68.8644,144.422,72.1004,-583.045,928.049,495.376
-0.37607,0.830542,0.410818,-628.111,898.161,821.434,-628.111,898.161,821.434,-68.8644,144.422,72.1004,-583.045,928.049,495.376
-0.37607,0.830542,0.410818,-659.672,875.242,794.229,-659.672,875.242,794.229,-68.8644,144.422,72.1004,-583.045,928.049,495.376
-0.37607,0.830542,0.410818,-661.663,873.738,795.975,-661.663,873.738,795.975,-68.8644,144.422,72.1004,-583.045,928.049,495.376
-0.32174,-0.911274,0.257029,-50.5821,-151.794,42.5615,-234.867,-1070.45,291.543,-50.4466,-151.839,42.5569,-229.948,-1071.61,292.295
0.853308,-0.208404,0.477947,156.141,-34.9277,87.0632,1089.61,-117.46,601.845,156.177,-34.7658,87.0651,1090.68,-107.897,598.333
-0.650622,0.0608754,0.756958,-178.28,11.4452,207.011,-1022.4,-77.2551,1193.37,-159.655,10.5084,185.364,-1090.88,-105.782,1277.25
-0.985682,0.131074,0.106069,-158.943,18.3579,17.0716,-1095.82,13.6059,112.979,-158.96,18.2143,17.0683,-1095.97,8.54302,117.214
-0.923526,0.0883154,-0.373229,-159.528,12.281,-64.377,-1095.38,-35.8229,-438.885,-159.539,12.1358,-64.372,-1095.21,-41.6974,-442.231
-0.0115026,0.540856,0.841036,-14.263,219.43,341.93,-118.901,714.044,1129.31,-8.72637,159.762,248.791,-272.61,1061.56,1719.04
-0.229856,-0.533898,-0.813707,-72.8311,-188.091,-282.417,-206.002,-790.981,-1149.19,-58.6852,-148.849,-224.014,-209.835,-1075.73,-1546.02
-0.301936,-0.415983,0.857784,-128.882,-197.173,393.172,-313.508,-589.485,1117.36,-89.3904,-132.7,267.063,-412.061,-1015.59,1847.05
-0.76146,0.578384,-0.292662,-129.124,94.4833,-48.9746,-947.333,551.098,-334.87,-129.213,94.3615,-48.9728,-951.02,544.773,-336.382
-0.44312,0.896007,0.0285633,-73.3738,142.184,4.57743,-599.296,917.574,32.091,-73.501,142.118,4.57225,-603.41,914.939,31.3983
-0.74307,0.637172,-0.204592,-123.259,102.015,-33.4341,-913.043,606.224,-229.654,-123.356,101.898,-33.4441,-915.298,602.864,-229.69
0.956062,0.0749994,-0.283408,159.261,15.3591,-47.2992,1073.6,220.231,-326.125,159.247,15.5068,-47.2867,1072.53,225.583,-324.795
-0.668888,0.158461,-0.726277,-166.804,34.883,-180.075,-1093.88,67.3143,-1163.8,-156.604,32.791,-169.068,-1094.51,57.117,-1164.29
0.781271,0.580035,-0.230599,126.77,97.6179,-37.9215,795.958,753.369,-258.209,126.678,97.7378,-37.9199,790.041,759.639,-260.437
0.245554,0.9677,0.0571049,36.6897,155.737,9.15197,142.358,1086.68,64.1576,36.5483,155.77,9.15222,136.208,1087.5,62.85
0.0254123,0.993077,0.114682,1.33505,159.994,18.4726,-104.326,1090.94,127.629,1.19208,159.996,18.4721,-108.266,1090.64,126.854
0.0254123,0.993077,0.114682,-147.6,1086.02,221.319,-147.6,1086.02,221.319,1.19208,159.996,18.4721,-108.266,1090.64,126.854
0.0254123,0.993077,0.114682,-137.33,-296.439,-691.311,-137.33,-296.439,-691.311,1.19208,159.996,18.4721,-108.266,1090.64,126.854
0.0254123,0.993077,0.114682,-235.102,1070.49,176.704,-235.102,1070.49,176.704,1.19208,159.996,18.4721,-108.266,1090.64,126.854
0.0254123,0.993077,0.114682,-235.117,1070.48,176.619,-235.117,1070.48,176.619,1.19208,159.996,18.4721,-108.266,1090.64,126.854
0.939755,0.206824,0.272184,155.625,37.1587,45.2509,1033.93,363.458,312.725,155.589,37.3093,45.2609,1031.34,370.882,310.875
-0.169085,-0.604698,0.7783,-44.3488,-180.384,230.264,-104.994,-939.195,1176.34,-38.6481,-155.262,198.354,-81.9681,-1092.93,1367.44
0.0381868,-0.834918,0.549048,10.5739,-159.65,105.112,203.401,-1076.93,724.172,10.7533,-159.638,105.115,211.159,-1075.47,722.625
-0.789096,0.412648,-0.455026,-143.183,71.4056,-81.7729,-1029.62,375.612,-562.808,-143.255,71.2608,-81.7642,-1032.22,368.412,-561.854
-0.545447,0.562831,-0.621055,-113.832,112.438,-126.838,-872.879,662.704,-874.785,-113.96,112.308,-126.795,-877.132,657.157,-872.095
0.738506,0.125391,-0.662484,157.092,30.3651,-141.534,1039.22,348.11,-972.066,157.053,30.5686,-141.518,1035.56,358.943,-973.742
0.738506,0.125391,-0.662484,156.703,32.3143,-143.026,156.703,32.3143,-143.026,157.053,30.5686,-141.518,1035.56,358.943,-973.742
0.789389,0.603444,0.112789,125.422,99.345,18.1652,784.705,765.046,126.356,125.331,99.4594,18.1631,781.33,768.596,124.732
-0.834222,0.52642,0.16418,-136.778,83.0174,26.6534,-988.987,472.335,187.719,-136.848,82.9008,26.6316,-992.766,464.361,182.895
0.522694,0.847958,-0.0880775,81.6118,137.621,-14.1477,460.521,994.446,-95.8857,81.4806,137.699,-14.1482,455.111,997.041,-97.1591
0.928015,-0.279259,-0.24658,154.001,-43.4003,-40.7059,1079.62,-188.741,-277.987,154.044,-43.2494,-40.7122,1081.18,-179.628,-279.621
0.501429,-0.706897,-0.498865,95.1211,-128.654,-92.0918,751.299,-797.894,-635.681,95.2624,-128.55,-92.1035,754.914,-794.557,-633.014
0.501429,-0.706897,-0.498865,802.1,-746.895,-838.14,802.1,-746.895,-838.14,95.2624,-128.55,-92.1035,754.914,-794.557,-633.014
-0.802562,0.448425,0.393458,-141.101,75.4358,68.4751,-1016.7,409.215,471.661,-141.178,75.291,68.4808,-1019.87,401.344,470.483
-0.24975,0.966638,-0.0568868,-42.6842,154.201,-9.1257,-396.808,1021.62,-60.1887,-42.8133,154.166,-9.11714,-403.213,1019.13,-62.6091
-0.791866,0.587742,0.165856,-130.109,93.1221,26.9191,-951.423,543.973,187.525,-130.198,92.9968,26.9112,-954.888,537.964,184.816
-0.791866,0.587742,0.165856,-130.369,92.758,25.751,-130.369,92.758,25.751,-130.198,92.9968,26.9112,-954.888,537.964,184.816
-0.178193,0.614904,0.768206,-56.0262,173.391,218.691,-424.752,886.387,1184.39,-48.8403,152.363,192.016,-502.225,974.159,1323.42
0.0276539,-0.987728,0.153718,7.24472,-159.836,24.8994,164.094,-1083.58,171.832,7.39266,-159.829,24.892,167.238,-1083.17,170.947
-0.624187,0.704676,-0.337376,-108.24,117.831,-57.3436,-824.393,722.145,-396.7,-108.362,117.718,-57.3456,-827.981,718.097,-393.927
-0.318673,-0.78233,-0.535171,-57.3655,-149.363,-101.362,-271.119,-1061.88,-696.998,-57.1853,-149.432,-101.372,-260.764,-1064.53,-696.842
-0.318673,-0.78233,-0.535171,-141.86,-73.9981,-40.6469,-141.86,-73.9981,-40.6469,-57.1853,-149.432,-101.372,-260.764,-1064.53,-696.842
0.529512,0.747396,0.401268,90.039,132.261,70.1078,512.213,968.927,481.897,89.9099,132.349,70.0981,507.347,971.501,481.605
0.777824,0.309725,-0.546864,147.417,62.195,-104.519,952.774,541.671,-718.497,147.341,62.3755,-104.518,947.369,551.097,-718.513
0.130291,0.840514,-0.525891,21.3199,158.573,-98.9455,15.8522,1095.81,-684.276,21.1555,158.595,-98.9343,8.99669,1095.96,-680.049
-0.530339,-0.158167,-0.832901,-202.107,-69.4506,-321.694,-681.848,-317.252,-1135.3,-151.757,-50.6939,-240.843,-954.013,-539.514,-1663.46
-0.575737,-0.736243,-0.35563,-96.2357,-127.823,-60.8788,-560.815,-941.552,-416.048,-96.1138,-127.915,-60.8846,-555.256,-944.938,-418.254
-0.662733,-0.63912,0.390269,-113.091,-113.183,67.8137,-689.97,-851.537,460.321,-112.975,-113.299,67.8256,-679.841,-859.67,465.978
0.442288,-0.755752,0.482928,83.4915,-136.489,88.2564,675.699,-862.826,609.866,83.638,-136.399,88.2465,681.344,-858.479,606.465
0.689946,0.367594,-0.623578,139.534,78.296,-127.536,879.889,653.424,-859.272,139.438,78.4677,-127.637,873.815,661.561,-877.905
0.689946,0.367594,-0.623578,-187.668,-102.546,-322.187,-187.668,-102.546,-322.187,139.438,78.4677,-127.637,873.815,661.561,-877.905
0.157946,-0.92247,-0.352281,29.8823,-157.185,-60.2253,318.892,-1048.55,-411.13,30.0326,-157.156,-60.2295,325.774,-1046.46,-413.751
0.328593,0.412324,0.849715,133.415,184.206,366.633,352.346,598.736,1123.08,95.3837,128.46,257.909,463.507,993.165,1782.87
0.580289,0.698111,-0.419411,99.9425,124.946,-73.9223,584.703,926.943,-512.006,99.8149,125.048,-73.9265,579.534,930.245,-507.936
-0.544888,0.762615,-0.348591,-95.3759,128.466,-59.5093,-744.915,803.845,-406.527,-95.5012,128.373,-59.5107,-749.013,800.122,-408.81
0.0620687,-0.811473,0.581084,15.5407,-159.243,114.246,235.868,-1070.32,787.655,15.7305,-159.225,114.249,248.302,-1067.5,785.574
-0.433102,-0.804318,-0.406812,-73.2159,-142.265,-71.2654,-392.665,-1023.19,-489.294,-73.0645,-142.343,-71.257,-384.518,-1026.33,-489.575
0.904121,-0.355066,-0.237683,149.932,-55.8592,-39.1546,1060.39,-277.058,-271.043,149.986,-55.7149,-39.1534,1062.78,-267.801,-268.912
-0.98414,0.110532,0.138751,-159.285,15.1069,22.4206,-1095.94,-7.65794,153.302,-159.299,14.9629,22.4183,-1095.91,-14.3266,153.957
0.813608,-0.379581,-0.44041,146.261,-64.8676,-78.4977,1045,-330.186,-542.481,146.324,-64.724,-78.4925,1047.48,-322.481,-539.344
0.655342,-0.346175,-0.671334,143.162,-71.4462,-144.939,1038.04,-351.599,-1006.14,143.249,-71.2716,-144.941,1040.8,-343.435,-997.395
-0.831117,-0.213707,0.513394,-154.13,-42.9415,95.7331,-1013.6,-416.726,662.8,-154.089,-43.0888,95.7277,-1011.2,-422.723,657.967
0.187349,0.59674,-0.780258,50.1604,179.615,-232.658,133.701,927.789,-1174.67,43.5101,153.97,-199.627,115.558,1089.89,-1376.28
-0.00266318,-0.567722,0.823216,7.11241,-207.141,300.616,112.292,-776.813,1142.28,4.3262,-159.942,232.042,233.178,-1070.91,1602
-0.032472,0.917843,0.395614,-8.63502,159.767,68.9272,-179.05,1081.2,470.631,-8.79203,159.758,68.9254,-185.552,1080.18,473.54
-0.621775,-0.689104,0.372197,-104.975,-120.749,64.1675,-626.291,-899.385,441.385,-104.859,-120.849,64.1654,-619.525,-904.104,440.81
0.814395,0.49916,0.295974,134.892,86.0481,49.5928,856.75,683.365,339.418,134.814,86.1693,49.5801,852.631,688.648,340.555
-0.751362,0.589435,0.296684,-127.636,96.4836,49.7068,-938.77,565.502,343.174,-127.726,96.364,49.7104,-942.494,559.393,341.451
-0.906813,0.346719,-0.239743,-150.437,54.4869,-39.5025,-1064.46,260.88,-269.98,-150.483,54.3588,-39.5134,-1065.17,258.137,-271.385
0.256867,0.466332,0.846495,99.3536,201.341,357.064,249.401,659.664,1125.37,72.4098,142.677,254.444,291.906,1056.41,1758.6
-0.304841,-0.826287,0.473626,-52.4561,-151.157,86.0478,-239.641,-1069.46,588.29,-52.2984,-151.211,86.0488,-231.557,-1071.26,591.339
-0.868258,-0.143327,-0.474958,-157.329,-29.1115,-86.3439,-1047.21,-323.099,-591.827,-157.297,-29.2849,-86.3611,-1045.66,-328.361,-593.488
0.503503,-0.377738,-0.777045,151.601,-106.59,-228.845,840.536,-440.575,-1177.16,130.682,-92.3161,-197.546,988.629,-473.106,-1361.82
0.6903,-0.0378362,0.722534,169.47,-4.84294,177.218,1088.67,126.352,1150.64,159.934,-4.59114,167.239,1087.49,136.297,1151.63
0.734198,-0.510158,0.447987,133.116,-88.7699,80.1784,974.421,-501.599,551.842,133.207,-88.6335,80.1785,977.749,-495.199,550.944
0.800115,-0.288291,0.526027,151.589,-51.1932,98.9658,1068.08,-245.554,667.548,151.642,-51.0364,98.9697,1074.1,-217.996,680.293
-0.526668,0.850022,-0.00914422,-86.5867,134.546,-1.46624,-681.829,857.971,-9.90696,-86.7068,134.469,-1.46321,-687.801,853.314,-10.0481
0.35442,-0.780836,-0.514473,69.0141,-144.35,-95.9951,584.149,-927.259,-657.109,69.1761,-144.273,-96.0012,591.882,-922.438,-659.85
0.577716,-0.0487518,-0.814781,202.079,-9.49458,-284.388,812.069,53.7778,-1148.45,159.774,-8.49424,-224.893,1086.71,142.376,-1552.14
0.956835,0.239008,-0.165352,154.535,41.4613,-26.8257,1024.87,388.291,-185.903,154.496,41.6037,-26.8271,1021.74,396.554,-184.238
0.419235,-0.106887,0.901564,313.769,-54.16,664.177,515.839,-62.5909,1085.9,156.552,-33.0393,333.51,1095.14,43.3552,2316.03
0.575397,0.810869,0.106818,90.3181,132.071,17.1901,524.151,962.464,117.59,90.2141,132.142,17.1902,518.439,965.628,118.051
0.679849,0.460348,-0.570864,130.586,92.4512,-111.261,806.807,741.72,-768.873,130.485,92.5946,-111.255,804.864,743.915,-764.935
-0.0157642,0.402948,0.915087,-52.6042,374.322,859.103,-77.6992,466.584,1076,-13.39,159.439,363.2,-375.884,1029.53,2527.63
0.49823,-0.611343,-0.614838,103.744,-121.808,-124.763,810.122,-738.07,-859.668,103.886,-121.687,-124.748,816.79,-730.801,-857.972
0.102363,0.888333,0.447645,15.2764,159.269,80.1004,-16.7688,1095.86,549.145,15.1101,159.285,80.1018,-25.9748,1095.69,550.417
0.248302,-0.925371,0.286417,44.2249,-153.767,47.842,411.301,-1015.81,324.723,44.3634,-153.727,47.8333,417.996,-1013.16,328.552
-0.196513,-0.928837,-0.314078,-30.2905,-157.107,-52.934,-93.6006,-1091.96,-364.2,-30.1422,-157.135,-52.9342,-85.5791,-1092.65,-363.606
0.683491,-0.512769,0.519528,129.89,-93.4269,97.2922,958.801,-530.89,674.693,129.982,-93.2987,97.2909,962.496,-524.23,668.731
0.276757,0.574034,-0.770643,74.3827,167.236,-221.356,273.541,934.423,-1182.43,65.3844,146.03,-193.513,275.821,1060.73,-1333.81
0.250592,-0.812384,0.526532,50.2415,-151.907,99.1084,462.892,-993.369,685.593,50.3905,-151.858,99.1012,471.637,-989.33,681.198
-0.691159,0.529149,-0.49224,-128.926,94.753,-90.4906,-952.142,542.757,-621.096,-129.028,94.6137,-90.4856,-955.896,536.171,-621.877
-0.627152,-0.0694856,0.775792,-183.073,-26.0976,227.543,-918.211,-256.751,1178.1,-158.459,-22.152,196.744,-1044.7,-331.377,1356.25
-0.906506,-0.0804026,-0.414466,-159.082,-17.1145,-72.8804,-1070.48,-234.768,-499.087,-159.063,-17.2874,-72.8727,-1068.51,-243.951,-500.687
-0.906506,-0.0804026,-0.414466,-158.974,-18.0919,-72.3459,-158.974,-18.0919,-72.3459,-159.063,-17.2874,-72.8727,-1068.51,-243.951,-500.687
0.85677,0.51027,-0.0746311,136.043,84.2163,-11.9839,868.401,668.501,-85.9977,135.965,84.3412,-11.975,865.019,673.022,-82.2351
-0.197281,-0.445992,-0.873024,-90.0075,-238.654,-456.97,-171.07,-591.672,-1106.32,-59.2765,-148.615,-286.492,-175.346,-1081.88,-1983.59
-0.695037,-0.0482599,0.717352,-167.604,-15.9934,173.379,-1065.1,-258.414,1133.46,-159.276,-15.2059,164.759,-1062.64,-268.353,1134.45
-0.165253,-0.353213,0.920832,-132.716,-396.571,990.564,-139.463,-430.153,1071.57,-61.0368,-147.9,377.952,-126.482,-1088.68,2633.3
0.00277875,0.658409,0.752656,-4.37056,177.294,202.762,-172.182,1027.88,1197.01,-3.70219,159.957,182.924,-200.845,1077.44,1260.33
0.552963,0.504094,-0.663416,115.747,110.465,-141.87,684.129,856.245,-972.119,115.612,110.607,-141.873,677.107,861.825,-976.197
0.917187,-0.385264,0.101684,148.564,-59.4026,16.3353,1053.57,-301.822,112.165,148.612,-59.2822,16.355,1055.32,-295.842,112.315
0.688075,-0.564345,0.456145,125.635,-99.0744,82.0161,932.115,-576.516,564.621,125.74,-98.9411,82.0178,935.611,-570.831,563.599
0.38256,-0.757349,-0.529216,75.008,-141.329,-99.7952,621.686,-902.616,-686.745,75.1553,-141.25,-99.8022,631.165,-896.017,-686.027
0.503522,0.389577,-0.771165,141.406,116.507,-221.968,661.423,711.361,-1181.91,123.725,101.45,-193.836,720.418,825.963,-1336.05
0.67548,-0.730092,0.103408,110.666,-115.555,16.6345,833.237,-711.942,112.112,110.768,-115.457,16.6353,838.366,-705.945,114.24
-0.859164,0.0634236,-0.507754,-159.768,8.61894,-94.3051,-1093.42,-74.4249,-646.031,-159.777,8.44032,-94.3081,-1093.31,-76.6911,-648.192
-0.377545,-0.428485,0.82089,-130.058,-159.728,296.42,-429.147,-665.157,1143.67,-101.937,-123.324,230.025,-529.783,-959.451,1587.93
-0.32137,0.248265,0.91383,-314.137,196.811,835.214,-411.672,241.931,1076.91,-130.832,92.1025,360.163,-1029.91,374.828,2505.92
0.304,0.301488,0.903708,212.217,247.637,689.432,314.736,403.911,1084.3,108.765,117.346,337.818,522.769,963.291,2346.65
0.639922,0.762695,-0.0937864,100.711,124.328,-15.114,599.158,917.67,-101.823,100.606,124.412,-15.0731,594.972,920.448,-103.511
0.0177732,0.539707,-0.841665,-2.12492,220.158,-342.829,-78.4859,719.445,-1129.27,-0.0710078,160,-249.428,-215.176,1074.67,-1723.49
-0.772102,-0.613364,0.166261,-123.536,-101.68,26.9754,-770.938,-778.978,187.512,-123.441,-101.795,26.9787,-766.119,-783.759,185.28
-0.307409,0.772901,0.555089,-62.1755,147.425,106.785,-543.261,951.814,727.073,-62.3376,147.357,106.783,-551.641,947.052,734.116
0.32747,-0.710532,0.622822,70.1335,-143.81,127.397,604.044,-914.472,880.409,70.2981,-143.73,127.384,609.987,-910.567,876.16
-0.624022,0.681712,-0.381923,-110.188,116.011,-66.1356,-837.063,707.362,-449.989,-110.313,115.893,-66.1242,-841.335,702.405,-454.279
0.370908,-0.803198,0.466155,69.8693,-143.938,84.3004,589.872,-923.709,579.214,70.0229,-143.864,84.3107,593.776,-921.22,579.377
-0.521398,-0.291775,-0.80188,-167.262,-101.462,-262.563,-676.331,-529.947,-1158.08,-137.206,-82.3079,-214.767,-825.285,-721.194,-1481.59
0.0137457,0.983193,-0.182052,-0.548857,159.999,-29.6165,-115.89,1089.78,-201.503,-0.694412,159.998,-29.625,-122.317,1089.15,-203.456
-0.251344,-0.564914,-0.785938,-71.031,-174.835,-239.938,-235.015,-886.041,-1170.32,-60.7545,-148.017,-203.407,-236.741,-1070.13,-1402.56
-0.752805,-0.556226,-0.35199,-126.922,-97.4206,-60.1757,-792.993,-756.535,-416.439,-126.831,-97.5398,-60.1728,-787.936,-761.822,-413.361
0.412538,-0.899026,0.146846,69.2435,-144.241,23.7529,572.663,-934.443,164.937,69.3665,-144.181,23.7542,577.783,-931.334,163.132
-0.411073,0.356598,-0.838962,-170.87,135.794,-336.581,-614.851,394.362,-1130.72,-124.266,100.787,-246.712,-969.178,511.771,-1704.49
-0.314922,-0.66831,-0.673933,-64.8241,-146.28,-145.974,-303.911,-1052.97,-1007.44,-64.6534,-146.356,-145.968,-295.043,-1055.54,-1004.49
-0.992004,-0.121262,-0.0349885,-158.462,-22.1322,-5.60125,-1064.97,-258.817,-42.225,-158.442,-22.2731,-5.6019,-1063.16,-266.282,-38.4691
0.909823,-0.256022,0.326612,154.781,-40.5317,55.2818,1083.55,-164.512,378.722,154.816,-40.3973,55.2934,1084.75,-156.611,379.821
0.193654,0.967394,-0.163238,28.679,157.409,-26.4746,85.0086,1092.61,-182.737,28.5363,157.435,-26.4747,79.0373,1093.15,-181.818
0.193654,0.967394,-0.163238,70.6684,-143.548,-53.6656,70.6684,-143.548,-53.6656,28.5363,157.435,-26.4747,79.0373,1093.15,-181.818
0.193654,0.967394,-0.163238,210.235,-1075.65,-136.101,210.235,-1075.65,-136.101,28.5363,157.435,-26.4747,79.0373,1093.15,-181.818
0.895552,-0.141673,-0.421801,158.477,-22.0247,-74.4172,1095.61,-26.599,-512.969,158.5,-21.856,-74.4386,1095.77,-22.3433,-511.458
-0.335261,0.938539,0.0821264,-56.4136,149.725,13.1745,-487.693,981.473,90.1091,-56.5381,149.678,13.1855,-493.638,978.539,90.5479
0.788607,0.227047,0.571445,152.801,47.4525,111.424,999.227,450.153,768.836,152.746,47.6315,111.423,995.652,458.14,766.093
-0.0916812,0.953596,0.286793,-18.1543,158.967,47.8978,-240.834,1069.15,331.636,-18.3041,158.95,47.9018,-244.529,1068.37,329.022
-0.539512,-0.837918,0.0825834,-84.2943,-135.994,13.2559,-477.278,-986.548,92.1466,-84.1722,-136.07,13.2594,-474.676,-987.876,91.0553
0.844567,0.452736,0.285897,139.643,78.1016,47.7412,895.201,632.242,326.225,139.571,78.2304,47.7388,891.249,637.88,327.902
0.63526,0.772019,0.0207896,99.5345,125.271,3.32717,591.315,922.738,21.9065,99.4211,125.361,3.32723,586.625,925.79,22.8485
0.984222,-0.176864,0.00518893,157.939,-25.5972,0.829464,1093.88,-66.8677,4.22655,157.962,-25.4573,0.830285,1094.4,-59.2618,5.70168
-0.159366,-0.98105,0.110196,-22.9366,-158.347,17.7436,-46.6309,-1095,122.394,-22.7884,-158.369,17.7404,-40.0756,-1095.27,121.829
-0.421666,0.728981,-0.539244,-82.9097,136.843,-102.457,-677.091,861.781,-701.434,-83.0563,136.754,-102.459,-681.848,858.079,-704.324
-0.414576,-0.861363,0.293565,-66.7877,-145.394,49.1087,-344.943,-1040.21,336.886,-66.6606,-145.452,49.1382,-343.873,-1040.66,337.518
0.871824,0.487495,-0.0476613,138.291,80.4708,-7.63471,887.776,642.676,-53.5267,138.22,80.5935,-7.6349,883.205,648.972,-52.4302
-0.875081,0.483514,0.02113,-141.349,74.97,3.39553,-1014.93,413.53,23.2103,-141.416,74.8439,3.38174,-1017.39,407.606,23.2229
-0.412071,-0.382317,-0.827061,-147.924,-148.647,-308.613,-482.464,-602.028,-1139.45,-113.745,-112.526,-235.456,-620.229,-903.621,-1625.84
0.0854849,-0.775608,0.625399,21.0241,-158.613,128.277,285.451,-1058.13,885.966,21.1951,-158.59,128.248,290.823,-1056.71,882.125
0.286872,0.952418,-0.10298,43.4968,153.974,-16.5543,190.21,1079.36,-113.923,43.3629,154.012,-16.5658,183.472,1080.53,-113.763
0.21032,0.779496,0.590043,38.4016,155.323,116.941,134.562,1087.66,801.15,38.2232,155.367,116.941,120.44,1089.36,804.13
0.0902361,0.958144,0.271695,12.1666,159.537,45.187,-31.2947,1095.46,308.565,12.018,159.548,45.1731,-37.9826,1095.34,310.271
0.432075,0.800564,0.415221,73.3263,142.208,73.0351,390.962,1023.89,503.073,73.1898,142.279,73.0331,384.923,1026.18,501.791
0.876251,-0.199475,0.438627,156.656,-32.5385,78.0985,1091.35,-100.141,538.297,156.689,-32.3807,78.0989,1091.94,-94.246,536.637
0.236152,0.524328,0.818115,76.7107,189.214,290.506,216.562,773.067,1146.08,61.1039,147.873,227.665,225.182,1072.62,1571.47
0.87866,-0.19052,-0.437788,156.983,-30.9271,-77.9057,1092.52,-86.9709,-539.257,157.014,-30.7654,-77.914,1092.85,-83.055,-535.365
0.905095,0.270598,-0.327994,152.441,48.5963,-55.558,1002.81,442.206,-383.434,152.394,48.7458,-55.5556,1000.07,448.407,-381.623
-0.130835,-0.838681,-0.528674,-21.4724,-158.553,-99.6359,-19.1586,-1095.83,-682.515,-21.3016,-158.576,-99.6604,-9.72672,-1095.96,-685.05
0.543328,-0.727268,0.419377,98.1661,-126.346,73.9224,765.917,-783.936,509.823,98.2848,-126.254,73.9191,769.21,-780.725,507.885
-0.660887,0.626709,0.412872,-118.152,107.889,72.5377,-885.998,645.139,494.727,-118.254,107.778,72.5348,-890.116,639.461,498.363
0.979521,-0.114965,-0.165295,159.209,-15.8886,-26.8161,1095.98,4.48479,-183.763,159.223,-15.7456,-26.8176,1095.96,9.42808,-184.173
-0.782564,0.480735,-0.395586,-137.865,81.1981,-68.9285,-999.057,450.5,-471.46,-137.947,81.0592,-68.9196,-1002.47,443.02,-473.501
0.912504,-0.408874,0.0126207,147.111,-62.9165,2.00824,1046.31,-326.112,14.1209,147.167,-62.7842,2.01959,1047.84,-321.317,13.8688
-0.33861,-0.458419,-0.821702,-116.073,-170.586,-297.568,-369.992,-697.771,-1143.31,-90.9472,-131.638,-230.725,-444.87,-1001.65,-1592.82
-0.904742,-0.412117,-0.107711,-144.443,-68.8208,-17.3357,-934.686,-572.316,-115.683,-144.38,-68.9518,-17.3355,-933.303,-574.597,-119.049
0.58931,-0.715076,-0.376004,104.029,-121.565,-64.928,798.09,-751.1,-441.975,104.138,-121.472,-64.9291,803.451,-745.442,-446.061
0.0978193,0.857007,-0.505935,15.0012,159.295,-93.8625,-25.6426,1095.64,-645.742,14.8211,159.312,-93.8537,-32.7536,1095.51,-645.064
-0.664768,0.679077,-0.311347,-113.968,112.3,-52.4243,-858.555,681.202,-360.137,-114.073,112.193,-52.4242,-861.894,677.019,-360.101
0.522077,-0.842743,-0.131225,86.5898,-134.544,-21.1711,683.626,-856.608,-145.212,86.7184,-134.462,-21.1804,688.662,-852.62,-145.455
-0.859832,0.283126,-0.424887,-152.89,47.165,-75.1002,-1076.77,204.261,-512.25,-152.939,47.008,-75.1027,-1078.02,197.695,-516.026
-0.859832,0.283126,-0.424887,-1086.49,144.075,-547.571,-1086.49,144.075,-547.571,-152.939,47.008,-75.1027,-1078.02,197.695,-516.026
-0.859832,0.283126,-0.424887,292.519,-224.424,-828.656,292.519,-224.424,-828.656,-152.939,47.008,-75.1027,-1078.02,197.695,-516.026
-0.859832,0.283126,-0.424887,-1086.5,144.017,-547.832,-1086.5,144.017,-547.832,-152.939,47.008,-75.1027,-1078.02,197.695,-516.026
-0.859832,0.283126,-0.424887,-193.06,169.859,-463.786,-193.06,169.859,-463.786,-152.939,47.008,-75.1027,-1078.02,197.695,-516.026
-0.859832,0.283126,-0.424887,-661.998,873.484,291.023,-661.998,873.484,291.023,-152.939,47.008,-75.1027,-1078.02,197.695,-516.026
-0.859832,0.283126,-0.424887,13.6985,1095.91,574.539,13.6985,1095.91,574.539,-152.939,47.008,-75.1027,-1078.02,197.695,-516.026
-0.859832,0.283126,-0.424887,-448.472,67.1077,1071.5,-448.472,67.1077,1071.5,-152.939,47.008,-75.1027,-1078.02,197.695,-516.026
-0.859832,0.283126,-0.424887,-1086.91,140.836,-549.156,-1086.91,140.836,-549.156,-152.939,47.008,-75.1027,-1078.02,197.695,-516.026
-0.681682,-0.429879,0.592042,-133.498,-88.1942,117.551,-832.506,-712.845,814.37,-133.396,-88.3492,117.55,-826.622,-719.661,808.331
0.43666,-0.361088,-0.82398,165.136,-126.005,-302.106,669.978,-404.197,-1141.77,126.482,-97.9917,-232.712,976.448,-497.76,-1606.68
-0.666904,-0.308827,-0.678134,-144.216,-70.9099,-148.327,-909.855,-611.037,-1020.54,-143.497,-70.7715,-147.648,-903.104,-620.982,-1016.1
-0.256154,-0.909371,-0.327765,-40.5873,-154.766,-55.5121,-162.453,-1083.8,-383.759,-40.4369,-154.806,-55.5122,-156.837,-1084.72,-381.325
-0.513785,0.57793,0.634052,-108.939,117.185,131.208,-846.513,696.085,901.515,-109.063,117.07,131.202,-849.567,692.425,902.513
-0.619232,-0.784956,-0.0199235,-96.9353,-127.293,-3.18254,-574.452,-933.366,-23.765,-96.8175,-127.383,-3.18857,-567.43,-937.677,-21.8963
-0.597702,-0.476195,0.644974,-122.882,-102.47,135.023,-741.859,-806.664,928.662,-122.755,-102.622,135.049,-735.693,-812.387,929.069
-0.974386,-0.187646,-0.12394,-156.568,-32.9608,-19.9853,-1043.57,-334.849,-136.276,-156.538,-33.1037,-19.9856,-1042.1,-339.473,-137.249
0.97596,0.207738,0.0659397,155.9,35.9879,10.5827,1037.79,352.165,72.8213,155.867,36.1301,10.5739,1035.54,358.983,72.6134
0.646029,-0.301216,0.701367,151.222,-66.0141,162.382,1055.97,-293.389,1083.09,146.674,-63.9269,157.45,1058.51,-284.21,1083.88
0.872081,0.313608,-0.375665,149.535,56.9143,-64.8369,976.294,497.899,-441.677,149.48,57.059,-64.8609,972.781,504.888,-445.592
0.714974,-0.559655,-0.419045,127.826,-96.2309,-73.8497,943.041,-558.343,-506.325,127.923,-96.1024,-73.8482,946.839,-552.007,-507.397
-0.215343,0.495387,-0.841557,-96.5971,198.006,-343.299,-379.681,614.23,-1128.89,-68.6432,144.527,-249.319,-654.977,878.761,-1722.73
-0.159725,0.43984,0.883758,-109.101,250.482,516.334,-268.538,514.172,1098.73,-60.362,148.177,302.251,-632.499,895.076,2094.67
-0.0542119,-0.406412,0.91208,-13.6241,-361.754,806.799,-2.7496,-483.116,1078.11,-14.1674,-159.372,356.039,188.734,-1079.63,2476.46
-0.822614,0.105084,0.558805,-159.094,17.0066,107.806,-1095.85,-16.4909,742.43,-159.113,16.8223,107.821,-1095.73,-24.4201,741.268
-0.31751,-0.847625,0.425111,-53.2856,-150.866,75.151,-247.687,-1067.59,517.202,-53.1328,-150.92,75.1509,-240.961,-1069.18,516.357
0.125634,-0.606434,0.785146,44.196,-183.131,238.876,327.295,-859.81,1171.02,37.0009,-155.663,202.872,431.697,-1007.4,1398.84
0.765911,0.64159,0.0417371,120.875,104.829,6.68218,751.612,797.565,45.5145,120.78,104.938,6.68413,746.825,802.165,45.901
-0.337612,0.795848,-0.502637,-65.3903,146.028,-93.0288,-558.79,942.781,-636.755,-65.5402,145.961,-93.0341,-567.645,937.547,-639.421
-0.474238,0.62023,0.62483,-99.9521,124.938,128.086,-784.434,765.42,876.172,-100.091,124.827,128.057,-794.944,754.506,880.804
0.867283,-0.397372,0.29986,146.627,-64.0351,50.2876,1045.03,-330.324,339.467,146.691,-63.8879,50.2949,1047.07,-323.82,345.468
-0.672369,0.555612,0.489096,-125.313,99.4818,89.7247,-930.167,579.56,618.708,-125.416,99.3514,89.7252,-935.131,571.617,616.642
-0.461304,-0.238608,-0.854555,-200.899,-116.41,-382.149,-552.714,-392.702,-1119.57,-139.48,-78.3929,-263.317,-825.987,-720.39,-1820.77
-0.141396,0.986745,0.0796293,-25.4201,157.968,12.7794,-279.417,1059.76,89.1778,-25.5537,157.946,12.782,-288.559,1057.33,87.7769
-0.164572,-0.766715,0.620535,-30.1601,-157.132,126.635,-66.6401,-1093.97,871.699,-29.9762,-157.167,126.622,-58.5369,-1094.44,870.904
0.605299,-0.130183,0.78528,185.414,-33.6103,239.032,917.889,-48.3179,1170.82,157.336,-29.0772,202.963,1095.93,-12.2906,1399.47
-0.348187,0.571369,0.743171,-95.0232,146.567,194.017,-712.932,811.464,1205.04,-86.9088,134.339,177.733,-733.144,814.687,1224.33
-0.57422,-0.547315,-0.608866,-113.406,-112.868,-122.82,-671.933,-865.86,-841.6,-113.281,-112.993,-122.816,-666.079,-870.376,-844.65
-0.00840837,-0.853457,-0.521095,1.63178,-159.992,-97.694,139.775,-1087.04,-667.87,1.80065,-159.99,-97.6935,147.753,-1085.99,-671.504
-0.737768,-0.637975,-0.22065,-119.176,-106.757,-36.1978,-735.568,-812.466,-248.607,-119.072,-106.873,-36.1982,-731.676,-816.006,-248.61
0.0290899,-0.999492,-0.0130396,7.38959,-159.829,-2.08548,161.142,-1084,-16.6729,7.53508,-159.822,-2.08663,166.828,-1083.23,-14.3292
-0.57877,-0.0584452,0.813394,-199.622,-27.68,281.87,-793.169,-204.148,1149.55,-158.616,-20.9969,223.759,-1042.29,-338.906,1544.24
0.00860848,0.694062,-0.719863,-2.29765,168.919,-175.241,-171.582,1082.48,-1142.32,-2.16811,159.985,-165.954,-181.435,1080.88,-1142.73
0.124984,-0.881158,-0.456005,25.5102,-157.953,-81.9892,296.844,-1055.02,-562.281,25.6713,-157.927,-81.9861,302.875,-1053.32,-563.381
0.414205,-0.0360126,0.909471,349.119,1.01064,764.636,491.998,19.7958,1080.1,159.849,-6.93995,350.101,1070.86,233.381,2434.11
0.789706,-0.524364,0.318444,134.867,-86.0867,53.7429,981.553,-487.442,370.101,134.95,-85.9569,53.7524,984.196,-482.261,369.229
0.826712,0.360955,0.431578,145.388,66.7999,76.5501,937.266,567.961,530.467,145.325,66.9373,76.5535,935.009,571.817,526.005
0.800067,0.383566,-0.46127,142.912,71.9456,-83.1768,916.226,601.341,-569.467,142.842,72.0835,-83.1868,912.801,606.639,-571.643
0.451304,-0.55069,0.702186,107.818,-125.107,162.881,824.787,-721.681,1085.61,104.516,-121.146,157.813,831.104,-714.481,1086.39
-0.444104,0.752185,-0.486816,-84.0346,136.155,-89.1766,-680.13,859.355,-607.912,-84.1705,136.071,-89.1765,-684.951,855.604,-612.866
-0.775427,-0.221832,0.591189,-152.86,-47.2646,117.289,-998.943,-450.813,803.389,-152.808,-47.4315,117.29,-995.209,-459.103,806.535
-0.289781,-0.638221,0.713233,-65.3129,-154.187,170.384,-279.834,-1059.6,1120.03,-62.3822,-147.338,162.827,-270.365,-1062.13,1121.08
-0.430551,0.852727,-0.295773,-74.6529,141.517,-49.5408,-611.411,909.568,-338.347,-74.7951,141.441,-49.5431,-616.219,906.361,-340.301
0.479482,0.387798,-0.787216,143.168,123.73,-241.613,609.618,678.321,-1169.28,121.412,104.207,-204.276,697.035,845.789,-1408.6
-0.4746,0.0261918,0.879812,-265.93,-1.22034,492.525,-591.696,-46.5977,1101.6,-159.976,2.75606,296.228,-1072.5,-225.751,2052.18
0.10017,0.467012,-0.878559,39.9378,260.574,-484.951,45.8373,596.13,-1102.54,27.6317,157.596,-294.374,-54.7807,1094.63,-2039.1
0.774759,-0.550857,-0.31033,132.048,-90.3511,-52.2338,965.738,-518.079,-355.133,132.133,-90.227,-52.2347,968.113,-513.784,-358.799
-0.997416,0.0526453,-0.0488778,-159.899,5.69595,-7.83035,-1093.57,-72.3158,-50.7911,-159.904,5.55049,-7.83024,-1093.23,-77.88,-53.7716
-0.139161,0.869218,0.474441,-28.3497,157.468,86.2366,-315.178,1049.64,590.88,-28.5212,157.437,86.2398,-323.242,1047.25,592.653
-0.738886,0.643561,0.199692,-122.471,102.96,32.6037,-908.333,613.296,225.121,-122.563,102.851,32.6093,-910.531,610.04,223.956
-0.893377,-0.239335,-0.380258,-153.761,-44.2452,-65.7763,-1013.48,-417.029,-453.243,-153.714,-44.4059,-65.787,-1011.37,-422.316,-451.96
0.716701,0.55812,0.41814,124.366,100.663,73.6508,771.789,778.155,508.21,124.264,100.79,73.6549,765.246,784.611,506.068
0.845695,0.481504,0.230119,137.632,81.5931,37.8338,879.865,653.421,258.249,137.554,81.7252,37.8367,876,658.665,259.866
-0.941257,0.0122234,0.33747,-159.998,-0.832085,57.3583,-1089.19,-121.662,396.093,-159.997,-0.984131,57.3637,-1088.32,-129.539,394.051
0.818405,-0.487167,0.304765,138.937,-79.3508,51.1969,1003.63,-440.25,352.089,139.009,-79.2252,51.201,1006.46,-433.873,351.695
0.200996,-0.773292,-0.601348,43.5559,-153.957,-120.427,426.252,-1009.69,-823.344,43.7311,-153.908,-120.432,436.218,-1005.45,-828.205
-0.774066,0.0145102,0.632939,-159.999,-0.535688,130.81,-1086.13,-146.707,900.82,-159.998,-0.724001,130.818,-1085.08,-154.363,899.858
-0.104956,-0.604019,0.790029,-26.3556,-188.55,245.401,-12.9628,-901.79,1167.18,-22.7483,-158.375,206.213,33.5318,-1095.49,1422.07
0.963031,-0.248763,0.103384,155.585,-37.329,16.6402,1086.64,-142.48,114.138,155.614,-37.2045,16.6315,1086.98,-140.356,114.214
0.751498,-0.0535027,-0.657563,159.813,-7.7331,-139.665,1092.23,90.2071,-957.151,159.822,-7.54344,-139.66,1091.22,102.261,-960.911
-0.00192966,-0.997496,0.0707018,2.43123,-159.982,11.3398,127.264,-1088.5,77.5536,2.57979,-159.979,11.3413,133.467,-1087.84,77.8831
0.924495,0.0210996,0.38061,159.864,6.59432,65.841,1083.92,161.877,450.452,159.857,6.76579,65.8581,1082.58,170.984,452.449
0.484696,-0.793521,-0.36796,85.9002,-134.986,-63.3201,683.809,-856.452,-433.434,86.0321,-134.902,-63.3196,690.37,-851.237,-434.995
-0.256729,-0.933588,-0.250007,-39.6892,-154.999,-41.3163,-159.664,-1084.23,-284.294,-39.5465,-155.036,-41.3154,-153.566,-1085.19,-283.766
0.171001,0.588079,-0.79052,47.109,184.655,-246.011,112.852,893.468,-1166.87,40.1363,154.884,-206.555,87.7161,1092.48,-1424.44
0.582997,-0.801668,0.132069,96.3136,-127.764,21.3052,744.33,-804.347,145.1,96.4397,-127.669,21.3189,749.933,-799.26,146.406
-0.782644,-0.262185,-0.564559,-150.629,-53.9533,-109.431,-980.137,-490.416,-751.358,-150.568,-54.1226,-109.447,-975.515,-499.586,-752.472
0.427932,0.648954,0.629073,85.1169,135.481,129.488,459.141,995.19,892.148,84.9618,135.578,129.493,450.47,999.146,890.712
-0.451275,0.475888,0.754905,-126.171,125.562,204.904,-826.849,619.492,1195.03,-113.242,113.032,184.193,-890.305,639.197,1269.13
0.829004,-0.481532,0.284395,139.759,-77.8937,47.4657,1008.85,-428.241,328.035,139.839,-77.7498,47.4658,1010.69,-423.939,326.026
-0.830911,-0.489391,0.264731,-136.403,-83.6319,43.9262,-867.719,-669.442,302.827,-136.324,-83.7606,43.9266,-865.441,-672.479,301.707
0.377815,0.888433,-0.260657,59.9982,148.325,-43.2068,305.717,1052.43,-299.818,59.8568,148.382,-43.2009,296.492,1055.13,-296.721
0.377815,0.888433,-0.260657,59.5296,148.513,-42.7367,59.5296,148.513,-42.7367,59.8568,148.382,-43.2009,296.492,1055.13,-296.721
0.850383,0.525735,0.0212538,134.635,86.4496,3.40202,858.88,680.699,22.9207,134.554,86.5749,3.40156,853.975,686.981,23.359
0.0726469,0.979843,0.186092,9.05432,159.744,30.3167,-49.1452,1094.82,210.358,8.90292,159.752,30.3058,-56.8646,1094.52,208.132
-0.991743,0.107106,-0.0705341,-159.345,14.4617,-11.3173,-1095.95,-8.46457,-78.3416,-159.359,14.3044,-11.3142,-1095.85,-18.0089,-77.6973
0.984894,-0.172471,0.0154234,158.046,-24.9263,2.4706,1094.05,-63.7358,18.2051,158.073,-24.755,2.46817,1094.65,-54.3846,16.9493
-0.775963,-0.166599,-0.60838,-155.673,-36.9566,-122.672,-1024.47,-389.306,-843.839,-155.633,-37.1284,-122.661,-1022.78,-393.868,-843.576
-0.663523,-0.11386,0.739441,-170.318,-34.0768,190.808,-1029.34,-369.172,1207.89,-156.915,-31.2699,175.759,-1027.94,-380.203,1210.65
-0.904762,0.152885,0.397531,-158.234,23.709,69.3212,-1095.17,41.2591,473.744,-158.256,23.5565,69.322,-1095.42,35.6355,476.268
-0.519877,-0.302686,-0.798817,-164.361,-103.472,-257.947,-675.198,-549.512,-1160.49,-135.799,-84.6093,-212.492,-813.912,-734.005,-1465.76
0.543374,0.223116,0.809298,181.458,82.3653,274.492,714.331,430.105,1152.66,146.075,65.2842,220.477,903.791,619.982,1521.36
0.911339,-0.362725,-0.194656,149.668,-56.5649,-31.7534,1061.34,-273.083,-219.992,149.719,-56.4279,-31.7541,1061.2,-273.984,-218.081
-0.154958,0.982643,0.101988,-27.6284,157.597,16.4029,-298.173,1054.65,112.606,-27.7809,157.57,16.4045,-303.687,1053.09,112.655
0.667091,-0.686955,0.288239,113.501,-112.772,48.1722,854.991,-685.614,329.371,113.605,-112.667,48.1652,858.489,-681.332,330.832
-0.06574,-0.989685,-0.12729,-7.8505,-159.807,-20.5369,56.2021,-1094.52,-140.447,-7.70363,-159.814,-20.5346,63.9637,-1094.13,-141.019
0.725944,0.237475,0.645454,150.92,53.1322,135.207,976.69,497.166,928.547,150.855,53.3184,135.222,972.951,504.562,930.26
-0.00555992,-0.998411,-0.0560705,1.84869,-159.989,-8.99101,123.222,-1089.04,-63.4301,1.99569,-159.988,-8.9859,129.387,-1088.34,-61.7079
-0.203155,0.805889,-0.556121,-42.2936,154.309,-107.047,-415.043,1014.31,-741.409,-42.464,154.262,-107.07,-422.717,1011.2,-736.096
0.441613,-0.0469167,-0.895978,301.272,-10.06,-608.671,538.839,12.9188,-1089.98,159.659,-10.4359,-322.892,1079.13,191.577,-2240.69
0.74029,-0.261972,0.619146,151.962,-50.0758,126.147,1076.16,-207.54,870.055,152.019,-49.903,126.162,1077.83,-198.746,867.729
0.937315,-0.259435,-0.232666,154.933,-39.9478,-38.2771,1084.18,-160.474,-263.033,154.966,-39.8175,-38.2792,1084.84,-155.992,-262.906
-0.216978,0.435097,0.873848,-127.077,222.503,460.802,-345.277,506.874,1105.8,-76.6597,140.44,287.635,-722.013,824.569,1991.63
-0.531548,0.298117,-0.792832,-170.123,88.0513,-249.248,-836.765,309.437,-1165.08,-141.803,74.1078,-208.177,-1044.67,331.488,-1435.73
-0.736076,0.303471,0.60506,-149.198,57.7927,121.602,-1063.45,264.937,834.715,-149.263,57.6231,121.603,-1065.76,255.673,836.28
0.84581,-0.16858,0.506148,157.503,-28.1546,93.9069,1093.39,-74.568,640.618,157.533,-27.9907,93.9067,1094.45,-58.2525,645.429
0.46254,0.315466,0.828576,169.177,125.655,311.978,562.96,519.887,1138.3,129.214,94.359,236.829,747.097,801.911,1635.42
-0.901092,0.12028,0.416611,-158.968,18.1476,73.3168,-1095.91,5.1803,506.698,-158.982,18.0229,73.3289,-1095.99,-3.77979,503.825
0.358315,-0.830017,-0.427414,66.1833,-145.67,-75.6487,562.247,-940.784,-521.525,66.3288,-145.604,-75.6489,567.659,-937.539,-519.783
-0.931567,-0.279997,0.231915,-152.393,-48.7488,38.1492,-1004.82,-437.572,259.502,-152.349,-48.8847,38.1486,-1001.12,-446.068,262.009
-0.103464,0.961683,0.253893,-19.9374,158.753,42.0025,-249.042,1067.24,287.131,-20.0746,158.736,42.0015,-255.291,1065.85,288.479
0.95238,-0.12211,0.279395,159.038,-17.5147,46.5566,1095.97,-5.28829,318.766,159.055,-17.3671,46.56,1096,1.47007,319.801
0.750371,0.619689,-0.230063,121.558,104.037,-37.827,753.48,795.879,-262.76,121.462,104.149,-37.8268,749.769,799.413,-259.798
-0.816414,-0.564843,-0.120084,-129.975,-93.3081,-19.4251,-821.566,-725.42,-129.219,-129.905,-93.406,-19.3545,-816.821,-730.766,-132.915
0.443835,0.86289,-0.241726,70.6655,143.549,-39.8587,381.907,1027.22,-275.765,70.5301,143.616,-39.8605,373.309,1030.46,-273.77
0.473422,-0.872525,-0.120709,78.7153,-139.298,-19.458,630.914,-896.108,-134.596,78.8448,-139.225,-19.4568,638.378,-890.893,-133.617
0.975116,-0.0226703,-0.220534,159.997,-0.904187,-36.1976,1090.84,105.634,-249.58,159.998,-0.764196,-36.1781,1090.12,113.339,-248.472
0.107399,0.921462,-0.373328,15.5926,159.238,-64.3848,-12.6242,1095.92,-439.418,15.4338,159.254,-64.3918,-19.0359,1095.83,-442.367
-0.756804,0.340007,-0.55825,-147.266,62.5516,-107.664,-1052.95,303.886,-737.471,-147.337,62.3852,-107.665,-1055.42,295.476,-740.195
-0.756804,0.340007,-0.55825,-147.576,61.8167,-107.506,-147.576,61.8167,-107.506,-147.337,62.3852,-107.665,-1055.42,295.476,-740.195
0.0621886,-0.681009,0.729629,20.0831,-170.018,182.651,284.881,-1058.31,1174.83,18.7423,-158.898,170.732,294.968,-1055.56,1175.82
0.0621886,-0.681009,0.729629,271.857,-1061.75,1168.83,271.857,-1061.75,1168.83,18.7423,-158.898,170.732,294.968,-1055.56,1175.82
-0.643735,-0.0596886,0.762917,-179.12,-22.0249,212.972,-969.643,-256.897,1188.66,-158.843,-19.2054,188.837,-1051.95,-307.613,1301.35
-0.572836,-0.701146,-0.424562,-98.8729,-125.794,-75.0328,-576.951,-931.812,-513.903,-98.7452,-125.894,-75.0325,-571.291,-935.33,-515.543
0.101368,0.392913,0.913971,57.1444,367.547,839.355,60.1373,472.874,1076.74,33.0532,156.549,360.501,-61.87,1094.25,2508.34
-0.437353,-0.163423,-0.884316,-250.381,-111.904,-519.732,-510.081,-272.311,-1098.35,-147.606,-61.7449,-303.126,-888.783,-641.312,-2100.85
0.180524,0.681245,-0.709447,38.6041,162.118,-167.773,100.752,1091.34,-1108.2,37.0177,155.659,-161.082,90.9217,1092.22,-1109.01
0.634903,-0.550338,-0.542241,123.013,-102.313,-103.272,922.364,-591.972,-711.799,123.121,-102.183,-103.264,924.619,-588.469,-709.875
0.134445,0.859248,-0.493576,21.6245,158.532,-90.8225,20.8737,1095.77,-627.18,21.4546,158.555,-90.8101,14.0903,1095.91,-624.111
0.956714,0.266123,-0.117796,153.382,45.5394,-18.9877,1013.73,416.401,-131.602,153.344,45.6672,-18.9806,1011.23,422.639,-130.347
0.829309,0.187282,0.526471,155.329,38.378,99.09,1023.63,391.639,681.232,155.288,38.5438,99.0854,1022.72,394.026,681.09
-0.502756,-0.450662,-0.737658,-125.866,-119.1,-189.467,-677.144,-861.729,-1204.52,-116.25,-109.937,-174.828,-668.683,-868.377,-1204.2
0.526552,-0.42927,-0.733805,136.397,-105.189,-186.075,956.044,-535.798,-1189.87,126.648,-97.7763,-172.843,961.129,-526.732,-1190.44
0.934146,0.306367,-0.183059,151.141,52.5022,-29.7622,992.761,464.357,-200.561,151.093,52.6384,-29.7946,990.32,469.555,-204.621
-0.0348816,-0.996504,-0.0759149,-2.85455,-159.975,-12.1777,92.0584,-1092.11,-84.1508,-2.70769,-159.977,-12.1822,97.4943,-1091.66,-83.658
0.555511,-0.123361,-0.822308,203.404,-36.9459,-298.881,785.812,-54.994,-1142.86,157.215,-29.7241,-231.25,1096,0.0520239,-1596.48
0.97137,-0.0112604,0.237305,159.997,0.950008,39.0917,1089.09,122.809,269.32,159.996,1.11226,39.0874,1088.66,126.598,268.459
-0.485935,-0.200816,0.850611,-206.733,-96.9085,369.493,-595.451,-351.212,1122.35,-145.69,-66.1385,258.893,-886.399,-644.603,1789.76
-0.773497,0.591121,-0.228644,-128.811,94.9084,-37.5945,-943.667,557.393,-258.705,-128.903,94.7842,-37.5807,-948.146,549.759,-258.107
-0.773497,0.591121,-0.228644,-126.213,98.3372,-54.4142,-126.213,98.3372,-54.4142,-128.903,94.7842,-37.5807,-948.146,549.759,-258.107
0.23878,-0.564387,0.790222,79.991,-172.836,245.617,477.105,-764.711,1167.06,66.6469,-145.459,206.347,621.533,-902.725,1423
0.933479,0.0926475,-0.346459,158.903,18.701,-59.0967,1069.27,240.446,-404.372,158.885,18.8567,-59.0969,1066.93,250.761,-405.965
-0.660027,0.372752,-0.652243,-141.046,75.539,-137.698,-1024.92,388.22,-950.923,-141.148,75.3473,-137.688,-1029.33,376.428,-947.287
0.48237,0.795857,-0.365965,80.4009,138.332,-62.9192,443.622,1002.13,-434.632,80.2684,138.409,-62.923,438.802,1004.32,-432.269
-0.493459,-0.65211,-0.575544,-93.852,-129.583,-112.605,-520.218,-964.587,-771.449,-93.7134,-129.683,-112.617,-521.909,-963.757,-774.318
0.699618,-0.646508,-0.304239,119.437,-106.465,-51.0986,889.25,-640.516,-350.373,119.542,-106.347,-51.1038,894.505,-633.306,-351.026
-0.540739,0.555507,-0.631675,-114.111,112.154,-130.397,-874.908,660.081,-896.489,-114.237,112.027,-130.383,-879.733,653.671,-896.856
-0.584405,0.696792,0.415875,-105.098,120.642,73.1685,-806.501,742.051,504.321,-105.226,120.53,73.1721,-811.723,736.425,502.747
-0.56352,-0.600872,-0.56692,-107.005,-118.953,-110.12,-625.955,-899.629,-756.715,-106.873,-119.072,-110.121,-621.543,-902.718,-757.116
-0.556261,0.00828513,0.830966,-212.329,-5.45964,317.415,-751.52,-99.1913,1136.54,-159.976,-2.79835,239.03,-1072.21,-227.139,1650.8
-0.193358,0.845336,0.498015,-38.7562,155.235,91.9028,-387.966,1025.03,630.385,-38.9084,155.197,91.8947,-393.916,1022.76,631.577
0.530867,0.429382,-0.730624,130.375,111.348,-183.48,721.311,825.145,-1178.64,121.703,103.867,-171.231,713.563,831.891,-1179.28
-0.353459,-0.918319,-0.178207,-54.8645,-150.299,-28.9831,-267.668,-1062.8,-201.02,-54.7303,-150.348,-28.9785,-262.326,-1064.14,-199.015
-0.277561,-0.752195,0.59763,-52.178,-151.253,119.269,-226.05,-1072.43,817.547,-52.0033,-151.313,119.272,-216.661,-1074.37,820.204
-0.583493,0.523982,-0.620466,-121.331,104.301,-126.578,-914.19,604.45,-870.717,-121.469,104.141,-126.599,-920.516,594.867,-870.747
-0.700467,0.670498,0.244497,-117.495,108.604,40.3678,-875.611,659.09,276.63,-117.618,108.471,40.3463,-881.743,650.957,277.108
-0.465062,0.802617,-0.373527,-82.7561,136.936,-64.4386,-665.694,870.617,-445.107,-82.8891,136.855,-64.4317,-670.736,866.792,-442.642
0.962585,0.249638,-0.105408,154.162,42.8245,-16.9596,1020.82,398.759,-118.471,154.123,42.9646,-16.9607,1018.57,404.645,-116.475
0.277391,0.438018,-0.855099,114.976,202.413,-384.11,278.812,616.336,-1119.25,80.8558,138.066,-263.94,349.178,1038.89,-1825.14
0.875492,-0.0800755,-0.476552,159.588,-11.4739,-86.7369,1094.79,50.155,-593.247,159.6,-11.3057,-86.7361,1094.65,54.3435,-596.068
0.790468,-0.182466,0.584693,156.629,-32.6712,115.311,1092.38,-88.8836,791.91,156.661,-32.5165,115.326,1092.99,-81.2188,792.995
0.887739,0.411926,0.205514,143.938,69.8701,33.6027,931.835,576.934,231.009,143.872,70.0056,33.6014,928.088,582.982,230.771
0.297973,0.798748,0.522698,52.9028,151.001,98.1148,235.8,1070.31,670.922,52.7435,151.057,98.1069,230.42,1071.5,674.351
-0.398691,-0.215798,-0.891334,-244.756,-155.068,-570.415,-448.446,-325.379,-1093.18,-137.573,-81.6926,-314.662,-785.485,-764.349,-2182.4
0.189586,-0.711276,-0.676864,44.9247,-154.068,-147.601,447.012,-1000.63,-1017.23,44.979,-153.548,-147.137,455.797,-996.727,-1012.57
-0.718427,-0.571535,-0.396497,-123.326,-101.934,-69.1307,-764.177,-785.57,-475.361,-123.233,-102.048,-69.108,-758.207,-791.415,-474.796
0.251628,-0.61241,0.749425,71.6893,-161.198,199.729,561.207,-893.262,1199.7,64.8119,-146.285,181.128,598.163,-918.377,1247.87
-0.778297,0.241626,-0.579543,-153.771,44.2085,-113.806,-1082.58,170.78,-786.86,-153.817,44.0501,-113.793,-1083.85,162.733,-782.425
-0.712562,-0.440793,-0.545854,-134.324,-86.9316,-104.235,-840.947,-702.834,-719.587,-134.229,-87.0787,-104.243,-837.006,-707.557,-716.617
-0.529716,-0.728901,0.433709,-91.5898,-131.192,77.0249,-523.99,-962.563,528.751,-91.4555,-131.286,77.0189,-516.845,-966.482,529.207
0.607747,-0.72138,0.332045,105.292,-120.473,56.3243,804.897,-743.827,384.432,105.406,-120.372,56.3262,809.73,-738.616,386.92
-0.946196,-0.202429,-0.252458,-155.845,-36.228,-41.7549,-1035.12,-360.103,-289.148,-155.809,-36.3798,-41.748,-1033.76,-364.085,-286.738
0.369348,-0.648058,-0.666035,82.3909,-137.156,-142.856,687.428,-853.532,-988.16,82.5589,-137.055,-142.878,692.726,-849.321,-983.141
0.130278,-0.313988,0.940446,187.508,-298.834,776.641,187.508,-298.834,776.641,69.0623,-144.327,442.845,758.818,-790.83,3102.93
0.00594333,-0.698507,0.715578,5.7477,-167.873,172.091,192.99,-1078.87,1128.1,5.48657,-159.906,163.923,202.766,-1077.08,1128.67
0.409869,-0.88374,-0.225859,69.8684,-143.939,-37.0516,581.504,-928.92,-255.351,69.9909,-143.879,-37.0981,583.352,-927.856,-254.792
0.955971,0.0212393,0.292691,159.871,6.41899,48.9703,1084.55,157.884,335.309,159.865,6.56657,48.9782,1083.43,165.532,336.419
-0.84195,0.117686,0.526565,-158.876,18.9289,99.1476,-1095.96,-1.55513,680.826,-158.893,18.7867,99.1099,-1095.97,-7.42492,681.258
0.75442,-0.463082,0.465194,137.95,-81.0545,84.0914,1001.86,-444.395,577.989,138.035,-80.9093,84.0887,1004.87,-437.56,577.85
0.904677,-0.29092,-0.311328,153.18,-46.2151,-52.4153,1076.7,-204.345,-361.388,153.219,-46.0856,-52.4206,1078.11,-197.211,-360.076
0.171479,-0.971939,-0.161026,30.5072,-157.065,-26.1006,315.141,-1049.63,-179.766,30.6705,-157.033,-26.1062,323.868,-1047.06,-179.287
0.8447,0.0919925,-0.527276,158.679,20.5166,-99.2946,1063.17,266.058,-683.486,158.657,20.6905,-99.2951,1060.78,275.62,-682.533
0.761809,0.634297,0.131583,121.173,104.485,21.241,752.746,796.506,144.606,121.078,104.595,21.2391,748.427,800.67,145.858
0.748918,-0.117478,0.652167,158.585,-21.233,137.66,1095.98,0.614602,947.833,158.612,-21.032,137.66,1095.97,8.65357,947.094
-0.598377,-0.285828,-0.748497,-156.738,-80.3996,-198.862,-863.27,-612.092,-1200.37,-142.448,-72.8599,-180.617,-883.798,-648.164,-1244.33
0.823729,0.0908637,0.559656,158.639,20.8254,108.053,1061.21,273.643,740.994,158.616,20.9954,108.06,1059.36,281.026,742.915
0.503054,0.864032,-0.0196278,78.1262,139.629,-3.14285,435.041,1005.93,-20.2967,78,139.7,-3.14122,430.348,1007.98,-21.5712
-0.324942,-0.945613,-0.0151428,-49.3997,-152.183,-2.42286,-233.797,-1070.72,-17.3798,-49.2623,-152.228,-2.42325,-225.548,-1072.54,-16.6408
-0.327904,-0.944426,-0.0232089,-49.8841,-152.025,-3.71441,-236.204,-1070.22,-24.9391,-49.7469,-152.07,-3.71462,-228.946,-1071.82,-25.5088
0.413073,0.387557,-0.824118,145.857,148.104,-302.593,484.421,612.898,-1141.48,113.143,113.131,-232.833,616.729,906.014,-1607.53
0.170878,-0.966216,-0.192942,30.5976,-157.047,-31.4682,316.991,-1049.08,-215.655,30.7517,-157.017,-31.4637,325.069,-1046.68,-216.086
0.95354,-0.292083,-0.0738131,153.766,-44.2284,-11.8436,1078.63,-194.157,-82.2156,153.805,-44.0903,-11.843,1079.6,-188.877,-81.3289
0.66926,-0.0178263,-0.742815,174.582,0.200179,-193.716,1069.01,157.969,-1205.17,160,0.0445636,-177.543,1082.22,173.236,-1223.02
-0.645595,0.557763,-0.521639,-123.145,102.153,-97.8337,-920.601,594.73,-675.656,-123.254,102.021,-97.8337,-924.254,589.042,-672.469
0.0675347,-0.58119,0.810961,30.3767,-197.899,277.567,218.776,-797.975,1151.29,23.3519,-158.287,221.798,353.241,-1037.51,1530.57
-0.663525,-0.747946,0.0176493,-104.119,-121.487,2.82733,-626.814,-898.959,18.509,-104.007,-121.584,2.82448,-620.599,-903.368,19.3961
-0.20711,-0.939581,-0.272566,-31.6579,-156.837,-45.3353,-106.596,-1090.8,-311.138,-31.5104,-156.866,-45.3293,-96.7187,-1091.72,-311.345
-0.509495,0.630409,-0.585662,-103.186,122.281,-115.651,-808.153,740.238,-790.607,-103.313,122.174,-115.617,-810.648,737.608,-794.999
0.0872708,-0.394998,0.914527,116.714,-356.266,848.952,159.769,-447.16,1076.38,41.4404,-154.54,361.84,551.608,-947.072,2517.91
-0.507745,-0.676291,0.533691,-93.473,-129.857,100.973,-528.184,-960.293,691,-93.3166,-129.969,100.98,-523.115,-963.103,694.14
0.334895,-0.815411,-0.472177,63.6517,-146.794,-85.7091,546.728,-949.895,-593.11,63.7977,-146.731,-85.7098,554.194,-945.561,-589.005
0.291454,-0.934247,-0.205515,50.3075,-151.885,-33.5939,451.662,-998.507,-231.227,50.4529,-151.837,-33.6015,455.708,-996.768,-230.772
0.340928,-0.930954,-0.130738,57.6058,-149.27,-21.0962,495.622,-977.514,-145.166,57.7413,-149.218,-21.1003,502.046,-974.251,-144.905
0.96681,0.104941,0.23295,158.737,20.0649,38.3288,1067.47,248.337,263.231,158.719,20.2089,38.3286,1065.79,255.559,263.245
-0.512865,-0.161009,0.843235,-208.395,-75.6795,347.876,-645.937,-309.802,1127.69,-150.962,-53.0127,251.036,-942.407,-559.54,1734.74
-0.19571,0.928458,0.315696,-35.8191,155.939,53.2362,-356.663,1036.29,366.526,-35.9674,155.905,53.2368,-363.595,1033.93,365.686
0.606919,-0.777813,-0.163265,100.528,-124.475,-26.5188,772.555,-777.33,-181.496,100.714,-124.325,-26.4791,777.002,-772.971,-181.848
-0.675123,-0.534285,0.508674,-123.459,-101.773,94.5408,-758.101,-791.469,649.224,-123.359,-101.894,94.5384,-753.085,-796.291,649.778
-0.06389,-0.784943,-0.616265,-9.51402,-159.717,-125.214,78.8111,-1093.11,-860.944,-9.32931,-159.728,-125.214,83.3327,-1092.83,-861.191
0.716761,-0.600799,-0.353971,124.472,-100.532,-60.5563,920.015,-595.601,-416.871,124.577,-100.402,-60.5597,925.494,-587.091,-416.021
0.716761,-0.600799,-0.353971,115.822,-110.387,-33.9269,115.822,-110.387,-33.9269,124.577,-100.402,-60.5597,925.494,-587.091,-416.021
-0.72721,-0.48481,0.485927,-131.363,-91.3441,88.9612,-819.425,-727.783,610.731,-131.27,-91.4774,88.9632,-816.963,-730.607,611.397
0.385222,0.0857561,0.918831,380.222,129.019,936.022,433.226,154.768,1073.17,154.427,41.8593,372.643,941.722,560.692,2595.23
-0.11655,0.620181,0.775752,-39.8118,180.503,227.274,-325.485,896.695,1178.19,-34.0278,156.34,196.719,-409.133,1016.77,1356.08
0.456134,0.047508,-0.888642,279.175,47.9583,-549.218,548.021,131.689,-1095.21,158.365,22.8127,-310.115,1019.36,402.645,-2150.24
0.804887,-0.429101,-0.409914,142.577,-72.6067,-71.9205,1025.38,-386.924,-499.344,142.648,-72.4678,-71.9096,1028,-380.035,-494.064
0.0538794,-0.951337,-0.303407,11.9148,-159.556,-50.9208,192.905,-1078.88,-350.257,12.0653,-159.544,-50.9497,203.147,-1077.01,-349.968
0.547126,0.374951,-0.748375,142.39,103.642,-198.732,758.526,739.062,-1200.55,129.476,93.9992,-180.55,773.035,776.938,-1243.86
-0.161732,-0.671004,0.7236,-35.4239,-166.042,178.004,-72.2722,-1093.61,1154.75,-33.4192,-156.471,167.757,-62.2063,-1094.23,1155.21
-0.261855,-0.510033,0.819328,-86.5622,-185.725,292.909,-254.898,-756.443,1145.11,-68.5688,-144.562,228.691,-279.012,-1059.89,1578.62
-0.776825,-0.603428,0.180053,-124.629,-100.338,29.2849,-779.288,-770.599,196.818,-124.538,-100.45,29.2887,-774.372,-775.606,201.146
0.810196,-0.545139,0.215421,134.312,-86.9496,35.3512,976.508,-497.432,245.965,134.373,-86.8555,35.2981,979.344,-492.037,242.426
0.627855,0.347227,-0.696586,141.579,82.8865,-159.287,859.603,679.884,-1068.7,138.027,80.9239,-155.358,853.593,687.455,-1069.41
-0.833799,0.54994,-0.0484368,-135.173,85.605,-7.63924,-990.458,469.204,-40.522,-135.132,85.6707,-7.75941,-982.454,485.799,-53.2852
0.886148,0.171205,0.430616,156.495,33.3058,76.3231,1040.32,344.781,523.636,156.458,33.4802,76.3439,1037.57,353.067,524.564
0.886148,0.171205,0.430616,143.247,71.2768,107.474,143.247,71.2768,107.474,156.458,33.4802,76.3439,1037.57,353.067,524.564
0.886148,0.171205,0.430616,149.111,58.0167,100.85,149.111,58.0167,100.85,156.458,33.4802,76.3439,1037.57,353.067,524.564
0.212367,-0.578964,0.787211,70.9295,-175.442,241.654,445.154,-795.998,1169.27,59.4631,-148.54,204.273,575.673,-932.64,1408.58
-0.915645,0.284702,-0.283794,-153.607,44.7751,-47.3327,-1078.4,195.31,-326.485,-153.65,44.627,-47.3567,-1079.75,188.036,-325.276
0.711333,0.698212,0.0806528,112.22,114.047,12.9558,684.296,856.079,86.8894,112.141,114.124,12.9473,681.114,858.661,88.9125
0.302771,-0.772477,-0.558219,61.4457,-147.731,-107.658,539.067,-954.24,-738.086,61.6073,-147.664,-107.657,547.254,-949.594,-740.136
0.873722,-0.180059,-0.451872,157.297,-29.2842,-81.05,1093.44,-74.2193,-557.638,157.327,-29.1238,-81.0512,1093.72,-70.62,-556.949
0.0786833,-0.933939,0.348665,16.3386,-159.164,59.5284,230.362,-1071.46,409.848,16.4939,-159.148,59.5253,234.987,-1070.51,408.91
-0.715066,-0.675806,0.178792,-114.334,-111.928,29.0361,-701.631,-841.931,196.308,-114.253,-112.01,29.0768,-695.85,-846.764,199.691
0.833853,0.298058,-0.464597,149.598,56.7494,-83.9633,973.86,502.798,-576.473,149.538,56.908,-83.9512,970.58,509.108,-576.903
0.990196,0.136792,-0.0282996,158.096,24.6114,-4.53471,1059.81,279.303,-32.8441,158.074,24.748,-4.53,1058.87,282.85,-31.1081
0.990196,0.136792,-0.0282996,1055.98,293.449,-43.9915,1055.98,293.449,-43.9915,158.074,24.748,-4.53,1058.87,282.85,-31.1081
0.822571,0.568555,-0.0110966,130.033,93.2275,-1.7581,821.632,725.23,-14.5509,129.959,93.3305,-1.77567,817.806,729.663,-12.1937
0.299547,-0.253538,0.919777,339.771,-227.862,960.844,382.299,-249.237,1072.41,126.743,-97.6542,375.13,1016.77,-409.142,2613.06
-0.175945,-0.95051,-0.256074,-26.3331,-157.818,-42.393,-65.8043,-1093.99,-289.481,-26.1855,-157.843,-42.3875,-60.2953,-1094.34,-291.132
0.720437,-0.627397,0.295541,122.521,-102.901,49.488,909.252,-611.806,336.759,122.619,-102.784,49.5006,912.56,-607,340.009
0.383448,0.0154856,-0.923433,433.833,71.3129,-1060.78,437.364,72.3535,-1069.64,159.39,13.9531,-385.145,1022.74,393.978,-2684.97
0.847883,-0.491904,-0.197801,139.776,-77.8627,-32.2879,1007.85,-430.63,-219.676,139.848,-77.7343,-32.2879,1009.7,-426.289,-221.748
-0.587331,0.355103,-0.727286,-148.328,84.3847,-180.857,-1020.94,398.439,-1167.53,-139.045,79.1604,-169.566,-1024.56,389.208,-1167.74
0.0560689,-0.687702,-0.723824,18.2354,-168.854,-178.189,272.95,-1061.47,-1154.91,17.1605,-159.077,-167.866,282.971,-1058.84,-1155.97
-0.918317,-0.151205,-0.365829,-157.37,-28.8882,-62.9014,-1050.55,-312.102,-432.595,-157.342,-29.0454,-62.896,-1048.29,-319.866,-432.083
0.443713,-0.881916,-0.159197,74.3755,-141.663,-25.8021,603.631,-914.768,-177.519,74.507,-141.593,-25.802,611.093,-909.825,-177.197
0.443713,-0.881916,-0.159197,637.635,-891.424,-180.546,637.635,-891.424,-180.546,74.507,-141.593,-25.802,611.093,-909.825,-177.197
0.17416,0.773495,0.609404,31.7681,156.815,122.992,80.3644,1093.03,843.013,31.5904,156.85,122.989,71.4182,1093.67,845.84
0.654503,-0.532833,-0.53639,126.107,-98.474,-101.697,936.416,-569.405,-693.347,126.208,-98.3434,-101.697,941.983,-560.254,-699.075
0.827521,0.238601,-0.508211,152.826,47.3719,-94.4231,1001.62,444.805,-646.44,152.776,47.5332,-94.4226,998.733,451.386,-648.981
-0.191013,-0.93598,-0.295728,-29.1863,-157.315,-49.5383,-83.5857,-1092.78,-342.598,-29.0313,-157.344,-49.5348,-78.6116,-1093.18,-340.244
0.993537,-0.10611,0.0403031,159.365,-14.2411,6.45658,1095.91,12.7872,44.4567,159.376,-14.1205,6.45409,1095.83,19.0769,44.3212
0.65453,-0.736957,-0.168775,108.311,-117.766,-27.3922,820.303,-726.845,-187.082,108.417,-117.668,-27.3985,824.663,-721.905,-188.163
-0.33553,0.671352,0.660837,-74.7742,141.453,140.897,-639.229,890.273,965.027,-74.9436,141.363,140.893,-644.483,886.486,969.422
-0.309258,-0.70267,-0.640792,-61.1625,-147.848,-133.589,-280.491,-1059.48,-915.514,-60.999,-147.916,-133.56,-274.537,-1061.06,-918.788
-0.0708659,0.384484,-0.920408,-120.647,395.868,-976.352,-137.232,432.942,-1071.97,-36.2206,155.846,-376.809,-528.677,960.061,-2625.1
-0.976813,-0.0451658,0.209276,-159.675,-10.187,34.2438,-1080.53,-182.97,235.009,-159.666,-10.3331,34.2443,-1079.69,-188.365,235.187
0.716452,0.454983,0.528854,133.309,88.4797,99.7132,835.578,709.136,689.17,133.215,88.621,99.7074,829.955,715.815,685.373
-0.37342,-0.773573,-0.511999,-66.6848,-145.441,-95.3973,-334.925,-1043.56,-654.898,-66.5186,-145.517,-95.3749,-329.736,-1045.22,-655.538
-0.283781,-0.958814,-0.0120371,-42.7766,-154.176,-1.92383,-189.632,-1079.39,-20.9075,-42.6371,-154.214,-1.92618,-178.988,-1081.29,-13.2273
0.0455242,0.402984,0.914074,5.08249,372.137,840.038,-6.80814,476.5,1076.75,10.8812,159.63,360.747,-214.151,1074.87,2510.09
0.927145,0.044016,-0.372107,159.653,10.539,-64.1538,1079.38,189.617,-440.965,159.643,10.6875,-64.1473,1078.14,197.043,-440.686
0.927145,0.044016,-0.372107,1067.15,249.811,-468.688,1067.15,249.811,-468.688,159.643,10.6875,-64.1473,1078.14,197.043,-440.686
-0.960472,-0.129427,0.246457,-158.165,-24.1622,40.691,-1060.52,-276.549,282.69,-158.142,-24.3109,40.6906,-1058.71,-283.463,279.473
0.753969,-0.653589,-0.065971,122.679,-102.713,-10.5765,906.443,-615.972,-76.5857,122.771,-102.603,-10.579,910.571,-609.981,-72.6481
-0.0717113,-0.805599,0.588106,-10.83,-159.633,116.356,62.1296,-1094.24,802.014,-10.6336,-159.646,116.353,70.5058,-1093.73,800.078
-0.231798,-0.880482,-0.413546,-37.8154,-155.467,-72.6759,-142.329,-1086.72,-500.965,-37.6649,-155.504,-72.6776,-132.82,-1087.92,-499.346
-0.5899,-0.757124,0.280678,-96.0731,-127.945,46.7879,-564.373,-939.489,322.313,-95.951,-128.037,46.792,-556.876,-943.984,321.396
-0.358039,-0.733088,-0.578264,-67.1892,-145.209,-113.417,-335.567,-1043.31,-777.412,-67.0254,-145.285,-113.415,-326.51,-1046.23,-779.823
-0.231566,0.858689,-0.457199,-44.6256,153.651,-82.2516,-423.704,1010.73,-567.348,-44.7798,153.606,-82.2575,-429.418,1008.37,-565.249
-0.231566,0.858689,-0.457199,-560.553,941.805,-690.977,-560.553,941.805,-690.977,-44.7798,153.606,-82.2575,-429.418,1008.37,-565.249
-0.231566,0.858689,-0.457199,-560.606,941.773,-690.874,-560.606,941.773,-690.874,-44.7798,153.606,-82.2575,-429.418,1008.37,-565.249
0.0882692,0.960011,0.265685,11.7153,159.571,44.159,-33.35,1095.41,305.16,11.6701,159.574,44.0969,-40.16,1095.26,302.877
-0.154803,0.967613,-0.199402,-28.0401,157.524,-32.5635,-303.187,1053.23,-224.031,-28.176,157.5,-32.5601,-308.034,1051.82,-223.617
0.918505,-0.109557,-0.379928,159.197,-16.0076,-65.7199,1095.93,6.25853,-449.248,159.213,-15.8527,-65.7203,1095.88,16.5175,-451.501
-0.494891,-0.137139,0.858065,-224.008,-74.0603,394.396,-611.506,-265.398,1117.1,-152.596,-48.1094,267.395,-954.936,-537.878,1849.38
-0.332287,0.939488,0.0833489,-55.933,149.905,13.3922,-484.021,983.268,90.8364,-56.0694,149.854,13.3831,-490.584,980.073,91.9052
0.0188692,0.638578,0.769326,-0.180714,182.587,219.899,-131.111,968.899,1183.26,0.2146,160,192.701,-179.824,1081.15,1328.17
-0.193715,0.824994,0.530905,-39.6968,154.997,100.212,-393.298,1022.97,685.73,-39.8771,154.951,100.246,-403.219,1019.13,689.08
0.595085,-0.291074,0.749099,160.486,-72.9627,199.312,1014.59,-296.275,1200.14,145.586,-66.3675,180.948,1057,-289.763,1246.62
0.246007,-0.738158,-0.628175,53.9087,-150.645,-129.185,500.457,-975.031,-886.267,54.0885,-150.58,-129.187,507.031,-971.666,-888.604
0.145513,0.980692,0.130651,20.763,158.647,21.0831,32.2509,1095.5,148.422,20.604,158.668,21.0861,24.6862,1095.72,144.807
-0.942726,0.215547,-0.254574,-156.582,32.8971,-42.1214,-1089.84,115.37,-288.641,-156.612,32.751,-42.122,-1090.86,105.97,-289.307
0.835408,-0.230757,0.498844,155.036,-39.5457,92.0892,1086.27,-145.505,633.232,155.077,-39.3855,92.0982,1087.22,-138.437,632.978
0.080342,0.992561,0.091478,10.1663,159.677,14.6983,-42.3126,1095.11,98.5821,10.022,159.686,14.6989,-47.6146,1094.97,100.942
0.080342,0.992561,0.091478,-80.5127,1093.04,127.002,-80.5127,1093.04,127.002,10.022,159.686,14.6989,-47.6146,1094.97,100.942
0.080342,0.992561,0.091478,-83.6651,1092.8,132.328,-83.6651,1092.8,132.328,10.022,159.686,14.6989,-47.6146,1094.97,100.942
0.109386,-0.991602,-0.0689999,20.269,-158.711,-11.0655,245.094,-1068.2,-76.5893,20.4122,-158.693,-11.067,253.989,-1066.16,-75.9991
0.952632,0.0277525,0.302857,159.823,7.52853,50.8521,1083.18,166.536,351.322,159.816,7.68116,50.848,1082.18,173.483,349.269
0.754768,0.534684,0.380051,128.829,94.8843,65.7455,808.653,739.767,453.6,128.733,95.0142,65.7451,801.825,747.19,451.672
0.77964,0.0450044,-0.624608,159.495,12.7008,-127.998,1072.42,225.98,-876.759,159.479,12.9025,-127.982,1070.46,235.246,-880.289
-0.284535,-0.925813,-0.248819,-44.2998,-153.745,-41.1173,-190.535,-1079.3,-285.354,-44.1514,-153.788,-41.1061,-185.891,-1080.12,-282.328
0.996197,0.0851089,0.0186767,159.161,16.3681,2.981,1073.44,221.131,19.0574,159.148,16.4897,2.98896,1072.16,227.347,20.5256
0.996197,0.0851089,0.0186767,1069.47,239.704,60.9337,1069.47,239.704,60.9337,159.148,16.4897,2.98896,1072.16,227.347,20.5256
-0.669003,-0.728157,-0.149074,-106.202,-119.671,-24.1173,-642.362,-887.946,-165.486,-106.086,-119.774,-24.1226,-635.009,-893.297,-165.663
0.823057,0.567588,-0.0205051,130.145,93.072,-3.26134,822.19,724.708,-21.4756,130.059,93.1916,-3.28169,818.574,728.802,-22.5358
0.995954,-0.0231148,-0.0868372,159.997,-0.962183,-13.9462,1091.04,103.281,-97.8929,159.998,-0.819606,-13.9474,1090.42,110.474,-95.7804
-0.352273,-0.440711,0.825638,-123.815,-168.125,305.632,-390.141,-671.153,1140.45,-95.859,-128.106,234.18,-480.524,-985.044,1616.93
0.19036,-0.871919,-0.451132,37.1195,-155.635,-80.8883,375.055,-1029.83,-554.004,37.2758,-155.597,-80.8847,379.571,-1028.17,-555.803
-0.774261,-0.304544,-0.554773,-147.653,-61.6327,-106.724,-951.299,-544.183,-736.363,-147.593,-61.7759,-106.695,-949.164,-548,-733.511
0.163235,0.869407,-0.466353,26.4785,157.794,-84.3556,59.2762,1094.33,-583.508,26.3167,157.821,-84.3565,50.0196,1094.86,-579.692
0.588345,0.0203208,-0.808355,198.366,14.0306,-273.133,821.826,155.615,-1153.23,159.661,10.4131,-219.735,1063.09,266.57,-1516.19
0.362187,-0.510146,0.78011,112.749,-148.525,232.61,658.513,-667.791,1174.77,96.3425,-127.742,199.531,798.265,-750.992,1375.61
-0.907525,-0.410987,0.0865278,-144.6,-68.4901,13.9223,-937.303,-567.974,98.114,-144.533,-68.63,13.8973,-934.708,-572.309,95.4365
-0.437439,-0.898203,0.0433452,-67.5713,-145.031,6.95058,-357.872,-1035.83,50.1163,-67.4511,-145.087,6.94213,-354.516,-1037.08,47.6727
0.552328,0.378929,0.742527,141.093,102.695,193.477,772.911,756.747,1205.36,129.454,94.0305,177.39,774.077,775.9,1221.95
-0.0759099,-0.894735,-0.440099,-10.487,-159.656,-78.4234,49.167,-1094.85,-534.426,-10.3251,-159.667,-78.4237,58.2884,-1094.45,-538.871
0.440015,0.897583,-0.0270649,67.9645,144.848,-4.33433,366.527,1032.87,-31.7458,67.828,144.912,-4.3322,357.273,1036.13,-29.7498
-0.362739,0.397058,-0.843069,-156.506,156.862,-347.463,-554.105,455.182,-1127.86,-111.813,114.446,-250.864,-905.157,617.986,-1733.54
-0.472479,-0.736063,0.484742,-83.7849,-136.309,88.677,-458.046,-995.654,608.496,-83.6387,-136.399,88.6795,-456.012,-996.629,609.444
0.726574,0.560459,-0.397462,124.847,100.066,-69.311,772.953,776.948,-476.432,124.746,100.192,-69.3077,769.924,780.021,-476.17
-0.408357,0.820695,-0.39963,-73.9452,141.888,-69.7621,-606.704,912.741,-478.076,-74.0772,141.819,-69.7573,-615.876,906.594,-479.261
-0.893619,-0.354956,-0.274683,-147.625,-61.6988,-45.7162,-961.743,-525.528,-314.822,-147.566,-61.8402,-45.7101,-958.247,-531.958,-313.962
0.146233,-0.870897,-0.469205,29.5465,-157.248,-85.0165,324.5,-1046.82,-582.016,29.7078,-157.218,-85.0175,330.73,-1044.91,-584.241
-0.0662976,-0.839808,0.538821,-9.34244,-159.727,102.346,70.169,-1093.71,705.454,-9.17843,-159.737,102.345,74.7064,-1093.45,703.544
0.4424,-0.153852,-0.883522,262.615,-73.3292,-514.534,569.343,-116.297,-1098.98,153.032,-46.7048,-301.882,1093.46,-74.5909,-2092.07
0.515302,0.427198,0.742944,131.28,115.172,193.905,700.197,822.683,1205.11,120.383,105.394,177.612,700.353,843.043,1223.49
0.617601,-0.125135,0.776473,182.478,-31.0085,228.101,951.187,-35.3011,1177.79,157.658,-27.2773,197.179,1096,-3.1013,1359.28
0.541744,-0.386297,0.746517,145.794,-97.8743,197.042,961.103,-461.229,1202.06,132.74,-89.3317,179.536,994.89,-459.794,1236.83
0.534964,-0.798947,-0.274767,91.3879,-131.333,-45.7247,719.397,-826.792,-310.932,91.4956,-131.258,-45.7252,721.616,-824.916,-314.065
-0.627132,0.737275,0.25126,-105.807,120.02,41.5325,-805.841,742.783,287.311,-105.917,119.923,41.5364,-810.746,737.501,285.284
-0.374898,-0.857101,-0.353313,-61.4271,-147.739,-60.4364,-308.028,-1051.74,-416.236,-61.2845,-147.798,-60.4311,-302.938,-1053.3,-415.137
-0.438209,-0.606807,0.663143,-90.6805,-131.822,141.754,-494.122,-978.284,969.768,-90.5241,-131.929,141.769,-486.408,-982.152,975.476
0.0368766,-0.493698,0.868851,31.8981,-246.95,437.143,132.297,-616.221,1109.39,17.7153,-159.016,280.861,351.459,-1038.12,1943.97
0.606269,0.298853,-0.73697,153.052,80.7454,-188.688,883.971,647.9,-1201,141.575,74.5415,-174.471,878.077,655.894,-1201.72
-0.0371375,0.579125,-0.814393,-20.4664,201.041,-283.662,-174.164,796.709,-1148.8,-15.1905,159.277,-224.574,-301.09,1053.83,-1549.92
0.21105,0.607065,0.766113,54.4024,173.175,216.406,166.386,976.199,1185.92,48.2843,152.541,190.747,154.465,1085.06,1314.61
0.48325,0.707142,0.516158,87.6077,133.884,96.4143,491.047,979.799,656.205,87.477,133.969,96.4297,481.576,984.531,662.801
0.386034,0.581262,0.716318,89.3681,142.405,172.591,444.454,1001.78,1130.24,85.0478,135.524,164.27,435.348,1005.83,1131.07
-0.595734,0.658422,0.459979,-109.609,116.558,82.8908,-836.531,708.075,570.413,-109.733,116.442,82.8914,-841.134,702.644,569.61
0.469509,0.615291,-0.633228,94.2189,129.317,-130.907,526.847,961.054,-899.737,94.0739,129.422,-130.918,517.456,966.155,-900.547
-0.260848,0.936004,0.236336,-45.6514,153.349,38.9156,-422.805,1011.11,266.217,-45.8022,153.304,38.9185,-425.908,1009.86,267.298
0.760999,0.436284,0.480143,137.228,82.2715,87.5836,870.246,666.201,600.143,137.143,82.4119,87.5844,864.696,673.437,601.907
-0.904061,0.0639048,-0.4226,-159.786,8.26357,-74.6288,-1094.24,-60.5679,-512.08,-159.794,8.10742,-74.6101,-1093.61,-72.2794,-512.638
0.311878,0.841443,-0.441255,52.732,151.061,-78.6765,238.667,1069.63,-556.403,52.5841,151.112,-78.6794,235.985,1070.29,-540.631
0.810404,-0.33886,-0.477933,148.787,-58.8414,-87.0588,1057.63,-287.165,-598.152,148.85,-58.6834,-87.0616,1060.53,-276.577,-598.309
0.743704,-0.182185,0.643205,156.215,-34.5949,134.433,1091.67,-96.7144,917.629,156.258,-34.4032,134.417,1092.63,-85.8269,924.704
0.743704,-0.182185,0.643205,1092.21,-91.0707,1030.63,1092.21,-91.0707,1030.63,156.258,-34.4032,134.417,1092.63,-85.8269,924.704
0.743704,-0.182185,0.643205,1092.22,-90.9716,1030.49,1092.22,-90.9716,1030.49,156.258,-34.4032,134.417,1092.63,-85.8269,924.704
0.743704,-0.182185,0.643205,347.094,-702.834,1141.7,347.094,-702.834,1141.7,156.258,-34.4032,134.417,1092.63,-85.8269,924.704
-0.86514,0.390531,0.314673,-146.989,63.1996,53.0452,-1046.38,325.747,363.284,-147.053,63.0498,53.0455,-1049.08,317.25,364.371
-0.86514,0.390531,0.314673,-17.3975,-408.127,958.861,-17.3975,-408.127,958.861,-147.053,63.0498,53.0455,-1049.08,317.25,364.371
-0.419205,-0.386145,0.821681,-146.259,-145.541,297.578,-495.337,-615.346,1143.34,-114.198,-112.066,230.707,-626.254,-899.456,1592.69
-0.248135,0.775463,-0.580591,-51.9536,151.33,-114.09,-476.872,986.757,-788.15,-52.1213,151.273,-114.103,-488.353,981.187,-784.565
-0.777442,-0.477046,-0.409891,-134.783,-86.2187,-71.9067,-855.176,-685.447,-496.738,-134.694,-86.3568,-71.9048,-848.031,-694.305,-494.031
-0.777442,-0.477046,-0.409891,154.025,156.475,-340.851,154.025,156.475,-340.851,-134.694,-86.3568,-71.9048,-848.031,-694.305,-494.031
-0.555079,-0.829055,0.067492,-86.7237,-134.458,10.8259,-498.329,-976.153,77.0357,-86.6008,-134.537,10.824,-492.448,-979.138,74.3306
-0.528512,-0.733511,0.427361,-91.0596,-131.56,75.637,-519.357,-965.107,519.75,-90.9285,-131.651,75.6373,-513.35,-968.343,519.703
0.272759,0.957554,0.0932384,41.1824,154.609,14.9756,175.664,1081.8,103.007,41.0413,154.647,14.9842,167.31,1083.15,102.901
-0.688216,-0.129961,-0.713771,-163.803,-35.2855,-170.745,-1027.82,-380.514,-1121.59,-156.406,-33.7229,-163.077,-1024.29,-389.921,-1122.82
-0.597383,0.339858,-0.726382,-150.322,80.321,-180.15,-1031.08,371.519,-1163.76,-141.095,75.4462,-169.12,-1034.44,362.133,-1164.65
0.0619033,0.660769,0.748032,11.4206,175.654,198.433,-83.3047,1057.1,1200.83,10.5949,159.649,180.363,-102.431,1091.2,1242.56
-0.915854,0.320325,-0.242082,-151.929,50.1764,-39.8669,-1069.7,238.534,-268.633,-151.983,50.0103,-39.9228,-1072.16,227.338,-274.198
0.451688,-0.799656,-0.395636,81.2749,-137.82,-68.9271,656.493,-877.544,-473.639,81.4079,-137.742,-68.93,662.352,-873.216,-473.573
0.270744,-0.328189,-0.90498,230.632,-236.435,-703.046,370.945,-347.422,-1083.49,106.953,-119,-340.437,912.672,-606.832,-2365.28
0.631304,0.547744,-0.549028,118.68,107.308,-105.122,717.07,828.826,-718.942,118.564,107.436,-105.11,712.731,832.604,-722.589
0.135654,-0.988167,0.0715844,24.4701,-158.118,11.4883,274.21,-1061.12,79.9662,24.6195,-158.095,11.4836,282.234,-1059.04,78.8604
-0.0210023,-0.484373,-0.87461,3.45435,-257.296,-464.35,55.8782,-608.448,-1105.31,-0.987414,-159.997,-288.7,232.752,-1071,-1999.13
0.409086,-0.47066,0.781747,127.187,-137.188,234.58,716.142,-596.771,1173.59,108.406,-117.678,200.606,868.447,-668.592,1383.08
-0.0134434,-0.922398,-0.386006,0.63756,-159.999,-66.9557,122.712,-1089.07,-456.533,0.792628,-159.998,-66.9541,130.75,-1088.17,-459.985
-0.884199,-0.0503745,-0.464387,-159.536,-12.1811,-83.9129,-1076.36,-206.225,-572.738,-159.523,-12.3478,-83.9028,-1074.87,-214.181,-576.57
-0.440027,0.662862,-0.605797,-91.3349,131.369,-121.832,-734.403,813.523,-840.734,-91.4853,131.265,-121.837,-740.433,808.069,-837.894
-0.404868,-0.886748,0.223068,-63.8836,-146.693,36.6044,-330.716,-1044.83,251.244,-63.7525,-146.75,36.6155,-325.348,-1046.6,251.476
-0.591382,-0.448529,0.670141,-125.217,-99.6025,144.44,-759.715,-789.964,994.369,-125.098,-99.7526,144.473,-750.998,-798.259,994.161
0.0473245,0.632557,0.773067,8.02889,183.708,224.139,-85.5702,960.387,1180.4,7.40137,159.829,195.022,-132.39,1087.97,1344.29
-0.802373,-0.579632,0.142212,-128.058,-95.9222,22.9904,-809.139,-739.176,157.248,-127.971,-96.0381,22.9889,-801.498,-747.54,157.876
-0.488018,0.218633,0.845008,-207.548,82.1103,352.746,-683.468,196.148,1126.59,-148.137,60.4602,252.877,-1076.62,205.221,1747.63
0.490255,-0.789684,-0.368849,86.8798,-134.357,-63.4963,686.541,-854.213,-436.374,87.0096,-134.273,-63.4967,696.571,-846.171,-436.212
0.956131,0.0455956,-0.289371,159.656,10.4795,-48.3694,1079.88,186.757,-330.635,159.647,10.6274,-48.3715,1078.89,192.887,-332.25
-0.558728,-0.758157,-0.336187,-92.5671,-130.504,-57.1172,-536.971,-955.394,-394.031,-92.4405,-130.594,-57.1177,-529.015,-959.874,-392.36
-0.868888,0.428963,-0.24703,-144.697,68.284,-40.7931,-1034.36,362.176,-276.35,-144.76,68.1501,-40.7912,-1036.54,356.093,-280.164
0.506606,-0.717694,0.477771,94.7969,-128.894,87.0234,747.471,-801.518,595.486,94.93,-128.796,87.0233,751.541,-797.748,598.046
0.592782,0.147197,-0.791797,183.849,52.2344,-247.83,824.388,349.608,-1165.81,154.079,43.1223,-207.448,988.407,473.569,-1430.66
-0.542192,-0.785394,0.298638,-88.535,-133.272,50.0894,-508.154,-971.061,350.73,-88.3973,-133.364,50.0697,-500.82,-974.882,343.92
0.411107,0.853474,0.32027,66.8084,145.384,54.1024,348.892,1038.91,367.55,66.6811,145.443,54.0957,342.966,1040.96,371.589
0.655758,-0.709615,-0.257737,110.647,-115.573,-42.6771,836.966,-707.531,-294.203,110.762,-115.464,-42.6823,840.542,-703.353,-293.157
0.848454,-0.454133,-0.271827,142.383,-72.9862,-45.1954,1021.78,-396.363,-308.646,142.453,-72.8507,-45.1966,1024.63,-389.043,-310.433
-0.800121,0.49762,-0.334934,-137.374,82.0265,-56.8735,-994.694,460.133,-389.715,-137.457,81.887,-56.878,-998.47,451.965,-390.712
-0.778706,-0.0101362,0.627308,-159.902,-5.59753,128.898,-1081.4,-178.038,887.665,-159.895,-5.78236,128.893,-1079.8,-187.718,886.574
0.0310402,0.407306,0.912764,-7.3011,365.099,817.143,-24.3429,480.474,1077.71,5.11132,159.918,357.636,-250.706,1066.94,2487.87
0.86893,-0.402548,-0.287952,146.357,-64.6496,-48.1066,1044.23,-332.7,-330.675,146.417,-64.5137,-48.1128,1045.54,-328.734,-330.472
0.339084,-0.887011,-0.313423,59.8121,-148.4,-52.8053,516.491,-966.638,-359.438,59.9567,-148.341,-52.8117,521.057,-964.218,-362.764
0.413311,-0.632146,-0.655413,90.5671,-131.9,-138.861,734.663,-813.296,-946.321,90.7265,-131.79,-138.859,741.574,-807.022,-955.375
0.922393,-0.327839,0.204235,151.671,-50.9508,33.3908,1069.39,-239.83,231.652,151.721,-50.8006,33.3831,1070.74,-233.955,229.271
0.922393,-0.327839,0.204235,157.668,-27.2203,39.6165,157.668,-27.2203,39.6165,151.721,-50.8006,33.3831,1070.74,-233.955,229.271
0.922393,-0.327839,0.204235,159.764,-8.69404,67.3501,159.764,-8.69404,67.3501,151.721,-50.8006,33.3831,1070.74,-233.955,229.271
0.922393,-0.327839,0.204235,-105.841,-135.551,185.196,-105.841,-135.551,185.196,151.721,-50.8006,33.3831,1070.74,-233.955,229.271
0.922393,-0.327839,0.204235,-163.081,7.92954,156.723,-163.081,7.92954,156.723,151.721,-50.8006,33.3831,1070.74,-233.955,229.271
0.922393,-0.327839,0.204235,151.692,-50.8889,33.2517,151.692,-50.8889,33.2517,151.721,-50.8006,33.3831,1070.74,-233.955,229.271
0.241657,-0.535472,0.809241,88.5568,-178.578,274.665,454.689,-698.806,1152.66,70.2562,-143.75,220.432,650.596,-882.009,1521.05
-0.125795,0.933436,0.335965,-24.2386,158.153,57.0758,-281.323,1059.21,390.132,-24.3979,158.129,57.0752,-287.41,1057.64,392.068
0.193501,-0.740225,-0.643913,43.9217,-153.853,-134.665,433.11,-1006.74,-930.236,44.0987,-153.803,-134.67,444.566,-1001.79,-926.448
0.201671,0.872565,0.444925,33.0462,156.55,79.4934,103.039,1091.1,543.34,32.8873,156.584,79.4947,97.3292,1091.67,546.239
0.404396,-0.77385,-0.487462,76.8721,-140.323,-89.3358,635.204,-893.062,-611.111,77.0135,-140.246,-89.3317,639.785,-889.883,-613.934
0.404396,-0.77385,-0.487462,643.201,-887.417,-589.822,643.201,-887.417,-589.822,77.0135,-140.246,-89.3317,639.785,-889.883,-613.934
-0.224629,0.896985,-0.380735,-41.7381,154.46,-65.8846,-401.029,1019.93,-458.346,-41.8841,154.421,-65.8836,-405.731,1018.13,-452.624
0.706105,-0.496637,-0.504745,132.667,-89.4395,-93.5565,974.873,-500.685,-640.291,132.763,-89.297,-93.5573,977.383,-495.921,-643.023
0.669546,0.515382,-0.534874,124.76,100.175,-101.248,768.577,781.335,-698.643,124.679,100.276,-101.294,761.562,788.188,-696.299
0.468498,-0.0963798,-0.878192,260.398,-37.7656,-483.334,597.307,-41.0656,-1102.66,157.821,-26.3155,-293.835,1094.16,63.5599,-2035.31
-0.610642,-0.423965,0.668857,-129.289,-94.2566,143.972,-789.282,-760.381,986.048,-129.179,-94.4077,143.972,-784.051,-765.82,990.698
0.53264,0.226879,0.815365,183.287,86.3394,285.378,691.247,427.289,1148.19,145.18,67.2506,225.374,893.634,634.535,1555.49
0.566544,0.790797,-0.231663,90.8676,131.693,-38.1024,524.9,962.042,-260.997,90.7576,131.769,-38.1048,520.135,964.715,-261.708
-0.13899,-0.790706,-0.596209,-24.3279,-158.14,-118.843,-27.7175,-1095.58,-811.808,-24.1573,-158.166,-118.832,-21.5894,-1095.79,-817.167
-0.649903,0.272409,0.70952,-155.284,60.5132,167.797,-1067.16,249.627,1108.09,-149.094,58.0589,161.115,-1069.37,240.148,1109.24
0.951964,-0.0246821,-0.305212,159.995,-1.28308,-51.2818,1090.86,105.582,-351.018,159.996,-1.12085,-51.2839,1090.08,113.793,-352.264
0.498093,0.558993,-0.662895,103.676,121.866,-141.65,591.627,922.529,-973.069,103.538,121.983,-141.675,584.311,927.252,-974.824
0.879213,-0.364635,-0.306636,148.869,-58.6347,-51.5524,1055.59,-294.736,-354.097,148.927,-58.4864,-51.5479,1058.27,-285.085,-354.079
0.323836,-0.336417,-0.884281,202.227,-185.231,-519.692,452.703,-359.841,-1098.34,115.325,-110.906,-303.071,941.715,-560.705,-2100.46
0.113062,0.978959,-0.169874,15.595,159.238,-27.5812,-3.3289,1095.93,-189.866,15.4484,159.252,-27.5822,-11.5665,1095.94,-189.425
-0.933576,-0.308197,-0.182897,-151.039,-52.795,-29.7679,-991.51,-466.861,-204.97,-150.99,-52.9329,-29.7672,-989.404,-471.482,-204.433
-0.933576,-0.308197,-0.182897,-148.619,-59.2659,-27.9755,-148.619,-59.2659,-27.9755,-150.99,-52.9329,-29.7672,-989.404,-471.482,-204.433
-0.0724138,0.921099,-0.382534,-15.491,159.248,-66.2495,-219.939,1073.63,-454.742,-15.6473,159.233,-66.248,-231.044,1071.37,-455.13
-0.973996,0.0355317,-0.223764,-159.971,3.02506,-36.7351,-1091.89,-94.8186,-252.002,-159.974,2.87693,-36.7357,-1091.52,-99.0238,-252.302
0.404981,0.780115,-0.476877,70.9475,143.41,-86.8183,370.954,1031.28,-597.286,70.7936,143.486,-86.8126,363.427,1033.99,-596.595
0.404981,0.780115,-0.476877,68.3439,144.669,-83.5194,68.3439,144.669,-83.5194,70.7936,143.486,-86.8126,363.427,1033.99,-596.595
0.999871,0.0124395,0.0101928,159.93,4.72338,1.62988,1086.65,142.082,12.2541,159.926,4.87207,1.63102,1085.86,148.759,11.2004
-0.954529,-0.29708,0.0248493,-151.936,-50.1547,3.98142,-1002.06,-443.721,27.0184,-151.89,-50.2925,3.97733,-998.286,-452.373,27.3129
-0.80587,-0.0271858,-0.591468,-159.758,-8.7983,-117.384,-1078.92,-192.607,-801.771,-159.749,-8.96536,-117.375,-1076.82,-204.135,-807.122
0.700822,0.578274,0.417668,121.469,104.141,73.552,750.968,798.24,506.686,121.368,104.258,73.5542,742.811,805.883,505.375
0.891798,0.205325,0.403159,155.223,38.8068,70.4935,1028.24,379.401,482.229,155.184,38.9608,70.4923,1025.15,387.667,484.316
0.891798,0.205325,0.403159,1031.48,370.499,484.091,1031.48,370.499,484.091,155.184,38.9608,70.4923,1025.15,387.667,484.316
0.616859,-0.43177,-0.658073,133.137,-88.739,-139.859,985.864,-478.809,-960.323,133.238,-88.5875,-139.851,988.752,-472.849,-962.23
0.779976,-0.600999,0.174464,128.421,-95.4358,28.3461,942.53,-559.271,193.349,128.505,-95.3228,28.3506,945.151,-554.893,194.702
0.50768,-0.374608,0.775841,152.148,-105.048,227.431,848.939,-434.978,1178.22,131.405,-91.2843,196.776,992.136,-465.707,1356.47
0.97632,0.162603,-0.142688,157.349,29.0051,-23.0661,1053.41,302.269,-156.838,157.322,29.1533,-23.0674,1050.23,313.424,-158.415
0.0843878,0.51826,0.851049,26.23,227.222,370.839,14.1532,689.927,1122.14,20.2815,158.709,259.376,-82.9866,1092.85,1793.15
0.223012,-0.516791,-0.826555,90.5882,-188.778,-307.566,407.861,-657.465,-1139.9,68.0631,-144.801,-235,644.285,-886.63,-1622.65
-0.84555,0.0724491,-0.528958,-159.659,10.4439,-99.73,-1094.53,-55.8931,-686.341,-159.67,10.2725,-99.7346,-1094,-66.1971,-685.561
-0.360363,0.6409,0.67778,-81.9773,138.142,148.092,-685.991,854.688,1020.51,-81.8112,137.502,147.505,-689.864,851.648,1015.11
-0.418387,0.587767,-0.692447,-97.8911,130.687,-156.76,-771.938,777.969,-1059.7,-96.011,127.992,-153.58,-778.921,771.037,-1057.11
0.618609,-0.642059,-0.45286,113.2,-113.074,-81.2869,856.403,-683.848,-561.319,113.319,-112.955,-81.2742,862.352,-676.435,-558.483
-0.626088,0.406213,0.665586,-136.185,83.986,142.693,-1001.27,445.71,978.249,-136.287,83.821,142.706,-1005.4,436.322,981.946
0.735087,-0.676058,-0.0509078,119.6,-106.282,-8.14654,888.629,-641.469,-56.1167,119.701,-106.168,-8.15627,892.184,-636.572,-56.0105
-0.616233,0.738692,0.273114,-104.659,121.022,45.432,-797.221,751.997,312.105,-104.777,120.921,45.4279,-804.231,744.599,312.022
-0.379001,0.365233,-0.850272,-171.335,150.415,-368.422,-561.597,405.8,-1122.74,-118.943,107.017,-258.52,-945.484,554.324,-1787.15
-0.166616,0.961326,-0.219298,-30.0802,157.147,-35.9663,-314.523,1049.82,-246.636,-30.2296,157.118,-35.9651,-322.235,1047.56,-247.009
0.166079,-0.491195,0.85507,85.0389,-216.698,384.105,303.784,-604.239,1119.19,56.4825,-149.699,263.906,588.032,-924.897,1824.9
0.43286,0.806793,-0.402141,72.9952,142.379,-70.2791,386.532,1025.51,-478.494,72.8552,142.45,-70.2799,383.28,1026.8,-482.855
-0.134005,-0.880067,-0.455549,-21.0451,-158.61,-81.8628,-21.262,-1095.73,-555.731,-20.8795,-158.632,-81.8825,-13.2105,-1095.92,-562.669
-0.134005,-0.880067,-0.455549,-19.5674,-158.799,-82.3126,-19.5674,-158.799,-82.3126,-20.8795,-158.632,-81.8825,-13.2105,-1095.92,-562.669
-0.426585,0.831339,0.356231,-75.6418,140.99,60.9975,-621.104,902.929,415.491,-75.7762,140.918,61.0023,-624.744,900.506,419.064
0.273995,0.940979,0.198708,42.0294,154.381,32.4387,178.925,1081.29,223.568,41.9002,154.416,32.4419,171.489,1082.5,222.806
-0.506557,0.405334,0.760989,-143.731,108.186,211.097,-882.21,490.788,1190.07,-127.656,96.4574,187.701,-970.372,509.504,1293.47
0.317446,-0.871892,-0.372872,57.5007,-149.311,-64.2996,498.417,-976.042,-439.424,57.6472,-149.254,-64.3004,508.58,-970.857,-441.739
0.293916,0.913644,0.280836,46.2774,153.161,46.8193,206.182,1076.38,320.114,46.1312,153.205,46.8206,198.721,1077.83,321.593
-0.478712,0.861063,-0.171479,-80.1638,138.469,-27.8607,-640.588,889.281,-192.722,-80.2893,138.397,-27.8508,-648.335,883.673,-191.269
0.321883,-0.498543,0.804889,112.748,-161.685,267.418,564.156,-634.178,1155.89,90.8266,-131.721,217.048,772.942,-777.03,1497.48
-0.390075,0.526986,-0.755067,-110.01,140.01,-205.087,-745.17,715.114,-1194.98,-98.6887,125.939,-184.285,-806.194,742.474,-1269.76
0.741153,-0.37423,-0.557355,144.282,-69.1574,-107.412,1036.23,-356.861,-735.862,144.357,-69.0013,-107.415,1040.91,-343.122,-738.469
0.00267761,-0.847719,-0.530439,3.73375,-159.956,-100.123,154.457,-1085.06,-693.097,3.90498,-159.952,-100.123,162.948,-1083.82,-688.236
0.475692,-0.569865,-0.670053,105.333,-120.437,-144.511,825.141,-721.31,-996.189,105.482,-120.306,-144.439,832.427,-712.938,-993.923
-0.898938,-0.0647107,-0.43327,-159.344,-14.4702,-76.9296,-1073.05,-222.924,-528.719,-159.326,-14.6752,-76.9229,-1072.1,-227.612,-528.547
0.0981591,0.664615,0.74071,20.6562,172.79,191.878,-30.0767,1088.61,1206.95,19.1251,158.853,176.427,-41.7199,1095.21,1215.28
0.0183996,-0.750916,0.660141,7.561,-159.821,140.65,201.499,-1077.29,975.252,7.75388,-159.812,140.63,206.464,-1076.38,967.606
0.0183996,-0.750916,0.660141,62.3292,-150.364,155.08,62.3292,-150.364,155.08,7.75388,-159.812,140.63,206.464,-1076.38,967.606
0.535477,0.335522,0.775042,153.281,102.838,226.428,718.113,632.566,1178.86,133.106,88.7846,196.268,797.238,752.082,1352.94
0.843129,0.272173,0.463741,151.283,52.0913,83.7573,989.234,471.684,573.982,151.232,52.238,83.754,985.947,478.67,575.546
0.928931,-0.22093,0.297115,156.298,-34.2201,49.803,1089.56,-118.378,343.296,156.329,-34.0776,49.7896,1090.09,-113.68,341.995
-0.42821,0.903646,-0.00773095,-70.9822,143.393,-1.24092,-584,927.339,-10.9228,-71.109,143.33,-1.23706,-587.955,924.946,-8.49502
0.489255,-0.12554,-0.863058,236.895,-48.0262,-413.307,645.125,-73.6294,-1113.45,156.299,-34.2149,-273.445,1095.99,-4.82139,-1891.85
0.426474,0.679038,-0.597518,82.1919,137.275,-119.265,439.986,1003.75,-825.121,82.0322,137.371,-119.237,433.157,1006.77,-819.963
-0.543399,0.810811,-0.217492,-91.3849,131.335,-35.6482,-712.573,832.699,-244.091,-91.5138,131.245,-35.6542,-720.369,826.005,-244.873
-0.426732,-0.899976,-0.0891189,-66.0631,-145.725,-14.3278,-348.735,-1038.99,-101.41,-65.9241,-145.788,-14.3168,-343.27,-1040.86,-98.3171
0.0556887,-0.696478,-0.715414,17.672,-167.002,-171.97,269.191,-1062.37,-1127.56,16.86,-159.109,-163.846,278.914,-1059.92,-1128.13
-0.672613,-0.644912,-0.362878,-113.439,-112.834,-62.3174,-690.527,-851.064,-426.863,-113.328,-112.946,-62.3115,-683.703,-856.601,-428.065
-0.985791,0.163347,0.0391571,-158.272,23.4519,6.27019,-1094.78,51.3409,40.9976,-158.294,23.3059,6.27028,-1095.11,44.2793,43.059
0.795269,0.605252,0.0348993,125.64,99.069,5.58184,790.165,759.426,38.2461,125.553,99.1783,5.58759,783.524,766.359,38.3708
-0.477209,-0.202441,0.855155,-209.767,-101.088,384.325,-579.38,-348.033,1119.12,-145.034,-67.5655,264.004,-878.086,-655.882,1825.59
0.148096,-0.58594,-0.796707,53.7631,-185.647,-254.861,345.178,-807.169,-1162.05,43.8128,-153.885,-210.952,479.847,-985.374,-1455.03
0.361122,-0.926256,0.107894,60.6874,-148.044,17.3792,511.996,-969.04,122.667,60.8101,-147.994,17.3653,521.77,-963.832,119.253
0.835371,0.496699,0.235468,136.065,84.1804,38.7654,868.427,668.497,266.156,135.987,84.306,38.7671,863.32,675.2,266.258
-0.996157,-0.0717906,0.0501695,-159.365,-14.2361,8.04188,-1075.97,-208.315,49.0761,-159.353,-14.3773,8.03767,-1075.06,-213.231,55.1961
0.725206,-0.47089,-0.502334,135.888,-84.4659,-92.9564,990.519,-469.005,-639.847,135.979,-84.3195,-92.9589,994.985,-459.588,-638.904
-0.984413,-0.136922,-0.110381,-158.071,-24.7678,-17.785,-1060.3,-277.21,-126.133,-158.049,-24.9107,-17.7706,-1058.41,-284.587,-122.037
-0.984413,-0.136922,-0.110381,-118.044,-108.007,-54.9302,-118.044,-108.007,-54.9302,-158.049,-24.9107,-17.7706,-1058.41,-284.587,-122.037
-0.984413,-0.136922,-0.110381,-119.862,-105.987,-55.4668,-119.862,-105.987,-55.4668,-158.049,-24.9107,-17.7706,-1058.41,-284.587,-122.037
-0.984413,-0.136922,-0.110381,12.0989,159.542,-81.9474,12.0989,159.542,-81.9474,-158.049,-24.9107,-17.7706,-1058.41,-284.587,-122.037
-0.839345,-0.0570027,-0.540602,-159.377,-14.1028,-102.816,-1072.21,-226.968,-708.201,-159.364,-14.2566,-102.823,-1070.76,-233.836,-706.835
-0.839345,-0.0570027,-0.540602,47.1332,154.608,-151.356,47.1332,154.608,-151.356,-159.364,-14.2566,-102.823,-1070.76,-233.836,-706.835
-0.381242,0.91148,0.154466,-64.2853,146.518,25.0352,-539.692,953.877,172.99,-64.4205,146.458,25.0161,-545.88,950.385,171.799
-0.177146,0.457447,0.871413,-104.144,230.354,449.576,-301.014,543.372,1107.49,-63.2186,146.981,284.288,-640.133,889.632,1968.07
-0.827324,0.560789,-0.0324034,-133.964,87.4849,-5.19721,-973.535,503.333,-37.4154,-134.038,87.372,-5.18755,-976.2,498.246,-35.6237
0.415991,-0.871003,0.261355,71.5075,-143.132,43.33,587.313,-925.335,297.884,71.6375,-143.067,43.325,594.891,-920.5,297.573
-0.686814,0.232718,-0.68857,-155.194,48.4832,-154.493,-1081.54,177.27,-1050.73,-152.766,47.5665,-151.94,-1082.74,169.974,-1045.77
0.338731,0.832964,-0.43753,57.4582,149.327,-77.8659,278.427,1060,-539.172,57.291,149.391,-77.8572,269.646,1062.31,-534.974
0.356443,-0.572235,-0.738577,95.7269,-144.661,-190.063,732.561,-815.149,-1206.74,88.1926,-133.499,-175.307,739.944,-808.516,-1207.51
-0.69501,0.705165,-0.140369,-114.268,111.995,-22.6872,-858.021,681.791,-155.368,-114.368,111.892,-22.6848,-860.629,678.627,-155.788
0.266971,-0.718016,0.64279,59.1067,-148.682,134.269,540.142,-953.628,922.076,59.2721,-148.616,134.269,542.443,-952.351,923.684
0.774086,-0.590207,-0.229012,128.919,-94.7616,-37.6471,946.596,-552.235,-258.493,129.009,-94.6402,-37.6445,948.764,-548.692,-258.546
0.547893,-0.682177,0.484198,102.6,-122.773,88.5508,799.453,-749.71,607.753,102.738,-122.658,88.5494,799.954,-749.193,608.549
0.882367,-0.394011,-0.257261,147.228,-62.6407,-42.5981,1048.19,-319.866,-294.572,147.287,-62.503,-42.598,1049.63,-315.438,-292.578
0.630254,-0.714844,-0.30295,107.953,-118.094,-50.8604,820.43,-726.675,-343.104,108.063,-117.994,-50.8651,825.158,-721.339,-349.386
-0.670699,0.431696,-0.603159,-136.354,83.7121,-121.014,-998.2,452.519,-831.598,-136.461,83.5363,-121.002,-1002.27,443.481,-832.135
0.160919,-0.912303,0.376575,30.707,-157.026,65.03,325.658,-1046.47,448.3,30.8515,-156.997,65.044,332.445,-1044.36,446.851
